timestamp,frame,label,cx,cy,x1,y1,x2,y2,source
12:10:41.944,15,litter_colour,492,943,471,929,513,957,COLOR_SEC
12:10:42.049,16,litter_colour,491,943,470,929,513,957,COLOR_SEC
12:10:42.049,16,litter_colour,163,583,50,551,277,616,COLOR_SEC
12:10:42.154,17,litter_colour,491,943,470,929,513,957,COLOR_SEC
12:10:42.154,17,litter_colour,165,583,50,551,280,616,COLOR_SEC
12:10:42.262,18,litter_colour,492,943,471,929,513,957,COLOR_SEC
12:10:42.262,18,litter_colour,164,583,51,551,277,616,COLOR_SEC
12:10:42.366,19,litter_colour,492,943,471,929,513,957,COLOR_SEC
12:10:42.366,19,litter_colour,161,584,50,551,273,617,COLOR_SEC
12:10:42.468,20,litter_colour,492,943,471,929,513,957,COLOR_SEC
12:10:42.468,20,litter_colour,160,584,50,551,270,617,COLOR_SEC
12:10:42.577,21,litter_colour,492,943,471,929,513,957,COLOR_SEC
12:10:42.577,21,litter_colour,161,584,50,551,272,617,COLOR_SEC
12:10:42.683,22,litter_colour,492,943,471,929,513,957,COLOR_SEC
12:10:42.683,22,litter_colour,160,583,50,551,270,616,COLOR_SEC
12:10:42.791,23,litter_colour,492,943,471,929,513,957,COLOR_SEC
12:10:42.895,24,litter_colour,492,943,471,929,513,957,COLOR_SEC
12:10:43.002,25,litter_colour,492,943,471,929,513,957,COLOR_SEC
12:10:43.002,25,litter_colour,160,583,50,551,270,616,COLOR_SEC
12:10:43.103,26,litter_colour,492,943,471,929,513,957,COLOR_SEC
12:10:43.103,26,litter_colour,161,583,50,551,272,616,COLOR_SEC
12:10:43.209,27,litter_colour,492,943,471,929,513,957,COLOR_SEC
12:10:43.209,27,litter_colour,164,584,50,551,279,617,COLOR_SEC
12:10:43.317,28,litter_colour,492,943,471,929,513,957,COLOR_SEC
12:10:43.318,28,litter_colour,160,584,50,551,271,617,COLOR_SEC
12:10:43.426,29,litter_colour,492,943,471,929,513,957,COLOR_SEC
12:10:43.530,30,litter_colour,492,943,471,929,513,957,COLOR_SEC
12:10:43.531,30,litter_colour,160,584,50,551,271,617,COLOR_SEC
12:10:43.638,31,litter_colour,491,943,471,929,512,957,COLOR_SEC
12:10:43.638,31,litter_colour,162,584,50,551,274,617,COLOR_SEC
12:10:43.739,32,litter_colour,492,943,471,929,513,957,COLOR_SEC
12:10:43.739,32,litter_colour,160,583,50,551,270,616,COLOR_SEC
12:10:43.852,33,litter_colour,492,943,471,929,513,957,COLOR_SEC
12:10:43.955,34,litter_colour,492,943,471,929,513,957,COLOR_SEC
12:10:43.955,34,litter_colour,161,583,50,551,272,616,COLOR_SEC
12:10:44.061,35,litter_colour,492,943,471,929,513,957,COLOR_SEC
12:10:44.168,36,litter_colour,492,943,471,929,513,957,COLOR_SEC
12:10:44.216,37,litter_yolo,1346,655,1157,370,1536,940,YOLO
12:10:44.273,37,litter_colour,492,943,471,929,513,957,COLOR_SEC
12:10:44.273,37,litter_colour,160,584,50,551,270,617,COLOR_SEC
12:10:44.377,38,litter_colour,492,943,471,929,513,957,COLOR_SEC
12:10:44.377,38,litter_colour,161,583,50,551,272,616,COLOR_SEC
12:10:44.484,39,litter_colour,492,943,471,929,513,957,COLOR_SEC
12:10:44.484,39,litter_colour,161,583,50,551,273,616,COLOR_SEC
12:10:44.540,40,litter_yolo,1346,663,1160,395,1532,932,YOLO
12:10:44.598,40,litter_colour,492,943,471,929,513,957,COLOR_SEC
12:10:44.598,40,litter_colour,161,584,50,551,272,617,COLOR_SEC
12:10:44.731,41,litter_colour,491,943,470,929,513,957,COLOR_SEC
12:10:44.846,42,litter_colour,492,943,471,929,513,957,COLOR_SEC
12:10:44.947,43,litter_colour,492,943,471,929,513,957,COLOR_SEC
12:10:45.054,44,litter_colour,492,943,471,929,513,957,COLOR_SEC
12:10:45.160,45,litter_colour,492,943,471,929,513,957,COLOR_SEC
12:10:45.265,46,litter_colour,492,943,471,929,513,957,COLOR_SEC
12:10:45.371,47,litter_colour,491,943,471,929,512,957,COLOR_SEC
12:10:45.474,48,litter_colour,491,943,471,929,512,957,COLOR_SEC
12:10:45.585,49,litter_colour,491,943,471,929,512,957,COLOR_SEC
12:10:45.690,50,litter_colour,491,943,471,929,512,957,COLOR_SEC
12:10:45.797,51,litter_colour,491,943,471,929,512,957,COLOR_SEC
12:10:45.905,52,litter_colour,491,943,471,929,512,957,COLOR_SEC
12:10:45.952,53,litter_yolo,1391,653,1200,388,1583,919,YOLO
12:10:46.010,53,litter_colour,492,943,471,929,513,957,COLOR_SEC
12:10:46.058,54,litter_yolo,1397,652,1209,385,1586,919,YOLO
12:10:46.117,54,litter_colour,492,943,471,929,513,957,COLOR_SEC
12:10:46.161,55,litter_yolo,1399,645,1211,373,1588,918,YOLO
12:10:46.221,55,litter_colour,491,943,471,929,512,957,COLOR_SEC
12:10:46.269,56,litter_yolo,1402,645,1214,373,1590,918,YOLO
12:10:46.334,56,litter_colour,492,943,471,929,513,957,COLOR_SEC
12:10:46.407,57,litter_yolo,1395,647,1202,376,1588,918,YOLO
12:10:46.469,57,litter_colour,491,943,470,929,513,957,COLOR_SEC
12:10:46.555,58,litter_yolo,1393,647,1199,376,1588,919,YOLO
12:10:46.625,58,litter_colour,491,943,471,929,512,957,COLOR_SEC
12:10:46.689,59,litter_yolo,1392,647,1198,376,1587,919,YOLO
12:10:46.749,59,litter_colour,491,943,471,929,512,957,COLOR_SEC
12:10:46.796,60,litter_yolo,1392,649,1199,380,1586,919,YOLO
12:10:46.856,60,litter_colour,491,943,471,929,512,957,COLOR_SEC
12:10:46.962,61,litter_colour,491,943,471,929,512,957,COLOR_SEC
12:10:47.068,62,litter_colour,491,943,470,929,512,957,COLOR_SEC
12:10:47.210,63,litter_colour,491,943,471,929,512,957,COLOR_SEC
12:10:47.260,64,litter_yolo,1343,666,1146,380,1540,952,YOLO
12:10:47.318,64,litter_colour,491,943,471,929,512,957,COLOR_SEC
12:10:47.424,65,litter_colour,491,943,470,929,512,957,COLOR_SEC
12:10:47.529,66,litter_colour,491,943,470,929,512,957,COLOR_SEC
12:10:47.638,67,litter_colour,491,943,471,929,512,957,COLOR_SEC
12:10:47.714,68,litter_yolo,1311,669,1110,385,1513,953,YOLO
12:10:47.774,68,litter_colour,491,943,471,929,512,957,COLOR_SEC
12:10:47.824,69,litter_yolo,1307,672,1105,391,1510,954,YOLO
12:10:47.885,69,litter_colour,491,943,471,929,512,957,COLOR_SEC
12:10:47.967,70,litter_yolo,1313,671,1116,386,1511,956,YOLO
12:10:48.030,70,litter_colour,491,943,471,929,512,957,COLOR_SEC
12:10:48.030,70,litter_colour,155,583,50,551,260,616,COLOR_SEC
12:10:48.108,71,litter_yolo,1315,673,1117,390,1513,956,YOLO
12:10:48.170,71,litter_colour,491,943,471,929,512,957,COLOR_SEC
12:10:48.170,71,litter_colour,159,583,50,551,268,616,COLOR_SEC
12:10:48.245,72,litter_yolo,1314,674,1116,392,1513,956,YOLO
12:10:48.305,72,litter_colour,491,943,471,929,512,957,COLOR_SEC
12:10:48.305,72,litter_colour,157,583,50,551,265,616,COLOR_SEC
12:10:48.353,73,litter_yolo,1314,677,1115,397,1514,957,YOLO
12:10:48.415,73,litter_colour,491,943,471,929,512,957,COLOR_SEC
12:10:48.492,74,litter_yolo,1316,674,1117,393,1515,956,YOLO
12:10:48.555,74,litter_colour,491,943,471,929,512,957,COLOR_SEC
12:10:48.555,74,litter_colour,159,583,50,551,268,616,COLOR_SEC
12:10:48.599,75,litter_yolo,1316,674,1117,393,1515,956,YOLO
12:10:48.659,75,litter_colour,491,943,471,929,512,957,COLOR_SEC
12:10:48.708,76,litter_yolo,1316,674,1118,392,1515,956,YOLO
12:10:48.767,76,litter_colour,491,943,471,929,512,957,COLOR_SEC
12:10:48.767,76,litter_colour,159,583,50,551,268,616,COLOR_SEC
12:10:48.873,77,litter_colour,491,943,471,929,512,957,COLOR_SEC
12:10:48.923,78,litter_yolo,1317,675,1119,394,1515,957,YOLO
12:10:48.983,78,litter_colour,491,943,471,929,512,957,COLOR_SEC
12:10:49.026,79,litter_yolo,1316,674,1118,391,1514,957,YOLO
12:10:49.092,79,litter_colour,491,943,471,929,512,957,COLOR_SEC
12:10:49.163,80,litter_yolo,1316,674,1117,392,1515,957,YOLO
12:10:49.223,80,litter_colour,491,943,471,929,512,957,COLOR_SEC
12:10:49.334,81,litter_colour,491,943,471,929,512,957,COLOR_SEC
12:10:49.437,82,litter_colour,491,943,471,929,512,957,COLOR_SEC
12:10:49.487,83,litter_yolo,1315,675,1117,394,1514,956,YOLO
12:10:49.546,83,litter_colour,491,942,471,929,512,956,COLOR_SEC
12:10:49.591,84,litter_yolo,1316,676,1117,396,1515,956,YOLO
12:10:49.650,84,litter_colour,491,943,471,929,512,957,COLOR_SEC
12:10:49.695,85,litter_yolo,1316,675,1117,395,1515,955,YOLO
12:10:49.754,85,litter_colour,491,942,471,929,512,956,COLOR_SEC
12:10:49.802,86,litter_yolo,1316,673,1119,393,1514,954,YOLO
12:10:49.861,86,litter_colour,491,943,471,929,512,957,COLOR_SEC
12:10:49.913,87,litter_yolo,1316,674,1119,394,1514,954,YOLO
12:10:49.974,87,litter_colour,491,942,471,929,512,956,COLOR_SEC
12:10:50.052,88,litter_yolo,1315,674,1117,395,1514,954,YOLO
12:10:50.111,88,litter_colour,491,942,471,929,512,956,COLOR_SEC
12:10:50.213,89,litter_colour,491,942,471,929,512,956,COLOR_SEC
12:10:50.263,90,litter_yolo,1314,668,1113,383,1515,953,YOLO
12:10:50.323,90,litter_colour,491,942,471,929,512,956,COLOR_SEC
12:10:50.367,91,litter_yolo,1311,668,1113,381,1509,955,YOLO
12:10:50.426,91,litter_colour,491,942,471,929,512,956,COLOR_SEC
12:10:50.506,92,litter_yolo,1313,668,1115,381,1511,955,YOLO
12:10:50.565,92,litter_colour,491,942,471,929,512,956,COLOR_SEC
12:10:50.614,93,litter_yolo,1313,669,1116,383,1510,955,YOLO
12:10:50.673,93,litter_colour,491,942,471,929,512,956,COLOR_SEC
12:10:50.780,94,litter_colour,491,942,471,929,512,956,COLOR_SEC
12:10:50.780,94,litter_colour,167,584,50,551,285,617,COLOR_SEC
12:10:50.825,95,litter_yolo,1312,671,1116,388,1509,954,YOLO
12:10:50.884,95,litter_colour,491,943,471,929,512,957,COLOR_SEC
12:10:50.884,95,litter_colour,162,584,50,551,275,617,COLOR_SEC
12:10:50.935,96,litter_yolo,1312,671,1115,389,1509,954,YOLO
12:10:50.995,96,litter_colour,491,943,471,929,512,957,COLOR_SEC
12:10:50.995,96,litter_colour,166,584,50,551,283,617,COLOR_SEC
12:10:51.040,97,litter_yolo,1312,672,1114,389,1510,955,YOLO
12:10:51.099,97,litter_colour,491,942,470,929,512,956,COLOR_SEC
12:10:51.099,97,litter_colour,163,583,50,551,277,616,COLOR_SEC
12:10:51.291,98,litter_yolo,1312,672,1115,389,1510,956,YOLO
12:10:51.383,98,litter_colour,491,942,471,929,512,956,COLOR_SEC
12:10:51.384,98,litter_colour,167,584,50,551,284,617,COLOR_SEC
12:10:51.465,99,litter_yolo,1312,672,1115,389,1510,955,YOLO
12:10:51.537,99,litter_colour,491,942,471,928,512,956,COLOR_SEC
12:10:51.537,99,litter_colour,167,584,50,551,284,617,COLOR_SEC
12:10:51.677,100,litter_colour,491,943,470,929,512,957,COLOR_SEC
12:10:51.677,100,litter_colour,167,584,50,551,284,617,COLOR_SEC
12:10:51.753,101,litter_yolo,1311,671,1112,387,1511,955,YOLO
12:10:51.818,101,litter_colour,491,943,471,929,512,957,COLOR_SEC
12:10:51.818,101,litter_colour,162,583,50,551,274,616,COLOR_SEC
12:10:51.948,102,litter_colour,491,942,471,929,512,956,COLOR_SEC
12:10:51.948,102,litter_colour,166,584,50,551,282,617,COLOR_SEC
12:10:52.051,103,litter_colour,491,942,471,929,512,956,COLOR_SEC
12:10:52.051,103,litter_colour,164,583,50,551,278,616,COLOR_SEC
12:10:52.191,104,litter_colour,491,942,471,929,512,956,COLOR_SEC
12:10:52.191,104,litter_colour,165,584,50,551,280,617,COLOR_SEC
12:10:52.245,105,litter_yolo,1313,669,1117,383,1509,956,YOLO
12:10:52.304,105,litter_colour,491,943,470,929,512,957,COLOR_SEC
12:10:52.304,105,litter_colour,163,584,50,551,277,617,COLOR_SEC
12:10:52.408,106,litter_colour,491,942,471,929,512,956,COLOR_SEC
12:10:52.408,106,litter_colour,163,583,50,551,276,616,COLOR_SEC
12:10:52.458,107,litter_yolo,1309,670,1111,386,1507,955,YOLO
12:10:52.518,107,litter_colour,491,942,471,929,512,956,COLOR_SEC
12:10:52.518,107,litter_colour,163,584,50,551,277,617,COLOR_SEC
12:10:52.598,108,litter_yolo,1308,670,1110,386,1506,955,YOLO
12:10:52.660,108,litter_colour,491,943,470,929,512,957,COLOR_SEC
12:10:52.660,108,litter_colour,164,584,50,551,278,617,COLOR_SEC
12:10:52.734,109,litter_yolo,1306,672,1108,389,1504,955,YOLO
12:10:52.795,109,litter_colour,491,942,471,929,512,956,COLOR_SEC
12:10:52.795,109,litter_colour,166,584,50,551,283,617,COLOR_SEC
12:10:52.840,110,litter_yolo,1305,672,1109,390,1502,954,YOLO
12:10:52.901,110,litter_colour,491,942,471,929,512,956,COLOR_SEC
12:10:52.901,110,litter_colour,164,584,50,551,278,617,COLOR_SEC
12:10:52.948,111,litter_yolo,1305,673,1109,392,1502,954,YOLO
12:10:53.007,111,litter_colour,491,942,471,929,512,956,COLOR_SEC
12:10:53.007,111,litter_colour,164,584,50,551,278,617,COLOR_SEC
12:10:53.054,112,litter_yolo,1307,672,1110,390,1505,954,YOLO
12:10:53.112,112,litter_colour,491,943,471,929,512,957,COLOR_SEC
12:10:53.112,112,litter_colour,164,584,50,551,278,617,COLOR_SEC
12:10:53.218,113,litter_colour,491,943,471,929,512,957,COLOR_SEC
12:10:53.219,113,litter_colour,167,584,50,551,284,617,COLOR_SEC
12:10:53.269,114,litter_yolo,1311,665,1112,377,1510,953,YOLO
12:10:53.326,114,litter_colour,491,943,470,929,512,957,COLOR_SEC
12:10:53.326,114,litter_colour,163,584,50,551,277,617,COLOR_SEC
12:10:53.468,115,litter_colour,491,943,470,929,512,957,COLOR_SEC
12:10:53.468,115,litter_colour,169,584,50,551,289,617,COLOR_SEC
12:10:53.573,116,litter_colour,491,943,470,929,512,957,COLOR_SEC
12:10:53.573,116,litter_colour,166,584,50,551,282,617,COLOR_SEC
12:10:53.678,117,litter_colour,491,943,470,929,512,957,COLOR_SEC
12:10:53.678,117,litter_colour,165,584,50,551,281,617,COLOR_SEC
12:10:53.728,118,litter_yolo,1305,669,1108,386,1503,952,YOLO
12:10:53.785,118,litter_colour,491,943,471,929,512,957,COLOR_SEC
12:10:53.785,118,litter_colour,169,584,50,551,289,617,COLOR_SEC
12:10:53.890,119,litter_colour,491,943,470,929,512,957,COLOR_SEC
12:10:53.890,119,litter_colour,167,584,50,551,285,617,COLOR_SEC
12:10:53.999,120,litter_colour,491,943,471,929,512,957,COLOR_SEC
12:10:53.999,120,litter_colour,169,584,50,551,289,617,COLOR_SEC
12:10:54.105,121,litter_colour,491,943,470,929,512,957,COLOR_SEC
12:10:54.105,121,litter_colour,165,583,50,551,281,616,COLOR_SEC
12:10:54.210,122,litter_colour,491,943,471,929,512,957,COLOR_SEC
12:10:54.210,122,litter_colour,166,583,50,551,283,616,COLOR_SEC
12:10:54.315,123,litter_colour,491,943,470,929,512,957,COLOR_SEC
12:10:54.315,123,litter_colour,169,583,50,551,288,616,COLOR_SEC
12:10:54.422,124,litter_colour,491,943,470,929,512,957,COLOR_SEC
12:10:54.422,124,litter_colour,169,584,50,551,288,617,COLOR_SEC
12:10:54.523,125,litter_colour,491,943,470,929,512,957,COLOR_SEC
12:10:54.523,125,litter_colour,168,584,50,551,286,617,COLOR_SEC
12:10:54.577,126,litter_yolo,1288,679,1095,403,1481,955,YOLO
12:10:54.635,126,litter_colour,491,943,470,929,512,957,COLOR_SEC
12:10:54.635,126,litter_colour,162,583,50,551,275,616,COLOR_SEC
12:10:54.742,127,litter_colour,491,943,471,929,512,957,COLOR_SEC
12:10:54.742,127,litter_colour,163,584,50,551,277,617,COLOR_SEC
12:10:54.881,128,litter_colour,491,943,470,929,512,957,COLOR_SEC
12:10:54.881,128,litter_colour,165,584,50,551,280,617,COLOR_SEC
12:10:54.995,129,litter_colour,491,942,471,929,512,956,COLOR_SEC
12:10:54.995,129,litter_colour,163,584,50,551,276,617,COLOR_SEC
12:10:55.140,130,litter_colour,491,943,471,929,512,957,COLOR_SEC
12:10:55.140,130,litter_colour,166,584,50,551,282,617,COLOR_SEC
12:10:55.274,131,litter_colour,491,943,470,929,512,957,COLOR_SEC
12:10:55.274,131,litter_colour,169,584,50,551,288,617,COLOR_SEC
12:10:55.374,132,litter_colour,491,943,471,929,512,957,COLOR_SEC
12:10:55.374,132,litter_colour,168,584,50,551,286,617,COLOR_SEC
12:10:55.485,133,litter_colour,491,943,470,929,512,957,COLOR_SEC
12:10:55.485,133,litter_colour,169,584,50,551,289,617,COLOR_SEC
12:10:55.622,134,litter_colour,491,943,470,929,512,957,COLOR_SEC
12:10:55.622,134,litter_colour,165,583,50,551,280,616,COLOR_SEC
12:10:55.728,135,litter_colour,491,942,470,929,512,956,COLOR_SEC
12:10:55.728,135,litter_colour,166,583,50,551,283,616,COLOR_SEC
12:10:55.833,136,litter_colour,491,943,470,929,512,957,COLOR_SEC
12:10:55.833,136,litter_colour,168,584,50,551,286,617,COLOR_SEC
12:10:55.938,137,litter_colour,491,943,470,929,512,957,COLOR_SEC
12:10:55.938,137,litter_colour,166,584,50,551,282,617,COLOR_SEC
12:10:56.049,138,litter_colour,491,943,470,929,512,957,COLOR_SEC
12:10:56.049,138,litter_colour,166,584,50,551,282,617,COLOR_SEC
12:10:56.154,139,litter_colour,491,943,470,929,512,957,COLOR_SEC
12:10:56.154,139,litter_colour,164,584,50,551,278,617,COLOR_SEC
12:10:56.254,140,litter_colour,491,943,471,929,512,957,COLOR_SEC
12:10:56.254,140,litter_colour,166,583,50,551,282,616,COLOR_SEC
12:10:56.367,141,litter_colour,491,943,470,929,512,957,COLOR_SEC
12:10:56.367,141,litter_colour,166,584,50,551,282,617,COLOR_SEC
12:10:56.474,142,litter_colour,491,943,470,929,512,957,COLOR_SEC
12:10:56.474,142,litter_colour,165,584,50,551,281,617,COLOR_SEC
12:10:56.578,143,litter_colour,491,943,470,929,512,957,COLOR_SEC
12:10:56.578,143,litter_colour,166,584,50,551,283,617,COLOR_SEC
12:10:56.683,144,litter_colour,491,943,470,929,512,957,COLOR_SEC
12:10:56.683,144,litter_colour,166,583,50,551,282,616,COLOR_SEC
12:10:56.793,145,litter_colour,491,943,470,929,512,957,COLOR_SEC
12:10:56.793,145,litter_colour,171,584,50,551,292,617,COLOR_SEC
12:10:56.896,146,litter_colour,491,943,470,929,512,957,COLOR_SEC
12:10:56.896,146,litter_colour,170,584,50,551,291,617,COLOR_SEC
12:10:57.002,147,litter_colour,491,943,470,929,512,957,COLOR_SEC
12:10:57.002,147,litter_colour,164,584,50,551,278,617,COLOR_SEC
12:10:57.104,148,litter_colour,491,943,470,929,512,957,COLOR_SEC
12:10:57.104,148,litter_colour,168,584,50,551,286,617,COLOR_SEC
12:10:57.209,149,litter_colour,491,943,470,929,512,957,COLOR_SEC
12:10:57.209,149,litter_colour,169,584,50,551,288,617,COLOR_SEC
12:10:57.318,150,litter_colour,491,943,470,929,512,957,COLOR_SEC
12:10:57.318,150,litter_colour,167,584,50,551,285,617,COLOR_SEC
12:10:57.426,151,litter_colour,491,943,470,929,512,957,COLOR_SEC
12:10:57.426,151,litter_colour,167,584,50,551,284,617,COLOR_SEC
12:10:57.531,152,litter_colour,491,943,470,929,512,957,COLOR_SEC
12:10:57.531,152,litter_colour,167,583,50,551,284,616,COLOR_SEC
12:10:57.639,153,litter_colour,491,943,470,929,512,957,COLOR_SEC
12:10:57.639,153,litter_colour,168,584,50,551,287,617,COLOR_SEC
12:10:57.743,154,litter_colour,491,943,470,929,512,957,COLOR_SEC
12:10:57.743,154,litter_colour,168,584,50,551,286,617,COLOR_SEC
12:10:57.849,155,litter_colour,491,943,470,929,512,957,COLOR_SEC
12:10:57.849,155,litter_colour,169,583,50,551,289,616,COLOR_SEC
12:10:57.898,156,litter_yolo,1295,671,1097,387,1493,955,YOLO
12:10:57.955,156,litter_colour,491,943,470,929,512,957,COLOR_SEC
12:10:57.955,156,litter_colour,169,584,50,551,289,617,COLOR_SEC
12:10:58.006,157,litter_yolo,1294,671,1097,388,1492,954,YOLO
12:10:58.063,157,litter_colour,491,943,470,929,512,957,COLOR_SEC
12:10:58.063,157,litter_colour,167,584,50,551,285,617,COLOR_SEC
12:10:58.106,158,litter_yolo,1294,669,1095,385,1493,954,YOLO
12:10:58.164,158,litter_colour,491,943,470,929,512,957,COLOR_SEC
12:10:58.164,158,litter_colour,169,584,50,551,288,617,COLOR_SEC
12:10:58.270,159,litter_colour,491,943,470,929,512,957,COLOR_SEC
12:10:58.270,159,litter_colour,166,584,50,551,283,617,COLOR_SEC
12:10:58.376,160,litter_colour,491,943,470,929,512,957,COLOR_SEC
12:10:58.376,160,litter_colour,167,584,50,551,284,617,COLOR_SEC
12:10:58.486,161,litter_colour,491,943,470,929,512,957,COLOR_SEC
12:10:58.486,161,litter_colour,167,584,50,551,285,617,COLOR_SEC
12:10:58.588,162,litter_colour,491,943,470,929,512,957,COLOR_SEC
12:10:58.588,162,litter_colour,167,584,50,551,285,617,COLOR_SEC
12:10:58.643,163,litter_yolo,1299,669,1100,386,1499,953,YOLO
12:10:58.700,163,litter_colour,491,943,470,929,512,957,COLOR_SEC
12:10:58.700,163,litter_colour,167,584,50,551,284,617,COLOR_SEC
12:10:58.749,164,litter_yolo,1300,670,1101,388,1500,953,YOLO
12:10:58.806,164,litter_colour,491,943,470,929,512,957,COLOR_SEC
12:10:58.806,164,litter_colour,166,584,50,551,283,617,COLOR_SEC
12:10:58.850,165,litter_yolo,1302,670,1104,387,1500,954,YOLO
12:10:58.908,165,litter_colour,491,943,470,929,512,957,COLOR_SEC
12:10:58.908,165,litter_colour,169,584,50,551,288,617,COLOR_SEC
12:10:59.016,166,litter_colour,491,943,470,929,512,957,COLOR_SEC
12:10:59.016,166,litter_colour,167,584,50,551,284,617,COLOR_SEC
12:10:59.068,167,litter_yolo,1293,671,1095,388,1492,954,YOLO
12:10:59.125,167,litter_colour,491,943,470,929,512,957,COLOR_SEC
12:10:59.125,167,litter_colour,166,583,50,551,282,616,COLOR_SEC
12:10:59.259,168,litter_colour,491,943,470,929,512,957,COLOR_SEC
12:10:59.260,168,litter_colour,165,584,50,551,281,617,COLOR_SEC
12:10:59.365,169,litter_colour,491,943,470,929,512,957,COLOR_SEC
12:10:59.365,169,litter_colour,168,584,50,551,287,617,COLOR_SEC
12:10:59.475,170,litter_colour,491,943,470,929,512,957,COLOR_SEC
12:10:59.475,170,litter_colour,168,583,50,551,287,616,COLOR_SEC
12:10:59.583,171,litter_colour,491,943,470,929,512,957,COLOR_SEC
12:10:59.583,171,litter_colour,167,584,50,551,285,617,COLOR_SEC
12:10:59.689,172,litter_colour,491,943,470,929,512,957,COLOR_SEC
12:10:59.689,172,litter_colour,169,584,50,551,288,617,COLOR_SEC
12:10:59.793,173,litter_colour,491,943,470,929,512,957,COLOR_SEC
12:10:59.793,173,litter_colour,171,584,50,551,293,617,COLOR_SEC
12:10:59.899,174,litter_colour,491,943,470,929,512,957,COLOR_SEC
12:10:59.899,174,litter_colour,168,584,50,551,286,617,COLOR_SEC
12:11:00.003,175,litter_colour,491,943,470,929,512,957,COLOR_SEC
12:11:00.003,175,litter_colour,169,584,50,551,289,617,COLOR_SEC
12:11:00.113,176,litter_colour,491,943,470,929,512,957,COLOR_SEC
12:11:00.113,176,litter_colour,168,583,50,551,287,616,COLOR_SEC
12:11:00.217,177,litter_colour,491,943,470,929,512,957,COLOR_SEC
12:11:00.217,177,litter_colour,168,584,50,551,287,617,COLOR_SEC
12:11:00.325,178,litter_colour,491,943,470,929,512,957,COLOR_SEC
12:11:00.325,178,litter_colour,168,584,50,551,287,617,COLOR_SEC
12:11:00.430,179,litter_colour,491,943,470,929,512,957,COLOR_SEC
12:11:00.431,179,litter_colour,168,584,50,551,287,617,COLOR_SEC
12:11:00.532,180,litter_colour,491,943,470,929,512,957,COLOR_SEC
12:11:00.532,180,litter_colour,167,583,50,551,284,616,COLOR_SEC
12:11:00.642,181,litter_colour,491,943,470,929,512,957,COLOR_SEC
12:11:00.642,181,litter_colour,168,584,50,551,287,617,COLOR_SEC
12:11:00.748,182,litter_colour,491,943,470,929,512,957,COLOR_SEC
12:11:00.748,182,litter_colour,168,583,50,551,287,616,COLOR_SEC
12:11:00.855,183,litter_colour,491,943,470,929,512,957,COLOR_SEC
12:11:00.855,183,litter_colour,167,584,50,551,284,617,COLOR_SEC
12:11:00.959,184,litter_colour,491,943,470,929,512,957,COLOR_SEC
12:11:00.959,184,litter_colour,165,584,50,551,280,617,COLOR_SEC
12:11:01.065,185,litter_colour,491,943,470,929,512,957,COLOR_SEC
12:11:01.065,185,litter_colour,166,584,50,551,282,617,COLOR_SEC
12:11:01.167,186,litter_colour,491,943,470,929,512,957,COLOR_SEC
12:11:01.167,186,litter_colour,167,584,50,551,285,617,COLOR_SEC
12:11:01.280,187,litter_colour,491,943,470,929,512,957,COLOR_SEC
12:11:01.280,187,litter_colour,167,584,50,551,284,617,COLOR_SEC
12:11:01.380,188,litter_colour,491,943,470,929,512,957,COLOR_SEC
12:11:01.380,188,litter_colour,167,584,50,551,284,617,COLOR_SEC
12:11:01.487,189,litter_colour,491,943,470,929,512,957,COLOR_SEC
12:11:01.487,189,litter_colour,168,584,50,551,287,617,COLOR_SEC
12:11:01.596,190,litter_colour,491,943,470,929,512,957,COLOR_SEC
12:11:01.596,190,litter_colour,166,583,50,551,283,616,COLOR_SEC
12:11:01.703,191,litter_colour,491,943,470,929,512,957,COLOR_SEC
12:11:01.703,191,litter_colour,167,584,50,551,285,617,COLOR_SEC
12:11:01.812,192,litter_colour,491,943,470,929,512,957,COLOR_SEC
12:11:01.812,192,litter_colour,167,584,50,551,284,617,COLOR_SEC
12:11:01.951,193,litter_colour,491,943,470,929,512,957,COLOR_SEC
12:11:01.951,193,litter_colour,168,584,50,551,286,617,COLOR_SEC
12:11:02.057,194,litter_colour,491,943,470,929,512,957,COLOR_SEC
12:11:02.057,194,litter_colour,167,584,50,551,285,617,COLOR_SEC
12:11:02.160,195,litter_colour,491,943,470,929,512,957,COLOR_SEC
12:11:02.160,195,litter_colour,167,583,50,551,285,616,COLOR_SEC
12:11:02.268,196,litter_colour,491,943,470,929,512,957,COLOR_SEC
12:11:02.268,196,litter_colour,171,584,50,551,292,617,COLOR_SEC
12:11:02.372,197,litter_colour,491,943,470,929,512,957,COLOR_SEC
12:11:02.372,197,litter_colour,168,584,50,551,286,617,COLOR_SEC
12:11:02.481,198,litter_colour,491,943,470,929,512,957,COLOR_SEC
12:11:02.481,198,litter_colour,166,583,50,551,282,616,COLOR_SEC
12:11:02.585,199,litter_colour,491,943,470,929,512,957,COLOR_SEC
12:11:02.585,199,litter_colour,167,583,50,551,284,616,COLOR_SEC
12:11:02.634,200,litter_yolo,1289,670,1095,385,1484,955,YOLO
12:11:02.690,200,litter_colour,491,943,470,929,512,957,COLOR_SEC
12:11:02.690,200,litter_colour,163,584,50,551,277,617,COLOR_SEC
12:11:02.792,201,litter_colour,491,943,470,929,512,957,COLOR_SEC
12:11:02.793,201,litter_colour,170,584,50,551,290,617,COLOR_SEC
12:11:02.900,202,litter_colour,491,943,470,929,512,957,COLOR_SEC
12:11:02.900,202,litter_colour,167,584,50,551,284,617,COLOR_SEC
12:11:03.006,203,litter_colour,491,943,470,929,512,957,COLOR_SEC
12:11:03.006,203,litter_colour,167,583,50,551,285,616,COLOR_SEC
12:11:03.061,204,litter_yolo,1294,667,1098,380,1491,955,YOLO
12:11:03.118,204,litter_colour,491,943,470,929,512,957,COLOR_SEC
12:11:03.118,204,litter_colour,167,584,50,551,284,617,COLOR_SEC
12:11:03.165,205,litter_yolo,1296,665,1100,376,1493,955,YOLO
12:11:03.222,205,litter_colour,491,943,470,929,512,957,COLOR_SEC
12:11:03.222,205,litter_colour,170,584,50,551,291,617,COLOR_SEC
12:11:03.274,206,litter_yolo,1295,667,1099,381,1491,954,YOLO
12:11:03.331,206,litter_colour,491,943,470,929,512,957,COLOR_SEC
12:11:03.331,206,litter_colour,167,584,50,551,285,617,COLOR_SEC
12:11:03.378,207,litter_yolo,1296,669,1099,384,1493,955,YOLO
12:11:03.434,207,litter_colour,491,943,470,929,512,957,COLOR_SEC
12:11:03.434,207,litter_colour,165,584,50,551,281,617,COLOR_SEC
12:11:03.484,208,litter_yolo,1296,670,1100,386,1493,954,YOLO
12:11:03.541,208,litter_colour,491,943,470,929,512,957,COLOR_SEC
12:11:03.541,208,litter_colour,170,583,50,551,291,616,COLOR_SEC
12:11:03.589,209,litter_yolo,1296,669,1099,385,1494,954,YOLO
12:11:03.645,209,litter_colour,491,943,470,929,512,957,COLOR_SEC
12:11:03.645,209,litter_colour,167,584,50,551,285,617,COLOR_SEC
12:11:03.754,210,litter_colour,491,943,470,929,512,957,COLOR_SEC
12:11:03.754,210,litter_colour,167,583,50,551,285,616,COLOR_SEC
12:11:03.802,211,litter_yolo,1296,665,1099,378,1493,953,YOLO
12:11:03.858,211,litter_colour,491,943,470,929,512,957,COLOR_SEC
12:11:03.858,211,litter_colour,172,584,50,551,294,617,COLOR_SEC
12:11:03.908,212,litter_yolo,1294,665,1097,378,1491,953,YOLO
12:11:03.966,212,litter_colour,491,943,470,929,512,957,COLOR_SEC
12:11:03.966,212,litter_colour,166,583,50,551,283,616,COLOR_SEC
12:11:04.010,213,litter_yolo,1294,668,1097,384,1492,953,YOLO
12:11:04.075,213,litter_colour,491,943,470,929,512,957,COLOR_SEC
12:11:04.075,213,litter_colour,167,584,50,551,284,617,COLOR_SEC
12:11:04.213,214,litter_colour,491,942,471,929,512,956,COLOR_SEC
12:11:04.213,214,litter_colour,167,583,50,551,284,616,COLOR_SEC
12:11:04.257,215,litter_yolo,1292,668,1095,383,1490,953,YOLO
12:11:04.318,215,litter_colour,491,942,471,929,512,956,COLOR_SEC
12:11:04.318,215,litter_colour,164,584,50,551,278,617,COLOR_SEC
12:11:04.424,216,litter_colour,491,943,470,929,512,957,COLOR_SEC
12:11:04.424,216,litter_colour,163,583,50,551,277,616,COLOR_SEC
12:11:04.528,217,litter_colour,491,942,470,929,512,956,COLOR_SEC
12:11:04.528,217,litter_colour,168,584,50,551,287,617,COLOR_SEC
12:11:04.637,218,litter_colour,491,942,470,929,512,956,COLOR_SEC
12:11:04.637,218,litter_colour,168,584,50,551,286,617,COLOR_SEC
12:11:04.686,219,litter_yolo,1282,670,1092,387,1473,953,YOLO
12:11:04.746,219,litter_colour,491,942,470,929,512,956,COLOR_SEC
12:11:04.746,219,litter_colour,165,584,50,551,281,617,COLOR_SEC
12:11:04.850,220,litter_colour,491,943,470,929,512,957,COLOR_SEC
12:11:04.850,220,litter_colour,168,584,50,551,286,617,COLOR_SEC
12:11:04.898,221,litter_yolo,1269,676,1077,401,1461,952,YOLO
12:11:04.956,221,litter_colour,491,943,470,929,512,957,COLOR_SEC
12:11:04.956,221,litter_colour,167,584,50,551,285,617,COLOR_SEC
12:11:05.005,222,litter_yolo,1261,674,1069,395,1454,953,YOLO
12:11:05.064,222,litter_colour,491,943,470,929,512,957,COLOR_SEC
12:11:05.064,222,litter_colour,163,583,50,551,276,616,COLOR_SEC
12:11:05.167,223,litter_colour,491,943,470,929,512,957,COLOR_SEC
12:11:05.167,223,litter_colour,164,583,50,551,279,616,COLOR_SEC
12:11:05.216,224,litter_yolo,1251,674,1059,396,1443,952,YOLO
12:11:05.275,224,litter_colour,491,943,470,929,512,957,COLOR_SEC
12:11:05.275,224,litter_colour,167,584,50,551,284,617,COLOR_SEC
12:11:05.323,225,litter_yolo,1250,680,1059,397,1442,964,YOLO
12:11:05.382,225,litter_colour,491,943,470,929,512,957,COLOR_SEC
12:11:05.382,225,litter_colour,164,583,50,551,279,616,COLOR_SEC
12:11:05.429,226,litter_yolo,1255,674,1068,395,1442,953,YOLO
12:11:05.489,226,litter_colour,491,942,471,929,512,956,COLOR_SEC
12:11:05.489,226,litter_colour,171,584,50,551,292,617,COLOR_SEC
12:11:05.531,227,litter_yolo,1262,669,1078,387,1447,952,YOLO
12:11:05.591,227,litter_colour,491,943,470,929,512,957,COLOR_SEC
12:11:05.591,227,litter_colour,170,584,50,551,290,617,COLOR_SEC
12:11:05.694,228,litter_colour,491,942,470,929,512,956,COLOR_SEC
12:11:05.694,228,litter_colour,164,584,50,551,279,617,COLOR_SEC
12:11:05.806,229,litter_colour,491,942,470,929,512,956,COLOR_SEC
12:11:05.806,229,litter_colour,165,584,50,551,281,617,COLOR_SEC
12:11:05.853,230,litter_yolo,1271,671,1086,393,1457,950,YOLO
12:11:05.912,230,litter_colour,491,942,470,929,512,956,COLOR_SEC
12:11:05.912,230,litter_colour,171,584,50,551,292,617,COLOR_SEC
12:11:05.957,231,litter_yolo,1274,669,1089,389,1459,950,YOLO
12:11:06.015,231,litter_colour,491,942,470,929,512,956,COLOR_SEC
12:11:06.016,231,litter_colour,170,583,50,551,291,616,COLOR_SEC
12:11:06.063,232,litter_yolo,1275,668,1090,386,1460,950,YOLO
12:11:06.122,232,litter_colour,491,942,470,929,512,956,COLOR_SEC
12:11:06.122,232,litter_colour,167,584,50,551,284,617,COLOR_SEC
12:11:06.171,233,litter_yolo,1274,669,1089,388,1459,950,YOLO
12:11:06.229,233,litter_colour,491,942,471,929,512,956,COLOR_SEC
12:11:06.229,233,litter_colour,168,584,50,551,286,617,COLOR_SEC
12:11:06.277,234,litter_yolo,1270,669,1084,390,1457,948,YOLO
12:11:06.337,234,litter_colour,491,942,470,929,512,956,COLOR_SEC
12:11:06.337,234,litter_colour,163,583,50,551,276,616,COLOR_SEC
12:11:06.381,235,litter_yolo,1269,670,1082,390,1456,950,YOLO
12:11:06.440,235,litter_colour,491,943,470,929,512,957,COLOR_SEC
12:11:06.440,235,litter_colour,163,584,50,551,277,617,COLOR_SEC
12:11:06.489,236,litter_yolo,1266,669,1079,390,1454,949,YOLO
12:11:06.547,236,litter_colour,491,942,471,929,512,956,COLOR_SEC
12:11:06.547,236,litter_colour,167,584,50,551,285,617,COLOR_SEC
12:11:06.654,237,litter_colour,491,943,470,929,512,957,COLOR_SEC
12:11:06.654,237,litter_colour,168,584,50,551,286,617,COLOR_SEC
12:11:06.700,238,litter_yolo,1264,670,1078,391,1451,949,YOLO
12:11:06.759,238,litter_colour,491,943,470,929,512,957,COLOR_SEC
12:11:06.759,238,litter_colour,167,584,50,551,285,617,COLOR_SEC
12:11:06.806,239,litter_yolo,1265,667,1078,385,1452,950,YOLO
12:11:06.865,239,litter_colour,491,942,470,929,512,956,COLOR_SEC
12:11:06.865,239,litter_colour,168,584,50,551,286,617,COLOR_SEC
12:11:06.913,240,litter_yolo,1265,670,1078,389,1453,951,YOLO
12:11:06.972,240,litter_colour,491,943,470,929,512,957,COLOR_SEC
12:11:06.972,240,litter_colour,169,583,50,551,289,616,COLOR_SEC
12:11:07.018,241,litter_yolo,1266,671,1078,391,1454,952,YOLO
12:11:07.077,241,litter_colour,491,943,470,929,512,957,COLOR_SEC
12:11:07.077,241,litter_colour,167,583,50,551,285,616,COLOR_SEC
12:11:07.125,242,litter_yolo,1266,670,1078,389,1455,952,YOLO
12:11:07.198,242,litter_colour,491,943,470,929,512,957,COLOR_SEC
12:11:07.198,242,litter_colour,169,584,50,551,289,617,COLOR_SEC
12:11:07.265,243,litter_yolo,1267,675,1078,396,1456,954,YOLO
12:11:07.327,243,litter_colour,491,943,470,929,512,957,COLOR_SEC
12:11:07.327,243,litter_colour,167,584,50,551,285,617,COLOR_SEC
12:11:07.369,244,litter_yolo,1266,675,1076,395,1457,955,YOLO
12:11:07.428,244,litter_colour,491,942,471,929,512,956,COLOR_SEC
12:11:07.428,244,litter_colour,170,584,50,551,290,617,COLOR_SEC
12:11:07.475,245,litter_yolo,1268,675,1077,396,1459,954,YOLO
12:11:07.535,245,litter_colour,491,942,470,929,512,956,COLOR_SEC
12:11:07.535,245,litter_colour,169,584,50,551,288,617,COLOR_SEC
12:11:07.584,246,litter_yolo,1267,674,1077,395,1458,953,YOLO
12:11:07.643,246,litter_colour,491,942,471,929,512,956,COLOR_SEC
12:11:07.643,246,litter_colour,170,584,50,551,291,617,COLOR_SEC
12:11:07.691,247,litter_yolo,1268,674,1077,395,1459,954,YOLO
12:11:07.752,247,litter_colour,491,942,471,929,512,956,COLOR_SEC
12:11:07.752,247,litter_colour,169,584,50,551,288,617,COLOR_SEC
12:11:07.832,248,litter_yolo,1268,673,1077,393,1459,953,YOLO
12:11:07.892,248,litter_colour,491,943,470,929,512,957,COLOR_SEC
12:11:07.892,248,litter_colour,168,584,50,551,287,617,COLOR_SEC
12:11:07.937,249,litter_yolo,1268,672,1077,391,1459,954,YOLO
12:11:07.995,249,litter_colour,491,943,470,929,512,957,COLOR_SEC
12:11:07.995,249,litter_colour,171,584,50,551,292,617,COLOR_SEC
12:11:08.044,250,litter_yolo,1267,673,1076,392,1459,954,YOLO
12:11:08.112,250,litter_colour,491,943,470,929,512,957,COLOR_SEC
12:11:08.112,250,litter_colour,170,584,50,551,290,617,COLOR_SEC
12:11:08.181,251,litter_yolo,1267,675,1077,395,1458,955,YOLO
12:11:08.239,251,litter_colour,491,943,470,929,512,957,COLOR_SEC
12:11:08.239,251,litter_colour,167,584,50,551,284,617,COLOR_SEC
12:11:08.291,252,litter_yolo,1267,675,1077,396,1458,954,YOLO
12:11:08.350,252,litter_colour,491,943,470,929,512,957,COLOR_SEC
12:11:08.350,252,litter_colour,169,584,50,551,289,617,COLOR_SEC
12:11:08.428,253,litter_yolo,1268,676,1077,399,1459,954,YOLO
12:11:08.489,253,litter_colour,491,943,470,929,512,957,COLOR_SEC
12:11:08.489,253,litter_colour,164,584,50,551,279,617,COLOR_SEC
12:11:08.540,254,litter_yolo,1268,673,1077,393,1459,954,YOLO
12:11:08.600,254,litter_colour,491,943,470,929,512,957,COLOR_SEC
12:11:08.600,254,litter_colour,166,584,50,551,283,617,COLOR_SEC
12:11:08.680,255,litter_yolo,1268,674,1077,395,1459,953,YOLO
12:11:08.743,255,litter_colour,491,942,470,929,512,956,COLOR_SEC
12:11:08.743,255,litter_colour,166,584,50,551,283,617,COLOR_SEC
12:11:08.821,256,litter_yolo,1267,675,1077,397,1458,953,YOLO
12:11:08.879,256,litter_colour,491,943,470,929,512,957,COLOR_SEC
12:11:08.879,256,litter_colour,170,584,50,551,290,617,COLOR_SEC
12:11:08.927,257,litter_yolo,1268,676,1077,400,1459,953,YOLO
12:11:08.985,257,litter_colour,491,943,470,929,512,957,COLOR_SEC
12:11:08.985,257,litter_colour,170,584,50,551,291,617,COLOR_SEC
12:11:09.034,258,litter_yolo,1268,675,1077,398,1459,952,YOLO
12:11:09.092,258,litter_colour,491,943,470,929,512,957,COLOR_SEC
12:11:09.092,258,litter_colour,171,584,50,551,292,617,COLOR_SEC
12:11:09.139,259,litter_yolo,1268,674,1077,397,1459,952,YOLO
12:11:09.197,259,litter_colour,491,943,470,929,512,957,COLOR_SEC
12:11:09.197,259,litter_colour,171,584,50,551,292,617,COLOR_SEC
12:11:09.305,260,litter_colour,491,943,470,929,512,957,COLOR_SEC
12:11:09.305,260,litter_colour,168,584,50,551,287,617,COLOR_SEC
12:11:09.388,261,litter_yolo,1281,672,1096,394,1466,950,YOLO
12:11:09.448,261,litter_colour,491,943,470,929,512,957,COLOR_SEC
12:11:09.448,261,litter_colour,167,583,50,551,284,616,COLOR_SEC
12:11:09.591,262,litter_colour,491,943,470,929,512,957,COLOR_SEC
12:11:09.591,262,litter_colour,169,583,50,551,289,616,COLOR_SEC
12:11:09.732,263,litter_colour,491,943,470,929,512,957,COLOR_SEC
12:11:09.732,263,litter_colour,171,584,50,551,292,617,COLOR_SEC
12:11:09.886,264,litter_colour,491,943,470,929,512,957,COLOR_SEC
12:11:09.886,264,litter_colour,170,584,50,551,290,617,COLOR_SEC
12:11:10.007,265,litter_colour,491,943,471,929,512,957,COLOR_SEC
12:11:10.007,265,litter_colour,165,584,50,551,281,617,COLOR_SEC
12:11:10.117,266,litter_colour,491,943,471,929,512,957,COLOR_SEC
12:11:10.117,266,litter_colour,162,583,50,551,275,616,COLOR_SEC
12:11:10.223,267,litter_colour,491,943,471,929,512,957,COLOR_SEC
12:11:10.223,267,litter_colour,161,583,50,551,272,616,COLOR_SEC
12:11:10.332,268,litter_colour,491,942,471,929,512,956,COLOR_SEC
12:11:10.472,269,litter_colour,491,942,471,929,512,956,COLOR_SEC
12:11:10.472,269,litter_colour,160,583,50,551,270,616,COLOR_SEC
12:11:10.578,270,litter_colour,491,942,471,929,512,956,COLOR_SEC
12:11:10.723,271,litter_colour,491,942,471,929,512,956,COLOR_SEC
12:11:10.860,272,litter_colour,491,942,471,929,512,956,COLOR_SEC
12:11:10.860,272,litter_colour,161,584,50,551,272,617,COLOR_SEC
12:11:10.939,273,litter_yolo,1293,671,1112,391,1474,951,YOLO
12:11:11.001,273,litter_colour,491,942,471,929,512,956,COLOR_SEC
12:11:11.083,274,litter_yolo,1287,670,1103,392,1472,949,YOLO
12:11:11.146,274,litter_colour,491,942,471,929,512,956,COLOR_SEC
12:11:11.289,275,litter_colour,491,942,471,929,512,956,COLOR_SEC
12:11:11.290,275,litter_colour,163,583,50,551,276,616,COLOR_SEC
12:11:11.425,276,litter_colour,491,942,471,929,512,956,COLOR_SEC
12:11:11.425,276,litter_colour,162,583,50,551,274,616,COLOR_SEC
12:11:11.533,277,litter_colour,491,942,471,929,512,956,COLOR_SEC
12:11:11.533,277,litter_colour,162,583,50,551,274,616,COLOR_SEC
12:11:11.639,278,litter_colour,491,942,471,929,512,956,COLOR_SEC
12:11:11.742,279,litter_colour,491,942,471,929,512,956,COLOR_SEC
12:11:11.742,279,litter_colour,162,583,50,551,275,616,COLOR_SEC
12:11:11.849,280,litter_colour,491,942,471,929,512,956,COLOR_SEC
12:11:11.950,281,litter_colour,491,942,471,929,512,956,COLOR_SEC
12:11:12.065,282,litter_colour,491,942,471,929,512,956,COLOR_SEC
12:11:12.065,282,litter_colour,161,583,50,551,272,616,COLOR_SEC
12:11:12.198,283,litter_colour,491,942,471,929,512,956,COLOR_SEC
12:11:12.199,283,litter_colour,161,583,50,551,272,616,COLOR_SEC
12:11:12.308,284,litter_colour,491,942,471,929,512,956,COLOR_SEC
12:11:12.308,284,litter_colour,163,584,50,551,276,617,COLOR_SEC
12:11:12.412,285,litter_colour,491,942,471,929,512,956,COLOR_SEC
12:11:12.412,285,litter_colour,163,584,50,551,277,617,COLOR_SEC
12:11:12.521,286,litter_colour,491,942,471,929,512,956,COLOR_SEC
12:11:12.521,286,litter_colour,162,584,50,551,274,617,COLOR_SEC
12:11:12.627,287,litter_colour,491,942,471,929,512,956,COLOR_SEC
12:11:12.627,287,litter_colour,163,584,50,551,276,617,COLOR_SEC
12:11:12.674,288,litter_yolo,1282,672,1095,396,1470,949,YOLO
12:11:12.732,288,litter_colour,491,943,470,929,512,957,COLOR_SEC
12:11:12.732,288,litter_colour,162,583,50,551,275,616,COLOR_SEC
12:11:12.781,289,litter_yolo,1283,670,1094,390,1473,951,YOLO
12:11:12.840,289,litter_colour,491,943,470,929,512,957,COLOR_SEC
12:11:12.840,289,litter_colour,162,583,50,551,274,616,COLOR_SEC
12:11:12.886,290,litter_yolo,1284,671,1095,392,1473,950,YOLO
12:11:12.947,290,litter_colour,491,942,471,929,512,956,COLOR_SEC
12:11:12.947,290,litter_colour,164,584,50,551,278,617,COLOR_SEC
12:11:13.084,291,litter_colour,491,942,471,929,512,956,COLOR_SEC
12:11:13.084,291,litter_colour,163,584,50,551,276,617,COLOR_SEC
12:11:13.187,292,litter_colour,491,942,471,929,512,956,COLOR_SEC
12:11:13.187,292,litter_colour,164,583,50,551,278,616,COLOR_SEC
12:11:13.299,293,litter_colour,491,942,471,929,512,956,COLOR_SEC
12:11:13.299,293,litter_colour,164,583,50,551,279,616,COLOR_SEC
12:11:13.404,294,litter_colour,491,942,471,929,512,956,COLOR_SEC
12:11:13.404,294,litter_colour,160,583,50,551,271,616,COLOR_SEC
12:11:13.511,295,litter_colour,491,942,471,929,512,956,COLOR_SEC
12:11:13.511,295,litter_colour,161,583,50,551,272,616,COLOR_SEC
12:11:13.615,296,litter_colour,491,942,471,929,512,956,COLOR_SEC
12:11:13.615,296,litter_colour,164,583,50,551,279,616,COLOR_SEC
12:11:13.723,297,litter_colour,491,942,471,929,512,956,COLOR_SEC
12:11:13.723,297,litter_colour,163,583,50,551,277,616,COLOR_SEC
12:11:13.826,298,litter_colour,491,942,471,929,512,956,COLOR_SEC
12:11:13.826,298,litter_colour,164,583,50,551,278,616,COLOR_SEC
12:11:13.935,299,litter_colour,491,942,471,929,512,956,COLOR_SEC
12:11:13.935,299,litter_colour,165,584,50,551,280,617,COLOR_SEC
12:11:14.039,300,litter_colour,491,942,471,929,512,956,COLOR_SEC
12:11:14.039,300,litter_colour,163,583,50,551,276,616,COLOR_SEC
12:11:14.147,301,litter_colour,491,943,471,929,512,957,COLOR_SEC
12:11:14.147,301,litter_colour,163,583,50,551,276,616,COLOR_SEC
12:11:14.288,302,litter_colour,491,942,471,929,512,956,COLOR_SEC
12:11:14.288,302,litter_colour,163,583,50,551,277,616,COLOR_SEC
12:11:14.394,303,litter_colour,491,943,470,929,512,957,COLOR_SEC
12:11:14.394,303,litter_colour,163,583,50,551,276,616,COLOR_SEC
12:11:14.498,304,litter_colour,491,942,471,929,512,956,COLOR_SEC
12:11:14.498,304,litter_colour,161,583,50,551,273,616,COLOR_SEC
12:11:14.601,305,litter_colour,491,943,470,929,512,957,COLOR_SEC
12:11:14.601,305,litter_colour,161,583,50,551,273,616,COLOR_SEC
12:11:14.711,306,litter_colour,491,942,471,929,512,956,COLOR_SEC
12:11:14.711,306,litter_colour,163,584,50,551,277,617,COLOR_SEC
12:11:14.817,307,litter_colour,491,942,471,929,512,956,COLOR_SEC
12:11:14.817,307,litter_colour,162,583,50,551,274,616,COLOR_SEC
12:11:14.922,308,litter_colour,491,943,470,929,512,957,COLOR_SEC
12:11:14.922,308,litter_colour,163,584,50,551,277,617,COLOR_SEC
12:11:15.030,309,litter_colour,491,942,471,929,512,956,COLOR_SEC
12:11:15.030,309,litter_colour,164,584,50,551,278,617,COLOR_SEC
12:11:15.135,310,litter_colour,491,942,471,929,512,956,COLOR_SEC
12:11:15.135,310,litter_colour,161,583,50,551,272,616,COLOR_SEC
12:11:15.242,311,litter_colour,491,942,471,929,512,956,COLOR_SEC
12:11:15.242,311,litter_colour,167,584,50,551,285,617,COLOR_SEC
12:11:15.347,312,litter_colour,491,942,471,929,512,956,COLOR_SEC
12:11:15.347,312,litter_colour,166,583,50,551,283,616,COLOR_SEC
12:11:15.448,313,litter_colour,491,942,471,929,512,956,COLOR_SEC
12:11:15.448,313,litter_colour,168,584,50,551,286,617,COLOR_SEC
12:11:15.559,314,litter_colour,491,942,471,929,512,956,COLOR_SEC
12:11:15.559,314,litter_colour,167,584,50,551,285,617,COLOR_SEC
12:11:15.666,315,litter_colour,491,942,471,929,512,956,COLOR_SEC
12:11:15.666,315,litter_colour,162,583,50,551,275,616,COLOR_SEC
12:11:15.770,316,litter_colour,491,942,471,929,512,956,COLOR_SEC
12:11:15.770,316,litter_colour,167,583,50,551,284,616,COLOR_SEC
12:11:15.873,317,litter_colour,491,942,471,929,512,956,COLOR_SEC
12:11:15.873,317,litter_colour,164,583,50,551,278,616,COLOR_SEC
12:11:15.983,318,litter_colour,491,942,471,929,512,956,COLOR_SEC
12:11:15.983,318,litter_colour,167,584,50,551,284,617,COLOR_SEC
12:11:16.091,319,litter_colour,491,943,470,929,512,957,COLOR_SEC
12:11:16.091,319,litter_colour,164,584,50,551,279,617,COLOR_SEC
12:11:16.197,320,litter_colour,491,943,470,929,512,957,COLOR_SEC
12:11:16.197,320,litter_colour,163,584,50,551,277,617,COLOR_SEC
12:11:16.305,321,litter_colour,491,943,470,929,512,957,COLOR_SEC
12:11:16.305,321,litter_colour,168,584,50,551,287,617,COLOR_SEC
12:11:16.348,322,litter_yolo,1250,679,1057,408,1443,951,YOLO
12:11:16.407,322,litter_colour,491,943,470,929,512,957,COLOR_SEC
12:11:16.407,322,litter_colour,164,584,50,551,278,617,COLOR_SEC
12:11:16.515,323,litter_colour,491,942,471,929,512,956,COLOR_SEC
12:11:16.515,323,litter_colour,163,584,50,551,277,617,COLOR_SEC
12:11:16.562,324,litter_yolo,1246,680,1053,410,1439,951,YOLO
12:11:16.621,324,litter_colour,491,942,471,929,512,956,COLOR_SEC
12:11:16.621,324,litter_colour,166,583,50,551,283,616,COLOR_SEC
12:11:16.670,325,litter_yolo,1244,681,1051,411,1438,951,YOLO
12:11:16.729,325,litter_colour,491,942,471,929,512,956,COLOR_SEC
12:11:16.729,325,litter_colour,167,584,50,551,285,617,COLOR_SEC
12:11:16.804,326,litter_yolo,1245,680,1052,409,1438,952,YOLO
12:11:16.863,326,litter_colour,491,942,471,929,512,956,COLOR_SEC
12:11:16.863,326,litter_colour,168,584,50,551,286,617,COLOR_SEC
12:11:16.915,327,litter_yolo,1246,680,1053,409,1440,952,YOLO
12:11:16.975,327,litter_colour,491,943,470,929,512,957,COLOR_SEC
12:11:16.975,327,litter_colour,168,584,50,551,287,617,COLOR_SEC
12:11:17.022,328,litter_yolo,1248,681,1055,410,1441,952,YOLO
12:11:17.082,328,litter_colour,491,942,471,929,512,956,COLOR_SEC
12:11:17.082,328,litter_colour,168,584,50,551,286,617,COLOR_SEC
12:11:17.133,329,litter_yolo,1248,681,1055,411,1441,952,YOLO
12:11:17.200,329,litter_colour,491,943,470,929,512,957,COLOR_SEC
12:11:17.200,329,litter_colour,164,583,50,551,278,616,COLOR_SEC
12:11:17.267,330,litter_yolo,1249,682,1056,413,1442,951,YOLO
12:11:17.328,330,litter_colour,491,943,470,929,512,957,COLOR_SEC
12:11:17.328,330,litter_colour,166,583,50,551,282,616,COLOR_SEC
12:11:17.405,331,litter_yolo,1249,679,1055,408,1443,951,YOLO
12:11:17.466,331,litter_colour,491,943,471,929,512,957,COLOR_SEC
12:11:17.466,331,litter_colour,167,584,50,551,284,617,COLOR_SEC
12:11:17.572,332,litter_colour,491,943,470,929,512,957,COLOR_SEC
12:11:17.572,332,litter_colour,167,583,50,551,285,616,COLOR_SEC
12:11:17.677,333,litter_colour,491,942,471,929,512,956,COLOR_SEC
12:11:17.677,333,litter_colour,166,584,50,551,283,617,COLOR_SEC
12:11:17.804,334,litter_colour,491,943,470,929,512,957,COLOR_SEC
12:11:17.804,334,litter_colour,167,584,50,551,284,617,COLOR_SEC
12:11:17.924,335,litter_colour,491,943,470,929,512,957,COLOR_SEC
12:11:17.924,335,litter_colour,168,584,50,551,287,617,COLOR_SEC
12:11:18.034,336,litter_colour,491,942,471,929,512,956,COLOR_SEC
12:11:18.034,336,litter_colour,165,584,50,551,281,617,COLOR_SEC
12:11:18.082,337,litter_yolo,1246,676,1054,402,1439,950,YOLO
12:11:18.141,337,litter_colour,491,942,471,929,512,956,COLOR_SEC
12:11:18.141,337,litter_colour,166,583,50,551,282,616,COLOR_SEC
12:11:18.247,338,litter_colour,491,942,471,929,512,956,COLOR_SEC
12:11:18.247,338,litter_colour,163,583,50,551,276,616,COLOR_SEC
12:11:18.352,339,litter_colour,491,942,471,929,512,956,COLOR_SEC
12:11:18.352,339,litter_colour,165,584,50,551,281,617,COLOR_SEC
12:11:18.395,340,litter_yolo,1247,676,1054,403,1440,949,YOLO
12:11:18.455,340,litter_colour,491,942,471,929,512,956,COLOR_SEC
12:11:18.455,340,litter_colour,165,583,50,551,281,616,COLOR_SEC
12:11:18.559,341,litter_colour,491,942,471,929,512,956,COLOR_SEC
12:11:18.559,341,litter_colour,165,584,50,551,280,617,COLOR_SEC
12:11:18.670,342,litter_colour,491,942,471,929,512,956,COLOR_SEC
12:11:18.670,342,litter_colour,168,584,50,551,287,617,COLOR_SEC
12:11:18.719,343,litter_yolo,1241,675,1051,401,1432,950,YOLO
12:11:18.778,343,litter_colour,491,942,471,929,512,956,COLOR_SEC
12:11:18.778,343,litter_colour,167,584,50,551,285,617,COLOR_SEC
12:11:18.825,344,litter_yolo,1239,676,1050,403,1429,949,YOLO
12:11:18.883,344,litter_colour,491,942,471,929,512,956,COLOR_SEC
12:11:18.883,344,litter_colour,164,583,50,551,278,616,COLOR_SEC
12:11:18.930,345,litter_yolo,1240,676,1051,404,1429,948,YOLO
12:11:18.989,345,litter_colour,491,942,471,929,512,956,COLOR_SEC
12:11:18.990,345,litter_colour,169,584,50,551,289,617,COLOR_SEC
12:11:19.036,346,litter_yolo,1240,673,1050,399,1430,948,YOLO
12:11:19.095,346,litter_colour,491,943,470,929,512,957,COLOR_SEC
12:11:19.095,346,litter_colour,162,583,50,551,274,616,COLOR_SEC
12:11:19.198,347,litter_colour,491,942,471,929,512,956,COLOR_SEC
12:11:19.198,347,litter_colour,163,584,50,551,277,617,COLOR_SEC
12:11:19.304,348,litter_colour,491,943,470,929,512,957,COLOR_SEC
12:11:19.304,348,litter_colour,163,583,50,551,276,616,COLOR_SEC
12:11:19.409,349,litter_colour,491,942,471,929,512,956,COLOR_SEC
12:11:19.409,349,litter_colour,167,584,50,551,284,617,COLOR_SEC
12:11:19.517,350,litter_colour,491,942,471,929,512,956,COLOR_SEC
12:11:19.517,350,litter_colour,166,584,50,551,282,617,COLOR_SEC
12:11:19.623,351,litter_colour,491,942,471,929,512,956,COLOR_SEC
12:11:19.623,351,litter_colour,165,584,50,551,281,617,COLOR_SEC
12:11:19.730,352,litter_colour,491,943,470,929,512,957,COLOR_SEC
12:11:19.730,352,litter_colour,165,584,50,551,281,617,COLOR_SEC
12:11:19.836,353,litter_colour,491,942,471,929,512,956,COLOR_SEC
12:11:19.836,353,litter_colour,164,583,50,551,279,616,COLOR_SEC
12:11:19.942,354,litter_colour,491,942,471,929,512,956,COLOR_SEC
12:11:19.942,354,litter_colour,166,584,50,551,283,617,COLOR_SEC
12:11:20.049,355,litter_colour,491,943,470,929,512,957,COLOR_SEC
12:11:20.049,355,litter_colour,170,584,50,551,290,617,COLOR_SEC
12:11:20.157,356,litter_colour,491,943,470,929,512,957,COLOR_SEC
12:11:20.157,356,litter_colour,165,584,50,551,281,617,COLOR_SEC
12:11:20.262,357,litter_colour,491,943,470,929,512,957,COLOR_SEC
12:11:20.262,357,litter_colour,168,584,50,551,287,617,COLOR_SEC
12:11:20.366,358,litter_colour,491,943,470,929,512,957,COLOR_SEC
12:11:20.366,358,litter_colour,170,584,50,551,290,617,COLOR_SEC
12:11:20.474,359,litter_colour,491,943,470,929,512,957,COLOR_SEC
12:11:20.576,360,litter_colour,491,943,470,929,512,957,COLOR_SEC
12:11:20.576,360,litter_colour,187,584,50,551,324,618,COLOR_SEC
12:11:20.682,361,litter_colour,491,943,470,929,512,957,COLOR_SEC
12:11:20.796,362,litter_colour,491,942,470,928,512,957,COLOR_SEC
12:11:20.903,363,litter_colour,491,942,470,928,513,957,COLOR_SEC
12:11:21.049,364,litter_colour,491,942,470,928,513,957,COLOR_SEC
12:11:21.190,365,litter_colour,491,942,470,928,513,957,COLOR_SEC
12:11:21.332,366,litter_colour,491,942,470,928,513,957,COLOR_SEC
12:11:21.469,367,litter_colour,491,942,470,928,513,957,COLOR_SEC
12:11:21.608,368,litter_colour,491,942,470,928,513,957,COLOR_SEC
12:11:21.755,369,litter_colour,491,942,470,928,513,957,COLOR_SEC
12:11:21.898,370,litter_colour,491,942,470,928,513,957,COLOR_SEC
12:11:22.041,371,litter_colour,491,942,470,928,513,957,COLOR_SEC
12:11:22.181,372,litter_colour,491,942,470,928,513,957,COLOR_SEC
12:11:22.323,373,litter_colour,491,942,470,928,513,957,COLOR_SEC
12:11:22.458,374,litter_colour,491,942,470,928,513,957,COLOR_SEC
12:11:22.606,375,litter_colour,491,942,470,928,513,957,COLOR_SEC
12:11:22.739,376,litter_colour,491,942,470,928,513,957,COLOR_SEC
12:11:22.850,377,litter_colour,491,942,470,928,513,957,COLOR_SEC
12:11:22.989,378,litter_colour,491,942,470,928,513,957,COLOR_SEC
12:11:23.126,379,litter_colour,491,942,470,928,513,957,COLOR_SEC
12:11:23.234,380,litter_colour,491,942,470,928,513,957,COLOR_SEC
12:11:23.377,381,litter_colour,491,942,470,928,512,957,COLOR_SEC
12:11:23.518,382,litter_colour,491,942,470,928,512,957,COLOR_SEC
12:11:23.653,383,litter_colour,491,942,470,928,512,957,COLOR_SEC
12:11:23.761,384,litter_colour,491,943,470,929,512,957,COLOR_SEC
12:11:23.761,384,litter_colour,188,584,50,551,326,618,COLOR_SEC
12:11:23.866,385,litter_colour,491,943,470,929,512,957,COLOR_SEC
12:11:23.973,386,litter_colour,491,943,470,929,512,957,COLOR_SEC
12:11:23.973,386,litter_colour,179,584,50,551,308,617,COLOR_SEC
12:11:24.080,387,litter_colour,491,943,470,929,512,957,COLOR_SEC
12:11:24.080,387,litter_colour,180,584,50,551,310,617,COLOR_SEC
12:11:24.184,388,litter_colour,491,943,470,929,512,957,COLOR_SEC
12:11:24.184,388,litter_colour,181,584,50,551,312,617,COLOR_SEC
12:11:24.290,389,litter_colour,491,943,470,929,512,957,COLOR_SEC
12:11:24.290,389,litter_colour,176,584,50,551,303,617,COLOR_SEC
12:11:24.396,390,litter_colour,491,943,470,929,512,957,COLOR_SEC
12:11:24.396,390,litter_colour,175,584,50,551,301,617,COLOR_SEC
12:11:24.502,391,litter_colour,491,943,470,929,512,957,COLOR_SEC
12:11:24.502,391,litter_colour,171,584,50,551,293,617,COLOR_SEC
12:11:24.603,392,litter_colour,491,943,470,929,512,957,COLOR_SEC
12:11:24.603,392,litter_colour,176,584,50,551,302,617,COLOR_SEC
12:11:24.714,393,litter_colour,491,943,470,929,512,957,COLOR_SEC
12:11:24.714,393,litter_colour,173,584,50,551,296,617,COLOR_SEC
12:11:24.815,394,litter_colour,491,943,470,929,512,957,COLOR_SEC
12:11:24.815,394,litter_colour,175,584,50,551,301,618,COLOR_SEC
12:11:24.926,395,litter_colour,491,943,470,929,512,957,COLOR_SEC
12:11:24.926,395,litter_colour,174,584,50,551,299,617,COLOR_SEC
12:11:25.032,396,litter_colour,491,943,470,929,512,957,COLOR_SEC
12:11:25.032,396,litter_colour,167,584,50,551,284,617,COLOR_SEC
12:11:25.139,397,litter_colour,491,943,470,929,512,957,COLOR_SEC
12:11:25.139,397,litter_colour,176,584,50,551,303,617,COLOR_SEC
12:11:25.244,398,litter_colour,491,943,470,929,512,957,COLOR_SEC
12:11:25.245,398,litter_colour,169,584,50,551,289,617,COLOR_SEC
12:11:25.350,399,litter_colour,491,943,470,929,512,957,COLOR_SEC
12:11:25.351,399,litter_colour,173,584,50,551,296,617,COLOR_SEC
12:11:25.455,400,litter_colour,491,943,470,929,512,957,COLOR_SEC
12:11:25.455,400,litter_colour,175,584,50,551,301,617,COLOR_SEC
12:11:25.567,401,litter_colour,491,943,470,929,512,957,COLOR_SEC
12:11:25.567,401,litter_colour,176,584,50,551,302,617,COLOR_SEC
12:11:25.703,402,litter_colour,491,943,470,929,512,957,COLOR_SEC
12:11:25.703,402,litter_colour,175,584,50,551,301,617,COLOR_SEC
12:11:25.749,403,litter_yolo,1295,664,1109,388,1481,941,YOLO
12:11:25.808,403,litter_colour,491,943,470,929,512,957,COLOR_SEC
12:11:25.808,403,litter_colour,176,584,50,551,302,617,COLOR_SEC
12:11:25.858,404,litter_yolo,1292,666,1107,391,1478,942,YOLO
12:11:25.915,404,litter_colour,491,943,470,929,512,957,COLOR_SEC
12:11:25.915,404,litter_colour,177,584,50,551,305,617,COLOR_SEC
12:11:25.965,405,litter_yolo,1293,664,1108,389,1478,939,YOLO
12:11:26.022,405,litter_colour,491,943,470,929,512,957,COLOR_SEC
12:11:26.023,405,litter_colour,170,584,50,551,290,617,COLOR_SEC
12:11:26.070,406,litter_yolo,1293,664,1108,392,1479,937,YOLO
12:11:26.128,406,litter_colour,491,943,470,929,512,957,COLOR_SEC
12:11:26.128,406,litter_colour,177,584,50,551,304,617,COLOR_SEC
12:11:26.177,407,litter_yolo,1293,666,1107,392,1479,940,YOLO
12:11:26.235,407,litter_colour,491,943,470,929,512,957,COLOR_SEC
12:11:26.236,407,litter_colour,173,584,50,551,297,617,COLOR_SEC
12:11:26.282,408,litter_yolo,1293,665,1107,392,1480,939,YOLO
12:11:26.339,408,litter_colour,491,943,470,929,512,957,COLOR_SEC
12:11:26.339,408,litter_colour,175,584,50,551,300,617,COLOR_SEC
12:11:26.391,409,litter_yolo,1293,665,1107,392,1480,939,YOLO
12:11:26.450,409,litter_colour,491,943,470,929,512,957,COLOR_SEC
12:11:26.450,409,litter_colour,175,584,50,551,301,617,COLOR_SEC
12:11:26.531,410,litter_yolo,1294,668,1109,394,1480,942,YOLO
12:11:26.591,410,litter_colour,491,943,470,929,512,957,COLOR_SEC
12:11:26.591,410,litter_colour,175,584,50,551,301,617,COLOR_SEC
12:11:26.636,411,litter_yolo,1295,666,1109,393,1481,940,YOLO
12:11:26.694,411,litter_colour,491,943,470,929,512,957,COLOR_SEC
12:11:26.694,411,litter_colour,174,584,50,551,298,617,COLOR_SEC
12:11:26.736,412,litter_yolo,1295,666,1109,393,1482,940,YOLO
12:11:26.794,412,litter_colour,491,943,470,929,512,957,COLOR_SEC
12:11:26.795,412,litter_colour,175,584,50,551,300,617,COLOR_SEC
12:11:26.844,413,litter_yolo,1295,667,1109,395,1482,939,YOLO
12:11:26.902,413,litter_colour,491,943,470,929,512,957,COLOR_SEC
12:11:26.902,413,litter_colour,177,584,50,551,305,617,COLOR_SEC
12:11:26.953,414,litter_yolo,1296,666,1110,394,1483,939,YOLO
12:11:27.010,414,litter_colour,491,943,470,929,512,957,COLOR_SEC
12:11:27.010,414,litter_colour,177,584,50,551,304,617,COLOR_SEC
12:11:27.061,415,litter_yolo,1296,666,1111,395,1481,938,YOLO
12:11:27.119,415,litter_colour,491,943,470,929,512,957,COLOR_SEC
12:11:27.119,415,litter_colour,177,584,50,551,305,617,COLOR_SEC
12:11:27.165,416,litter_yolo,1296,663,1110,393,1482,933,YOLO
12:11:27.223,416,litter_colour,491,943,470,929,512,957,COLOR_SEC
12:11:27.223,416,litter_colour,174,584,50,551,299,617,COLOR_SEC
12:11:27.273,417,litter_yolo,1294,665,1109,394,1480,937,YOLO
12:11:27.331,417,litter_colour,491,943,470,929,512,957,COLOR_SEC
12:11:27.331,417,litter_colour,175,584,50,551,301,617,COLOR_SEC
12:11:27.378,418,litter_yolo,1294,665,1109,396,1480,934,YOLO
12:11:27.435,418,litter_colour,491,943,470,929,512,957,COLOR_SEC
12:11:27.435,418,litter_colour,177,584,50,551,304,618,COLOR_SEC
12:11:27.486,419,litter_yolo,1294,662,1109,392,1479,932,YOLO
12:11:27.543,419,litter_colour,491,943,470,929,512,957,COLOR_SEC
12:11:27.543,419,litter_colour,174,584,50,551,299,617,COLOR_SEC
12:11:27.590,420,litter_yolo,1293,663,1107,394,1479,932,YOLO
12:11:27.648,420,litter_colour,491,943,470,929,512,957,COLOR_SEC
12:11:27.648,420,litter_colour,174,584,50,551,298,617,COLOR_SEC
12:11:27.696,421,litter_yolo,1292,667,1106,398,1478,936,YOLO
12:11:27.757,421,litter_colour,491,943,470,929,512,957,COLOR_SEC
12:11:27.757,421,litter_colour,176,584,50,551,302,617,COLOR_SEC
12:11:27.833,422,litter_yolo,1291,667,1107,398,1476,937,YOLO
12:11:27.899,422,litter_colour,491,943,470,929,512,957,COLOR_SEC
12:11:27.899,422,litter_colour,176,584,50,551,302,617,COLOR_SEC
12:11:27.943,423,litter_yolo,1290,668,1106,397,1475,939,YOLO
12:11:28.001,423,litter_colour,491,943,470,929,512,957,COLOR_SEC
12:11:28.001,423,litter_colour,174,584,50,551,299,617,COLOR_SEC
12:11:28.049,424,litter_yolo,1290,667,1105,397,1475,938,YOLO
12:11:28.108,424,litter_colour,491,943,470,929,512,957,COLOR_SEC
12:11:28.108,424,litter_colour,177,584,50,551,304,617,COLOR_SEC
12:11:28.214,425,litter_colour,491,943,470,929,512,957,COLOR_SEC
12:11:28.214,425,litter_colour,178,584,50,551,307,617,COLOR_SEC
12:11:28.261,426,litter_yolo,1290,669,1104,398,1476,940,YOLO
12:11:28.319,426,litter_colour,491,943,470,929,512,957,COLOR_SEC
12:11:28.319,426,litter_colour,171,584,50,551,292,617,COLOR_SEC
12:11:28.420,427,litter_colour,491,943,470,929,512,957,COLOR_SEC
12:11:28.420,427,litter_colour,175,584,50,551,300,617,COLOR_SEC
12:11:28.532,428,litter_colour,491,943,470,929,512,957,COLOR_SEC
12:11:28.532,428,litter_colour,172,584,50,551,294,617,COLOR_SEC
12:11:28.638,429,litter_colour,491,943,470,929,512,957,COLOR_SEC
12:11:28.638,429,litter_colour,177,584,50,551,305,617,COLOR_SEC
12:11:28.743,430,litter_colour,491,943,470,929,512,957,COLOR_SEC
12:11:28.743,430,litter_colour,179,584,50,551,308,618,COLOR_SEC
12:11:28.849,431,litter_colour,491,943,470,929,512,957,COLOR_SEC
12:11:28.849,431,litter_colour,178,584,50,551,306,617,COLOR_SEC
12:11:28.955,432,litter_colour,491,943,470,929,512,957,COLOR_SEC
12:11:28.955,432,litter_colour,178,584,50,551,306,617,COLOR_SEC
12:11:29.057,433,litter_colour,491,943,470,929,512,957,COLOR_SEC
12:11:29.058,433,litter_colour,177,584,50,551,304,617,COLOR_SEC
12:11:29.162,434,litter_colour,491,943,470,929,512,957,COLOR_SEC
12:11:29.162,434,litter_colour,177,584,50,551,304,618,COLOR_SEC
12:11:29.273,435,litter_colour,491,943,470,929,512,957,COLOR_SEC
12:11:29.273,435,litter_colour,175,584,50,551,300,617,COLOR_SEC
12:11:29.379,436,litter_colour,491,943,470,929,512,957,COLOR_SEC
12:11:29.380,436,litter_colour,171,584,50,551,292,617,COLOR_SEC
12:11:29.484,437,litter_colour,491,943,470,929,512,957,COLOR_SEC
12:11:29.484,437,litter_colour,170,584,50,551,290,617,COLOR_SEC
12:11:29.591,438,litter_colour,491,943,470,929,512,957,COLOR_SEC
12:11:29.591,438,litter_colour,169,584,50,551,289,617,COLOR_SEC
12:11:29.692,439,litter_colour,491,943,470,929,512,957,COLOR_SEC
12:11:29.692,439,litter_colour,171,584,50,551,292,617,COLOR_SEC
12:11:29.804,440,litter_colour,491,943,470,929,512,957,COLOR_SEC
12:11:29.804,440,litter_colour,176,584,50,551,303,617,COLOR_SEC
12:11:29.912,441,litter_colour,491,943,470,929,512,957,COLOR_SEC
12:11:29.912,441,litter_colour,175,584,50,551,300,617,COLOR_SEC
12:11:30.047,442,litter_colour,491,943,470,929,512,957,COLOR_SEC
12:11:30.047,442,litter_colour,171,584,50,551,292,617,COLOR_SEC
12:11:30.169,443,litter_colour,491,943,470,929,512,957,COLOR_SEC
12:11:30.169,443,litter_colour,170,584,50,551,290,617,COLOR_SEC
12:11:30.299,444,litter_colour,491,943,470,929,512,957,COLOR_SEC
12:11:30.299,444,litter_colour,171,584,50,551,292,617,COLOR_SEC
12:11:30.404,445,litter_colour,491,943,470,929,512,957,COLOR_SEC
12:11:30.404,445,litter_colour,176,584,50,551,302,617,COLOR_SEC
12:11:30.513,446,litter_colour,491,943,470,929,512,957,COLOR_SEC
12:11:30.513,446,litter_colour,176,584,50,551,303,617,COLOR_SEC
12:11:30.652,447,litter_colour,491,943,470,929,512,957,COLOR_SEC
12:11:30.652,447,litter_colour,173,584,50,551,297,617,COLOR_SEC
12:11:30.758,448,litter_colour,491,943,470,929,512,957,COLOR_SEC
12:11:30.758,448,litter_colour,177,584,50,551,305,618,COLOR_SEC
12:11:30.863,449,litter_colour,491,943,470,929,512,957,COLOR_SEC
12:11:30.863,449,litter_colour,176,584,50,551,303,617,COLOR_SEC
12:11:30.971,450,litter_colour,491,943,470,929,512,957,COLOR_SEC
12:11:30.971,450,litter_colour,174,584,50,551,298,617,COLOR_SEC
12:11:31.076,451,litter_colour,491,943,470,929,512,957,COLOR_SEC
12:11:31.076,451,litter_colour,177,584,50,551,304,617,COLOR_SEC
12:11:31.126,452,litter_yolo,1283,665,1095,395,1472,935,YOLO
12:11:31.184,452,litter_colour,491,943,470,929,512,957,COLOR_SEC
12:11:31.184,452,litter_colour,178,584,50,551,306,617,COLOR_SEC
12:11:31.288,453,litter_colour,491,943,470,929,512,957,COLOR_SEC
12:11:31.288,453,litter_colour,174,584,50,551,299,617,COLOR_SEC
12:11:31.393,454,litter_colour,491,943,470,929,512,957,COLOR_SEC
12:11:31.393,454,litter_colour,179,584,50,551,308,617,COLOR_SEC
12:11:31.499,455,litter_colour,491,943,470,929,512,957,COLOR_SEC
12:11:31.499,455,litter_colour,176,584,50,551,302,617,COLOR_SEC
12:11:31.606,456,litter_colour,491,943,470,929,512,957,COLOR_SEC
12:11:31.606,456,litter_colour,179,584,50,551,309,618,COLOR_SEC
12:11:31.713,457,litter_colour,491,943,470,929,512,957,COLOR_SEC
12:11:31.713,457,litter_colour,175,584,50,551,301,617,COLOR_SEC
12:11:31.818,458,litter_colour,491,943,470,929,512,957,COLOR_SEC
12:11:31.818,458,litter_colour,176,584,50,551,302,617,COLOR_SEC
12:11:31.922,459,litter_colour,491,943,470,929,512,957,COLOR_SEC
12:11:31.922,459,litter_colour,176,584,50,551,302,617,COLOR_SEC
12:11:32.028,460,litter_colour,491,943,470,929,512,957,COLOR_SEC
12:11:32.028,460,litter_colour,175,584,50,551,300,617,COLOR_SEC
12:11:32.137,461,litter_colour,491,943,470,929,512,957,COLOR_SEC
12:11:32.137,461,litter_colour,177,584,50,551,305,617,COLOR_SEC
12:11:32.241,462,litter_colour,491,943,470,929,512,957,COLOR_SEC
12:11:32.241,462,litter_colour,171,584,50,551,292,617,COLOR_SEC
12:11:32.347,463,litter_colour,491,943,470,929,512,957,COLOR_SEC
12:11:32.347,463,litter_colour,177,584,50,551,305,617,COLOR_SEC
12:11:32.454,464,litter_colour,491,943,470,929,512,957,COLOR_SEC
12:11:32.454,464,litter_colour,177,584,50,551,304,617,COLOR_SEC
12:11:32.559,465,litter_colour,491,943,470,929,512,957,COLOR_SEC
12:11:32.559,465,litter_colour,177,584,50,551,305,617,COLOR_SEC
12:11:32.669,466,litter_colour,491,943,470,929,512,957,COLOR_SEC
12:11:32.669,466,litter_colour,178,584,50,551,306,617,COLOR_SEC
12:11:32.804,467,litter_colour,491,943,470,929,512,957,COLOR_SEC
12:11:32.804,467,litter_colour,178,584,50,551,306,617,COLOR_SEC
12:11:32.914,468,litter_colour,491,943,470,929,512,957,COLOR_SEC
12:11:32.914,468,litter_colour,175,584,50,551,300,617,COLOR_SEC
12:11:33.016,469,litter_colour,491,943,470,929,512,957,COLOR_SEC
12:11:33.016,469,litter_colour,177,584,50,551,305,617,COLOR_SEC
12:11:33.121,470,litter_colour,491,943,470,929,512,957,COLOR_SEC
12:11:33.121,470,litter_colour,175,584,50,551,300,617,COLOR_SEC
12:11:33.232,471,litter_colour,491,943,470,929,512,957,COLOR_SEC
12:11:33.232,471,litter_colour,175,584,50,551,301,617,COLOR_SEC
12:11:33.333,472,litter_colour,491,943,470,929,512,957,COLOR_SEC
12:11:33.333,472,litter_colour,168,584,50,551,286,617,COLOR_SEC
12:11:33.445,473,litter_colour,491,943,470,929,512,957,COLOR_SEC
12:11:33.445,473,litter_colour,177,584,50,551,304,617,COLOR_SEC
12:11:33.549,474,litter_colour,491,943,470,929,512,957,COLOR_SEC
12:11:33.549,474,litter_colour,177,584,50,551,304,617,COLOR_SEC
12:11:33.656,475,litter_colour,491,943,470,929,512,957,COLOR_SEC
12:11:33.656,475,litter_colour,175,584,50,551,300,617,COLOR_SEC
12:11:33.762,476,litter_colour,491,943,470,929,512,957,COLOR_SEC
12:11:33.762,476,litter_colour,176,584,50,551,303,617,COLOR_SEC
12:11:33.812,477,litter_yolo,1291,664,1108,386,1474,943,YOLO
12:11:33.869,477,litter_colour,491,943,470,929,512,957,COLOR_SEC
12:11:33.869,477,litter_colour,177,584,50,551,304,617,COLOR_SEC
12:11:33.977,478,litter_colour,491,943,470,929,512,957,COLOR_SEC
12:11:33.977,478,litter_colour,177,584,50,551,305,617,COLOR_SEC
12:11:34.080,479,litter_colour,491,943,470,929,512,957,COLOR_SEC
12:11:34.080,479,litter_colour,178,584,50,551,306,617,COLOR_SEC
12:11:34.188,480,litter_colour,491,943,470,929,512,957,COLOR_SEC
12:11:34.188,480,litter_colour,178,584,50,551,306,618,COLOR_SEC
12:11:34.294,481,litter_colour,491,943,470,929,512,957,COLOR_SEC
12:11:34.294,481,litter_colour,178,584,50,551,307,617,COLOR_SEC
12:11:34.396,482,litter_colour,491,943,470,929,512,957,COLOR_SEC
12:11:34.396,482,litter_colour,172,584,50,551,294,617,COLOR_SEC
12:11:34.501,483,litter_colour,491,942,471,929,512,956,COLOR_SEC
12:11:34.501,483,litter_colour,173,584,50,551,296,617,COLOR_SEC
12:11:34.612,484,litter_colour,491,942,470,929,512,956,COLOR_SEC
12:11:34.612,484,litter_colour,171,584,50,551,292,617,COLOR_SEC
12:11:34.714,485,litter_colour,491,942,471,929,512,956,COLOR_SEC
12:11:34.714,485,litter_colour,168,584,50,551,286,617,COLOR_SEC
12:11:34.823,486,litter_colour,491,942,471,929,512,956,COLOR_SEC
12:11:34.823,486,litter_colour,164,584,50,551,278,617,COLOR_SEC
12:11:34.932,487,litter_colour,491,942,471,929,512,956,COLOR_SEC
12:11:34.932,487,litter_colour,161,583,50,551,273,616,COLOR_SEC
12:11:35.034,488,litter_colour,491,942,471,929,512,956,COLOR_SEC
12:11:35.034,488,litter_colour,167,584,50,551,285,617,COLOR_SEC
12:11:35.147,489,litter_colour,491,942,471,929,512,956,COLOR_SEC
12:11:35.147,489,litter_colour,163,584,50,551,276,617,COLOR_SEC
12:11:35.290,490,litter_colour,491,942,471,929,512,956,COLOR_SEC
12:11:35.290,490,litter_colour,162,583,50,551,274,616,COLOR_SEC
12:11:35.429,491,litter_colour,491,942,471,929,512,956,COLOR_SEC
12:11:35.429,491,litter_colour,160,583,50,551,270,616,COLOR_SEC
12:11:35.572,492,litter_colour,491,942,471,929,512,956,COLOR_SEC
12:11:35.706,493,litter_colour,491,942,471,929,512,956,COLOR_SEC
12:11:35.706,493,litter_colour,163,583,50,551,277,616,COLOR_SEC
12:11:35.817,494,litter_colour,491,942,471,929,512,956,COLOR_SEC
12:11:35.817,494,litter_colour,164,584,50,551,278,617,COLOR_SEC
12:11:35.963,495,litter_colour,491,942,471,929,512,956,COLOR_SEC
12:11:35.963,495,litter_colour,160,583,50,551,271,616,COLOR_SEC
12:11:36.097,496,litter_colour,491,942,471,929,512,956,COLOR_SEC
12:11:36.097,496,litter_colour,162,583,50,551,275,616,COLOR_SEC
12:11:36.206,497,litter_colour,491,942,471,929,512,956,COLOR_SEC
12:11:36.206,497,litter_colour,162,583,50,551,274,616,COLOR_SEC
12:11:36.348,498,litter_colour,491,942,471,929,512,956,COLOR_SEC
12:11:36.348,498,litter_colour,162,583,50,551,275,616,COLOR_SEC
12:11:36.490,499,litter_colour,491,942,471,929,512,956,COLOR_SEC
12:11:36.490,499,litter_colour,163,583,50,551,276,616,COLOR_SEC
12:11:36.634,500,litter_colour,491,942,471,929,512,956,COLOR_SEC
12:11:36.634,500,litter_colour,164,584,50,551,279,617,COLOR_SEC
12:11:36.773,501,litter_colour,491,942,471,929,512,956,COLOR_SEC
12:11:36.773,501,litter_colour,163,583,50,551,276,616,COLOR_SEC
12:11:36.913,502,litter_colour,491,942,471,929,512,956,COLOR_SEC
12:11:36.913,502,litter_colour,162,583,50,551,275,616,COLOR_SEC
12:11:37.016,503,litter_colour,491,942,471,929,512,956,COLOR_SEC
12:11:37.017,503,litter_colour,166,584,50,551,282,617,COLOR_SEC
12:11:37.124,504,litter_colour,491,942,471,929,512,956,COLOR_SEC
12:11:37.124,504,litter_colour,162,583,50,551,275,616,COLOR_SEC
12:11:37.230,505,litter_colour,491,942,471,929,512,956,COLOR_SEC
12:11:37.230,505,litter_colour,163,583,50,551,276,616,COLOR_SEC
12:11:37.333,506,litter_colour,491,942,471,929,512,956,COLOR_SEC
12:11:37.333,506,litter_colour,162,583,50,551,274,616,COLOR_SEC
12:11:37.437,507,litter_colour,491,942,471,929,512,956,COLOR_SEC
12:11:37.437,507,litter_colour,164,583,50,551,278,616,COLOR_SEC
12:11:37.549,508,litter_colour,491,942,471,929,512,956,COLOR_SEC
12:11:37.549,508,litter_colour,161,583,50,551,273,616,COLOR_SEC
12:11:37.654,509,litter_colour,491,942,471,929,512,956,COLOR_SEC
12:11:37.654,509,litter_colour,164,583,50,551,278,616,COLOR_SEC
12:11:37.759,510,litter_colour,491,942,471,929,512,956,COLOR_SEC
12:11:37.759,510,litter_colour,162,583,50,551,274,616,COLOR_SEC
12:11:37.866,511,litter_colour,491,942,471,929,512,956,COLOR_SEC
12:11:37.866,511,litter_colour,162,583,50,551,274,616,COLOR_SEC
12:11:38.012,512,litter_colour,491,942,471,929,512,956,COLOR_SEC
12:11:38.012,512,litter_colour,160,583,50,551,271,616,COLOR_SEC
12:11:38.153,513,litter_colour,491,942,471,929,512,956,COLOR_SEC
12:11:38.153,513,litter_colour,161,583,50,551,272,616,COLOR_SEC
12:11:38.292,514,litter_colour,491,942,471,929,512,956,COLOR_SEC
12:11:38.292,514,litter_colour,163,583,50,551,276,616,COLOR_SEC
12:11:38.430,515,litter_colour,491,942,471,929,512,956,COLOR_SEC
12:11:38.430,515,litter_colour,163,583,50,551,276,616,COLOR_SEC
12:11:38.535,516,litter_colour,491,942,471,929,512,956,COLOR_SEC
12:11:38.535,516,litter_colour,163,583,50,551,276,616,COLOR_SEC
12:11:38.644,517,litter_colour,491,942,471,929,512,956,COLOR_SEC
12:11:38.644,517,litter_colour,161,583,50,551,272,616,COLOR_SEC
12:11:38.749,518,litter_colour,491,942,471,929,512,956,COLOR_SEC
12:11:38.855,519,litter_colour,491,942,471,929,512,956,COLOR_SEC
12:11:38.962,520,litter_colour,491,942,471,929,512,956,COLOR_SEC
12:11:39.068,521,litter_colour,491,942,471,929,512,956,COLOR_SEC
12:11:39.068,521,litter_colour,160,583,50,551,271,616,COLOR_SEC
12:11:39.174,522,litter_colour,491,942,471,929,512,956,COLOR_SEC
12:11:39.174,522,litter_colour,163,584,50,551,277,617,COLOR_SEC
12:11:39.279,523,litter_colour,491,942,471,929,512,956,COLOR_SEC
12:11:39.279,523,litter_colour,164,583,50,551,278,616,COLOR_SEC
12:11:39.386,524,litter_colour,491,942,471,929,512,956,COLOR_SEC
12:11:39.386,524,litter_colour,161,583,50,551,272,616,COLOR_SEC
12:11:39.490,525,litter_colour,491,942,471,929,512,956,COLOR_SEC
12:11:39.490,525,litter_colour,161,583,50,551,273,616,COLOR_SEC
12:11:39.599,526,litter_colour,491,942,471,929,512,956,COLOR_SEC
12:11:39.599,526,litter_colour,161,583,50,551,272,616,COLOR_SEC
12:11:39.733,527,litter_colour,491,942,471,929,512,956,COLOR_SEC
12:11:39.733,527,litter_colour,165,584,50,551,280,617,COLOR_SEC
12:11:39.780,528,litter_yolo,1286,664,1102,390,1470,938,YOLO
12:11:39.840,528,litter_colour,491,942,471,929,512,956,COLOR_SEC
12:11:39.840,528,litter_colour,163,584,50,551,277,617,COLOR_SEC
12:11:39.954,529,litter_colour,491,942,471,929,512,956,COLOR_SEC
12:11:39.954,529,litter_colour,165,583,50,551,280,616,COLOR_SEC
12:11:40.033,530,litter_yolo,1287,650,1104,392,1471,908,YOLO
12:11:40.093,530,litter_colour,491,942,471,929,512,956,COLOR_SEC
12:11:40.093,530,litter_colour,162,583,50,551,274,616,COLOR_SEC
12:11:40.137,531,litter_yolo,1287,651,1104,390,1471,912,YOLO
12:11:40.197,531,litter_colour,491,942,471,929,512,956,COLOR_SEC
12:11:40.197,531,litter_colour,162,583,50,551,274,616,COLOR_SEC
12:11:40.245,532,litter_yolo,1287,656,1105,393,1470,920,YOLO
12:11:40.304,532,litter_colour,491,942,471,929,512,956,COLOR_SEC
12:11:40.304,532,litter_colour,160,583,50,551,271,616,COLOR_SEC
12:11:40.350,533,litter_yolo,1286,649,1103,394,1470,904,YOLO
12:11:40.409,533,litter_colour,491,942,471,929,512,956,COLOR_SEC
12:11:40.409,533,litter_colour,163,583,50,551,277,616,COLOR_SEC
12:11:40.457,534,litter_yolo,1284,655,1099,395,1470,916,YOLO
12:11:40.515,534,litter_colour,491,942,471,929,512,956,COLOR_SEC
12:11:40.515,534,litter_colour,163,583,50,551,276,616,COLOR_SEC
12:11:40.621,535,litter_colour,491,942,471,929,512,956,COLOR_SEC
12:11:40.621,535,litter_colour,162,583,50,551,275,616,COLOR_SEC
12:11:40.727,536,litter_colour,491,942,471,929,512,956,COLOR_SEC
12:11:40.727,536,litter_colour,163,583,50,551,276,616,COLOR_SEC
12:11:40.832,537,litter_colour,491,942,471,929,512,956,COLOR_SEC
12:11:40.832,537,litter_colour,164,584,50,551,279,617,COLOR_SEC
12:11:40.939,538,litter_colour,491,942,471,929,512,956,COLOR_SEC
12:11:40.939,538,litter_colour,162,583,50,551,275,616,COLOR_SEC
12:11:41.044,539,litter_colour,491,942,471,929,512,956,COLOR_SEC
12:11:41.044,539,litter_colour,165,584,50,551,281,617,COLOR_SEC
12:11:41.151,540,litter_colour,491,942,471,929,512,956,COLOR_SEC
12:11:41.151,540,litter_colour,164,584,50,551,279,617,COLOR_SEC
12:11:41.252,541,litter_colour,491,942,471,929,512,956,COLOR_SEC
12:11:41.252,541,litter_colour,164,584,50,551,279,617,COLOR_SEC
12:11:41.363,542,litter_colour,491,942,471,929,512,956,COLOR_SEC
12:11:41.363,542,litter_colour,166,584,50,551,282,617,COLOR_SEC
12:11:41.469,543,litter_colour,491,942,471,929,512,956,COLOR_SEC
12:11:41.469,543,litter_colour,165,583,50,551,281,616,COLOR_SEC
12:11:41.575,544,litter_colour,491,942,471,929,512,956,COLOR_SEC
12:11:41.575,544,litter_colour,166,583,50,551,282,616,COLOR_SEC
12:11:41.684,545,litter_colour,491,942,471,929,512,956,COLOR_SEC
12:11:41.684,545,litter_colour,162,584,50,551,274,617,COLOR_SEC
12:11:41.820,546,litter_colour,491,942,471,929,512,956,COLOR_SEC
12:11:41.820,546,litter_colour,163,584,50,551,277,617,COLOR_SEC
12:11:41.933,547,litter_colour,491,942,471,929,512,956,COLOR_SEC
12:11:41.933,547,litter_colour,161,583,50,551,273,616,COLOR_SEC
12:11:42.066,548,litter_colour,491,942,471,929,512,956,COLOR_SEC
12:11:42.066,548,litter_colour,169,584,50,551,288,617,COLOR_SEC
12:11:42.173,549,litter_colour,491,942,471,929,512,956,COLOR_SEC
12:11:42.173,549,litter_colour,163,584,50,551,277,617,COLOR_SEC
12:11:42.277,550,litter_colour,491,942,471,929,512,956,COLOR_SEC
12:11:42.277,550,litter_colour,169,583,50,551,288,616,COLOR_SEC
12:11:42.389,551,litter_colour,491,942,471,929,512,956,COLOR_SEC
12:11:42.389,551,litter_colour,165,584,50,551,281,617,COLOR_SEC
12:11:42.494,552,litter_colour,491,942,471,929,512,956,COLOR_SEC
12:11:42.494,552,litter_colour,163,583,50,551,276,616,COLOR_SEC
12:11:42.600,553,litter_colour,491,942,471,929,512,956,COLOR_SEC
12:11:42.600,553,litter_colour,163,584,50,551,276,617,COLOR_SEC
12:11:42.706,554,litter_colour,491,942,471,929,512,956,COLOR_SEC
12:11:42.706,554,litter_colour,166,583,50,551,282,616,COLOR_SEC
12:11:42.812,555,litter_colour,491,942,471,929,512,956,COLOR_SEC
12:11:42.812,555,litter_colour,164,583,50,551,279,616,COLOR_SEC
12:11:42.919,556,litter_colour,491,942,471,929,512,956,COLOR_SEC
12:11:42.919,556,litter_colour,166,583,50,551,283,616,COLOR_SEC
12:11:43.024,557,litter_colour,491,942,471,929,512,956,COLOR_SEC
12:11:43.024,557,litter_colour,166,584,50,551,283,617,COLOR_SEC
12:11:43.129,558,litter_colour,491,942,471,929,512,956,COLOR_SEC
12:11:43.129,558,litter_colour,167,583,50,551,284,616,COLOR_SEC
12:11:43.238,559,litter_colour,491,942,471,929,512,956,COLOR_SEC
12:11:43.238,559,litter_colour,167,583,50,551,284,616,COLOR_SEC
12:11:43.341,560,litter_colour,491,943,470,929,512,957,COLOR_SEC
12:11:43.341,560,litter_colour,167,584,50,551,285,617,COLOR_SEC
12:11:43.443,561,litter_colour,491,942,471,929,512,956,COLOR_SEC
12:11:43.444,561,litter_colour,166,584,50,551,282,617,COLOR_SEC
12:11:43.555,562,litter_colour,491,942,471,929,512,956,COLOR_SEC
12:11:43.555,562,litter_colour,169,583,50,551,288,616,COLOR_SEC
12:11:43.602,563,litter_yolo,1269,677,1069,394,1469,960,YOLO
12:11:43.660,563,litter_colour,491,943,470,929,512,957,COLOR_SEC
12:11:43.660,563,litter_colour,167,583,50,551,284,616,COLOR_SEC
12:11:43.707,564,litter_yolo,1269,677,1069,395,1469,960,YOLO
12:11:43.767,564,litter_colour,491,942,471,929,512,956,COLOR_SEC
12:11:43.767,564,litter_colour,168,584,50,551,286,617,COLOR_SEC
12:11:43.871,565,litter_colour,491,942,471,929,512,956,COLOR_SEC
12:11:43.871,565,litter_colour,167,584,50,551,285,617,COLOR_SEC
12:11:43.972,566,litter_colour,491,942,471,929,512,956,COLOR_SEC
12:11:43.972,566,litter_colour,168,583,50,551,286,616,COLOR_SEC
12:11:44.085,567,litter_colour,491,942,471,929,512,956,COLOR_SEC
12:11:44.085,567,litter_colour,164,584,50,551,278,617,COLOR_SEC
12:11:44.187,568,litter_colour,491,942,471,929,512,956,COLOR_SEC
12:11:44.187,568,litter_colour,169,583,50,551,288,616,COLOR_SEC
12:11:44.296,569,litter_colour,491,942,471,929,512,956,COLOR_SEC
12:11:44.296,569,litter_colour,167,584,50,551,284,617,COLOR_SEC
12:11:44.432,570,litter_colour,491,942,471,929,512,956,COLOR_SEC
12:11:44.432,570,litter_colour,169,583,50,551,288,616,COLOR_SEC
12:11:44.539,571,litter_colour,491,942,471,929,512,956,COLOR_SEC
12:11:44.539,571,litter_colour,165,584,50,551,281,617,COLOR_SEC
12:11:44.643,572,litter_colour,491,942,471,929,512,956,COLOR_SEC
12:11:44.643,572,litter_colour,167,584,50,551,285,617,COLOR_SEC
12:11:44.749,573,litter_colour,491,942,470,929,512,956,COLOR_SEC
12:11:44.749,573,litter_colour,167,584,50,551,284,617,COLOR_SEC
12:11:44.860,574,litter_colour,491,942,471,929,512,956,COLOR_SEC
12:11:44.860,574,litter_colour,169,584,50,551,289,617,COLOR_SEC
12:11:44.965,575,litter_colour,491,942,471,929,512,956,COLOR_SEC
12:11:44.966,575,litter_colour,169,584,50,551,288,617,COLOR_SEC
12:11:45.074,576,litter_colour,491,942,471,929,512,956,COLOR_SEC
12:11:45.074,576,litter_colour,167,583,50,551,285,616,COLOR_SEC
12:11:45.178,577,litter_colour,491,942,471,929,512,956,COLOR_SEC
12:11:45.178,577,litter_colour,169,583,50,551,289,616,COLOR_SEC
12:11:45.283,578,litter_colour,491,942,470,929,512,956,COLOR_SEC
12:11:45.283,578,litter_colour,168,584,50,551,286,617,COLOR_SEC
12:11:45.390,579,litter_colour,491,942,471,929,512,956,COLOR_SEC
12:11:45.390,579,litter_colour,169,584,50,551,288,617,COLOR_SEC
12:11:45.496,580,litter_colour,491,942,471,929,512,956,COLOR_SEC
12:11:45.496,580,litter_colour,168,583,50,551,286,616,COLOR_SEC
12:11:45.603,581,litter_colour,491,942,471,929,512,956,COLOR_SEC
12:11:45.603,581,litter_colour,164,583,50,551,279,616,COLOR_SEC
12:11:45.709,582,litter_colour,491,942,471,929,512,956,COLOR_SEC
12:11:45.709,582,litter_colour,167,584,50,551,285,617,COLOR_SEC
12:11:45.813,583,litter_colour,491,942,471,929,512,956,COLOR_SEC
12:11:45.813,583,litter_colour,167,584,50,551,285,617,COLOR_SEC
12:11:45.919,584,litter_colour,491,942,471,929,512,956,COLOR_SEC
12:11:45.919,584,litter_colour,169,584,50,551,288,617,COLOR_SEC
12:11:46.024,585,litter_colour,491,942,471,929,512,956,COLOR_SEC
12:11:46.024,585,litter_colour,168,584,50,551,286,617,COLOR_SEC
12:11:46.132,586,litter_colour,491,942,471,929,512,956,COLOR_SEC
12:11:46.132,586,litter_colour,169,583,50,551,288,616,COLOR_SEC
12:11:46.181,587,litter_yolo,1266,678,1071,398,1461,959,YOLO
12:11:46.239,587,litter_colour,491,942,471,929,512,956,COLOR_SEC
12:11:46.239,587,litter_colour,169,584,50,551,289,617,COLOR_SEC
12:11:46.289,588,litter_yolo,1265,681,1070,402,1460,960,YOLO
12:11:46.347,588,litter_colour,491,942,471,929,512,956,COLOR_SEC
12:11:46.347,588,litter_colour,166,584,50,551,282,617,COLOR_SEC
12:11:46.450,589,litter_colour,491,942,471,929,512,956,COLOR_SEC
12:11:46.450,589,litter_colour,170,583,50,551,291,616,COLOR_SEC
12:11:46.501,590,litter_yolo,1265,678,1071,398,1460,959,YOLO
12:11:46.557,590,litter_colour,491,942,471,929,512,956,COLOR_SEC
12:11:46.557,590,litter_colour,169,583,50,551,288,616,COLOR_SEC
12:11:46.605,591,litter_yolo,1265,679,1070,400,1461,959,YOLO
12:11:46.662,591,litter_colour,491,942,471,929,512,956,COLOR_SEC
12:11:46.662,591,litter_colour,169,584,50,551,289,617,COLOR_SEC
12:11:46.711,592,litter_yolo,1266,678,1073,398,1460,959,YOLO
12:11:46.769,592,litter_colour,491,942,471,929,512,956,COLOR_SEC
12:11:46.769,592,litter_colour,169,584,50,551,289,617,COLOR_SEC
12:11:46.814,593,litter_yolo,1268,676,1075,394,1461,958,YOLO
12:11:46.870,593,litter_colour,491,942,471,929,512,956,COLOR_SEC
12:11:46.870,593,litter_colour,169,584,50,551,289,617,COLOR_SEC
12:11:46.922,594,litter_yolo,1269,677,1076,396,1462,958,YOLO
12:11:47.042,594,litter_colour,491,942,471,929,512,956,COLOR_SEC
12:11:47.042,594,litter_colour,169,584,50,551,288,617,COLOR_SEC
12:11:47.096,595,litter_yolo,1265,677,1071,396,1460,958,YOLO
12:11:47.155,595,litter_colour,491,942,471,929,512,956,COLOR_SEC
12:11:47.155,595,litter_colour,167,583,50,551,284,616,COLOR_SEC
12:11:47.207,596,litter_yolo,1266,676,1072,396,1460,957,YOLO
12:11:47.264,596,litter_colour,491,942,470,929,512,956,COLOR_SEC
12:11:47.264,596,litter_colour,165,583,50,551,281,616,COLOR_SEC
12:11:47.311,597,litter_yolo,1265,676,1072,396,1459,956,YOLO
12:11:47.369,597,litter_colour,491,942,471,929,512,956,COLOR_SEC
12:11:47.369,597,litter_colour,164,583,50,551,278,616,COLOR_SEC
12:11:47.419,598,litter_yolo,1266,675,1073,396,1459,955,YOLO
12:11:47.476,598,litter_colour,491,942,471,929,512,956,COLOR_SEC
12:11:47.476,598,litter_colour,165,584,50,551,280,617,COLOR_SEC
12:11:47.525,599,litter_yolo,1268,676,1075,396,1461,956,YOLO
12:11:47.582,599,litter_colour,491,942,471,929,512,956,COLOR_SEC
12:11:47.582,599,litter_colour,166,584,50,551,283,617,COLOR_SEC
12:11:47.630,600,litter_yolo,1268,674,1076,392,1461,957,YOLO
12:11:47.687,600,litter_colour,491,942,471,929,512,956,COLOR_SEC
12:11:47.687,600,litter_colour,167,584,50,551,285,617,COLOR_SEC
12:11:47.736,601,litter_yolo,1268,672,1076,387,1461,957,YOLO
12:11:47.794,601,litter_colour,491,942,471,929,512,956,COLOR_SEC
12:11:47.794,601,litter_colour,166,583,50,551,283,616,COLOR_SEC
12:11:47.857,602,litter_yolo,1268,670,1076,384,1461,956,YOLO
12:11:47.917,602,litter_colour,491,942,471,929,512,956,COLOR_SEC
12:11:47.917,602,litter_colour,167,584,50,551,285,617,COLOR_SEC
12:11:48.045,603,litter_colour,491,942,471,929,512,956,COLOR_SEC
12:11:48.045,603,litter_colour,167,584,50,551,284,617,COLOR_SEC
12:11:48.180,604,litter_colour,491,942,471,929,512,956,COLOR_SEC
12:11:48.180,604,litter_colour,167,584,50,551,284,617,COLOR_SEC
12:11:48.290,605,litter_colour,491,942,471,929,512,956,COLOR_SEC
12:11:48.290,605,litter_colour,167,584,50,551,284,617,COLOR_SEC
12:11:48.395,606,litter_colour,491,942,471,929,512,956,COLOR_SEC
12:11:48.396,606,litter_colour,167,584,50,551,284,617,COLOR_SEC
12:11:48.502,607,litter_colour,491,942,471,929,512,956,COLOR_SEC
12:11:48.502,607,litter_colour,167,584,50,551,284,617,COLOR_SEC
12:11:48.608,608,litter_colour,491,942,471,929,512,956,COLOR_SEC
12:11:48.608,608,litter_colour,168,584,50,551,287,617,COLOR_SEC
12:11:48.727,609,litter_colour,491,942,471,929,512,956,COLOR_SEC
12:11:48.727,609,litter_colour,170,584,50,551,290,617,COLOR_SEC
12:11:48.856,610,litter_colour,491,942,471,929,512,956,COLOR_SEC
12:11:48.856,610,litter_colour,168,584,50,551,286,617,COLOR_SEC
12:11:48.963,611,litter_colour,491,942,470,929,512,956,COLOR_SEC
12:11:48.963,611,litter_colour,167,583,50,551,284,616,COLOR_SEC
12:11:49.067,612,litter_colour,491,942,471,929,512,956,COLOR_SEC
12:11:49.067,612,litter_colour,167,583,50,551,284,616,COLOR_SEC
12:11:49.175,613,litter_colour,491,942,471,929,512,956,COLOR_SEC
12:11:49.175,613,litter_colour,167,583,50,551,284,616,COLOR_SEC
12:11:49.279,614,litter_colour,491,942,471,929,512,956,COLOR_SEC
12:11:49.279,614,litter_colour,164,584,50,551,279,617,COLOR_SEC
12:11:49.331,615,litter_yolo,1338,626,1138,374,1539,879,YOLO
12:11:49.389,615,litter_colour,491,942,471,929,512,956,COLOR_SEC
12:11:49.389,615,litter_colour,169,583,50,551,289,616,COLOR_SEC
12:11:49.490,616,litter_colour,491,942,471,929,512,956,COLOR_SEC
12:11:49.490,616,litter_colour,161,583,50,551,272,616,COLOR_SEC
12:11:49.598,617,litter_colour,491,942,471,929,512,956,COLOR_SEC
12:11:49.598,617,litter_colour,168,584,50,551,287,617,COLOR_SEC
12:11:49.704,618,litter_colour,491,942,471,929,512,956,COLOR_SEC
12:11:49.704,618,litter_colour,167,583,50,551,284,616,COLOR_SEC
12:11:49.810,619,litter_colour,491,942,470,929,512,956,COLOR_SEC
12:11:49.810,619,litter_colour,162,583,50,551,274,616,COLOR_SEC
12:11:49.858,620,litter_yolo,1324,649,1122,390,1527,909,YOLO
12:11:49.916,620,litter_colour,491,943,470,929,512,957,COLOR_SEC
12:11:49.916,620,litter_colour,168,584,50,551,286,617,COLOR_SEC
12:11:49.961,621,litter_yolo,1322,626,1119,387,1526,866,YOLO
12:11:50.019,621,litter_colour,491,942,471,929,512,956,COLOR_SEC
12:11:50.019,621,litter_colour,171,584,50,551,292,617,COLOR_SEC
12:11:50.068,622,litter_yolo,1324,634,1122,390,1526,878,YOLO
12:11:50.127,622,litter_colour,491,942,471,929,512,956,COLOR_SEC
12:11:50.127,622,litter_colour,170,584,50,551,290,617,COLOR_SEC
12:11:50.173,623,litter_yolo,1325,659,1124,391,1527,928,YOLO
12:11:50.233,623,litter_colour,491,942,471,929,512,956,COLOR_SEC
12:11:50.233,623,litter_colour,168,583,50,551,286,616,COLOR_SEC
12:11:50.277,624,litter_yolo,1326,657,1125,393,1527,921,YOLO
12:11:50.337,624,litter_colour,491,942,471,929,512,956,COLOR_SEC
12:11:50.337,624,litter_colour,170,583,50,551,290,616,COLOR_SEC
12:11:50.384,625,litter_yolo,1325,663,1123,394,1528,932,YOLO
12:11:50.442,625,litter_colour,491,942,471,929,512,956,COLOR_SEC
12:11:50.442,625,litter_colour,168,584,50,551,287,617,COLOR_SEC
12:11:50.495,626,litter_yolo,1324,665,1121,393,1528,938,YOLO
12:11:50.552,626,litter_colour,491,942,471,929,512,956,COLOR_SEC
12:11:50.552,626,litter_colour,164,583,50,551,279,616,COLOR_SEC
12:11:50.602,627,litter_yolo,1325,669,1123,398,1528,940,YOLO
12:11:50.658,627,litter_colour,491,942,471,929,512,956,COLOR_SEC
12:11:50.658,627,litter_colour,171,584,50,551,292,617,COLOR_SEC
12:11:50.707,628,litter_yolo,1326,668,1124,396,1528,941,YOLO
12:11:50.763,628,litter_colour,491,942,470,929,512,956,COLOR_SEC
12:11:50.763,628,litter_colour,167,584,50,551,284,617,COLOR_SEC
12:11:50.813,629,litter_yolo,1325,669,1123,399,1528,940,YOLO
12:11:50.870,629,litter_colour,491,943,470,929,512,957,COLOR_SEC
12:11:50.870,629,litter_colour,170,584,50,551,291,617,COLOR_SEC
12:11:50.918,630,litter_yolo,1325,670,1123,399,1528,941,YOLO
12:11:50.976,630,litter_colour,491,943,470,929,512,957,COLOR_SEC
12:11:50.976,630,litter_colour,169,584,50,551,289,617,COLOR_SEC
12:11:51.025,631,litter_yolo,1325,670,1124,400,1527,940,YOLO
12:11:51.082,631,litter_colour,491,943,470,929,512,957,COLOR_SEC
12:11:51.082,631,litter_colour,167,584,50,551,284,617,COLOR_SEC
12:11:51.131,632,litter_yolo,1325,669,1123,401,1527,938,YOLO
12:11:51.190,632,litter_colour,491,942,470,929,512,956,COLOR_SEC
12:11:51.190,632,litter_colour,168,584,50,551,287,617,COLOR_SEC
12:11:51.238,633,litter_yolo,1323,669,1121,399,1526,940,YOLO
12:11:51.295,633,litter_colour,491,942,470,929,512,956,COLOR_SEC
12:11:51.296,633,litter_colour,167,583,50,551,284,616,COLOR_SEC
12:11:51.343,634,litter_yolo,1322,670,1119,403,1525,938,YOLO
12:11:51.401,634,litter_colour,491,943,470,929,512,957,COLOR_SEC
12:11:51.401,634,litter_colour,169,583,50,551,289,616,COLOR_SEC
12:11:51.450,635,litter_yolo,1319,667,1117,395,1521,939,YOLO
12:11:51.507,635,litter_colour,491,942,470,929,512,956,COLOR_SEC
12:11:51.507,635,litter_colour,170,584,50,551,291,617,COLOR_SEC
12:11:51.555,636,litter_yolo,1318,666,1116,394,1521,938,YOLO
12:11:51.612,636,litter_colour,491,942,471,929,512,956,COLOR_SEC
12:11:51.612,636,litter_colour,171,584,50,551,292,617,COLOR_SEC
12:11:51.661,637,litter_yolo,1320,669,1117,401,1524,938,YOLO
12:11:51.718,637,litter_colour,491,942,470,929,512,956,COLOR_SEC
12:11:51.718,637,litter_colour,170,584,50,551,290,617,COLOR_SEC
12:11:51.767,638,litter_yolo,1318,666,1116,395,1520,938,YOLO
12:11:51.823,638,litter_colour,491,942,471,929,512,956,COLOR_SEC
12:11:51.824,638,litter_colour,169,584,50,551,289,617,COLOR_SEC
12:11:51.874,639,litter_yolo,1318,667,1117,395,1520,939,YOLO
12:11:51.931,639,litter_colour,491,942,471,929,512,956,COLOR_SEC
12:11:51.931,639,litter_colour,170,584,50,551,291,617,COLOR_SEC
12:11:51.982,640,litter_yolo,1318,666,1116,395,1520,938,YOLO
12:11:52.039,640,litter_colour,491,942,471,929,512,956,COLOR_SEC
12:11:52.039,640,litter_colour,171,584,50,551,292,617,COLOR_SEC
12:11:52.087,641,litter_yolo,1318,666,1116,394,1520,939,YOLO
12:11:52.146,641,litter_colour,491,943,470,929,512,957,COLOR_SEC
12:11:52.146,641,litter_colour,171,584,50,551,292,617,COLOR_SEC
12:11:52.222,642,litter_yolo,1317,666,1115,394,1520,939,YOLO
12:11:52.281,642,litter_colour,491,942,471,929,512,956,COLOR_SEC
12:11:52.281,642,litter_colour,168,584,50,551,286,617,COLOR_SEC
12:11:52.331,643,litter_yolo,1319,670,1115,402,1523,939,YOLO
12:11:52.389,643,litter_colour,491,943,470,929,512,957,COLOR_SEC
12:11:52.389,643,litter_colour,169,584,50,551,288,617,COLOR_SEC
12:11:52.492,644,litter_colour,491,942,471,929,512,956,COLOR_SEC
12:11:52.492,644,litter_colour,170,584,50,551,291,617,COLOR_SEC
12:11:52.539,645,litter_yolo,1317,672,1112,405,1522,939,YOLO
12:11:52.597,645,litter_colour,491,942,470,929,512,956,COLOR_SEC
12:11:52.597,645,litter_colour,168,584,50,551,287,617,COLOR_SEC
12:11:52.708,646,litter_colour,491,943,470,929,512,957,COLOR_SEC
12:11:52.708,646,litter_colour,171,584,50,551,293,617,COLOR_SEC
12:11:52.813,647,litter_colour,491,943,470,929,512,957,COLOR_SEC
12:11:52.826,647,litter_colour,169,584,50,551,288,617,COLOR_SEC
12:11:52.960,648,litter_colour,491,943,470,929,512,957,COLOR_SEC
12:11:52.961,648,litter_colour,168,584,50,551,287,617,COLOR_SEC
12:11:53.096,649,litter_colour,491,943,470,929,512,957,COLOR_SEC
12:11:53.096,649,litter_colour,170,584,50,551,291,617,COLOR_SEC
12:11:53.148,650,litter_yolo,1315,668,1113,401,1517,936,YOLO
12:11:53.206,650,litter_colour,491,943,470,929,512,957,COLOR_SEC
12:11:53.206,650,litter_colour,174,584,50,551,299,617,COLOR_SEC
12:11:53.250,651,litter_yolo,1315,668,1113,400,1517,937,YOLO
12:11:53.307,651,litter_colour,491,943,470,929,512,957,COLOR_SEC
12:11:53.307,651,litter_colour,169,584,50,551,289,617,COLOR_SEC
12:11:53.356,652,litter_yolo,1316,668,1114,399,1518,937,YOLO
12:11:53.412,652,litter_colour,491,943,470,929,512,957,COLOR_SEC
12:11:53.412,652,litter_colour,169,584,50,551,288,617,COLOR_SEC
12:11:53.462,653,litter_yolo,1316,668,1114,400,1518,937,YOLO
12:11:53.519,653,litter_colour,491,942,470,929,512,956,COLOR_SEC
12:11:53.519,653,litter_colour,170,584,50,551,291,617,COLOR_SEC
12:11:53.570,654,litter_yolo,1316,667,1114,398,1518,937,YOLO
12:11:53.627,654,litter_colour,491,942,471,929,512,956,COLOR_SEC
12:11:53.627,654,litter_colour,171,584,50,551,292,617,COLOR_SEC
12:11:53.676,655,litter_yolo,1316,667,1114,398,1518,937,YOLO
12:11:53.733,655,litter_colour,491,943,470,929,512,957,COLOR_SEC
12:11:53.733,655,litter_colour,170,584,50,551,291,617,COLOR_SEC
12:11:53.783,656,litter_yolo,1316,668,1114,399,1518,937,YOLO
12:11:53.839,656,litter_colour,491,943,470,929,512,957,COLOR_SEC
12:11:53.839,656,litter_colour,173,584,50,551,296,617,COLOR_SEC
12:11:53.890,657,litter_yolo,1315,669,1113,401,1517,937,YOLO
12:11:53.946,657,litter_colour,491,942,470,929,512,956,COLOR_SEC
12:11:53.946,657,litter_colour,173,584,50,551,296,617,COLOR_SEC
12:11:53.996,658,litter_yolo,1314,668,1112,399,1516,937,YOLO
12:11:54.051,658,litter_colour,491,942,471,929,512,956,COLOR_SEC
12:11:54.051,658,litter_colour,174,584,50,551,298,617,COLOR_SEC
12:11:54.100,659,litter_yolo,1314,669,1111,400,1517,938,YOLO
12:11:54.156,659,litter_colour,491,942,470,929,512,956,COLOR_SEC
12:11:54.156,659,litter_colour,172,584,50,551,294,617,COLOR_SEC
12:11:54.207,660,litter_yolo,1313,669,1110,400,1516,938,YOLO
12:11:54.263,660,litter_colour,491,942,471,929,512,956,COLOR_SEC
12:11:54.263,660,litter_colour,173,584,50,551,297,617,COLOR_SEC
12:11:54.365,661,litter_colour,491,943,470,929,512,957,COLOR_SEC
12:11:54.365,661,litter_colour,174,584,50,551,298,617,COLOR_SEC
12:11:54.416,662,litter_yolo,1312,668,1109,400,1516,937,YOLO
12:11:54.473,662,litter_colour,491,943,470,929,512,957,COLOR_SEC
12:11:54.473,662,litter_colour,174,584,50,551,298,617,COLOR_SEC
12:11:54.520,663,litter_yolo,1313,670,1110,403,1516,937,YOLO
12:11:54.579,663,litter_colour,491,943,470,929,512,957,COLOR_SEC
12:11:54.579,663,litter_colour,173,584,50,551,297,617,COLOR_SEC
12:11:54.684,664,litter_colour,491,942,470,929,512,956,COLOR_SEC
12:11:54.684,664,litter_colour,177,584,50,551,304,617,COLOR_SEC
12:11:54.736,665,litter_yolo,1313,668,1110,401,1517,936,YOLO
12:11:54.791,665,litter_colour,491,943,470,929,512,957,COLOR_SEC
12:11:54.791,665,litter_colour,176,584,50,551,303,617,COLOR_SEC
12:11:54.843,666,litter_yolo,1313,670,1110,403,1517,937,YOLO
12:11:54.898,666,litter_colour,491,942,470,929,512,956,COLOR_SEC
12:11:54.898,666,litter_colour,171,583,50,551,293,616,COLOR_SEC
12:11:55.003,667,litter_colour,491,943,470,929,512,957,COLOR_SEC
12:11:55.003,667,litter_colour,174,584,50,551,299,617,COLOR_SEC
12:11:55.056,668,litter_yolo,1314,668,1111,400,1517,937,YOLO
12:11:55.111,668,litter_colour,491,943,470,929,512,957,COLOR_SEC
12:11:55.111,668,litter_colour,175,584,50,551,300,617,COLOR_SEC
12:11:55.160,669,litter_yolo,1314,669,1112,402,1517,937,YOLO
12:11:55.214,669,litter_colour,491,943,470,929,512,957,COLOR_SEC
12:11:55.214,669,litter_colour,175,584,50,551,300,617,COLOR_SEC
12:11:55.267,670,litter_yolo,1314,670,1111,404,1517,937,YOLO
12:11:55.322,670,litter_colour,491,943,470,929,512,957,COLOR_SEC
12:11:55.322,670,litter_colour,175,584,50,551,301,617,COLOR_SEC
12:11:55.373,671,litter_yolo,1313,670,1111,403,1516,937,YOLO
12:11:55.429,671,litter_colour,491,943,470,929,512,957,COLOR_SEC
12:11:55.429,671,litter_colour,177,584,50,551,305,617,COLOR_SEC
12:11:55.536,672,litter_colour,491,943,470,929,512,957,COLOR_SEC
12:11:55.536,672,litter_colour,175,584,50,551,300,617,COLOR_SEC
12:11:55.639,673,litter_colour,491,943,470,929,512,957,COLOR_SEC
12:11:55.639,673,litter_colour,177,584,50,551,304,617,COLOR_SEC
12:11:55.691,674,litter_yolo,1313,671,1110,405,1516,937,YOLO
12:11:55.746,674,litter_colour,491,943,470,929,512,957,COLOR_SEC
12:11:55.746,674,litter_colour,172,584,50,551,295,617,COLOR_SEC
12:11:55.797,675,litter_yolo,1314,671,1111,406,1517,936,YOLO
12:11:55.852,675,litter_colour,491,943,470,929,512,957,COLOR_SEC
12:11:55.852,675,litter_colour,170,584,50,551,290,617,COLOR_SEC
12:11:55.904,676,litter_yolo,1314,671,1112,406,1516,937,YOLO
12:11:55.958,676,litter_colour,491,943,470,929,512,957,COLOR_SEC
12:11:55.959,676,litter_colour,176,584,50,551,302,617,COLOR_SEC
12:11:56.009,677,litter_yolo,1313,671,1111,406,1516,937,YOLO
12:11:56.064,677,litter_colour,491,943,470,929,512,957,COLOR_SEC
12:11:56.064,677,litter_colour,171,584,50,551,292,617,COLOR_SEC
12:11:56.115,678,litter_yolo,1313,670,1111,404,1516,937,YOLO
12:11:56.169,678,litter_colour,491,943,470,929,512,957,COLOR_SEC
12:11:56.169,678,litter_colour,177,584,50,551,304,617,COLOR_SEC
12:11:56.221,679,litter_yolo,1313,671,1111,406,1516,937,YOLO
12:11:56.276,679,litter_colour,491,943,470,929,512,957,COLOR_SEC
12:11:56.276,679,litter_colour,171,584,50,551,292,617,COLOR_SEC
12:11:56.328,680,litter_yolo,1314,673,1111,410,1517,937,YOLO
12:11:56.382,680,litter_colour,491,943,470,929,512,957,COLOR_SEC
12:11:56.382,680,litter_colour,169,584,50,551,289,617,COLOR_SEC
12:11:56.432,681,litter_yolo,1313,672,1111,406,1516,938,YOLO
12:11:56.490,681,litter_colour,491,943,470,929,512,957,COLOR_SEC
12:11:56.491,681,litter_colour,177,584,50,551,304,617,COLOR_SEC
12:11:56.536,682,litter_yolo,1313,673,1110,408,1517,938,YOLO
12:11:56.594,682,litter_colour,491,943,470,929,512,957,COLOR_SEC
12:11:56.594,682,litter_colour,171,584,50,551,293,617,COLOR_SEC
12:11:56.640,683,litter_yolo,1314,674,1111,411,1518,938,YOLO
12:11:56.696,683,litter_colour,491,943,470,929,512,957,COLOR_SEC
12:11:56.696,683,litter_colour,171,584,50,551,293,617,COLOR_SEC
12:11:56.751,684,litter_yolo,1315,674,1111,412,1519,937,YOLO
12:11:56.806,684,litter_colour,491,943,470,929,512,957,COLOR_SEC
12:11:56.806,684,litter_colour,167,584,50,551,285,617,COLOR_SEC
12:11:56.857,685,litter_yolo,1315,673,1112,409,1519,937,YOLO
12:11:56.910,685,litter_colour,491,943,470,929,512,957,COLOR_SEC
12:11:56.911,685,litter_colour,176,584,50,551,302,617,COLOR_SEC
12:11:56.964,686,litter_yolo,1314,673,1111,408,1518,938,YOLO
12:11:57.018,686,litter_colour,491,943,470,929,512,957,COLOR_SEC
12:11:57.018,686,litter_colour,173,584,50,551,297,617,COLOR_SEC
12:11:57.122,687,litter_colour,491,943,470,929,512,957,COLOR_SEC
12:11:57.122,687,litter_colour,173,584,50,551,297,617,COLOR_SEC
12:11:57.175,688,litter_yolo,1315,673,1111,410,1519,936,YOLO
12:11:57.229,688,litter_colour,491,943,470,929,512,957,COLOR_SEC
12:11:57.229,688,litter_colour,173,584,50,551,297,617,COLOR_SEC
12:11:57.281,689,litter_yolo,1315,672,1111,408,1519,937,YOLO
12:11:57.335,689,litter_colour,491,943,470,929,512,957,COLOR_SEC
12:11:57.335,689,litter_colour,175,584,50,551,300,617,COLOR_SEC
12:11:57.388,690,litter_yolo,1315,673,1112,409,1518,938,YOLO
12:11:57.442,690,litter_colour,491,942,470,929,512,956,COLOR_SEC
12:11:57.442,690,litter_colour,170,584,50,551,290,617,COLOR_SEC
12:11:57.493,691,litter_yolo,1314,673,1111,410,1517,936,YOLO
12:11:57.546,691,litter_colour,491,943,470,929,512,957,COLOR_SEC
12:11:57.546,691,litter_colour,171,584,50,551,292,617,COLOR_SEC
12:11:57.600,692,litter_yolo,1313,673,1110,409,1516,937,YOLO
12:11:57.655,692,litter_colour,491,943,470,929,512,957,COLOR_SEC
12:11:57.655,692,litter_colour,174,584,50,551,299,617,COLOR_SEC
12:11:57.705,693,litter_yolo,1313,672,1110,408,1516,937,YOLO
12:11:57.760,693,litter_colour,491,942,470,929,512,956,COLOR_SEC
12:11:57.760,693,litter_colour,172,584,50,551,295,617,COLOR_SEC
12:11:57.813,694,litter_yolo,1313,674,1110,410,1516,938,YOLO
12:11:57.866,694,litter_colour,491,943,470,929,512,957,COLOR_SEC
12:11:57.867,694,litter_colour,171,584,50,551,292,617,COLOR_SEC
12:11:57.912,695,litter_yolo,1313,673,1110,408,1517,938,YOLO
12:11:57.966,695,litter_colour,491,942,470,929,512,956,COLOR_SEC
12:11:57.966,695,litter_colour,176,584,50,551,302,617,COLOR_SEC
12:11:58.024,696,litter_yolo,1313,673,1110,409,1517,938,YOLO
12:11:58.078,696,litter_colour,491,943,470,929,512,957,COLOR_SEC
12:11:58.078,696,litter_colour,174,584,50,551,299,617,COLOR_SEC
12:11:58.130,697,litter_yolo,1314,673,1110,408,1518,938,YOLO
12:11:58.185,697,litter_colour,491,943,470,929,512,957,COLOR_SEC
12:11:58.185,697,litter_colour,175,584,50,551,301,617,COLOR_SEC
12:11:58.237,698,litter_yolo,1314,673,1111,408,1517,938,YOLO
12:11:58.290,698,litter_colour,491,943,470,929,512,957,COLOR_SEC
12:11:58.291,698,litter_colour,172,584,50,551,294,617,COLOR_SEC
12:11:58.341,699,litter_yolo,1313,673,1110,408,1516,938,YOLO
12:11:58.395,699,litter_colour,491,943,470,929,512,957,COLOR_SEC
12:11:58.395,699,litter_colour,175,584,50,551,300,617,COLOR_SEC
12:11:58.444,700,litter_yolo,1313,671,1110,404,1516,938,YOLO
12:11:58.500,700,litter_colour,491,943,470,929,512,957,COLOR_SEC
12:11:58.500,700,litter_colour,172,584,50,551,294,617,COLOR_SEC
12:11:58.549,701,litter_yolo,1313,672,1110,407,1517,938,YOLO
12:11:58.604,701,litter_colour,491,943,470,929,512,957,COLOR_SEC
12:11:58.605,701,litter_colour,175,584,50,551,301,617,COLOR_SEC
12:11:58.661,702,litter_yolo,1313,672,1109,407,1517,938,YOLO
12:11:58.716,702,litter_colour,491,942,470,929,512,956,COLOR_SEC
12:11:58.716,702,litter_colour,174,584,50,551,298,617,COLOR_SEC
12:11:58.761,703,litter_yolo,1313,673,1109,409,1517,938,YOLO
12:11:58.816,703,litter_colour,491,943,470,929,512,957,COLOR_SEC
12:11:58.816,703,litter_colour,172,584,50,551,295,617,COLOR_SEC
12:11:58.872,704,litter_yolo,1313,673,1110,409,1517,938,YOLO
12:11:58.926,704,litter_colour,491,942,470,929,512,956,COLOR_SEC
12:11:58.926,704,litter_colour,172,584,50,551,294,617,COLOR_SEC
12:11:58.978,705,litter_yolo,1313,673,1110,409,1517,938,YOLO
12:11:59.031,705,litter_colour,491,943,470,929,512,957,COLOR_SEC
12:11:59.031,705,litter_colour,177,584,50,551,304,617,COLOR_SEC
12:11:59.086,706,litter_yolo,1313,673,1109,409,1517,938,YOLO
12:11:59.140,706,litter_colour,491,943,470,929,512,957,COLOR_SEC
12:11:59.140,706,litter_colour,176,584,50,551,302,617,COLOR_SEC
12:11:59.190,707,litter_yolo,1312,672,1109,409,1516,936,YOLO
12:11:59.244,707,litter_colour,491,943,470,929,512,957,COLOR_SEC
12:11:59.244,707,litter_colour,171,584,50,551,293,617,COLOR_SEC
12:11:59.350,708,litter_colour,491,943,470,929,512,957,COLOR_SEC
12:11:59.350,708,litter_colour,172,584,50,551,294,617,COLOR_SEC
12:11:59.451,709,litter_colour,491,943,470,929,512,957,COLOR_SEC
12:11:59.451,709,litter_colour,173,584,50,551,297,617,COLOR_SEC
12:11:59.563,710,litter_colour,491,942,471,929,512,956,COLOR_SEC
12:11:59.563,710,litter_colour,173,584,50,551,297,617,COLOR_SEC
12:11:59.668,711,litter_colour,491,942,470,929,512,956,COLOR_SEC
12:11:59.668,711,litter_colour,174,584,50,551,299,617,COLOR_SEC
12:11:59.722,712,litter_yolo,1314,671,1111,405,1518,937,YOLO
12:11:59.776,712,litter_colour,491,943,470,929,512,957,COLOR_SEC
12:11:59.776,712,litter_colour,174,584,50,551,298,617,COLOR_SEC
12:11:59.827,713,litter_yolo,1314,672,1111,407,1517,937,YOLO
12:11:59.880,713,litter_colour,491,943,470,929,512,957,COLOR_SEC
12:11:59.881,713,litter_colour,170,584,50,551,291,617,COLOR_SEC
12:11:59.933,714,litter_yolo,1314,671,1111,405,1517,937,YOLO
12:11:59.987,714,litter_colour,491,943,470,929,512,957,COLOR_SEC
12:11:59.987,714,litter_colour,175,584,50,551,300,617,COLOR_SEC
12:12:00.041,715,litter_yolo,1313,673,1110,408,1517,938,YOLO
12:12:00.097,715,litter_colour,491,943,470,929,512,957,COLOR_SEC
12:12:00.097,715,litter_colour,172,584,50,551,295,617,COLOR_SEC
12:12:00.145,716,litter_yolo,1312,673,1109,408,1516,938,YOLO
12:12:00.199,716,litter_colour,491,943,470,929,512,957,COLOR_SEC
12:12:00.199,716,litter_colour,172,584,50,551,294,617,COLOR_SEC
12:12:00.303,717,litter_colour,491,943,470,929,512,957,COLOR_SEC
12:12:00.303,717,litter_colour,174,584,50,551,299,617,COLOR_SEC
12:12:00.357,718,litter_yolo,1313,674,1109,410,1517,939,YOLO
12:12:00.410,718,litter_colour,491,943,470,929,512,957,COLOR_SEC
12:12:00.410,718,litter_colour,172,584,50,551,294,617,COLOR_SEC
12:12:00.519,719,litter_colour,491,943,470,929,512,957,COLOR_SEC
12:12:00.519,719,litter_colour,170,584,50,551,291,617,COLOR_SEC
12:12:00.565,720,litter_yolo,1312,675,1109,411,1516,939,YOLO
12:12:00.621,720,litter_colour,491,943,470,929,512,957,COLOR_SEC
12:12:00.621,720,litter_colour,175,584,50,551,300,617,COLOR_SEC
12:12:00.723,721,litter_colour,491,943,470,929,512,957,COLOR_SEC
12:12:00.723,721,litter_colour,177,584,50,551,304,617,COLOR_SEC
12:12:00.833,722,litter_colour,491,943,470,929,512,957,COLOR_SEC
12:12:00.833,722,litter_colour,170,584,50,551,291,617,COLOR_SEC
12:12:00.881,723,litter_yolo,1315,672,1112,406,1518,939,YOLO
12:12:00.935,723,litter_colour,491,943,470,929,512,957,COLOR_SEC
12:12:00.935,723,litter_colour,177,584,50,551,304,617,COLOR_SEC
12:12:01.049,724,litter_colour,491,943,470,929,512,957,COLOR_SEC
12:12:01.049,724,litter_colour,176,584,50,551,302,617,COLOR_SEC
12:12:01.152,725,litter_colour,491,943,470,929,512,957,COLOR_SEC
12:12:01.152,725,litter_colour,175,584,50,551,300,617,COLOR_SEC
12:12:01.258,726,litter_colour,491,943,470,929,512,957,COLOR_SEC
12:12:01.258,726,litter_colour,171,584,50,551,292,617,COLOR_SEC
12:12:01.363,727,litter_colour,491,943,470,929,512,957,COLOR_SEC
12:12:01.363,727,litter_colour,173,584,50,551,296,617,COLOR_SEC
12:12:01.471,728,litter_colour,491,943,470,929,512,957,COLOR_SEC
12:12:01.471,728,litter_colour,175,584,50,551,301,617,COLOR_SEC
12:12:01.522,729,litter_yolo,1331,665,1131,402,1531,928,YOLO
12:12:01.576,729,litter_colour,491,943,470,929,512,957,COLOR_SEC
12:12:01.576,729,litter_colour,176,584,50,551,302,617,COLOR_SEC
12:12:01.684,730,litter_colour,491,943,470,929,512,957,COLOR_SEC
12:12:01.684,730,litter_colour,170,584,50,551,291,617,COLOR_SEC
12:12:01.789,731,litter_colour,491,943,470,929,512,957,COLOR_SEC
12:12:01.789,731,litter_colour,174,584,50,551,299,617,COLOR_SEC
12:12:01.891,732,litter_colour,491,943,470,929,512,957,COLOR_SEC
12:12:01.891,732,litter_colour,175,584,50,551,300,617,COLOR_SEC
12:12:02.001,733,litter_colour,491,943,470,929,512,957,COLOR_SEC
12:12:02.001,733,litter_colour,175,584,50,551,300,617,COLOR_SEC
12:12:02.109,734,litter_colour,491,943,470,929,512,957,COLOR_SEC
12:12:02.109,734,litter_colour,175,584,50,551,300,617,COLOR_SEC
12:12:02.213,735,litter_colour,491,942,470,929,512,956,COLOR_SEC
12:12:02.213,735,litter_colour,170,584,50,551,290,617,COLOR_SEC
12:12:02.320,736,litter_colour,491,942,470,929,512,956,COLOR_SEC
12:12:02.320,736,litter_colour,175,584,50,551,300,617,COLOR_SEC
12:12:02.428,737,litter_colour,491,942,470,929,512,956,COLOR_SEC
12:12:02.428,737,litter_colour,169,584,50,551,289,617,COLOR_SEC
12:12:02.531,738,litter_colour,491,942,470,929,512,956,COLOR_SEC
12:12:02.531,738,litter_colour,170,583,50,551,290,616,COLOR_SEC
12:12:02.634,739,litter_colour,491,942,470,929,512,956,COLOR_SEC
12:12:02.634,739,litter_colour,169,584,50,551,288,617,COLOR_SEC
12:12:02.745,740,litter_colour,491,942,471,929,512,956,COLOR_SEC
12:12:02.745,740,litter_colour,173,583,50,551,296,616,COLOR_SEC
12:12:02.851,741,litter_colour,491,942,471,929,512,956,COLOR_SEC
12:12:02.851,741,litter_colour,167,584,50,551,285,617,COLOR_SEC
12:12:02.957,742,litter_colour,491,943,470,929,512,957,COLOR_SEC
12:12:02.957,742,litter_colour,170,584,50,551,291,617,COLOR_SEC
12:12:03.058,743,litter_colour,491,943,470,929,512,957,COLOR_SEC
12:12:03.058,743,litter_colour,169,584,50,551,289,617,COLOR_SEC
12:12:03.164,744,litter_colour,491,942,471,929,512,956,COLOR_SEC
12:12:03.164,744,litter_colour,169,583,50,551,288,616,COLOR_SEC
12:12:03.275,745,litter_colour,491,942,471,929,512,956,COLOR_SEC
12:12:03.275,745,litter_colour,167,584,50,551,285,617,COLOR_SEC
12:12:03.382,746,litter_colour,491,942,470,929,512,956,COLOR_SEC
12:12:03.382,746,litter_colour,167,584,50,551,284,617,COLOR_SEC
12:12:03.486,747,litter_colour,491,942,470,929,512,956,COLOR_SEC
12:12:03.486,747,litter_colour,167,583,50,551,285,616,COLOR_SEC
12:12:03.596,748,litter_colour,491,942,471,929,512,956,COLOR_SEC
12:12:03.596,748,litter_colour,171,584,50,551,292,617,COLOR_SEC
12:12:03.695,749,litter_colour,491,942,471,929,512,956,COLOR_SEC
12:12:03.695,749,litter_colour,170,584,50,551,291,617,COLOR_SEC
12:12:03.806,750,litter_colour,491,942,470,929,512,956,COLOR_SEC
12:12:03.806,750,litter_colour,171,584,50,551,292,617,COLOR_SEC
12:12:03.911,751,litter_colour,491,942,470,929,512,956,COLOR_SEC
12:12:03.911,751,litter_colour,168,584,50,551,286,617,COLOR_SEC
12:12:04.018,752,litter_colour,491,942,471,929,512,956,COLOR_SEC
12:12:04.018,752,litter_colour,168,584,50,551,287,617,COLOR_SEC
12:12:04.122,753,litter_colour,491,942,471,929,512,956,COLOR_SEC
12:12:04.122,753,litter_colour,163,584,50,551,277,617,COLOR_SEC
12:12:04.231,754,litter_colour,491,942,471,929,512,956,COLOR_SEC
12:12:04.231,754,litter_colour,168,584,50,551,287,617,COLOR_SEC
12:12:04.334,755,litter_colour,491,942,471,929,512,956,COLOR_SEC
12:12:04.334,755,litter_colour,167,584,50,551,285,617,COLOR_SEC
12:12:04.436,756,litter_colour,491,942,471,929,512,956,COLOR_SEC
12:12:04.436,756,litter_colour,167,583,50,551,284,616,COLOR_SEC
12:12:04.547,757,litter_colour,491,942,470,929,512,956,COLOR_SEC
12:12:04.547,757,litter_colour,169,584,50,551,288,617,COLOR_SEC
12:12:04.652,758,litter_colour,491,942,470,929,512,956,COLOR_SEC
12:12:04.652,758,litter_colour,169,584,50,551,288,617,COLOR_SEC
12:12:04.755,759,litter_colour,491,942,470,929,512,956,COLOR_SEC
12:12:04.755,759,litter_colour,167,584,50,551,285,617,COLOR_SEC
12:12:04.865,760,litter_colour,491,942,470,929,512,956,COLOR_SEC
12:12:04.865,760,litter_colour,168,584,50,551,286,617,COLOR_SEC
12:12:04.970,761,litter_colour,491,942,470,929,512,956,COLOR_SEC
12:12:04.970,761,litter_colour,168,584,50,551,287,617,COLOR_SEC
12:12:05.078,762,litter_colour,491,942,470,929,512,956,COLOR_SEC
12:12:05.078,762,litter_colour,168,584,50,551,286,617,COLOR_SEC
12:12:05.178,763,litter_colour,491,942,470,929,512,956,COLOR_SEC
12:12:05.178,763,litter_colour,168,584,50,551,287,617,COLOR_SEC
12:12:05.289,764,litter_colour,491,942,471,929,512,956,COLOR_SEC
12:12:05.289,764,litter_colour,169,584,50,551,289,617,COLOR_SEC
12:12:05.396,765,litter_colour,491,942,470,929,512,956,COLOR_SEC
12:12:05.396,765,litter_colour,167,584,50,551,285,617,COLOR_SEC
12:12:05.502,766,litter_colour,491,942,470,929,512,956,COLOR_SEC
12:12:05.502,766,litter_colour,168,584,50,551,287,617,COLOR_SEC
12:12:05.608,767,litter_colour,491,943,470,929,512,957,COLOR_SEC
12:12:05.608,767,litter_colour,168,584,50,551,287,617,COLOR_SEC
12:12:05.713,768,litter_colour,491,942,470,929,512,956,COLOR_SEC
12:12:05.713,768,litter_colour,167,583,50,551,284,616,COLOR_SEC
12:12:05.814,769,litter_colour,491,942,470,929,512,956,COLOR_SEC
12:12:05.814,769,litter_colour,169,584,50,551,288,617,COLOR_SEC
12:12:05.925,770,litter_colour,491,942,471,929,512,956,COLOR_SEC
12:12:05.925,770,litter_colour,170,583,50,551,291,616,COLOR_SEC
12:12:06.032,771,litter_colour,491,942,470,929,512,956,COLOR_SEC
12:12:06.032,771,litter_colour,170,583,50,551,290,616,COLOR_SEC
12:12:06.137,772,litter_colour,491,942,471,929,512,956,COLOR_SEC
12:12:06.137,772,litter_colour,169,584,50,551,289,617,COLOR_SEC
12:12:06.242,773,litter_colour,491,942,471,929,512,956,COLOR_SEC
12:12:06.242,773,litter_colour,166,584,50,551,283,617,COLOR_SEC
12:12:06.349,774,litter_colour,491,942,471,929,512,956,COLOR_SEC
12:12:06.349,774,litter_colour,169,584,50,551,289,617,COLOR_SEC
12:12:06.454,775,litter_colour,491,942,471,929,512,956,COLOR_SEC
12:12:06.454,775,litter_colour,170,584,50,551,291,617,COLOR_SEC
12:12:06.561,776,litter_colour,491,942,471,929,512,956,COLOR_SEC
12:12:06.561,776,litter_colour,170,584,50,551,290,617,COLOR_SEC
12:12:06.670,777,litter_colour,491,942,470,929,512,956,COLOR_SEC
12:12:06.670,777,litter_colour,166,584,50,551,283,617,COLOR_SEC
12:12:06.771,778,litter_colour,491,942,471,929,512,956,COLOR_SEC
12:12:06.771,778,litter_colour,167,584,50,551,284,617,COLOR_SEC
12:12:06.875,779,litter_colour,491,942,471,929,512,956,COLOR_SEC
12:12:06.875,779,litter_colour,167,584,50,551,284,617,COLOR_SEC
12:12:06.985,780,litter_colour,491,942,471,929,512,956,COLOR_SEC
12:12:06.985,780,litter_colour,169,584,50,551,289,617,COLOR_SEC
12:12:07.032,781,litter_yolo,1328,660,1128,391,1528,930,YOLO
12:12:07.086,781,litter_colour,491,942,470,929,512,956,COLOR_SEC
12:12:07.086,781,litter_colour,166,584,50,551,282,617,COLOR_SEC
12:12:07.152,782,litter_yolo,1326,667,1124,399,1528,936,YOLO
12:12:07.209,782,litter_colour,491,942,471,929,512,956,COLOR_SEC
12:12:07.209,782,litter_colour,168,584,50,551,286,617,COLOR_SEC
12:12:07.278,783,litter_yolo,1322,662,1115,397,1529,927,YOLO
12:12:07.333,783,litter_colour,491,942,471,929,512,956,COLOR_SEC
12:12:07.333,783,litter_colour,166,584,50,551,283,617,COLOR_SEC
12:12:07.443,784,litter_colour,491,942,471,929,512,956,COLOR_SEC
12:12:07.443,784,litter_colour,166,584,50,551,283,617,COLOR_SEC
12:12:07.550,785,litter_colour,491,942,470,929,512,956,COLOR_SEC
12:12:07.550,785,litter_colour,170,584,50,551,290,617,COLOR_SEC
12:12:07.603,786,litter_yolo,1311,663,1110,394,1513,933,YOLO
12:12:07.656,786,litter_colour,491,942,471,929,512,956,COLOR_SEC
12:12:07.656,786,litter_colour,170,584,50,551,291,617,COLOR_SEC
12:12:07.760,787,litter_colour,491,942,470,929,512,956,COLOR_SEC
12:12:07.760,787,litter_colour,168,584,50,551,286,617,COLOR_SEC
12:12:07.815,788,litter_yolo,1315,660,1112,396,1519,925,YOLO
12:12:07.868,788,litter_colour,491,942,470,929,512,956,COLOR_SEC
12:12:07.868,788,litter_colour,170,584,50,551,291,617,COLOR_SEC
12:12:07.974,789,litter_colour,491,942,470,929,512,956,COLOR_SEC
12:12:07.974,789,litter_colour,167,584,50,551,284,617,COLOR_SEC
12:12:08.026,790,litter_yolo,1316,663,1113,398,1520,928,YOLO
12:12:08.079,790,litter_colour,491,942,471,929,512,956,COLOR_SEC
12:12:08.079,790,litter_colour,171,584,50,551,292,617,COLOR_SEC
12:12:08.127,791,litter_yolo,1317,662,1113,397,1521,927,YOLO
12:12:08.180,791,litter_colour,491,942,471,929,512,956,COLOR_SEC
12:12:08.180,791,litter_colour,167,584,50,551,285,617,COLOR_SEC
12:12:08.291,792,litter_colour,491,942,470,929,512,956,COLOR_SEC
12:12:08.291,792,litter_colour,167,584,50,551,285,617,COLOR_SEC
12:12:08.345,793,litter_yolo,1314,664,1114,395,1514,933,YOLO
12:12:08.398,793,litter_colour,491,942,471,929,512,956,COLOR_SEC
12:12:08.398,793,litter_colour,167,584,50,551,285,617,COLOR_SEC
12:12:08.451,794,litter_yolo,1314,664,1111,402,1517,926,YOLO
12:12:08.504,794,litter_colour,491,942,470,929,512,956,COLOR_SEC
12:12:08.504,794,litter_colour,167,584,50,551,284,617,COLOR_SEC
12:12:08.556,795,litter_yolo,1315,664,1113,401,1518,928,YOLO
12:12:08.610,795,litter_colour,491,943,470,929,512,957,COLOR_SEC
12:12:08.610,795,litter_colour,171,584,50,551,292,617,COLOR_SEC
12:12:08.662,796,litter_yolo,1316,664,1114,400,1519,928,YOLO
12:12:08.715,796,litter_colour,491,942,471,929,512,956,COLOR_SEC
12:12:08.715,796,litter_colour,169,584,50,551,289,617,COLOR_SEC
12:12:08.765,797,litter_yolo,1318,661,1116,396,1520,926,YOLO
12:12:08.822,797,litter_colour,491,942,470,929,512,956,COLOR_SEC
12:12:08.822,797,litter_colour,174,584,50,551,298,617,COLOR_SEC
12:12:08.925,798,litter_colour,491,942,470,929,512,956,COLOR_SEC
12:12:08.925,798,litter_colour,171,584,50,551,292,617,COLOR_SEC
12:12:09.035,799,litter_colour,491,942,470,929,512,956,COLOR_SEC
12:12:09.035,799,litter_colour,170,584,50,551,291,617,COLOR_SEC
12:12:09.143,800,litter_colour,491,942,470,929,512,956,COLOR_SEC
12:12:09.143,800,litter_colour,171,584,50,551,292,617,COLOR_SEC
12:12:09.246,801,litter_colour,491,942,471,929,512,956,COLOR_SEC
12:12:09.247,801,litter_colour,167,584,50,551,284,617,COLOR_SEC
12:12:09.349,802,litter_colour,491,942,470,929,512,956,COLOR_SEC
12:12:09.350,802,litter_colour,170,584,50,551,291,617,COLOR_SEC
12:12:09.455,803,litter_colour,491,942,470,929,512,956,COLOR_SEC
12:12:09.455,803,litter_colour,172,584,50,551,294,617,COLOR_SEC
12:12:09.560,804,litter_colour,491,942,470,929,512,956,COLOR_SEC
12:12:09.560,804,litter_colour,169,584,50,551,288,617,COLOR_SEC
12:12:09.671,805,litter_colour,491,942,470,929,512,956,COLOR_SEC
12:12:09.672,805,litter_colour,171,584,50,551,292,617,COLOR_SEC
12:12:09.777,806,litter_colour,491,942,471,929,512,956,COLOR_SEC
12:12:09.777,806,litter_colour,171,584,50,551,292,617,COLOR_SEC
12:12:09.831,807,litter_yolo,1333,597,1137,377,1530,818,YOLO
12:12:09.886,807,litter_colour,491,942,470,929,512,956,COLOR_SEC
12:12:09.886,807,litter_colour,172,584,50,551,294,617,COLOR_SEC
12:12:09.993,808,litter_colour,491,942,470,929,512,956,COLOR_SEC
12:12:09.993,808,litter_colour,176,584,50,551,302,617,COLOR_SEC
12:12:10.098,809,litter_colour,491,942,471,929,512,956,COLOR_SEC
12:12:10.098,809,litter_colour,169,584,50,551,288,617,COLOR_SEC
12:12:10.197,810,litter_colour,491,942,470,929,512,956,COLOR_SEC
12:12:10.197,810,litter_colour,168,584,50,551,287,617,COLOR_SEC
12:12:10.308,811,litter_colour,491,942,470,929,512,956,COLOR_SEC
12:12:10.308,811,litter_colour,169,584,50,551,288,617,COLOR_SEC
12:12:10.408,812,litter_colour,491,942,471,929,512,956,COLOR_SEC
12:12:10.408,812,litter_colour,164,584,50,551,279,617,COLOR_SEC
12:12:10.520,813,litter_colour,491,942,470,929,512,956,COLOR_SEC
12:12:10.520,813,litter_colour,170,584,50,551,290,617,COLOR_SEC
12:12:10.627,814,litter_colour,491,943,470,929,512,957,COLOR_SEC
12:12:10.627,814,litter_colour,167,584,50,551,285,617,COLOR_SEC
12:12:10.727,815,litter_colour,491,942,470,929,512,956,COLOR_SEC
12:12:10.727,815,litter_colour,167,584,50,551,284,617,COLOR_SEC
12:12:10.835,816,litter_colour,491,942,471,929,512,956,COLOR_SEC
12:12:10.835,816,litter_colour,169,584,50,551,289,617,COLOR_SEC
12:12:10.942,817,litter_colour,491,942,470,929,512,956,COLOR_SEC
12:12:10.942,817,litter_colour,171,584,50,551,293,617,COLOR_SEC
12:12:11.051,818,litter_colour,491,942,471,929,512,956,COLOR_SEC
12:12:11.052,818,litter_colour,167,584,50,551,284,617,COLOR_SEC
12:12:11.156,819,litter_colour,491,942,470,929,512,956,COLOR_SEC
12:12:11.156,819,litter_colour,165,584,50,551,281,617,COLOR_SEC
12:12:11.258,820,litter_colour,491,942,471,929,512,956,COLOR_SEC
12:12:11.258,820,litter_colour,169,584,50,551,288,617,COLOR_SEC
12:12:11.363,821,litter_colour,491,942,470,929,512,956,COLOR_SEC
12:12:11.363,821,litter_colour,164,583,50,551,279,616,COLOR_SEC
12:12:11.475,822,litter_colour,491,942,471,929,512,956,COLOR_SEC
12:12:11.475,822,litter_colour,165,583,50,551,280,616,COLOR_SEC
12:12:11.576,823,litter_colour,491,942,471,929,512,956,COLOR_SEC
12:12:11.576,823,litter_colour,167,584,50,551,285,617,COLOR_SEC
12:12:11.686,824,litter_colour,491,942,471,929,512,956,COLOR_SEC
12:12:11.686,824,litter_colour,168,584,50,551,286,617,COLOR_SEC
12:12:11.793,825,litter_colour,491,942,470,929,512,956,COLOR_SEC
12:12:11.793,825,litter_colour,162,583,50,551,275,616,COLOR_SEC
12:12:11.900,826,litter_colour,491,942,471,929,512,956,COLOR_SEC
12:12:11.900,826,litter_colour,167,584,50,551,284,617,COLOR_SEC
12:12:12.000,827,litter_colour,491,942,471,929,512,956,COLOR_SEC
12:12:12.000,827,litter_colour,169,584,50,551,288,617,COLOR_SEC
12:12:12.110,828,litter_colour,491,942,471,929,512,956,COLOR_SEC
12:12:12.110,828,litter_colour,165,584,50,551,281,617,COLOR_SEC
12:12:12.212,829,litter_colour,491,942,471,929,512,956,COLOR_SEC
12:12:12.212,829,litter_colour,169,583,50,551,288,616,COLOR_SEC
12:12:12.323,830,litter_colour,491,942,471,929,512,956,COLOR_SEC
12:12:12.323,830,litter_colour,169,584,50,551,288,617,COLOR_SEC
12:12:12.428,831,litter_colour,491,942,471,929,512,956,COLOR_SEC
12:12:12.428,831,litter_colour,166,584,50,551,282,617,COLOR_SEC
12:12:12.534,832,litter_colour,491,942,471,929,512,956,COLOR_SEC
12:12:12.534,832,litter_colour,163,583,50,551,276,616,COLOR_SEC
12:12:12.642,833,litter_colour,491,942,471,929,512,956,COLOR_SEC
12:12:12.642,833,litter_colour,162,583,50,551,275,616,COLOR_SEC
12:12:12.743,834,litter_colour,491,942,471,929,512,956,COLOR_SEC
12:12:12.744,834,litter_colour,165,583,50,551,280,616,COLOR_SEC
12:12:12.855,835,litter_colour,491,942,471,929,512,956,COLOR_SEC
12:12:12.855,835,litter_colour,163,583,50,551,276,616,COLOR_SEC
12:12:12.957,836,litter_colour,491,942,471,929,512,956,COLOR_SEC
12:12:12.957,836,litter_colour,166,583,50,551,283,616,COLOR_SEC
12:12:13.077,837,litter_colour,491,942,471,929,512,956,COLOR_SEC
12:12:13.077,837,litter_colour,167,584,50,551,285,617,COLOR_SEC
12:12:13.203,838,litter_colour,491,942,471,929,512,956,COLOR_SEC
12:12:13.203,838,litter_colour,166,584,50,551,283,617,COLOR_SEC
12:12:13.314,839,litter_colour,491,942,471,929,512,956,COLOR_SEC
12:12:13.314,839,litter_colour,168,583,50,551,286,616,COLOR_SEC
12:12:13.419,840,litter_colour,491,942,471,929,512,956,COLOR_SEC
12:12:13.419,840,litter_colour,164,584,50,551,279,617,COLOR_SEC
12:12:13.521,841,litter_colour,491,942,471,929,512,956,COLOR_SEC
12:12:13.521,841,litter_colour,167,584,50,551,284,617,COLOR_SEC
12:12:13.631,842,litter_colour,491,942,471,929,512,956,COLOR_SEC
12:12:13.631,842,litter_colour,164,584,50,551,278,617,COLOR_SEC
12:12:13.733,843,litter_colour,491,942,471,929,512,956,COLOR_SEC
12:12:13.733,843,litter_colour,165,584,50,551,280,617,COLOR_SEC
12:12:13.843,844,litter_colour,491,942,471,929,512,956,COLOR_SEC
12:12:13.843,844,litter_colour,164,584,50,551,279,617,COLOR_SEC
12:12:13.950,845,litter_colour,491,942,471,929,512,956,COLOR_SEC
12:12:13.950,845,litter_colour,167,584,50,551,285,617,COLOR_SEC
12:12:14.001,846,litter_yolo,1333,617,1136,392,1530,842,YOLO
12:12:14.054,846,litter_colour,491,942,471,929,512,956,COLOR_SEC
12:12:14.054,846,litter_colour,167,584,50,551,285,617,COLOR_SEC
12:12:14.107,847,litter_yolo,1329,613,1129,390,1530,837,YOLO
12:12:14.161,847,litter_colour,491,942,471,929,512,956,COLOR_SEC
12:12:14.161,847,litter_colour,167,584,50,551,284,617,COLOR_SEC
12:12:14.207,848,litter_yolo,1322,622,1119,391,1525,853,YOLO
12:12:14.260,848,litter_colour,491,942,471,929,512,956,COLOR_SEC
12:12:14.260,848,litter_colour,172,584,50,551,294,617,COLOR_SEC
12:12:14.373,849,litter_colour,491,942,471,929,512,956,COLOR_SEC
12:12:14.373,849,litter_colour,164,584,50,551,279,617,COLOR_SEC
12:12:14.473,850,litter_colour,491,942,471,929,512,956,COLOR_SEC
12:12:14.473,850,litter_colour,164,584,50,551,278,617,COLOR_SEC
12:12:14.580,851,litter_colour,491,942,471,929,512,956,COLOR_SEC
12:12:14.580,851,litter_colour,168,584,50,551,287,617,COLOR_SEC
12:12:14.631,852,litter_yolo,1311,657,1114,392,1509,922,YOLO
12:12:14.685,852,litter_colour,491,942,470,929,512,956,COLOR_SEC
12:12:14.685,852,litter_colour,170,584,50,551,291,617,COLOR_SEC
12:12:14.745,853,litter_yolo,1311,658,1114,393,1509,923,YOLO
12:12:14.801,853,litter_colour,491,942,470,929,512,956,COLOR_SEC
12:12:14.801,853,litter_colour,169,584,50,551,288,617,COLOR_SEC
12:12:14.846,854,litter_yolo,1312,660,1115,394,1509,926,YOLO
12:12:14.902,854,litter_colour,491,942,470,929,512,956,COLOR_SEC
12:12:14.902,854,litter_colour,169,584,50,551,289,617,COLOR_SEC
12:12:14.952,855,litter_yolo,1312,660,1116,394,1509,926,YOLO
12:12:15.007,855,litter_colour,491,942,470,929,512,956,COLOR_SEC
12:12:15.007,855,litter_colour,169,584,50,551,289,617,COLOR_SEC
12:12:15.061,856,litter_yolo,1312,659,1116,395,1508,924,YOLO
12:12:15.114,856,litter_colour,491,942,471,929,512,956,COLOR_SEC
12:12:15.114,856,litter_colour,168,584,50,551,286,617,COLOR_SEC
12:12:15.167,857,litter_yolo,1313,656,1114,391,1512,921,YOLO
12:12:15.220,857,litter_colour,491,942,470,929,512,956,COLOR_SEC
12:12:15.221,857,litter_colour,172,584,50,551,294,617,COLOR_SEC
12:12:15.272,858,litter_yolo,1312,652,1112,394,1512,910,YOLO
12:12:15.325,858,litter_colour,491,942,471,929,512,956,COLOR_SEC
12:12:15.325,858,litter_colour,170,584,50,551,290,617,COLOR_SEC
12:12:15.378,859,litter_yolo,1311,654,1112,394,1511,915,YOLO
12:12:15.431,859,litter_colour,491,942,471,929,512,956,COLOR_SEC
12:12:15.431,859,litter_colour,169,584,50,551,288,617,COLOR_SEC
12:12:15.480,860,litter_yolo,1311,651,1112,394,1510,909,YOLO
12:12:15.537,860,litter_colour,491,942,470,929,512,956,COLOR_SEC
12:12:15.537,860,litter_colour,169,584,50,551,289,617,COLOR_SEC
12:12:15.587,861,litter_yolo,1311,651,1112,396,1511,906,YOLO
12:12:15.644,861,litter_colour,491,942,470,929,512,956,COLOR_SEC
12:12:15.644,861,litter_colour,170,584,50,551,290,617,COLOR_SEC
12:12:15.692,862,litter_yolo,1312,657,1112,400,1513,914,YOLO
12:12:15.745,862,litter_colour,491,942,470,929,512,956,COLOR_SEC
12:12:15.745,862,litter_colour,170,584,50,551,290,617,COLOR_SEC
12:12:15.799,863,litter_yolo,1313,659,1113,400,1513,918,YOLO
12:12:15.853,863,litter_colour,491,942,470,929,512,956,COLOR_SEC
12:12:15.853,863,litter_colour,169,584,50,551,288,617,COLOR_SEC
12:12:15.908,864,litter_yolo,1313,660,1114,400,1513,920,YOLO
12:12:15.962,864,litter_colour,491,942,470,929,512,956,COLOR_SEC
12:12:15.962,864,litter_colour,168,583,50,551,287,616,COLOR_SEC
12:12:16.016,865,litter_yolo,1314,660,1114,399,1514,921,YOLO
12:12:16.069,865,litter_colour,491,942,470,929,512,956,COLOR_SEC
12:12:16.069,865,litter_colour,169,584,50,551,288,617,COLOR_SEC
12:12:16.121,866,litter_yolo,1312,659,1112,400,1513,919,YOLO
12:12:16.173,866,litter_colour,491,942,470,929,512,956,COLOR_SEC
12:12:16.174,866,litter_colour,171,584,50,551,293,617,COLOR_SEC
12:12:16.230,867,litter_yolo,1310,658,1111,399,1509,917,YOLO
12:12:16.283,867,litter_colour,491,943,470,929,512,957,COLOR_SEC
12:12:16.283,867,litter_colour,171,583,50,551,292,616,COLOR_SEC
12:12:16.332,868,litter_yolo,1308,659,1110,401,1507,917,YOLO
12:12:16.385,868,litter_colour,491,942,470,929,512,956,COLOR_SEC
12:12:16.385,868,litter_colour,169,584,50,551,288,617,COLOR_SEC
12:12:16.440,869,litter_yolo,1307,661,1109,401,1506,921,YOLO
12:12:16.493,869,litter_colour,491,942,470,929,512,956,COLOR_SEC
12:12:16.493,869,litter_colour,171,584,50,551,292,617,COLOR_SEC
12:12:16.539,870,litter_yolo,1305,660,1107,401,1503,920,YOLO
12:12:16.593,870,litter_colour,491,943,470,929,512,957,COLOR_SEC
12:12:16.593,870,litter_colour,168,584,50,551,287,617,COLOR_SEC
12:12:16.684,871,litter_yolo,1305,661,1106,404,1504,919,YOLO
12:12:16.739,871,litter_colour,491,943,470,929,512,957,COLOR_SEC
12:12:16.739,871,litter_colour,170,583,50,551,290,616,COLOR_SEC
12:12:16.841,872,litter_colour,491,943,470,929,512,957,COLOR_SEC
12:12:16.841,872,litter_colour,175,584,50,551,300,617,COLOR_SEC
12:12:16.900,873,litter_yolo,1309,664,1109,403,1509,925,YOLO
12:12:16.954,873,litter_colour,491,942,470,928,512,956,COLOR_SEC
12:12:16.954,873,litter_colour,172,584,50,551,295,617,COLOR_SEC
12:12:17.005,874,litter_yolo,1309,662,1109,399,1509,925,YOLO
12:12:17.058,874,litter_colour,491,942,470,928,512,956,COLOR_SEC
12:12:17.058,874,litter_colour,171,584,50,551,293,617,COLOR_SEC
12:12:17.111,875,litter_yolo,1311,660,1111,399,1511,921,YOLO
12:12:17.164,875,litter_colour,491,942,470,929,512,956,COLOR_SEC
12:12:17.164,875,litter_colour,170,584,50,551,291,617,COLOR_SEC
12:12:17.211,876,litter_yolo,1313,657,1114,393,1513,922,YOLO
12:12:17.264,876,litter_colour,491,943,470,929,512,957,COLOR_SEC
12:12:17.264,876,litter_colour,167,584,50,551,285,617,COLOR_SEC
12:12:17.325,877,litter_yolo,1312,658,1117,388,1508,929,YOLO
12:12:17.378,877,litter_colour,491,943,470,929,512,957,COLOR_SEC
12:12:17.378,877,litter_colour,170,584,50,551,290,617,COLOR_SEC
12:12:17.425,878,litter_yolo,1313,663,1119,394,1508,932,YOLO
12:12:17.478,878,litter_colour,491,943,470,929,512,957,COLOR_SEC
12:12:17.478,878,litter_colour,171,584,50,551,292,617,COLOR_SEC
12:12:17.535,879,litter_yolo,1315,659,1116,396,1515,923,YOLO
12:12:17.588,879,litter_colour,491,943,470,929,512,957,COLOR_SEC
12:12:17.588,879,litter_colour,171,584,50,551,293,617,COLOR_SEC
12:12:17.640,880,litter_yolo,1315,659,1116,398,1514,921,YOLO
12:12:17.693,880,litter_colour,491,943,470,929,512,957,COLOR_SEC
12:12:17.693,880,litter_colour,171,584,50,551,292,617,COLOR_SEC
12:12:17.800,881,litter_colour,491,943,470,929,512,957,COLOR_SEC
12:12:17.800,881,litter_colour,176,584,50,551,303,617,COLOR_SEC
12:12:17.927,882,litter_colour,491,943,470,929,512,957,COLOR_SEC
12:12:17.927,882,litter_colour,170,584,50,551,291,617,COLOR_SEC
12:12:17.991,883,litter_yolo,1313,660,1113,400,1513,920,YOLO
12:12:18.067,883,litter_colour,491,942,471,929,512,956,COLOR_SEC
12:12:18.067,883,litter_colour,168,584,50,551,286,617,COLOR_SEC
12:12:18.193,884,litter_colour,491,943,470,929,512,957,COLOR_SEC
12:12:18.193,884,litter_colour,170,584,50,551,290,617,COLOR_SEC
12:12:18.295,885,litter_colour,491,942,470,929,512,956,COLOR_SEC
12:12:18.295,885,litter_colour,169,584,50,551,289,617,COLOR_SEC
12:12:18.402,886,litter_colour,491,942,470,929,512,956,COLOR_SEC
12:12:18.402,886,litter_colour,170,584,50,551,291,617,COLOR_SEC
12:12:18.507,887,litter_colour,491,942,471,929,512,956,COLOR_SEC
12:12:18.507,887,litter_colour,170,584,50,551,291,617,COLOR_SEC
12:12:18.613,888,litter_colour,491,942,471,929,512,956,COLOR_SEC
12:12:18.613,888,litter_colour,170,583,50,551,290,616,COLOR_SEC
12:12:18.718,889,litter_colour,491,942,470,929,512,956,COLOR_SEC
12:12:18.719,889,litter_colour,170,584,50,551,291,617,COLOR_SEC
12:12:18.821,890,litter_colour,491,942,470,929,512,956,COLOR_SEC
12:12:18.821,890,litter_colour,174,584,50,551,299,617,COLOR_SEC
12:12:18.932,891,litter_colour,491,942,470,929,512,956,COLOR_SEC
12:12:18.932,891,litter_colour,167,584,50,551,285,617,COLOR_SEC
12:12:19.039,892,litter_colour,491,943,470,929,512,957,COLOR_SEC
12:12:19.039,892,litter_colour,170,584,50,551,290,617,COLOR_SEC
12:12:19.148,893,litter_colour,491,942,470,929,512,956,COLOR_SEC
12:12:19.148,893,litter_colour,171,584,50,551,293,617,COLOR_SEC
12:12:19.254,894,litter_colour,491,942,470,929,512,956,COLOR_SEC
12:12:19.254,894,litter_colour,177,584,50,551,304,617,COLOR_SEC
12:12:19.355,895,litter_colour,491,943,470,929,512,957,COLOR_SEC
12:12:19.355,895,litter_colour,177,584,50,551,304,617,COLOR_SEC
12:12:19.550,896,litter_colour,491,942,470,928,512,957,COLOR_SEC
12:12:19.550,896,litter_colour,183,584,50,551,316,618,COLOR_SEC
12:12:19.803,897,litter_colour,491,942,470,928,512,957,COLOR_SEC
12:12:19.929,898,litter_colour,491,942,470,928,512,957,COLOR_SEC
12:12:20.038,899,litter_colour,491,942,470,928,512,957,COLOR_SEC
12:12:20.182,900,litter_colour,491,942,470,928,513,957,COLOR_SEC
12:12:20.326,901,litter_colour,491,942,470,928,513,957,COLOR_SEC
12:12:20.466,902,litter_colour,491,942,470,928,512,957,COLOR_SEC
12:12:20.610,903,litter_colour,491,942,470,928,513,957,COLOR_SEC
12:12:20.750,904,litter_colour,491,942,470,928,513,957,COLOR_SEC
12:12:20.890,905,litter_colour,491,942,470,928,512,957,COLOR_SEC
12:12:21.030,906,litter_colour,491,942,470,928,513,957,COLOR_SEC
12:12:21.172,907,litter_colour,491,942,470,928,513,957,COLOR_SEC
12:12:21.318,908,litter_colour,491,942,470,928,513,957,COLOR_SEC
12:12:21.457,909,litter_colour,491,942,470,928,513,957,COLOR_SEC
12:12:21.598,910,litter_colour,491,942,470,928,513,957,COLOR_SEC
12:12:21.740,911,litter_colour,491,942,470,928,513,957,COLOR_SEC
12:12:21.875,912,litter_colour,491,942,470,928,513,957,COLOR_SEC
12:12:22.019,913,litter_colour,491,942,470,928,512,957,COLOR_SEC
12:12:22.160,914,litter_colour,491,942,470,928,512,957,COLOR_SEC
12:12:22.298,915,litter_colour,491,942,470,928,512,957,COLOR_SEC
12:12:22.444,916,litter_colour,491,942,470,928,512,957,COLOR_SEC
12:12:22.585,917,litter_motion,316,584,236,556,396,613,COLOR_SEC
12:12:22.585,917,litter_colour,491,942,470,928,513,957,COLOR_SEC
12:12:22.725,918,litter_colour,491,942,470,928,513,957,COLOR_SEC
12:12:22.872,919,litter_colour,491,942,470,928,513,957,COLOR_SEC
12:12:23.008,920,litter_colour,491,942,470,928,512,957,COLOR_SEC
12:12:23.147,921,litter_colour,491,942,470,928,513,957,COLOR_SEC
12:12:23.287,922,litter_colour,491,942,470,928,513,957,COLOR_SEC
12:12:23.393,923,litter_colour,491,942,470,928,513,957,COLOR_SEC
12:12:23.500,924,litter_colour,491,942,470,928,513,957,COLOR_SEC
12:12:23.646,925,litter_colour,491,942,470,928,513,957,COLOR_SEC
12:12:23.786,926,litter_colour,491,942,470,928,512,957,COLOR_SEC
12:12:23.928,927,litter_colour,491,942,470,928,513,957,COLOR_SEC
12:12:24.069,928,litter_colour,491,942,470,928,513,957,COLOR_SEC
12:12:24.216,929,litter_colour,491,942,470,928,512,957,COLOR_SEC
12:12:24.349,930,litter_colour,491,942,470,928,512,957,COLOR_SEC
12:12:24.488,931,litter_colour,491,942,470,928,512,957,COLOR_SEC
12:12:24.595,932,litter_colour,491,942,470,928,512,957,COLOR_SEC
12:12:24.700,933,litter_colour,491,942,470,928,512,957,COLOR_SEC
12:12:24.807,934,litter_colour,491,942,470,928,513,957,COLOR_SEC
12:12:24.953,935,litter_colour,491,942,470,928,512,957,COLOR_SEC
12:12:25.089,936,litter_colour,491,942,470,928,513,957,COLOR_SEC
12:12:25.231,937,litter_colour,491,942,470,928,513,957,COLOR_SEC
12:12:25.375,938,litter_colour,491,942,470,928,513,957,COLOR_SEC
12:12:25.455,939,litter_yolo,1633,708,1348,340,1919,1076,YOLO
12:12:25.524,939,litter_colour,491,942,470,928,513,957,COLOR_SEC
12:12:25.595,940,litter_yolo,1618,708,1318,342,1919,1075,YOLO
12:12:25.663,940,litter_colour,491,942,470,928,513,957,COLOR_SEC
12:12:25.805,941,litter_colour,491,942,470,928,513,957,COLOR_SEC
12:12:25.946,942,litter_colour,491,942,470,928,513,957,COLOR_SEC
12:12:26.088,943,litter_colour,491,942,470,928,513,957,COLOR_SEC
12:12:26.160,944,litter_yolo,1628,710,1337,347,1919,1074,YOLO
12:12:26.231,944,litter_colour,491,942,470,928,513,957,COLOR_SEC
12:12:26.370,945,litter_colour,491,942,470,928,513,957,COLOR_SEC
12:12:26.506,946,litter_colour,491,942,470,928,513,957,COLOR_SEC
12:12:26.653,947,litter_colour,491,942,470,928,513,957,COLOR_SEC
12:12:26.793,948,litter_colour,491,942,470,928,513,957,COLOR_SEC
12:12:26.931,949,litter_colour,491,942,470,928,513,957,COLOR_SEC
12:12:27.071,950,litter_colour,491,942,470,928,512,957,COLOR_SEC
12:12:27.214,951,litter_colour,491,942,470,928,512,957,COLOR_SEC
12:12:27.350,952,litter_colour,491,942,470,928,512,957,COLOR_SEC
12:12:27.457,953,litter_colour,491,942,470,928,512,957,COLOR_SEC
12:12:27.457,953,litter_colour,186,584,50,551,322,618,COLOR_SEC
12:12:27.561,954,litter_colour,491,942,470,928,512,957,COLOR_SEC
12:12:27.663,955,litter_colour,491,943,470,929,512,957,COLOR_SEC
12:12:27.775,956,litter_colour,491,943,470,929,512,957,COLOR_SEC
12:12:27.775,956,litter_colour,183,584,50,551,316,618,COLOR_SEC
12:12:27.880,957,litter_colour,491,943,470,929,512,957,COLOR_SEC
12:12:27.880,957,litter_colour,184,584,50,551,318,618,COLOR_SEC
12:12:27.987,958,litter_colour,491,943,470,929,512,957,COLOR_SEC
12:12:27.987,958,litter_colour,183,584,50,551,316,617,COLOR_SEC
12:12:28.122,959,litter_colour,491,942,470,929,512,956,COLOR_SEC
12:12:28.232,960,litter_colour,491,942,470,929,512,956,COLOR_SEC
12:12:28.232,960,litter_colour,179,584,50,551,308,618,COLOR_SEC
12:12:28.339,961,litter_colour,491,942,470,929,512,956,COLOR_SEC
12:12:28.339,961,litter_colour,178,584,50,551,306,617,COLOR_SEC
12:12:28.445,962,litter_colour,491,942,470,929,512,956,COLOR_SEC
12:12:28.445,962,litter_colour,176,584,50,551,303,617,COLOR_SEC
12:12:28.552,963,litter_colour,491,942,470,929,512,956,COLOR_SEC
12:12:28.553,963,litter_colour,175,584,50,551,301,617,COLOR_SEC
12:12:28.694,964,litter_colour,491,942,470,929,512,956,COLOR_SEC
12:12:28.694,964,litter_colour,177,584,50,551,304,617,COLOR_SEC
12:12:28.799,965,litter_colour,491,942,470,929,512,956,COLOR_SEC
12:12:28.799,965,litter_colour,176,584,50,551,302,617,COLOR_SEC
12:12:28.905,966,litter_colour,491,942,470,929,512,956,COLOR_SEC
12:12:28.905,966,litter_colour,171,584,50,551,292,617,COLOR_SEC
12:12:29.007,967,litter_colour,491,942,470,929,512,956,COLOR_SEC
12:12:29.007,967,litter_colour,178,584,50,551,306,617,COLOR_SEC
12:12:29.116,968,litter_colour,491,942,470,929,512,956,COLOR_SEC
12:12:29.116,968,litter_colour,179,584,50,551,308,617,COLOR_SEC
12:12:29.225,969,litter_colour,491,942,470,929,512,956,COLOR_SEC
12:12:29.225,969,litter_colour,177,584,50,551,304,617,COLOR_SEC
12:12:29.363,970,litter_colour,491,942,470,929,512,956,COLOR_SEC
12:12:29.363,970,litter_colour,169,584,50,551,288,617,COLOR_SEC
12:12:29.477,971,litter_colour,491,942,471,929,512,956,COLOR_SEC
12:12:29.477,971,litter_colour,171,584,50,551,292,617,COLOR_SEC
12:12:29.608,972,litter_colour,491,942,471,929,512,956,COLOR_SEC
12:12:29.609,972,litter_colour,171,584,50,551,292,617,COLOR_SEC
12:12:29.717,973,litter_colour,491,942,470,929,512,956,COLOR_SEC
12:12:29.717,973,litter_colour,168,584,50,551,286,617,COLOR_SEC
12:12:29.825,974,litter_colour,491,942,470,929,512,956,COLOR_SEC
12:12:29.825,974,litter_colour,170,584,50,551,291,617,COLOR_SEC
12:12:29.930,975,litter_colour,491,942,471,929,512,956,COLOR_SEC
12:12:29.930,975,litter_colour,166,584,50,551,283,617,COLOR_SEC
12:12:30.036,976,litter_colour,491,942,471,929,512,956,COLOR_SEC
12:12:30.036,976,litter_colour,167,584,50,551,284,617,COLOR_SEC
12:12:30.142,977,litter_colour,491,942,470,929,512,956,COLOR_SEC
12:12:30.142,977,litter_colour,165,583,50,551,281,616,COLOR_SEC
12:12:30.247,978,litter_colour,491,942,470,929,512,956,COLOR_SEC
12:12:30.247,978,litter_colour,165,584,50,551,280,617,COLOR_SEC
12:12:30.356,979,litter_colour,491,942,471,929,512,956,COLOR_SEC
12:12:30.356,979,litter_colour,169,584,50,551,288,617,COLOR_SEC
12:12:30.500,980,litter_colour,491,942,470,929,512,956,COLOR_SEC
12:12:30.500,980,litter_colour,168,584,50,551,287,617,COLOR_SEC
12:12:30.643,981,litter_colour,491,942,471,929,512,956,COLOR_SEC
12:12:30.643,981,litter_colour,167,584,50,551,285,617,COLOR_SEC
12:12:30.773,982,litter_colour,491,942,471,929,512,956,COLOR_SEC
12:12:30.773,982,litter_colour,168,584,50,551,287,617,COLOR_SEC
12:12:30.885,983,litter_colour,491,942,471,929,512,956,COLOR_SEC
12:12:30.885,983,litter_colour,167,584,50,551,284,617,COLOR_SEC
12:12:30.990,984,litter_colour,491,942,471,929,512,956,COLOR_SEC
12:12:30.990,984,litter_colour,166,584,50,551,282,617,COLOR_SEC
12:12:31.097,985,litter_colour,491,942,471,929,512,956,COLOR_SEC
12:12:31.097,985,litter_colour,163,583,50,551,277,616,COLOR_SEC
12:12:31.203,986,litter_colour,491,942,471,929,512,956,COLOR_SEC
12:12:31.203,986,litter_colour,166,583,50,551,283,616,COLOR_SEC
12:12:31.307,987,litter_colour,491,942,471,929,512,956,COLOR_SEC
12:12:31.308,987,litter_colour,165,583,50,551,281,616,COLOR_SEC
12:12:31.412,988,litter_colour,491,942,471,929,512,956,COLOR_SEC
12:12:31.412,988,litter_colour,166,583,50,551,282,616,COLOR_SEC
12:12:31.517,989,litter_colour,491,942,471,929,512,956,COLOR_SEC
12:12:31.517,989,litter_colour,169,584,50,551,289,617,COLOR_SEC
12:12:31.624,990,litter_colour,491,942,471,929,512,956,COLOR_SEC
12:12:31.624,990,litter_colour,172,584,50,551,294,617,COLOR_SEC
12:12:31.727,991,litter_colour,491,942,471,929,512,956,COLOR_SEC
12:12:31.727,991,litter_colour,171,583,50,551,292,616,COLOR_SEC
12:12:31.837,992,litter_colour,491,942,470,929,512,956,COLOR_SEC
12:12:31.837,992,litter_colour,169,584,50,551,288,617,COLOR_SEC
12:12:31.943,993,litter_colour,491,942,471,929,512,956,COLOR_SEC
12:12:31.943,993,litter_colour,172,583,50,551,294,616,COLOR_SEC
12:12:32.049,994,litter_colour,491,942,471,929,512,956,COLOR_SEC
12:12:32.049,994,litter_colour,169,584,50,551,289,617,COLOR_SEC
12:12:32.155,995,litter_colour,491,942,470,929,512,956,COLOR_SEC
12:12:32.155,995,litter_colour,171,584,50,551,292,617,COLOR_SEC
12:12:32.262,996,litter_colour,491,942,470,929,512,956,COLOR_SEC
12:12:32.262,996,litter_colour,173,584,50,551,296,617,COLOR_SEC
12:12:32.366,997,litter_colour,491,942,471,929,512,956,COLOR_SEC
12:12:32.366,997,litter_colour,169,584,50,551,289,617,COLOR_SEC
12:12:32.471,998,litter_colour,491,942,471,929,512,956,COLOR_SEC
12:12:32.472,998,litter_colour,169,584,50,551,289,617,COLOR_SEC
12:12:32.579,999,litter_colour,491,942,471,929,512,956,COLOR_SEC
12:12:32.579,999,litter_colour,167,584,50,551,284,617,COLOR_SEC
12:12:32.684,1000,litter_colour,491,942,471,929,512,956,COLOR_SEC
12:12:32.684,1000,litter_colour,170,584,50,551,290,617,COLOR_SEC
12:12:32.791,1001,litter_colour,491,942,470,929,512,956,COLOR_SEC
12:12:32.791,1001,litter_colour,169,584,50,551,288,617,COLOR_SEC
12:12:32.892,1002,litter_colour,491,942,470,929,512,956,COLOR_SEC
12:12:32.892,1002,litter_colour,167,584,50,551,285,617,COLOR_SEC
12:12:32.997,1003,litter_colour,491,942,470,929,512,956,COLOR_SEC
12:12:32.997,1003,litter_colour,171,584,50,551,292,617,COLOR_SEC
12:12:33.108,1004,litter_colour,491,942,470,929,512,956,COLOR_SEC
12:12:33.108,1004,litter_colour,170,584,50,551,290,617,COLOR_SEC
12:12:33.213,1005,litter_colour,491,942,470,929,512,956,COLOR_SEC
12:12:33.213,1005,litter_colour,170,584,50,551,291,617,COLOR_SEC
12:12:33.321,1006,litter_colour,491,942,470,929,512,956,COLOR_SEC
12:12:33.321,1006,litter_colour,169,584,50,551,288,617,COLOR_SEC
12:12:33.424,1007,litter_colour,491,942,470,929,512,956,COLOR_SEC
12:12:33.424,1007,litter_colour,170,584,50,551,291,617,COLOR_SEC
12:12:33.529,1008,litter_colour,491,942,471,929,512,956,COLOR_SEC
12:12:33.529,1008,litter_colour,173,584,50,551,297,617,COLOR_SEC
12:12:33.634,1009,litter_colour,491,942,470,929,512,956,COLOR_SEC
12:12:33.634,1009,litter_colour,170,584,50,551,290,617,COLOR_SEC
12:12:33.687,1010,litter_yolo,1312,653,1119,394,1505,912,YOLO
12:12:33.744,1010,litter_colour,491,942,470,929,512,956,COLOR_SEC
12:12:33.745,1010,litter_colour,172,584,50,551,294,617,COLOR_SEC
12:12:33.851,1011,litter_colour,491,942,470,929,512,956,COLOR_SEC
12:12:33.851,1011,litter_colour,175,584,50,551,301,617,COLOR_SEC
12:12:33.900,1012,litter_yolo,1313,652,1120,392,1506,913,YOLO
12:12:33.956,1012,litter_colour,491,942,470,929,512,956,COLOR_SEC
12:12:33.956,1012,litter_colour,177,584,50,551,304,617,COLOR_SEC
12:12:34.006,1013,litter_yolo,1310,658,1120,395,1501,921,YOLO
12:12:34.063,1013,litter_colour,491,942,470,929,512,956,COLOR_SEC
12:12:34.063,1013,litter_colour,171,584,50,551,292,617,COLOR_SEC
12:12:34.169,1014,litter_colour,491,942,470,929,512,956,COLOR_SEC
12:12:34.169,1014,litter_colour,171,584,50,551,292,617,COLOR_SEC
12:12:34.269,1015,litter_colour,491,942,470,929,512,956,COLOR_SEC
12:12:34.269,1015,litter_colour,176,584,50,551,303,617,COLOR_SEC
12:12:34.324,1016,litter_yolo,1309,658,1119,397,1499,920,YOLO
12:12:34.381,1016,litter_colour,491,942,470,929,512,956,COLOR_SEC
12:12:34.381,1016,litter_colour,171,584,50,551,293,617,COLOR_SEC
12:12:34.486,1017,litter_colour,491,942,470,929,512,956,COLOR_SEC
12:12:34.486,1017,litter_colour,173,584,50,551,296,617,COLOR_SEC
12:12:34.592,1018,litter_colour,491,942,470,929,512,956,COLOR_SEC
12:12:34.592,1018,litter_colour,171,584,50,551,292,617,COLOR_SEC
12:12:34.699,1019,litter_colour,491,942,470,929,512,956,COLOR_SEC
12:12:34.699,1019,litter_colour,170,584,50,551,291,617,COLOR_SEC
12:12:34.803,1020,litter_colour,491,942,470,929,512,956,COLOR_SEC
12:12:34.803,1020,litter_colour,170,584,50,551,291,617,COLOR_SEC
12:12:34.909,1021,litter_colour,491,942,470,929,512,956,COLOR_SEC
12:12:34.909,1021,litter_colour,174,584,50,551,299,617,COLOR_SEC
12:12:35.014,1022,litter_colour,491,942,471,929,512,956,COLOR_SEC
12:12:35.014,1022,litter_colour,177,584,50,551,304,617,COLOR_SEC
12:12:35.121,1023,litter_colour,491,942,470,929,512,956,COLOR_SEC
12:12:35.122,1023,litter_colour,170,584,50,551,290,617,COLOR_SEC
12:12:35.230,1024,litter_colour,491,942,470,929,512,956,COLOR_SEC
12:12:35.230,1024,litter_colour,173,584,50,551,297,617,COLOR_SEC
12:12:35.275,1025,litter_yolo,1312,652,1120,391,1505,914,YOLO
12:12:35.333,1025,litter_colour,491,942,470,929,512,956,COLOR_SEC
12:12:35.333,1025,litter_colour,177,584,50,551,305,617,COLOR_SEC
12:12:35.439,1026,litter_colour,491,942,470,929,512,956,COLOR_SEC
12:12:35.439,1026,litter_colour,176,584,50,551,302,617,COLOR_SEC
12:12:35.544,1027,litter_colour,491,942,470,929,512,956,COLOR_SEC
12:12:35.544,1027,litter_colour,177,584,50,551,305,617,COLOR_SEC
12:12:35.650,1028,litter_colour,491,942,470,929,512,956,COLOR_SEC
12:12:35.650,1028,litter_colour,174,584,50,551,299,617,COLOR_SEC
12:12:35.754,1029,litter_colour,491,942,470,929,512,956,COLOR_SEC
12:12:35.754,1029,litter_colour,176,584,50,551,303,617,COLOR_SEC
12:12:35.807,1030,litter_yolo,1309,658,1119,395,1500,921,YOLO
12:12:35.863,1030,litter_colour,491,942,470,929,512,956,COLOR_SEC
12:12:35.863,1030,litter_colour,177,584,50,551,305,617,COLOR_SEC
12:12:35.970,1031,litter_colour,491,942,470,929,512,956,COLOR_SEC
12:12:35.970,1031,litter_colour,174,584,50,551,298,617,COLOR_SEC
12:12:36.076,1032,litter_colour,491,942,470,929,512,956,COLOR_SEC
12:12:36.076,1032,litter_colour,176,584,50,551,303,617,COLOR_SEC
12:12:36.183,1033,litter_colour,491,942,470,929,512,956,COLOR_SEC
12:12:36.183,1033,litter_colour,177,584,50,551,305,617,COLOR_SEC
12:12:36.288,1034,litter_colour,491,942,470,929,512,956,COLOR_SEC
12:12:36.288,1034,litter_colour,169,584,50,551,289,617,COLOR_SEC
12:12:36.395,1035,litter_colour,491,942,470,929,512,956,COLOR_SEC
12:12:36.395,1035,litter_colour,170,584,50,551,291,617,COLOR_SEC
12:12:36.501,1036,litter_colour,491,942,470,929,512,956,COLOR_SEC
12:12:36.501,1036,litter_colour,174,584,50,551,298,617,COLOR_SEC
12:12:36.605,1037,litter_colour,491,942,470,929,512,956,COLOR_SEC
12:12:36.605,1037,litter_colour,175,584,50,551,301,617,COLOR_SEC
12:12:36.712,1038,litter_colour,491,942,470,929,512,956,COLOR_SEC
12:12:36.712,1038,litter_colour,170,584,50,551,290,617,COLOR_SEC
12:12:36.763,1039,litter_yolo,1311,659,1122,397,1501,921,YOLO
12:12:36.820,1039,litter_colour,491,942,470,929,512,956,COLOR_SEC
12:12:36.820,1039,litter_colour,172,584,50,551,294,617,COLOR_SEC
12:12:36.924,1040,litter_colour,491,942,470,929,512,956,COLOR_SEC
12:12:36.924,1040,litter_colour,171,584,50,551,292,617,COLOR_SEC
12:12:37.031,1041,litter_colour,491,942,470,929,512,956,COLOR_SEC
12:12:37.031,1041,litter_colour,172,584,50,551,295,617,COLOR_SEC
12:12:37.136,1042,litter_colour,491,942,470,929,512,956,COLOR_SEC
12:12:37.136,1042,litter_colour,170,584,50,551,291,617,COLOR_SEC
12:12:37.245,1043,litter_colour,491,942,470,929,512,956,COLOR_SEC
12:12:37.245,1043,litter_colour,171,584,50,551,292,617,COLOR_SEC
12:12:37.352,1044,litter_colour,491,942,470,929,512,956,COLOR_SEC
12:12:37.352,1044,litter_colour,171,584,50,551,292,617,COLOR_SEC
12:12:37.454,1045,litter_colour,491,942,470,929,512,956,COLOR_SEC
12:12:37.454,1045,litter_colour,170,584,50,551,291,617,COLOR_SEC
12:12:37.559,1046,litter_colour,491,942,470,929,512,956,COLOR_SEC
12:12:37.559,1046,litter_colour,170,584,50,551,291,617,COLOR_SEC
12:12:37.666,1047,litter_colour,491,942,470,929,512,956,COLOR_SEC
12:12:37.667,1047,litter_colour,170,584,50,551,291,617,COLOR_SEC
12:12:37.774,1048,litter_colour,491,942,470,929,512,956,COLOR_SEC
12:12:37.774,1048,litter_colour,168,584,50,551,286,617,COLOR_SEC
12:12:37.881,1049,litter_colour,491,942,471,929,512,956,COLOR_SEC
12:12:37.881,1049,litter_colour,170,584,50,551,290,617,COLOR_SEC
12:12:37.930,1050,litter_yolo,1294,599,1121,328,1468,871,YOLO
12:12:37.987,1050,litter_colour,491,942,470,929,512,956,COLOR_SEC
12:12:37.987,1050,litter_colour,167,583,50,551,285,616,COLOR_SEC
12:12:38.094,1051,litter_colour,491,942,470,929,512,956,COLOR_SEC
12:12:38.094,1051,litter_colour,166,584,50,551,282,617,COLOR_SEC
12:12:38.200,1052,litter_colour,491,942,470,929,512,956,COLOR_SEC
12:12:38.200,1052,litter_colour,167,583,50,551,284,616,COLOR_SEC
12:12:38.243,1053,litter_yolo,1192,464,1008,256,1377,673,YOLO
12:12:38.304,1053,litter_colour,491,942,471,929,512,956,COLOR_SEC
12:12:38.304,1053,litter_colour,167,584,50,551,284,617,COLOR_SEC
12:12:38.416,1054,litter_colour,491,942,470,929,512,956,COLOR_SEC
12:12:38.416,1054,litter_colour,169,584,50,551,288,617,COLOR_SEC
12:12:38.562,1055,litter_colour,491,943,470,929,512,957,COLOR_SEC
12:12:38.562,1055,litter_colour,169,584,50,551,288,617,COLOR_SEC
12:12:38.704,1056,litter_colour,491,943,470,929,512,957,COLOR_SEC
12:12:38.704,1056,litter_colour,173,584,50,551,297,617,COLOR_SEC
12:12:39.644,1063,litter_yolo,1250,296,1042,9,1459,584,YOLO
12:12:39.800,1064,litter_yolo,920,344,618,4,1222,685,YOLO
12:12:39.935,1065,litter_yolo,384,367,180,14,589,720,YOLO
12:12:39.935,1065,litter_yolo,648,330,527,11,769,650,YOLO
12:12:40.673,1070,litter_yolo,697,629,525,321,870,938,YOLO
12:12:40.815,1071,litter_yolo,771,495,671,420,872,570,YOLO
12:12:41.098,1073,litter_yolo,953,555,1,55,1906,1056,YOLO
12:12:41.240,1074,litter_yolo,768,564,0,60,1536,1068,YOLO
12:12:41.805,1078,litter_yolo,1299,59,1252,18,1347,101,YOLO
12:12:41.948,1079,litter_yolo,685,695,599,615,772,775,YOLO
12:12:42.089,1080,litter_yolo,586,694,498,609,675,780,YOLO
12:12:42.089,1080,litter_yolo,558,707,439,618,678,796,YOLO
12:12:42.370,1082,litter_yolo,474,781,380,691,568,871,YOLO
12:12:42.500,1083,litter_yolo,410,831,320,734,501,928,YOLO
12:12:42.631,1084,litter_yolo,449,849,356,757,542,941,YOLO
12:12:42.923,1086,litter_yolo,540,833,449,741,632,926,YOLO
12:12:43.211,1088,litter_yolo,617,819,504,726,731,912,YOLO
12:12:43.489,1090,litter_yolo,717,756,643,684,792,829,YOLO
12:12:45.190,1102,litter_yolo,1021,451,796,188,1247,714,YOLO
12:12:45.469,1104,litter_yolo,1024,505,821,263,1228,747,YOLO
12:12:45.609,1105,litter_yolo,1037,521,820,286,1255,757,YOLO
12:12:45.756,1106,litter_yolo,1043,532,858,298,1228,767,YOLO
12:12:45.899,1107,litter_yolo,1043,532,854,296,1232,768,YOLO
12:12:46.322,1110,litter_yolo,1025,527,827,291,1224,764,YOLO
12:12:46.463,1111,litter_yolo,1007,537,802,297,1213,778,YOLO
12:12:46.605,1112,litter_yolo,1004,530,793,286,1215,774,YOLO
12:12:46.741,1113,litter_yolo,1008,515,802,273,1214,758,YOLO
12:12:46.886,1114,litter_yolo,1005,522,792,283,1218,761,YOLO
12:12:47.029,1115,litter_yolo,1004,524,802,290,1207,758,YOLO
12:12:47.170,1116,litter_yolo,1006,523,801,287,1212,759,YOLO
12:12:47.311,1117,litter_yolo,997,519,784,285,1211,753,YOLO
12:12:47.589,1119,litter_yolo,1087,542,267,4,1907,1080,YOLO
12:12:48.160,1123,litter_yolo,996,521,783,277,1210,765,YOLO
12:12:48.301,1124,litter_yolo,1004,514,794,276,1214,753,YOLO
12:12:48.445,1125,litter_yolo,997,512,786,271,1208,753,YOLO
12:12:48.582,1126,litter_yolo,996,521,787,287,1206,755,YOLO
12:12:48.727,1127,litter_yolo,997,514,784,282,1210,746,YOLO
12:12:48.868,1128,litter_yolo,994,506,784,270,1205,743,YOLO
12:12:49.008,1129,litter_yolo,995,507,787,267,1204,747,YOLO
12:12:49.149,1130,litter_yolo,992,508,785,269,1199,747,YOLO
12:12:49.294,1131,litter_yolo,984,509,775,269,1193,749,YOLO
12:12:49.428,1132,litter_yolo,970,502,760,259,1181,746,YOLO
12:12:49.713,1134,litter_yolo,984,497,787,259,1182,736,YOLO
12:12:49.851,1135,litter_yolo,981,498,785,262,1178,735,YOLO
12:12:49.993,1136,litter_yolo,973,497,776,259,1171,736,YOLO
12:12:50.141,1137,litter_yolo,966,498,758,258,1175,738,YOLO
12:12:50.281,1138,litter_yolo,949,501,738,259,1160,743,YOLO
12:12:50.422,1139,litter_yolo,969,498,766,260,1172,737,YOLO
12:12:50.564,1140,litter_yolo,961,499,757,256,1165,742,YOLO
12:12:50.703,1141,litter_yolo,960,501,755,261,1166,742,YOLO
12:12:51.068,1143,litter_colour,1714,424,1605,324,1824,525,COLOR_SEC
12:12:51.202,1144,litter_colour,1709,422,1604,324,1815,521,COLOR_SEC
12:12:51.347,1145,litter_colour,1710,421,1603,324,1818,518,COLOR_SEC
12:12:51.491,1146,litter_colour,1711,418,1606,324,1817,512,COLOR_SEC
12:12:51.630,1147,litter_colour,1711,418,1607,324,1816,512,COLOR_SEC
12:12:51.772,1148,litter_colour,1708,415,1607,324,1810,506,COLOR_SEC
12:12:51.913,1149,litter_colour,1709,415,1608,324,1811,506,COLOR_SEC
12:12:52.049,1150,litter_colour,1708,414,1607,324,1810,505,COLOR_SEC
12:12:52.118,1151,litter_yolo,976,488,781,247,1172,729,YOLO
12:12:52.196,1151,litter_colour,1708,414,1607,324,1809,504,COLOR_SEC
12:12:52.262,1152,litter_yolo,981,481,792,246,1171,717,YOLO
12:12:52.339,1152,litter_colour,1699,414,1602,324,1797,504,COLOR_SEC
12:12:52.480,1153,litter_colour,1701,412,1603,324,1800,501,COLOR_SEC
12:12:52.614,1154,litter_colour,1699,410,1603,324,1795,497,COLOR_SEC
12:12:52.686,1155,litter_yolo,984,488,796,253,1173,723,YOLO
12:12:52.764,1155,litter_colour,1699,412,1603,324,1795,500,COLOR_SEC
12:12:52.824,1156,litter_yolo,969,488,769,248,1170,728,YOLO
12:12:52.902,1156,litter_colour,1695,409,1600,324,1791,495,COLOR_SEC
12:12:53.044,1157,litter_colour,1697,408,1604,324,1791,492,COLOR_SEC
12:12:53.110,1158,litter_yolo,978,476,783,237,1173,716,YOLO
12:12:53.188,1158,litter_colour,1691,406,1600,324,1783,489,COLOR_SEC
12:12:53.251,1159,litter_yolo,974,486,779,245,1170,728,YOLO
12:12:53.329,1159,litter_colour,1697,410,1601,324,1794,497,COLOR_SEC
12:12:53.392,1160,litter_yolo,965,481,761,241,1170,722,YOLO
12:12:53.469,1160,litter_colour,1690,408,1596,324,1784,493,COLOR_SEC
12:12:53.529,1161,litter_yolo,963,478,758,245,1169,711,YOLO
12:12:53.607,1161,litter_colour,1693,408,1599,324,1787,493,COLOR_SEC
12:12:53.676,1162,litter_yolo,977,485,786,250,1169,720,YOLO
12:12:53.756,1162,litter_colour,1699,412,1602,324,1797,501,COLOR_SEC
12:12:53.890,1163,litter_colour,1698,411,1602,324,1795,498,COLOR_SEC
12:12:54.029,1164,litter_colour,1703,411,1606,324,1800,499,COLOR_SEC
12:12:54.092,1165,litter_yolo,968,483,771,249,1165,718,YOLO
12:12:54.168,1165,litter_colour,1698,411,1602,324,1794,498,COLOR_SEC
12:12:54.240,1166,litter_yolo,960,483,755,252,1165,715,YOLO
12:12:54.314,1166,litter_colour,1699,411,1605,324,1794,499,COLOR_SEC
12:12:54.382,1167,litter_yolo,965,482,766,248,1165,716,YOLO
12:12:54.457,1167,litter_colour,1702,409,1609,324,1795,495,COLOR_SEC
12:12:54.523,1168,litter_yolo,973,481,778,243,1169,719,YOLO
12:12:54.598,1168,litter_colour,1716,407,1624,324,1809,491,COLOR_SEC
12:12:54.664,1169,litter_yolo,956,481,740,232,1172,730,YOLO
12:12:54.741,1169,litter_colour,1710,405,1618,324,1802,487,COLOR_SEC
12:12:54.806,1170,litter_yolo,948,505,741,252,1156,758,YOLO
12:12:54.881,1170,litter_colour,1707,408,1615,324,1800,493,COLOR_SEC
12:12:54.947,1171,litter_yolo,947,501,736,254,1158,748,YOLO
12:12:55.025,1171,litter_colour,1708,408,1616,324,1801,493,COLOR_SEC
12:12:55.089,1172,litter_yolo,946,499,742,257,1151,742,YOLO
12:12:55.164,1172,litter_colour,1708,412,1615,324,1801,500,COLOR_SEC
12:12:55.232,1173,litter_yolo,937,504,717,248,1157,760,YOLO
12:12:55.309,1173,litter_colour,1702,410,1611,324,1794,497,COLOR_SEC
12:12:55.371,1174,litter_yolo,952,499,748,249,1157,749,YOLO
12:12:55.449,1174,litter_colour,1713,410,1621,324,1805,497,COLOR_SEC
12:12:55.587,1175,litter_colour,1711,410,1618,324,1805,496,COLOR_SEC
12:12:55.654,1176,litter_yolo,949,495,745,252,1154,739,YOLO
12:12:55.729,1176,litter_colour,1706,409,1616,324,1797,495,COLOR_SEC
12:12:55.796,1177,litter_yolo,949,502,744,260,1154,745,YOLO
12:12:55.873,1177,litter_colour,1704,408,1615,324,1793,493,COLOR_SEC
12:12:55.937,1178,litter_yolo,957,498,760,253,1154,743,YOLO
12:12:56.013,1178,litter_colour,1703,409,1612,324,1794,494,COLOR_SEC
12:12:56.077,1179,litter_yolo,965,492,774,259,1157,725,YOLO
12:12:56.152,1179,litter_colour,1704,409,1613,324,1795,494,COLOR_SEC
12:12:56.213,1180,litter_yolo,959,502,763,259,1156,746,YOLO
12:12:56.288,1180,litter_colour,1707,408,1615,324,1800,493,COLOR_SEC
12:12:56.361,1181,litter_yolo,956,487,756,252,1157,722,YOLO
12:12:56.436,1181,litter_colour,1703,404,1615,324,1792,484,COLOR_SEC
12:12:56.497,1182,litter_yolo,960,487,762,251,1158,723,YOLO
12:12:56.571,1182,litter_colour,1708,406,1619,324,1797,488,COLOR_SEC
12:12:56.644,1183,litter_yolo,954,489,747,251,1162,728,YOLO
12:12:56.720,1183,litter_colour,1710,405,1621,324,1799,486,COLOR_SEC
12:12:56.785,1184,litter_yolo,966,486,774,247,1158,726,YOLO
12:12:56.858,1184,litter_colour,1709,404,1621,324,1798,484,COLOR_SEC
12:12:56.927,1185,litter_yolo,958,484,760,249,1156,719,YOLO
12:12:57.004,1185,litter_colour,1708,402,1620,324,1797,481,COLOR_SEC
12:12:57.069,1186,litter_yolo,964,478,765,250,1164,706,YOLO
12:12:57.145,1186,litter_colour,1711,404,1624,324,1799,485,COLOR_SEC
12:12:57.209,1187,litter_yolo,962,483,764,249,1160,718,YOLO
12:12:57.283,1187,litter_colour,1714,404,1626,324,1802,484,COLOR_SEC
12:12:57.345,1188,litter_yolo,959,479,762,249,1156,709,YOLO
12:12:57.421,1188,litter_colour,1717,403,1628,324,1807,483,COLOR_SEC
12:12:57.486,1189,litter_yolo,950,486,742,243,1158,729,YOLO
12:12:57.632,1190,litter_yolo,966,479,776,246,1157,713,YOLO
12:12:58.130,1193,litter_colour,1717,402,1628,324,1807,481,COLOR_SEC
12:12:58.340,1195,litter_yolo,998,450,777,197,1220,703,YOLO
12:12:58.481,1196,litter_yolo,971,474,776,245,1167,703,YOLO
12:12:58.905,1199,litter_yolo,959,469,755,232,1163,707,YOLO
12:12:59.049,1200,litter_yolo,939,493,721,236,1158,750,YOLO
12:12:59.266,1201,litter_colour,1717,400,1632,324,1802,476,COLOR_SEC
12:12:59.466,1203,litter_yolo,944,475,733,236,1155,715,YOLO
12:12:59.608,1204,litter_yolo,964,469,768,231,1160,707,YOLO
12:12:59.749,1205,litter_yolo,950,471,743,230,1157,712,YOLO
12:12:59.891,1206,litter_yolo,946,478,738,241,1154,715,YOLO
12:13:00.036,1207,litter_yolo,943,476,740,237,1146,716,YOLO
12:13:00.173,1208,litter_yolo,939,476,735,239,1143,713,YOLO
12:13:00.320,1209,litter_yolo,937,478,729,234,1145,723,YOLO
12:13:00.602,1211,litter_yolo,932,474,724,231,1140,718,YOLO
12:13:00.745,1212,litter_yolo,932,474,732,232,1133,717,YOLO
12:13:00.884,1213,litter_yolo,934,469,734,230,1135,709,YOLO
12:13:01.027,1214,litter_yolo,937,459,728,217,1146,702,YOLO
12:13:01.170,1215,litter_yolo,933,467,726,226,1140,709,YOLO
12:13:01.309,1216,litter_yolo,932,468,726,221,1139,715,YOLO
12:13:01.451,1217,litter_yolo,939,458,738,218,1140,698,YOLO
12:13:01.592,1218,litter_yolo,937,456,737,219,1138,693,YOLO
12:13:01.735,1219,litter_yolo,941,449,743,204,1139,695,YOLO
12:13:01.869,1220,litter_yolo,931,452,730,206,1133,698,YOLO
12:13:02.018,1221,litter_yolo,930,452,728,209,1132,695,YOLO
12:13:02.094,1221,litter_colour,1742,389,1664,324,1821,454,COLOR_SEC
12:13:02.157,1222,litter_yolo,932,440,728,196,1137,685,YOLO
12:13:02.232,1222,litter_colour,1734,383,1660,324,1809,443,COLOR_SEC
12:13:02.296,1223,litter_yolo,938,449,732,208,1144,690,YOLO
12:13:02.371,1223,litter_colour,1747,386,1671,324,1824,448,COLOR_SEC
12:13:02.440,1224,litter_yolo,933,443,727,206,1140,680,YOLO
12:13:02.518,1224,litter_colour,1750,385,1674,324,1827,446,COLOR_SEC
12:13:02.582,1225,litter_yolo,937,450,736,212,1138,689,YOLO
12:13:02.723,1226,litter_yolo,921,452,724,213,1119,692,YOLO
12:13:02.866,1227,litter_yolo,930,456,727,211,1134,701,YOLO
12:13:02.942,1227,litter_colour,1754,386,1678,324,1831,448,COLOR_SEC
12:13:03.006,1228,litter_yolo,934,439,733,199,1135,679,YOLO
12:13:03.147,1229,litter_yolo,929,458,728,211,1130,705,YOLO
12:13:03.289,1230,litter_yolo,915,459,713,215,1118,704,YOLO
12:13:03.430,1231,litter_yolo,925,443,725,210,1125,676,YOLO
12:13:03.566,1232,litter_yolo,927,439,722,194,1133,685,YOLO
12:13:03.710,1233,litter_yolo,935,437,729,192,1141,682,YOLO
12:13:03.853,1234,litter_yolo,923,439,722,198,1125,681,YOLO
12:13:03.994,1235,litter_yolo,910,454,709,207,1112,701,YOLO
12:13:04.137,1236,litter_yolo,919,440,716,199,1123,681,YOLO
12:13:04.278,1237,litter_yolo,929,433,722,182,1136,684,YOLO
12:13:04.419,1238,litter_yolo,927,445,726,191,1129,699,YOLO
12:13:04.562,1239,litter_yolo,923,442,720,195,1126,689,YOLO
12:13:04.702,1240,litter_yolo,923,432,723,187,1124,678,YOLO
12:13:04.843,1241,litter_yolo,930,437,727,195,1134,680,YOLO
12:13:04.986,1242,litter_yolo,939,434,740,187,1139,682,YOLO
12:13:05.127,1243,litter_yolo,943,438,736,194,1151,682,YOLO
12:13:06.115,1250,litter_yolo,888,438,678,187,1099,690,YOLO
12:13:06.259,1251,litter_yolo,878,434,670,186,1087,682,YOLO
12:13:06.402,1252,litter_yolo,877,434,668,187,1086,681,YOLO
12:13:06.541,1253,litter_yolo,865,440,653,187,1078,693,YOLO
12:13:06.684,1254,litter_yolo,860,471,662,228,1059,715,YOLO
12:13:06.822,1255,litter_yolo,862,473,667,234,1057,712,YOLO
12:13:06.964,1256,litter_yolo,893,499,706,258,1081,741,YOLO
12:13:07.106,1257,litter_yolo,900,481,712,241,1089,722,YOLO
12:13:07.247,1258,litter_yolo,892,457,698,223,1087,692,YOLO
12:13:07.527,1260,litter_yolo,903,452,714,223,1093,681,YOLO
12:13:07.666,1261,litter_yolo,918,448,726,230,1111,667,YOLO
12:13:07.812,1262,litter_yolo,975,473,788,246,1163,700,YOLO
12:13:07.954,1263,litter_yolo,978,487,795,262,1161,712,YOLO
12:13:08.091,1264,litter_yolo,974,506,794,282,1155,731,YOLO
12:13:08.232,1265,litter_yolo,968,506,790,284,1147,729,YOLO
12:13:08.378,1266,litter_yolo,968,470,791,267,1146,674,YOLO
12:13:08.519,1267,litter_yolo,967,493,786,265,1148,721,YOLO
12:13:08.661,1268,litter_yolo,957,495,781,275,1134,715,YOLO
12:13:08.800,1269,litter_yolo,954,466,778,260,1131,673,YOLO
12:13:08.937,1270,litter_yolo,958,467,780,253,1137,682,YOLO
12:13:09.086,1271,litter_yolo,963,497,784,264,1143,730,YOLO
12:13:09.225,1272,litter_yolo,958,513,757,241,1159,785,YOLO
12:13:09.367,1273,litter_yolo,995,519,810,261,1181,777,YOLO
12:13:09.505,1274,litter_yolo,1024,512,854,279,1195,746,YOLO
12:13:09.647,1275,litter_yolo,968,541,724,275,1212,808,YOLO
12:13:09.793,1276,litter_yolo,987,527,741,256,1233,798,YOLO
12:13:09.793,1276,litter_yolo,1048,508,871,260,1225,757,YOLO
12:13:09.934,1277,litter_yolo,1048,480,871,250,1225,711,YOLO
12:13:09.934,1277,litter_yolo,981,518,740,246,1223,790,YOLO
12:13:10.215,1279,litter_yolo,969,516,723,243,1216,790,YOLO
12:13:10.353,1280,litter_yolo,969,521,720,253,1219,790,YOLO
12:13:10.498,1281,litter_yolo,972,518,724,249,1221,787,YOLO
12:13:10.640,1282,litter_yolo,983,510,730,246,1237,774,YOLO
12:13:10.922,1284,litter_yolo,954,511,708,249,1200,774,YOLO
12:13:11.059,1285,litter_yolo,1033,460,853,232,1213,688,YOLO
12:13:11.346,1287,litter_yolo,996,461,810,223,1182,700,YOLO
12:13:11.489,1288,litter_yolo,962,483,743,225,1182,741,YOLO
12:13:11.626,1289,litter_yolo,951,481,728,222,1175,741,YOLO
12:13:12.336,1294,litter_yolo,987,432,790,183,1184,681,YOLO
12:13:12.478,1295,litter_yolo,967,440,774,197,1161,683,YOLO
12:13:12.619,1296,litter_yolo,968,455,770,209,1166,701,YOLO
12:13:12.760,1297,litter_yolo,980,428,788,179,1173,677,YOLO
12:13:12.901,1298,litter_yolo,969,445,773,201,1165,689,YOLO
12:13:13.043,1299,litter_yolo,963,455,776,214,1150,696,YOLO
12:13:13.180,1300,litter_yolo,967,438,780,201,1155,675,YOLO
12:13:13.326,1301,litter_yolo,982,431,787,191,1178,671,YOLO
12:13:13.468,1302,litter_yolo,980,432,774,180,1187,684,YOLO
12:13:13.604,1303,litter_yolo,975,450,769,205,1182,695,YOLO
12:13:13.748,1304,litter_yolo,967,449,762,202,1172,697,YOLO
12:13:13.891,1305,litter_yolo,974,439,774,186,1175,693,YOLO
12:13:14.034,1306,litter_yolo,969,441,771,195,1168,688,YOLO
12:13:14.175,1307,litter_yolo,971,435,776,188,1166,682,YOLO
12:13:14.316,1308,litter_yolo,979,441,786,200,1173,683,YOLO
12:13:14.457,1309,litter_yolo,985,437,784,187,1186,687,YOLO
12:13:14.600,1310,litter_yolo,987,435,791,187,1184,683,YOLO
12:13:14.740,1311,litter_yolo,982,426,790,190,1175,663,YOLO
12:13:14.881,1312,litter_yolo,980,438,789,195,1171,682,YOLO
12:13:15.024,1313,litter_yolo,979,431,786,186,1172,676,YOLO
12:13:15.163,1314,litter_yolo,981,432,787,186,1175,679,YOLO
12:13:15.300,1315,litter_yolo,980,429,788,186,1173,673,YOLO
12:13:15.448,1316,litter_yolo,974,429,778,190,1171,669,YOLO
12:13:15.589,1317,litter_yolo,980,427,790,183,1170,671,YOLO
12:13:15.725,1318,litter_yolo,981,425,789,192,1173,658,YOLO
12:13:15.872,1319,litter_yolo,981,415,790,184,1173,646,YOLO
12:13:16.011,1320,litter_yolo,986,428,787,175,1185,681,YOLO
12:13:16.154,1321,litter_yolo,982,430,781,173,1183,687,YOLO
12:13:16.296,1322,litter_yolo,976,438,770,181,1183,696,YOLO
12:13:16.438,1323,litter_yolo,983,427,782,170,1184,685,YOLO
12:13:16.579,1324,litter_yolo,966,433,750,171,1183,695,YOLO
12:13:16.719,1325,litter_yolo,1000,449,806,197,1194,702,YOLO
12:13:16.856,1326,litter_yolo,1033,433,843,181,1223,686,YOLO
12:13:17.003,1327,litter_yolo,1032,431,845,190,1219,673,YOLO
12:13:17.992,1334,litter_yolo,962,458,708,183,1217,733,YOLO
12:13:17.992,1334,litter_yolo,1020,430,830,181,1211,679,YOLO
12:13:18.270,1336,litter_yolo,1035,434,849,197,1222,672,YOLO
12:13:18.412,1337,litter_yolo,979,458,720,184,1238,733,YOLO
12:13:18.553,1338,litter_yolo,970,464,711,188,1229,741,YOLO
12:13:18.841,1340,litter_yolo,1025,431,840,191,1211,671,YOLO
12:13:18.841,1340,litter_yolo,962,466,712,185,1212,748,YOLO
12:13:18.982,1341,litter_yolo,1021,438,837,199,1205,678,YOLO
12:13:18.982,1341,litter_yolo,975,469,747,195,1204,744,YOLO
12:13:19.122,1342,litter_yolo,1003,419,807,176,1200,662,YOLO
12:13:19.265,1343,litter_yolo,988,403,785,155,1192,651,YOLO
12:13:19.401,1344,litter_yolo,971,395,774,165,1169,625,YOLO
12:13:19.541,1345,litter_yolo,965,413,766,164,1165,662,YOLO
12:13:19.686,1346,litter_yolo,976,404,782,153,1170,656,YOLO
12:13:19.830,1347,litter_yolo,970,403,774,156,1167,651,YOLO
12:13:19.972,1348,litter_yolo,985,412,789,163,1182,661,YOLO
12:13:20.535,1352,litter_yolo,966,458,704,179,1229,738,YOLO
12:13:20.535,1352,litter_yolo,1031,432,839,191,1224,673,YOLO
12:13:20.678,1353,litter_yolo,994,419,788,162,1200,676,YOLO
12:13:20.820,1354,litter_yolo,981,428,781,175,1182,682,YOLO
12:13:20.963,1355,litter_yolo,981,424,782,171,1181,677,YOLO
12:13:21.103,1356,litter_yolo,967,412,769,173,1166,651,YOLO
12:13:21.243,1357,litter_yolo,964,428,766,180,1163,677,YOLO
12:13:21.386,1358,litter_yolo,957,427,759,180,1156,675,YOLO
12:13:21.527,1359,litter_yolo,943,422,745,177,1141,668,YOLO
12:13:21.669,1360,litter_yolo,945,429,744,188,1147,670,YOLO
12:13:21.810,1361,litter_yolo,926,443,715,185,1137,702,YOLO
12:13:21.952,1362,litter_yolo,928,444,716,183,1141,706,YOLO
12:13:22.092,1363,litter_yolo,925,454,715,198,1136,710,YOLO
12:13:22.235,1364,litter_yolo,946,455,752,213,1141,698,YOLO
12:13:22.372,1365,litter_yolo,943,438,736,189,1151,687,YOLO
12:13:22.518,1366,litter_yolo,978,464,784,219,1173,710,YOLO
12:13:23.647,1374,litter_yolo,928,429,713,166,1143,692,YOLO
12:13:23.788,1375,litter_yolo,878,446,674,204,1082,689,YOLO
12:13:23.932,1376,litter_yolo,863,459,650,196,1076,722,YOLO
12:13:24.072,1377,litter_yolo,880,444,674,184,1086,704,YOLO
12:13:24.214,1378,litter_yolo,865,458,650,193,1080,723,YOLO
12:13:24.355,1379,litter_yolo,844,450,647,202,1041,698,YOLO
12:13:24.496,1380,litter_yolo,843,451,641,195,1045,708,YOLO
12:13:24.637,1381,litter_yolo,862,460,640,179,1084,742,YOLO
12:13:24.780,1382,litter_yolo,903,431,690,159,1117,703,YOLO
12:13:24.922,1383,litter_yolo,949,392,740,124,1158,660,YOLO
12:13:25.768,1389,litter_yolo,470,797,275,516,666,1079,YOLO
12:13:26.053,1391,litter_yolo,1159,833,986,591,1332,1075,YOLO
12:13:26.193,1392,litter_yolo,1325,739,1054,483,1597,996,YOLO
12:13:26.334,1393,litter_yolo,1509,724,1246,473,1773,975,YOLO
12:13:26.334,1393,litter_yolo,560,428,500,395,620,462,YOLO
12:13:26.478,1394,litter_yolo,1570,709,1336,467,1804,952,YOLO
12:13:26.616,1395,litter_yolo,1541,700,1304,449,1778,952,YOLO
12:13:26.758,1396,litter_yolo,1398,738,1177,492,1620,985,YOLO
12:13:26.900,1397,litter_yolo,1116,765,943,522,1290,1009,YOLO
12:13:27.040,1398,litter_yolo,1037,850,881,625,1193,1075,YOLO
12:13:28.027,1405,litter_yolo,1254,362,900,82,1608,643,YOLO
12:13:29.586,1416,litter_yolo,991,773,834,531,1148,1016,YOLO
12:13:29.727,1417,litter_yolo,1001,752,846,512,1157,992,YOLO
12:13:29.803,1417,litter_motion,451,1059,411,1039,492,1080,COLOR_SEC
12:13:29.869,1418,litter_yolo,1026,733,868,480,1184,987,YOLO
12:13:29.946,1418,litter_motion,447,1059,414,1039,481,1080,COLOR_SEC
12:13:30.010,1419,litter_yolo,1064,725,896,463,1232,987,YOLO
12:13:30.086,1419,litter_motion,446,1059,414,1039,479,1080,COLOR_SEC
12:13:30.152,1420,litter_yolo,1107,714,930,441,1284,988,YOLO
12:13:30.230,1420,litter_motion,446,1059,414,1039,478,1080,COLOR_SEC
12:13:30.370,1421,litter_motion,442,1059,414,1039,471,1080,COLOR_SEC
12:13:30.435,1422,litter_yolo,1166,678,983,394,1349,962,YOLO
12:13:30.512,1422,litter_motion,445,1059,414,1039,477,1080,COLOR_SEC
12:13:30.648,1423,litter_motion,448,1059,414,1039,482,1080,COLOR_SEC
12:13:30.713,1424,litter_yolo,1148,644,947,338,1349,951,YOLO
12:13:30.853,1425,litter_yolo,1130,636,926,321,1334,952,YOLO
12:13:30.994,1426,litter_yolo,1118,634,910,313,1327,955,YOLO
12:13:31.070,1426,litter_motion,449,1059,387,1039,511,1080,COLOR_SEC
12:13:31.144,1427,litter_yolo,1114,569,901,306,1328,833,YOLO
12:13:31.221,1427,litter_motion,454,1059,388,1039,521,1080,COLOR_SEC
12:13:31.221,1427,litter_motion,16,1046,0,1015,32,1077,COLOR_SEC
12:13:31.358,1428,litter_motion,451,1059,388,1039,515,1080,COLOR_SEC
12:13:31.358,1428,litter_motion,16,1045,0,1015,33,1076,COLOR_SEC
12:13:31.358,1428,litter_colour,379,944,334,857,425,1032,COLOR_SEC
12:13:31.358,1428,litter_colour,248,828,148,798,349,858,COLOR_SEC
12:13:31.502,1429,litter_motion,450,1059,387,1039,514,1080,COLOR_SEC
12:13:31.502,1429,litter_motion,17,1045,0,1015,34,1076,COLOR_SEC
12:13:31.502,1429,litter_colour,381,944,334,856,429,1032,COLOR_SEC
12:13:31.502,1429,litter_colour,248,828,148,799,349,858,COLOR_SEC
12:13:31.641,1430,litter_motion,453,1059,384,1039,522,1080,COLOR_SEC
12:13:31.641,1430,litter_motion,17,1045,0,1015,34,1076,COLOR_SEC
12:13:31.641,1430,litter_colour,388,943,334,855,442,1032,COLOR_SEC
12:13:31.641,1430,litter_colour,247,828,148,798,347,858,COLOR_SEC
12:13:31.783,1431,litter_motion,445,1059,384,1039,506,1080,COLOR_SEC
12:13:31.783,1431,litter_colour,386,945,334,858,439,1032,COLOR_SEC
12:13:31.783,1431,litter_colour,248,828,148,798,348,858,COLOR_SEC
12:13:31.921,1432,litter_colour,387,943,334,855,440,1032,COLOR_SEC
12:13:31.921,1432,litter_colour,250,828,148,798,353,858,COLOR_SEC
12:13:32.067,1433,litter_colour,389,944,334,856,444,1032,COLOR_SEC
12:13:32.067,1433,litter_colour,250,828,148,798,352,858,COLOR_SEC
12:13:32.224,1434,litter_motion,240,830,211,802,269,858,COLOR_SEC
12:13:32.224,1434,litter_colour,250,828,148,798,353,858,COLOR_SEC
12:13:32.351,1435,litter_motion,241,830,214,802,268,858,COLOR_SEC
12:13:32.351,1435,litter_colour,252,828,149,799,356,858,COLOR_SEC
12:13:32.489,1436,litter_motion,445,1059,409,1039,481,1080,COLOR_SEC
12:13:32.490,1436,litter_motion,241,830,214,802,268,858,COLOR_SEC
12:13:32.490,1436,litter_colour,251,828,148,799,355,858,COLOR_SEC
12:13:32.628,1437,litter_motion,445,1059,410,1039,480,1080,COLOR_SEC
12:13:32.628,1437,litter_colour,251,828,148,798,354,858,COLOR_SEC
12:13:32.768,1438,litter_motion,446,1059,414,1039,479,1080,COLOR_SEC
12:13:32.930,1439,litter_motion,451,1059,424,1039,479,1080,COLOR_SEC
12:13:32.974,1440,litter_yolo,1105,638,888,330,1323,946,YOLO
12:13:33.051,1440,litter_motion,451,1054,425,1039,478,1069,COLOR_SEC
12:13:33.122,1441,litter_yolo,1093,646,874,331,1313,961,YOLO
12:13:33.370,1442,litter_yolo,1079,643,860,328,1299,958,YOLO
12:13:33.653,1443,litter_yolo,1070,660,850,352,1291,968,YOLO
12:13:33.736,1443,litter_motion,168,821,153,799,184,844,COLOR_SEC
12:13:33.878,1444,litter_yolo,1067,656,842,350,1293,963,YOLO
12:13:34.071,1445,litter_yolo,1058,661,825,352,1291,970,YOLO
12:13:34.212,1446,litter_yolo,1053,663,818,353,1289,973,YOLO
12:13:34.288,1446,litter_colour,252,828,149,798,355,858,COLOR_SEC
12:13:34.353,1447,litter_yolo,1049,669,815,364,1283,975,YOLO
12:13:34.627,1448,litter_yolo,1047,670,816,363,1279,977,YOLO
12:13:34.812,1449,litter_yolo,1052,673,814,365,1290,981,YOLO
12:13:34.955,1450,litter_yolo,1044,662,816,347,1273,977,YOLO
12:13:35.094,1451,litter_yolo,1048,663,817,349,1279,978,YOLO
12:13:35.242,1452,litter_yolo,1056,660,827,348,1285,973,YOLO
12:13:35.382,1453,litter_yolo,1065,655,844,344,1286,966,YOLO
12:13:35.524,1454,litter_yolo,1066,658,848,349,1285,967,YOLO
12:13:35.664,1455,litter_yolo,1066,662,848,352,1285,973,YOLO
12:13:35.807,1456,litter_yolo,1063,656,842,353,1284,960,YOLO
12:13:35.949,1457,litter_yolo,1059,659,844,363,1274,956,YOLO
12:13:36.090,1458,litter_yolo,1053,681,848,402,1259,960,YOLO
