timestamp,frame,label,cx,cy,x1,y1,x2,y2,source
19:35:52.948,7,litter_yolo,448,448,112,367,785,529,YOLO
19:35:53.737,20,litter_yolo,542,519,30,359,1054,679,YOLO
19:35:54.994,38,litter_yolo,381,500,21,356,741,644,YOLO
19:35:55.054,39,litter_yolo,375,500,15,357,735,644,YOLO
19:35:55.239,42,litter_yolo,371,498,6,357,737,640,YOLO
19:35:55.359,44,litter_yolo,368,512,5,358,731,667,YOLO
19:35:58.857,102,litter_yolo,372,449,43,322,702,576,YOLO
19:35:58.979,104,litter_yolo,346,448,8,319,685,577,YOLO
19:35:59.037,105,litter_yolo,498,448,19,314,977,582,YOLO
19:35:59.219,108,litter_yolo,502,452,26,318,978,586,YOLO
19:35:59.279,109,litter_yolo,501,429,18,317,985,541,YOLO
19:35:59.339,110,litter_yolo,492,447,11,316,974,578,YOLO
19:35:59.400,111,litter_yolo,493,453,15,316,971,591,YOLO
19:35:59.521,113,litter_yolo,491,452,16,313,966,592,YOLO
19:35:59.521,113,litter_yolo,343,452,8,317,678,587,YOLO
19:35:59.761,117,litter_yolo,355,448,24,316,687,580,YOLO
19:35:59.822,118,litter_yolo,345,453,10,315,680,592,YOLO
19:35:59.883,119,litter_yolo,345,449,13,315,677,584,YOLO
19:35:59.947,120,litter_yolo,348,453,15,308,682,599,YOLO
19:36:00.007,121,litter_yolo,338,450,4,312,672,589,YOLO
19:36:00.070,122,litter_yolo,340,454,9,312,672,596,YOLO
19:36:00.136,123,litter_yolo,343,451,9,311,677,592,YOLO
19:36:00.318,126,litter_yolo,469,442,8,306,930,578,YOLO
19:36:00.440,128,litter_yolo,471,442,6,309,937,575,YOLO
19:36:02.618,164,litter_yolo,469,389,8,280,930,498,YOLO
19:36:12.067,319,litter_yolo,822,367,745,331,899,404,YOLO
19:36:12.129,320,litter_yolo,823,368,746,333,900,404,YOLO
19:36:12.372,324,litter_yolo,819,368,744,335,894,401,YOLO
19:36:12.372,324,litter_yolo,629,437,468,326,791,548,YOLO
19:36:14.932,366,litter_yolo,623,480,442,360,805,601,YOLO
19:36:14.993,367,litter_yolo,618,477,441,359,795,596,YOLO
19:36:15.054,368,litter_yolo,620,481,441,360,800,602,YOLO
19:36:15.113,369,litter_yolo,621,481,440,361,802,602,YOLO
19:36:15.174,370,litter_yolo,622,483,441,362,803,604,YOLO
19:36:15.293,372,litter_yolo,613,478,437,363,790,593,YOLO
19:36:15.353,373,litter_yolo,614,475,437,363,791,587,YOLO
19:36:15.413,374,litter_yolo,618,479,437,363,799,595,YOLO
19:36:15.476,375,litter_yolo,622,484,438,363,807,605,YOLO
19:36:15.536,376,litter_yolo,622,479,436,363,809,595,YOLO
19:36:15.720,379,litter_yolo,610,472,432,364,789,580,YOLO
19:36:15.782,380,litter_yolo,612,480,432,364,793,597,YOLO
19:36:15.844,381,litter_yolo,613,487,429,362,798,613,YOLO
19:36:16.083,385,litter_yolo,606,498,427,371,786,625,YOLO
19:36:16.144,386,litter_yolo,605,501,424,373,786,630,YOLO
19:36:16.204,387,litter_yolo,602,503,419,374,786,632,YOLO
19:36:16.264,388,litter_yolo,604,503,421,377,788,629,YOLO
19:36:16.323,389,litter_yolo,604,504,421,379,788,630,YOLO
19:36:16.625,394,litter_yolo,601,506,415,385,788,628,YOLO
19:36:16.807,397,litter_yolo,599,511,413,386,786,637,YOLO
19:36:16.988,400,litter_yolo,599,515,409,391,789,639,YOLO
19:36:17.050,401,litter_yolo,597,517,407,394,787,640,YOLO
19:36:17.110,402,litter_yolo,595,520,407,395,783,645,YOLO
19:36:17.171,403,litter_yolo,595,517,407,394,783,641,YOLO
19:36:17.230,404,litter_yolo,595,514,406,393,785,636,YOLO
19:36:17.289,405,litter_yolo,595,512,405,391,785,634,YOLO
19:36:17.289,405,litter_yolo,659,504,404,383,914,625,YOLO
19:36:17.349,406,litter_yolo,594,514,404,392,784,636,YOLO
19:36:17.410,407,litter_yolo,594,515,404,392,784,639,YOLO
19:36:17.479,408,litter_yolo,593,519,403,390,784,648,YOLO
19:36:17.542,409,litter_yolo,593,519,403,389,783,649,YOLO
19:36:17.602,410,litter_yolo,591,520,401,387,782,653,YOLO
19:36:17.662,411,litter_yolo,590,520,398,386,782,654,YOLO
19:36:17.723,412,litter_yolo,589,517,397,385,781,649,YOLO
19:36:17.784,413,litter_yolo,590,508,394,381,787,636,YOLO
19:36:17.844,414,litter_yolo,589,509,392,382,787,636,YOLO
19:36:17.905,415,litter_yolo,588,505,390,383,787,628,YOLO
19:36:17.967,416,litter_yolo,587,504,388,384,786,624,YOLO
19:36:18.030,417,litter_yolo,586,503,388,382,785,624,YOLO
19:36:18.091,418,litter_yolo,586,503,387,382,786,624,YOLO
19:36:18.151,419,litter_yolo,586,501,386,381,786,621,YOLO
19:36:18.210,420,litter_yolo,586,501,386,381,787,621,YOLO
19:36:18.271,421,litter_yolo,583,508,384,384,783,632,YOLO
19:36:18.331,422,litter_yolo,579,510,382,381,777,640,YOLO
19:36:18.392,423,litter_yolo,579,509,381,380,777,638,YOLO
19:36:18.452,424,litter_yolo,579,512,378,383,780,642,YOLO
19:36:18.511,425,litter_yolo,577,517,373,384,781,651,YOLO
19:36:18.572,426,litter_yolo,574,512,371,381,778,644,YOLO
19:36:18.633,427,litter_yolo,573,517,370,380,777,655,YOLO
19:36:18.694,428,litter_yolo,576,521,370,381,783,662,YOLO
19:36:18.755,429,litter_yolo,576,520,368,381,784,660,YOLO
19:36:18.816,430,litter_yolo,571,527,367,384,775,671,YOLO
19:36:18.877,431,litter_yolo,571,521,366,384,776,659,YOLO
19:36:18.937,432,litter_yolo,568,533,364,387,773,679,YOLO
19:36:18.998,433,litter_yolo,566,524,361,388,771,661,YOLO
19:36:19.058,434,litter_yolo,565,522,359,388,772,656,YOLO
19:36:19.120,435,litter_yolo,564,527,355,385,773,669,YOLO
19:36:19.182,436,litter_yolo,565,525,352,383,779,667,YOLO
19:36:19.243,437,litter_yolo,565,526,348,381,783,672,YOLO
19:36:19.305,438,litter_yolo,565,524,346,381,785,667,YOLO
19:36:19.365,439,litter_yolo,564,528,342,382,786,674,YOLO
19:36:19.424,440,litter_yolo,553,530,338,382,769,678,YOLO
19:36:19.483,441,litter_yolo,548,528,334,381,762,675,YOLO
19:36:19.543,442,litter_yolo,551,526,332,378,771,675,YOLO
19:36:19.665,444,litter_yolo,544,527,329,382,759,673,YOLO
19:36:19.725,445,litter_yolo,552,521,325,375,779,668,YOLO
19:36:19.848,447,litter_yolo,549,525,318,381,780,669,YOLO
19:36:19.908,448,litter_yolo,530,518,314,381,747,655,YOLO
19:36:19.968,449,litter_yolo,537,513,314,373,761,654,YOLO
19:36:20.029,450,litter_yolo,532,506,312,372,753,641,YOLO
19:36:20.091,451,litter_yolo,533,507,305,375,762,639,YOLO
19:36:20.213,453,litter_yolo,523,511,299,372,748,650,YOLO
19:36:20.332,455,litter_yolo,521,507,295,365,747,649,YOLO
19:36:20.388,456,litter_yolo,518,507,292,366,745,648,YOLO
19:36:20.448,457,litter_yolo,513,517,289,366,738,669,YOLO
19:36:20.508,458,litter_yolo,509,514,284,366,735,662,YOLO
19:36:20.568,459,litter_yolo,522,517,279,365,765,670,YOLO
19:36:20.629,460,litter_yolo,512,514,275,365,749,664,YOLO
19:36:20.688,461,litter_yolo,506,517,277,365,735,670,YOLO
19:36:20.748,462,litter_yolo,508,515,275,365,741,666,YOLO
19:36:20.809,463,litter_yolo,503,514,271,364,735,665,YOLO
19:36:20.868,464,litter_yolo,499,517,269,365,730,669,YOLO
19:36:20.929,465,litter_yolo,495,509,263,366,727,652,YOLO
19:36:20.988,466,litter_yolo,492,511,261,366,724,656,YOLO
19:36:21.047,467,litter_yolo,491,519,258,364,724,674,YOLO
19:36:21.106,468,litter_yolo,490,522,256,361,725,683,YOLO
19:36:21.166,469,litter_yolo,491,521,255,361,727,681,YOLO
19:36:21.228,470,litter_yolo,490,521,253,360,728,682,YOLO
19:36:21.287,471,litter_yolo,482,524,248,360,716,689,YOLO
19:36:21.349,472,litter_yolo,478,523,241,359,715,688,YOLO
19:36:21.408,473,litter_yolo,481,523,236,358,727,688,YOLO
19:36:21.468,474,litter_yolo,489,520,232,354,747,686,YOLO
19:36:21.528,475,litter_yolo,478,520,230,352,726,689,YOLO
19:36:21.588,476,litter_yolo,474,515,229,356,720,675,YOLO
19:36:21.649,477,litter_yolo,473,510,227,356,719,664,YOLO
19:36:21.709,478,litter_yolo,476,506,224,355,728,657,YOLO
19:36:21.828,480,litter_yolo,463,506,220,352,706,661,YOLO
19:36:21.888,481,litter_yolo,469,506,219,347,720,666,YOLO
19:36:21.949,482,litter_yolo,459,500,215,346,704,655,YOLO
19:36:22.010,483,litter_yolo,465,503,216,344,714,662,YOLO
19:36:22.070,484,litter_yolo,464,502,214,344,714,661,YOLO
19:36:22.130,485,litter_yolo,463,499,209,344,717,654,YOLO
19:36:22.194,486,litter_yolo,466,501,207,343,726,660,YOLO
19:36:22.255,487,litter_yolo,456,503,201,346,711,661,YOLO
19:36:22.315,488,litter_yolo,455,509,200,349,710,670,YOLO
19:36:22.375,489,litter_yolo,456,510,198,349,714,671,YOLO
19:36:22.444,490,litter_yolo,507,506,197,347,818,665,YOLO
19:36:22.520,491,litter_yolo,459,492,189,343,730,641,YOLO
19:36:22.586,492,litter_yolo,448,499,185,342,712,656,YOLO
19:36:22.649,493,litter_yolo,440,499,182,346,699,653,YOLO
19:36:22.708,494,litter_yolo,437,497,181,346,693,649,YOLO
19:36:22.767,495,litter_yolo,443,501,182,345,704,657,YOLO
19:36:22.828,496,litter_yolo,442,505,181,347,703,664,YOLO
19:36:22.889,497,litter_yolo,445,502,179,343,712,661,YOLO
19:36:22.949,498,litter_yolo,447,503,176,338,718,668,YOLO
19:36:23.011,499,litter_yolo,440,500,169,338,711,662,YOLO
19:36:23.072,500,litter_yolo,426,502,163,340,690,664,YOLO
19:36:23.133,501,litter_yolo,437,507,164,335,710,679,YOLO
19:36:23.193,502,litter_yolo,434,507,161,333,708,682,YOLO
19:36:23.255,503,litter_yolo,421,509,158,337,685,681,YOLO
19:36:23.315,504,litter_yolo,426,496,153,331,700,661,YOLO
19:36:23.377,505,litter_yolo,424,494,149,330,699,658,YOLO
19:36:23.437,506,litter_yolo,420,492,145,332,695,653,YOLO
19:36:23.498,507,litter_yolo,418,494,142,335,695,653,YOLO
19:36:23.559,508,litter_yolo,413,493,140,330,686,656,YOLO
19:36:23.619,509,litter_yolo,411,487,138,322,685,653,YOLO
19:36:23.679,510,litter_yolo,411,489,125,322,698,656,YOLO
19:36:23.738,511,litter_yolo,405,483,120,315,691,652,YOLO
19:36:23.800,512,litter_yolo,402,482,116,313,688,651,YOLO
19:36:23.860,513,litter_yolo,407,489,120,318,694,661,YOLO
19:36:23.922,514,litter_yolo,395,487,114,320,677,654,YOLO
19:36:23.980,515,litter_yolo,397,483,112,314,682,653,YOLO
19:36:24.040,516,litter_yolo,397,480,112,309,682,651,YOLO
19:36:24.101,517,litter_yolo,396,481,110,306,683,656,YOLO
19:36:24.161,518,litter_yolo,393,482,103,303,683,661,YOLO
19:36:24.220,519,litter_yolo,391,483,102,303,680,663,YOLO
19:36:24.279,520,litter_yolo,388,479,97,304,679,655,YOLO
19:36:24.339,521,litter_yolo,387,483,98,303,677,664,YOLO
19:36:24.397,522,litter_yolo,388,474,100,301,677,648,YOLO
19:36:24.460,523,litter_yolo,386,474,96,298,676,651,YOLO
19:36:24.519,524,litter_yolo,384,477,92,297,676,657,YOLO
19:36:24.578,525,litter_yolo,382,481,88,295,676,667,YOLO
19:36:24.639,526,litter_yolo,380,483,84,296,676,671,YOLO
19:36:24.697,527,litter_yolo,378,486,80,298,677,674,YOLO
19:36:24.756,528,litter_yolo,375,481,76,297,674,665,YOLO
19:36:24.816,529,litter_yolo,373,481,75,299,671,664,YOLO
19:36:24.877,530,litter_yolo,370,483,71,298,670,669,YOLO
19:36:24.936,531,litter_yolo,371,485,70,300,672,670,YOLO
19:36:25.120,534,litter_yolo,369,490,67,305,672,676,YOLO
19:36:25.182,535,litter_yolo,368,493,64,308,672,678,YOLO
19:36:25.242,536,litter_yolo,366,492,62,307,671,677,YOLO
19:36:25.305,537,litter_yolo,367,496,61,306,673,686,YOLO
19:36:25.364,538,litter_yolo,364,495,59,307,670,684,YOLO
19:36:25.426,539,litter_yolo,363,497,55,308,672,686,YOLO
19:36:25.486,540,litter_yolo,360,498,51,306,669,691,YOLO
19:36:25.546,541,litter_yolo,359,496,49,309,670,684,YOLO
19:36:25.604,542,litter_yolo,359,497,48,309,670,685,YOLO
19:36:25.665,543,litter_yolo,358,500,48,307,669,693,YOLO
19:36:25.725,544,litter_yolo,359,499,48,306,671,692,YOLO
19:36:25.786,545,litter_yolo,357,500,43,304,671,696,YOLO
19:36:25.845,546,litter_yolo,355,500,41,304,670,696,YOLO
19:36:25.906,547,litter_yolo,354,499,40,303,669,696,YOLO
19:36:25.967,548,litter_yolo,353,497,38,302,669,693,YOLO
19:36:26.029,549,litter_yolo,352,500,36,301,668,700,YOLO
19:36:26.088,550,litter_yolo,351,500,34,300,668,700,YOLO
19:36:26.147,551,litter_yolo,352,497,34,300,670,695,YOLO
19:36:26.207,552,litter_yolo,351,500,32,300,671,700,YOLO
19:36:26.268,553,litter_yolo,350,500,31,299,669,701,YOLO
19:36:26.328,554,litter_yolo,349,500,30,299,668,701,YOLO
19:36:26.388,555,litter_yolo,347,500,27,299,668,701,YOLO
19:36:26.450,556,litter_yolo,346,493,23,299,670,688,YOLO
19:36:26.509,557,litter_yolo,345,497,20,299,671,695,YOLO
19:36:26.570,558,litter_yolo,344,492,13,299,676,685,YOLO
19:36:26.630,559,litter_yolo,343,493,10,298,677,689,YOLO
19:36:26.691,560,litter_yolo,341,496,8,297,674,695,YOLO
19:36:26.752,561,litter_yolo,340,495,6,300,675,691,YOLO
19:36:26.813,562,litter_yolo,341,501,6,300,677,703,YOLO
19:36:26.873,563,litter_yolo,341,507,3,306,679,709,YOLO
19:36:26.934,564,litter_yolo,341,506,1,302,681,710,YOLO
19:36:26.994,565,litter_yolo,341,506,0,306,683,706,YOLO
19:36:27.056,566,litter_yolo,336,505,1,304,671,707,YOLO
19:36:27.125,567,litter_yolo,328,511,0,308,656,714,YOLO
19:36:27.187,568,litter_yolo,333,510,0,305,667,716,YOLO
19:36:27.247,569,litter_yolo,341,516,3,307,679,726,YOLO
19:36:27.308,570,litter_yolo,342,513,4,310,680,716,YOLO
19:36:27.368,571,litter_yolo,342,520,2,312,682,729,YOLO
19:36:27.431,572,litter_yolo,336,516,1,319,672,713,YOLO
19:36:27.491,573,litter_yolo,339,523,2,321,676,726,YOLO
19:36:27.552,574,litter_yolo,342,521,2,317,683,726,YOLO
19:36:27.614,575,litter_yolo,342,525,0,318,685,733,YOLO
19:36:27.671,576,litter_yolo,341,530,0,322,682,738,YOLO
19:36:27.792,578,litter_yolo,333,535,0,323,667,748,YOLO
19:36:29.591,608,litter_yolo,332,588,0,345,664,832,YOLO
19:36:29.887,613,litter_yolo,761,420,634,371,889,470,YOLO
19:36:31.023,632,litter_yolo,748,431,618,384,879,478,YOLO
19:36:31.205,635,litter_yolo,750,433,619,385,881,481,YOLO
19:36:36.868,729,litter_yolo,610,425,459,371,762,479,YOLO
19:36:36.929,730,litter_yolo,610,425,458,370,763,481,YOLO
19:36:37.114,733,litter_yolo,608,423,456,369,760,477,YOLO
19:36:37.175,734,litter_yolo,607,423,455,369,759,478,YOLO
19:36:37.234,735,litter_yolo,607,422,454,369,761,476,YOLO
19:36:37.471,739,litter_yolo,602,426,452,368,753,484,YOLO
19:36:37.531,740,litter_yolo,602,426,452,368,753,484,YOLO
19:36:37.650,742,litter_yolo,602,425,452,368,753,482,YOLO
19:36:37.712,743,litter_yolo,601,425,450,368,752,483,YOLO
19:36:37.771,744,litter_yolo,599,426,447,368,752,484,YOLO
19:36:37.831,745,litter_yolo,599,426,447,368,752,484,YOLO
19:36:37.890,746,litter_yolo,597,426,442,368,752,485,YOLO
19:36:37.950,747,litter_yolo,596,427,440,368,752,486,YOLO
19:36:38.011,748,litter_yolo,594,428,439,369,750,487,YOLO
19:36:38.311,753,litter_yolo,592,426,439,365,745,487,YOLO
19:36:38.371,754,litter_yolo,592,425,439,364,745,486,YOLO
19:36:38.431,755,litter_yolo,592,424,440,363,744,486,YOLO
19:36:38.491,756,litter_yolo,591,424,439,363,743,485,YOLO
19:36:38.551,757,litter_yolo,590,424,437,363,743,485,YOLO
19:36:38.609,758,litter_yolo,588,424,434,363,743,486,YOLO
19:36:38.668,759,litter_yolo,588,424,432,362,744,486,YOLO
19:36:38.786,761,litter_yolo,588,422,434,359,743,485,YOLO
19:36:38.845,762,litter_yolo,588,422,433,359,743,485,YOLO
19:36:38.905,763,litter_yolo,588,422,434,361,742,484,YOLO
19:36:38.964,764,litter_yolo,588,420,434,357,743,484,YOLO
19:36:39.024,765,litter_yolo,588,420,434,357,743,484,YOLO
19:36:39.084,766,litter_yolo,588,420,433,357,743,484,YOLO
19:36:39.146,767,litter_yolo,588,420,434,357,743,484,YOLO
19:36:39.208,768,litter_yolo,588,420,434,357,743,484,YOLO
19:36:39.269,769,litter_yolo,590,420,436,356,744,484,YOLO
19:36:39.328,770,litter_yolo,589,419,435,355,744,484,YOLO
19:36:39.390,771,litter_yolo,590,419,436,354,745,484,YOLO
19:36:39.450,772,litter_yolo,591,419,436,354,746,484,YOLO
19:36:39.510,773,litter_yolo,590,419,435,354,746,484,YOLO
19:36:39.571,774,litter_yolo,590,419,435,354,745,484,YOLO
19:36:39.630,775,litter_yolo,590,419,435,354,746,484,YOLO
19:36:39.691,776,litter_yolo,590,419,436,354,745,484,YOLO
19:36:39.752,777,litter_yolo,591,419,436,354,746,485,YOLO
19:36:39.812,778,litter_yolo,590,420,436,355,745,485,YOLO
19:36:39.874,779,litter_yolo,590,419,436,354,744,485,YOLO
19:36:39.934,780,litter_yolo,589,418,434,353,745,484,YOLO
19:36:39.994,781,litter_yolo,589,418,433,353,745,484,YOLO
19:36:40.052,782,litter_yolo,589,419,434,354,745,485,YOLO
19:36:40.114,783,litter_yolo,589,419,434,354,745,484,YOLO
19:36:40.173,784,litter_yolo,590,419,434,354,746,484,YOLO
19:36:40.233,785,litter_yolo,590,419,434,354,746,484,YOLO
19:36:40.291,786,litter_yolo,590,418,434,353,746,484,YOLO
19:36:40.352,787,litter_yolo,590,418,434,352,747,484,YOLO
19:36:40.413,788,litter_yolo,591,418,434,352,748,484,YOLO
19:36:40.474,789,litter_yolo,591,417,434,351,748,484,YOLO
19:36:40.533,790,litter_yolo,590,417,434,350,747,484,YOLO
19:36:40.594,791,litter_yolo,589,417,433,350,746,485,YOLO
19:36:40.655,792,litter_yolo,589,417,432,350,746,485,YOLO
19:36:40.715,793,litter_yolo,588,416,432,349,745,484,YOLO
19:36:40.776,794,litter_yolo,588,416,431,348,745,484,YOLO
19:36:40.836,795,litter_yolo,588,416,431,348,745,484,YOLO
19:36:40.897,796,litter_yolo,587,416,431,348,744,484,YOLO
19:36:40.959,797,litter_yolo,587,415,431,347,744,484,YOLO
19:36:41.019,798,litter_yolo,587,415,431,347,744,484,YOLO
19:36:41.078,799,litter_yolo,588,415,432,346,744,484,YOLO
19:36:41.137,800,litter_yolo,588,415,432,346,744,484,YOLO
19:36:41.198,801,litter_yolo,589,415,433,346,745,484,YOLO
19:36:41.259,802,litter_yolo,589,414,433,345,746,484,YOLO
19:36:41.320,803,litter_yolo,590,414,434,345,747,484,YOLO
19:36:41.381,804,litter_yolo,591,414,434,345,749,484,YOLO
19:36:41.445,805,litter_yolo,591,414,434,345,748,484,YOLO
19:36:41.506,806,litter_yolo,591,415,434,345,749,485,YOLO
19:36:41.565,807,litter_yolo,591,414,434,345,749,484,YOLO
19:36:41.625,808,litter_yolo,590,414,433,345,748,484,YOLO
19:36:41.686,809,litter_yolo,591,415,434,346,748,484,YOLO
19:36:41.748,810,litter_yolo,592,415,435,347,749,484,YOLO
19:36:41.809,811,litter_yolo,593,415,436,347,751,483,YOLO
19:36:41.870,812,litter_yolo,595,415,435,347,755,484,YOLO
19:36:41.930,813,litter_yolo,595,415,436,347,755,484,YOLO
19:36:41.989,814,litter_yolo,595,415,436,347,755,484,YOLO
19:36:42.050,815,litter_yolo,595,416,436,347,754,485,YOLO
19:36:42.110,816,litter_yolo,595,416,436,347,754,486,YOLO
19:36:42.170,817,litter_yolo,595,417,435,348,755,487,YOLO
19:36:42.230,818,litter_yolo,595,416,435,347,755,485,YOLO
19:36:42.291,819,litter_yolo,595,415,434,347,756,484,YOLO
19:36:42.349,820,litter_yolo,595,415,433,347,757,484,YOLO
19:36:42.408,821,litter_yolo,595,415,434,347,757,484,YOLO
19:36:42.469,822,litter_yolo,596,415,435,346,757,484,YOLO
19:36:42.529,823,litter_yolo,596,414,436,346,757,483,YOLO
19:36:42.588,824,litter_yolo,596,414,437,346,756,483,YOLO
19:36:42.647,825,litter_yolo,598,414,439,346,757,483,YOLO
19:36:42.707,826,litter_yolo,600,414,441,345,759,483,YOLO
19:36:42.768,827,litter_yolo,600,413,441,345,760,482,YOLO
19:36:42.829,828,litter_yolo,601,413,442,344,760,483,YOLO
19:36:42.889,829,litter_yolo,600,413,441,343,760,484,YOLO
19:36:42.949,830,litter_yolo,600,413,441,343,759,484,YOLO
19:36:43.010,831,litter_yolo,600,413,441,342,760,484,YOLO
19:36:43.071,832,litter_yolo,600,412,440,342,761,483,YOLO
19:36:43.129,833,litter_yolo,601,412,441,343,761,482,YOLO
19:36:43.191,834,litter_yolo,601,412,441,342,762,482,YOLO
19:36:43.251,835,litter_yolo,602,411,442,342,763,481,YOLO
19:36:43.311,836,litter_yolo,603,412,442,342,764,482,YOLO
19:36:43.370,837,litter_yolo,609,412,445,344,774,481,YOLO
19:36:43.428,838,litter_yolo,610,416,445,347,776,485,YOLO
19:36:43.487,839,litter_yolo,608,413,447,344,769,483,YOLO
19:36:43.545,840,litter_yolo,608,413,447,344,770,483,YOLO
19:36:43.604,841,litter_yolo,612,414,447,347,777,482,YOLO
19:36:43.664,842,litter_yolo,609,416,446,347,773,485,YOLO
19:36:43.724,843,litter_yolo,610,416,445,347,775,486,YOLO
19:36:43.783,844,litter_yolo,612,416,446,347,778,485,YOLO
19:36:43.843,845,litter_yolo,612,415,447,346,778,484,YOLO
19:36:43.906,846,litter_yolo,613,415,446,346,780,485,YOLO
19:36:43.967,847,litter_yolo,613,413,447,346,780,480,YOLO
19:36:44.029,848,litter_yolo,613,414,446,346,780,483,YOLO
19:36:44.091,849,litter_yolo,612,415,446,347,779,484,YOLO
19:36:44.153,850,litter_yolo,612,415,447,347,778,484,YOLO
19:36:44.213,851,litter_yolo,613,416,449,347,777,485,YOLO
19:36:44.274,852,litter_yolo,615,413,453,345,778,481,YOLO
19:36:44.336,853,litter_yolo,616,413,454,345,779,481,YOLO
19:36:44.397,854,litter_yolo,617,414,451,348,783,481,YOLO
19:36:44.458,855,litter_yolo,620,411,451,344,789,479,YOLO
19:36:44.519,856,litter_yolo,620,412,451,345,789,480,YOLO
19:36:44.580,857,litter_yolo,619,412,451,345,787,480,YOLO
19:36:44.640,858,litter_yolo,619,412,452,345,786,480,YOLO
19:36:44.700,859,litter_yolo,619,412,454,344,785,481,YOLO
19:36:44.758,860,litter_yolo,619,412,455,344,784,481,YOLO
19:36:44.820,861,litter_yolo,619,412,454,344,784,481,YOLO
19:36:44.880,862,litter_yolo,620,413,455,344,786,483,YOLO
19:36:44.943,863,litter_yolo,621,413,455,344,788,483,YOLO
19:36:45.003,864,litter_yolo,623,417,459,348,787,486,YOLO
19:36:45.065,865,litter_yolo,622,417,458,348,786,486,YOLO
19:36:45.127,866,litter_yolo,623,417,459,348,787,487,YOLO
19:36:45.188,867,litter_yolo,623,416,456,346,790,486,YOLO
19:36:45.248,868,litter_yolo,624,418,460,348,789,489,YOLO
19:36:45.308,869,litter_yolo,625,419,460,348,791,490,YOLO
19:36:45.368,870,litter_yolo,626,419,461,349,791,490,YOLO
19:36:45.430,871,litter_yolo,629,419,466,349,792,490,YOLO
19:36:45.491,872,litter_yolo,630,419,467,349,793,489,YOLO
19:36:45.553,873,litter_yolo,630,419,465,349,795,490,YOLO
19:36:45.614,874,litter_yolo,631,422,465,351,797,493,YOLO
19:36:45.676,875,litter_yolo,632,424,468,352,796,497,YOLO
19:36:45.736,876,litter_yolo,631,426,467,354,796,498,YOLO
19:36:45.798,877,litter_yolo,633,425,468,355,798,496,YOLO
19:36:45.861,878,litter_yolo,634,428,468,357,800,499,YOLO
19:36:45.923,879,litter_yolo,633,430,469,360,798,501,YOLO
19:36:45.984,880,litter_yolo,634,431,470,361,799,502,YOLO
19:36:46.046,881,litter_yolo,636,432,471,361,801,503,YOLO
19:36:46.109,882,litter_yolo,636,431,471,361,801,502,YOLO
19:36:46.170,883,litter_yolo,639,432,472,361,806,503,YOLO
19:36:46.230,884,litter_yolo,645,436,471,367,820,506,YOLO
19:36:46.289,885,litter_yolo,644,435,472,364,817,506,YOLO
19:36:46.350,886,litter_yolo,647,435,472,364,822,507,YOLO
19:36:46.412,887,litter_yolo,646,435,470,364,822,507,YOLO
19:36:46.473,888,litter_yolo,645,436,471,365,820,508,YOLO
19:36:46.533,889,litter_yolo,641,438,470,366,812,510,YOLO
19:36:46.594,890,litter_yolo,642,438,469,367,816,510,YOLO
19:36:46.654,891,litter_yolo,643,438,470,368,817,508,YOLO
19:36:46.713,892,litter_yolo,647,438,471,369,823,508,YOLO
19:36:46.773,893,litter_yolo,651,437,472,368,830,507,YOLO
19:36:46.835,894,litter_yolo,651,437,473,367,829,507,YOLO
19:36:46.896,895,litter_yolo,647,438,477,367,817,509,YOLO
19:36:46.956,896,litter_yolo,648,438,480,368,816,509,YOLO
19:36:47.015,897,litter_yolo,649,440,483,367,815,514,YOLO
19:36:47.078,898,litter_yolo,650,441,484,367,816,515,YOLO
19:36:47.139,899,litter_yolo,650,441,485,368,816,515,YOLO
19:36:47.201,900,litter_yolo,652,441,487,368,817,515,YOLO
19:36:47.263,901,litter_yolo,653,442,488,368,818,516,YOLO
19:36:47.323,902,litter_yolo,653,442,487,368,820,516,YOLO
19:36:47.385,903,litter_yolo,658,442,491,368,826,516,YOLO
19:36:47.446,904,litter_yolo,658,443,491,369,825,517,YOLO
19:36:47.506,905,litter_yolo,658,443,491,369,826,517,YOLO
19:36:47.567,906,litter_yolo,658,443,488,369,828,517,YOLO
19:36:47.627,907,litter_yolo,658,443,489,370,828,517,YOLO
19:36:47.689,908,litter_yolo,661,446,495,376,828,516,YOLO
19:36:47.750,909,litter_yolo,663,447,496,376,831,518,YOLO
19:36:47.810,910,litter_yolo,663,446,495,374,831,519,YOLO
19:36:47.869,911,litter_yolo,664,448,496,376,833,520,YOLO
19:36:47.929,912,litter_yolo,666,448,497,377,835,519,YOLO
19:36:47.988,913,litter_yolo,667,450,500,379,834,521,YOLO
19:36:48.048,914,litter_yolo,669,452,502,382,837,523,YOLO
19:36:48.108,915,litter_yolo,669,452,501,382,838,522,YOLO
19:36:48.170,916,litter_yolo,669,451,498,381,841,522,YOLO
19:36:48.230,917,litter_yolo,669,453,500,382,838,525,YOLO
19:36:48.289,918,litter_yolo,673,455,505,382,841,528,YOLO
19:36:48.350,919,litter_yolo,674,455,507,381,841,530,YOLO
19:36:48.410,920,litter_yolo,675,455,511,381,840,529,YOLO
19:36:48.469,921,litter_yolo,677,456,513,384,842,529,YOLO
19:36:48.530,922,litter_yolo,676,457,510,384,842,531,YOLO
19:36:48.588,923,litter_yolo,677,459,510,385,844,534,YOLO
19:36:48.649,924,litter_yolo,679,458,511,385,847,532,YOLO
19:36:48.707,925,litter_yolo,679,458,511,385,847,532,YOLO
19:36:48.768,926,litter_yolo,682,458,511,385,854,532,YOLO
19:36:48.828,927,litter_yolo,684,459,513,386,856,533,YOLO
19:36:48.887,928,litter_yolo,683,459,512,385,854,534,YOLO
19:36:48.948,929,litter_yolo,681,460,513,385,850,536,YOLO
19:36:49.009,930,litter_yolo,681,461,513,385,849,537,YOLO
19:36:49.069,931,litter_yolo,680,462,512,386,848,538,YOLO
19:36:49.129,932,litter_yolo,680,462,512,386,848,539,YOLO
19:36:49.189,933,litter_yolo,681,461,514,387,849,536,YOLO
19:36:49.252,934,litter_yolo,683,461,515,386,852,537,YOLO
19:36:49.314,935,litter_yolo,686,461,515,387,857,536,YOLO
19:36:49.375,936,litter_yolo,687,463,515,388,860,538,YOLO
19:36:49.435,937,litter_yolo,688,463,516,389,861,537,YOLO
19:36:49.495,938,litter_yolo,689,461,516,389,863,534,YOLO
19:36:49.556,939,litter_yolo,689,464,516,391,863,538,YOLO
19:36:49.615,940,litter_yolo,689,465,517,390,862,541,YOLO
19:36:49.676,941,litter_yolo,689,465,517,390,861,541,YOLO
19:36:49.737,942,litter_yolo,689,465,517,391,862,539,YOLO
19:36:49.797,943,litter_yolo,691,467,517,392,866,543,YOLO
19:36:49.857,944,litter_yolo,691,469,517,393,866,545,YOLO
19:36:49.918,945,litter_yolo,694,471,517,396,871,547,YOLO
19:36:49.977,946,litter_yolo,693,471,517,396,870,547,YOLO
19:36:50.038,947,litter_yolo,693,471,518,396,868,546,YOLO
19:36:50.097,948,litter_yolo,693,472,518,398,868,547,YOLO
19:36:50.157,949,litter_yolo,693,475,519,400,867,550,YOLO
19:36:50.219,950,litter_yolo,696,472,523,398,870,547,YOLO
19:36:50.280,951,litter_yolo,698,473,527,398,869,549,YOLO
19:36:50.341,952,litter_yolo,699,475,528,398,870,552,YOLO
19:36:50.403,953,litter_yolo,698,475,522,399,874,551,YOLO
19:36:50.463,954,litter_yolo,699,475,524,400,874,550,YOLO
19:36:50.523,955,litter_yolo,699,475,524,400,874,551,YOLO
19:36:50.584,956,litter_yolo,700,476,523,401,877,551,YOLO
19:36:50.643,957,litter_yolo,700,476,525,399,875,553,YOLO
19:36:50.703,958,litter_yolo,704,474,528,400,881,549,YOLO
19:36:50.765,959,litter_yolo,700,475,524,398,877,552,YOLO
19:36:50.825,960,litter_yolo,704,476,524,400,885,552,YOLO
19:36:50.887,961,litter_yolo,704,476,524,400,885,552,YOLO
19:36:50.949,962,litter_yolo,703,476,524,400,883,553,YOLO
19:36:51.010,963,litter_yolo,703,476,525,400,882,553,YOLO
19:36:51.070,964,litter_yolo,699,475,522,398,877,552,YOLO
19:36:51.131,965,litter_yolo,704,475,526,400,882,551,YOLO
19:36:51.193,966,litter_yolo,702,474,527,397,878,551,YOLO
19:36:51.254,967,litter_yolo,704,473,530,396,878,551,YOLO
19:36:51.314,968,litter_yolo,704,474,531,396,878,552,YOLO
19:36:51.374,969,litter_yolo,705,473,531,396,879,550,YOLO
19:36:51.436,970,litter_yolo,705,472,531,396,879,549,YOLO
19:36:51.497,971,litter_yolo,705,472,531,396,880,548,YOLO
19:36:51.557,972,litter_yolo,705,472,532,396,879,548,YOLO
19:36:51.617,973,litter_yolo,708,469,532,395,884,544,YOLO
19:36:51.678,974,litter_yolo,708,469,532,394,885,544,YOLO
19:36:51.738,975,litter_yolo,705,472,531,397,880,548,YOLO
19:36:51.797,976,litter_yolo,706,472,531,396,881,548,YOLO
19:36:51.857,977,litter_yolo,706,473,531,396,882,550,YOLO
19:36:51.918,978,litter_yolo,706,474,529,396,883,552,YOLO
19:36:51.978,979,litter_yolo,706,474,530,396,883,553,YOLO
19:36:52.037,980,litter_yolo,708,475,531,396,885,554,YOLO
19:36:52.097,981,litter_yolo,709,475,533,396,886,554,YOLO
19:36:52.158,982,litter_yolo,710,475,534,397,887,554,YOLO
19:36:52.219,983,litter_yolo,710,475,534,397,887,554,YOLO
19:36:52.280,984,litter_yolo,713,475,534,398,892,552,YOLO
19:36:52.342,985,litter_yolo,713,475,533,399,893,551,YOLO
19:36:52.402,986,litter_yolo,712,474,532,398,893,551,YOLO
19:36:52.461,987,litter_yolo,712,474,531,398,893,551,YOLO
19:36:52.523,988,litter_yolo,710,475,531,397,889,554,YOLO
19:36:52.583,989,litter_yolo,710,475,531,397,890,554,YOLO
19:36:52.647,990,litter_yolo,710,474,530,396,891,553,YOLO
19:36:52.707,991,litter_yolo,710,474,530,396,891,552,YOLO
19:36:52.771,992,litter_yolo,711,474,530,396,893,553,YOLO
19:36:52.834,993,litter_yolo,712,472,532,395,892,550,YOLO
19:36:52.894,994,litter_yolo,712,475,530,398,895,552,YOLO
19:36:52.954,995,litter_yolo,712,474,530,397,895,552,YOLO
19:36:53.013,996,litter_yolo,709,473,528,396,890,551,YOLO
19:36:53.074,997,litter_yolo,708,472,529,395,887,550,YOLO
19:36:53.134,998,litter_yolo,708,472,529,394,887,550,YOLO
19:36:53.196,999,litter_yolo,707,472,528,393,887,551,YOLO
19:36:53.257,1000,litter_yolo,707,472,528,393,886,551,YOLO
19:36:53.319,1001,litter_yolo,709,472,526,392,892,552,YOLO
19:36:53.380,1002,litter_yolo,708,472,525,392,892,552,YOLO
19:36:53.442,1003,litter_yolo,705,472,529,392,882,552,YOLO
19:36:53.502,1004,litter_yolo,705,471,529,391,882,551,YOLO
19:36:53.562,1005,litter_yolo,706,470,529,391,883,550,YOLO
19:36:53.622,1006,litter_yolo,706,470,529,391,883,550,YOLO
19:36:53.681,1007,litter_yolo,705,470,529,390,882,550,YOLO
19:36:53.740,1008,litter_yolo,704,470,528,389,881,551,YOLO
19:36:53.801,1009,litter_yolo,705,470,529,389,881,551,YOLO
19:36:53.862,1010,litter_yolo,702,469,525,389,880,550,YOLO
19:36:53.922,1011,litter_yolo,704,473,519,391,890,555,YOLO
19:36:53.981,1012,litter_yolo,704,473,519,392,889,554,YOLO
19:36:54.042,1013,litter_yolo,704,473,519,392,889,554,YOLO
19:36:54.103,1014,litter_yolo,699,469,519,392,880,547,YOLO
19:36:54.164,1015,litter_yolo,699,469,518,392,881,547,YOLO
19:36:54.226,1016,litter_yolo,698,469,515,392,881,547,YOLO
19:36:54.285,1017,litter_yolo,704,472,517,393,891,552,YOLO
19:36:54.345,1018,litter_yolo,703,473,516,393,891,554,YOLO
19:36:54.406,1019,litter_yolo,703,474,516,393,891,555,YOLO
19:36:54.468,1020,litter_yolo,703,475,516,394,891,556,YOLO
19:36:54.531,1021,litter_yolo,703,476,516,395,890,557,YOLO
19:36:54.596,1022,litter_yolo,703,477,516,395,890,559,YOLO
19:36:54.676,1023,litter_yolo,702,477,516,396,889,559,YOLO
19:36:54.747,1024,litter_yolo,702,477,516,396,889,559,YOLO
19:36:54.813,1025,litter_yolo,703,476,516,395,890,558,YOLO
19:36:54.897,1026,litter_yolo,703,476,516,395,891,558,YOLO
19:36:54.968,1027,litter_yolo,703,476,516,395,891,558,YOLO
19:36:55.041,1028,litter_yolo,703,476,515,395,891,557,YOLO
19:36:55.105,1029,litter_yolo,702,476,514,395,891,557,YOLO
19:36:55.173,1030,litter_yolo,703,475,514,394,892,557,YOLO
19:36:55.248,1031,litter_yolo,702,476,513,394,892,558,YOLO
19:36:55.323,1032,litter_yolo,702,476,513,393,892,559,YOLO
19:36:55.387,1033,litter_yolo,702,476,512,393,892,560,YOLO
19:36:55.463,1034,litter_yolo,702,476,512,392,892,561,YOLO
19:36:55.530,1035,litter_yolo,702,476,512,392,892,561,YOLO
19:36:55.596,1036,litter_yolo,701,476,511,392,892,561,YOLO
19:36:55.660,1037,litter_yolo,701,476,509,392,893,560,YOLO
19:36:55.722,1038,litter_yolo,701,476,509,392,893,560,YOLO
19:36:55.783,1039,litter_yolo,701,475,508,391,894,559,YOLO
19:36:55.846,1040,litter_yolo,701,475,508,391,894,559,YOLO
19:36:55.907,1041,litter_yolo,701,475,508,391,894,559,YOLO
19:36:55.968,1042,litter_yolo,701,475,508,391,894,559,YOLO
19:36:56.029,1043,litter_yolo,701,474,508,391,895,557,YOLO
19:36:56.088,1044,litter_yolo,702,474,508,392,896,556,YOLO
19:36:56.148,1045,litter_yolo,701,475,507,391,896,560,YOLO
19:36:56.210,1046,litter_yolo,700,477,504,391,897,564,YOLO
19:36:56.272,1047,litter_yolo,701,478,504,392,898,564,YOLO
19:36:56.335,1048,litter_yolo,698,476,503,388,893,565,YOLO
19:36:56.396,1049,litter_yolo,697,476,503,389,892,564,YOLO
19:36:56.458,1050,litter_yolo,700,478,505,393,896,564,YOLO
19:36:56.519,1051,litter_yolo,700,479,505,394,895,565,YOLO
19:36:56.581,1052,litter_yolo,699,481,503,395,896,568,YOLO
19:36:56.643,1053,litter_yolo,699,481,504,395,895,568,YOLO
19:36:56.705,1054,litter_yolo,699,482,503,395,896,569,YOLO
19:36:56.768,1055,litter_yolo,699,482,504,396,895,569,YOLO
19:36:56.831,1056,litter_yolo,700,485,504,399,897,571,YOLO
19:36:56.893,1057,litter_yolo,700,486,502,399,899,574,YOLO
19:36:56.954,1058,litter_yolo,700,487,500,400,901,575,YOLO
19:36:57.017,1059,litter_yolo,699,488,500,401,899,575,YOLO
19:36:57.082,1060,litter_yolo,699,488,499,401,899,576,YOLO
19:36:57.161,1061,litter_yolo,699,489,499,402,899,577,YOLO
19:36:57.226,1062,litter_yolo,700,490,499,403,901,578,YOLO
19:36:57.288,1063,litter_yolo,701,491,499,404,903,578,YOLO
19:36:57.350,1064,litter_yolo,699,491,497,404,901,579,YOLO
19:36:57.411,1065,litter_yolo,698,492,498,406,899,579,YOLO
19:36:57.471,1066,litter_yolo,698,492,498,405,899,579,YOLO
19:36:57.533,1067,litter_yolo,698,491,498,405,898,578,YOLO
19:36:57.593,1068,litter_yolo,697,492,496,406,898,578,YOLO
19:36:57.654,1069,litter_yolo,696,492,496,405,897,579,YOLO
19:36:57.713,1070,litter_yolo,695,492,495,405,896,579,YOLO
19:36:57.775,1071,litter_yolo,695,492,495,405,896,580,YOLO
19:36:57.836,1072,litter_yolo,696,492,495,405,897,580,YOLO
19:36:57.898,1073,litter_yolo,695,493,495,406,896,580,YOLO
19:36:57.960,1074,litter_yolo,692,490,491,402,894,578,YOLO
19:36:58.018,1075,litter_yolo,694,493,494,407,895,580,YOLO
19:36:58.078,1076,litter_yolo,694,495,494,407,895,583,YOLO
19:36:58.139,1077,litter_yolo,693,495,492,407,895,584,YOLO
19:36:58.200,1078,litter_yolo,692,495,491,407,894,584,YOLO
19:36:58.260,1079,litter_yolo,691,495,488,405,894,586,YOLO
19:36:58.321,1080,litter_yolo,690,499,487,407,894,591,YOLO
19:36:58.384,1081,litter_yolo,690,501,487,410,893,592,YOLO
19:36:58.443,1082,litter_yolo,690,500,487,411,894,590,YOLO
19:36:58.504,1083,litter_yolo,690,501,486,412,894,591,YOLO
19:36:58.565,1084,litter_yolo,690,503,486,413,894,593,YOLO
19:36:58.628,1085,litter_yolo,691,503,487,414,896,592,YOLO
19:36:58.688,1086,litter_yolo,693,502,488,413,898,592,YOLO
19:36:58.750,1087,litter_yolo,693,505,491,414,895,596,YOLO
19:36:58.811,1088,litter_yolo,691,505,488,416,895,595,YOLO
19:36:58.872,1089,litter_yolo,693,505,489,417,897,594,YOLO
19:36:58.931,1090,litter_yolo,692,507,490,417,894,598,YOLO
19:36:58.993,1091,litter_yolo,692,508,490,418,894,599,YOLO
19:36:59.053,1092,litter_yolo,690,511,486,422,894,601,YOLO
19:36:59.113,1093,litter_yolo,689,509,484,421,895,597,YOLO
19:36:59.172,1094,litter_yolo,690,513,486,423,895,603,YOLO
19:36:59.234,1095,litter_yolo,692,511,490,422,894,601,YOLO
19:36:59.293,1096,litter_yolo,692,513,490,423,894,603,YOLO
19:36:59.353,1097,litter_yolo,691,515,489,425,894,605,YOLO
19:36:59.413,1098,litter_yolo,691,515,488,425,894,606,YOLO
19:36:59.472,1099,litter_yolo,690,516,487,425,894,607,YOLO
19:36:59.531,1100,litter_yolo,691,517,486,426,896,609,YOLO
19:36:59.592,1101,litter_yolo,690,518,483,427,897,610,YOLO
19:36:59.654,1102,litter_yolo,689,519,483,428,896,611,YOLO
19:36:59.715,1103,litter_yolo,689,520,482,428,897,613,YOLO
19:36:59.778,1104,litter_yolo,691,521,485,428,898,615,YOLO
19:36:59.840,1105,litter_yolo,691,521,484,427,899,615,YOLO
19:36:59.899,1106,litter_yolo,692,521,485,427,899,615,YOLO
19:36:59.961,1107,litter_yolo,691,520,483,428,900,613,YOLO
19:37:00.021,1108,litter_yolo,692,521,486,428,899,615,YOLO
19:37:00.086,1109,litter_yolo,690,522,484,430,896,614,YOLO
19:37:00.152,1110,litter_yolo,690,522,485,430,896,615,YOLO
19:37:00.212,1111,litter_yolo,689,523,480,431,898,616,YOLO
19:37:00.273,1112,litter_yolo,687,525,476,433,899,618,YOLO
19:37:00.333,1113,litter_yolo,687,526,477,434,897,618,YOLO
19:37:00.393,1114,litter_yolo,686,526,476,436,896,617,YOLO
19:37:00.453,1115,litter_yolo,677,530,457,437,897,624,YOLO
19:37:00.453,1115,litter_yolo,601,530,307,431,895,630,YOLO
19:37:00.517,1116,litter_yolo,591,531,286,431,896,632,YOLO
19:37:00.578,1117,litter_yolo,684,533,472,439,897,628,YOLO
19:37:00.636,1118,litter_yolo,682,534,468,439,897,630,YOLO
19:37:00.696,1119,litter_yolo,675,537,454,440,896,634,YOLO
19:37:00.696,1119,litter_yolo,594,538,287,434,901,643,YOLO
19:37:00.757,1120,litter_yolo,676,538,456,441,896,636,YOLO
19:37:00.820,1121,litter_yolo,681,539,469,444,894,634,YOLO
19:37:00.882,1122,litter_yolo,678,542,462,446,894,639,YOLO
19:37:00.945,1123,litter_yolo,677,543,460,446,895,641,YOLO
19:37:01.005,1124,litter_yolo,677,544,460,446,895,642,YOLO
19:37:01.068,1125,litter_yolo,677,548,461,449,894,647,YOLO
19:37:01.128,1126,litter_yolo,638,552,379,449,897,655,YOLO
19:37:01.191,1127,litter_yolo,675,550,457,451,894,650,YOLO
19:37:01.251,1128,litter_yolo,674,551,458,453,891,650,YOLO
19:37:01.251,1128,litter_yolo,1199,421,1125,372,1273,471,YOLO
19:37:01.314,1129,litter_yolo,670,550,453,453,887,648,YOLO
19:37:01.314,1129,litter_yolo,589,556,285,455,894,658,YOLO
19:37:01.376,1130,litter_yolo,671,553,455,456,888,651,YOLO
19:37:01.439,1131,litter_yolo,670,554,452,457,889,652,YOLO
19:37:01.502,1132,litter_yolo,669,554,453,457,886,652,YOLO
19:37:01.563,1133,litter_yolo,668,555,452,458,884,653,YOLO
19:37:01.624,1134,litter_yolo,667,558,451,461,884,655,YOLO
19:37:01.686,1135,litter_yolo,665,558,446,462,885,655,YOLO
19:37:01.746,1136,litter_yolo,666,558,445,461,887,656,YOLO
19:37:01.806,1137,litter_yolo,666,558,445,462,887,655,YOLO
19:37:01.868,1138,litter_yolo,664,559,444,462,885,656,YOLO
19:37:01.928,1139,litter_yolo,662,560,443,462,882,658,YOLO
19:37:01.990,1140,litter_yolo,662,560,444,462,881,659,YOLO
19:37:02.051,1141,litter_yolo,662,560,442,465,883,656,YOLO
19:37:02.113,1142,litter_yolo,661,561,440,466,883,657,YOLO
19:37:02.174,1143,litter_yolo,661,563,438,466,885,660,YOLO
19:37:02.235,1144,litter_yolo,660,564,441,465,880,663,YOLO
19:37:02.298,1145,litter_yolo,659,564,437,468,882,661,YOLO
19:37:02.358,1146,litter_yolo,661,566,441,468,881,665,YOLO
19:37:02.421,1147,litter_yolo,658,567,435,468,882,666,YOLO
19:37:02.482,1148,litter_yolo,654,567,436,469,872,666,YOLO
19:37:02.544,1149,litter_yolo,653,569,435,471,871,668,YOLO
19:37:02.604,1150,litter_yolo,648,571,427,472,870,670,YOLO
19:37:02.663,1151,litter_yolo,645,572,426,475,864,670,YOLO
19:37:02.844,1154,litter_yolo,640,581,418,479,863,684,YOLO
19:37:03.027,1157,litter_yolo,635,586,414,479,857,693,YOLO
19:37:03.149,1159,litter_yolo,633,589,409,483,857,696,YOLO
19:37:03.208,1160,litter_yolo,633,590,409,485,858,696,YOLO
19:37:03.270,1161,litter_yolo,629,592,404,483,854,701,YOLO
19:37:03.332,1162,litter_yolo,629,593,402,488,856,699,YOLO
19:37:03.391,1163,litter_yolo,626,593,399,489,854,698,YOLO
19:37:03.450,1164,litter_yolo,623,594,395,489,851,700,YOLO
19:37:03.511,1165,litter_yolo,622,596,395,491,850,701,YOLO
19:37:03.571,1166,litter_yolo,621,595,393,491,849,700,YOLO
19:37:03.633,1167,litter_yolo,619,596,391,492,848,701,YOLO
19:37:03.694,1168,litter_yolo,618,599,390,492,847,706,YOLO
19:37:03.755,1169,litter_yolo,617,598,389,492,845,704,YOLO
19:37:03.815,1170,litter_yolo,617,599,388,493,846,705,YOLO
19:37:03.877,1171,litter_yolo,615,596,387,492,844,700,YOLO
19:37:03.938,1172,litter_yolo,615,597,388,493,843,701,YOLO
19:37:03.997,1173,litter_yolo,610,598,380,492,841,705,YOLO
19:37:04.058,1174,litter_yolo,607,600,374,491,840,709,YOLO
19:37:04.119,1175,litter_yolo,605,602,371,492,840,712,YOLO
19:37:04.179,1176,litter_yolo,604,602,367,493,842,711,YOLO
19:37:04.241,1177,litter_yolo,606,597,372,491,841,704,YOLO
19:37:04.301,1178,litter_yolo,603,602,366,493,840,712,YOLO
19:37:04.361,1179,litter_yolo,601,605,364,492,839,718,YOLO
19:37:04.421,1180,litter_yolo,600,604,363,493,837,715,YOLO
19:37:04.481,1181,litter_yolo,596,604,359,492,834,717,YOLO
19:37:04.539,1182,litter_yolo,595,605,355,492,835,719,YOLO
19:37:04.603,1183,litter_yolo,595,605,356,493,834,717,YOLO
19:37:04.662,1184,litter_yolo,592,605,354,494,831,716,YOLO
19:37:04.723,1185,litter_yolo,591,604,354,493,829,715,YOLO
19:37:04.785,1186,litter_yolo,591,606,352,494,830,719,YOLO
19:37:04.847,1187,litter_yolo,591,606,355,496,827,716,YOLO
19:37:04.906,1188,litter_yolo,587,608,348,497,826,720,YOLO
19:37:04.967,1189,litter_yolo,587,607,349,498,826,717,YOLO
19:37:05.027,1190,litter_yolo,585,609,346,498,825,720,YOLO
19:37:05.088,1191,litter_yolo,582,610,340,500,824,721,YOLO
19:37:05.147,1192,litter_yolo,578,612,333,502,823,723,YOLO
19:37:05.207,1193,litter_yolo,576,614,331,502,822,726,YOLO
19:37:05.266,1194,litter_yolo,575,614,330,503,821,726,YOLO
19:37:05.329,1195,litter_yolo,574,614,326,503,823,725,YOLO
19:37:05.387,1196,litter_yolo,572,615,324,503,821,727,YOLO
19:37:05.447,1197,litter_yolo,571,615,321,503,821,728,YOLO
19:37:05.506,1198,litter_yolo,571,617,319,503,823,732,YOLO
19:37:05.567,1199,litter_yolo,569,619,316,503,823,735,YOLO
19:37:05.628,1200,litter_yolo,565,614,312,503,819,725,YOLO
19:37:05.689,1201,litter_yolo,562,614,310,504,815,724,YOLO
19:37:05.748,1202,litter_yolo,559,614,306,504,813,725,YOLO
19:37:05.809,1203,litter_yolo,555,614,302,503,808,725,YOLO
19:37:05.870,1204,litter_yolo,553,619,304,504,803,735,YOLO
19:37:05.931,1205,litter_yolo,550,619,302,503,799,736,YOLO
19:37:05.992,1206,litter_yolo,549,619,300,503,798,735,YOLO
19:37:06.052,1207,litter_yolo,544,619,296,502,793,736,YOLO
19:37:06.113,1208,litter_yolo,542,618,294,502,791,734,YOLO
19:37:06.175,1209,litter_yolo,541,618,293,502,789,735,YOLO
19:37:06.235,1210,litter_yolo,539,619,290,502,789,737,YOLO
19:37:06.295,1211,litter_yolo,538,620,289,502,787,738,YOLO
19:37:06.357,1212,litter_yolo,537,620,288,502,787,738,YOLO
19:37:06.419,1213,litter_yolo,535,620,284,503,786,738,YOLO
19:37:06.482,1214,litter_yolo,535,620,285,503,785,738,YOLO
19:37:06.552,1215,litter_yolo,531,620,278,503,784,737,YOLO
19:37:06.615,1216,litter_yolo,530,618,279,503,782,734,YOLO
19:37:06.678,1217,litter_yolo,526,618,274,502,778,734,YOLO
19:37:06.740,1218,litter_yolo,522,618,266,503,779,733,YOLO
19:37:06.803,1219,litter_yolo,519,619,260,505,778,733,YOLO
19:37:06.864,1220,litter_yolo,516,619,258,505,775,734,YOLO
19:37:06.927,1221,litter_yolo,515,620,257,505,774,735,YOLO
19:37:06.987,1222,litter_yolo,511,622,252,503,771,741,YOLO
19:37:07.049,1223,litter_yolo,509,622,250,503,769,742,YOLO
19:37:07.108,1224,litter_yolo,510,624,251,504,770,744,YOLO
19:37:07.169,1225,litter_yolo,508,625,247,503,769,747,YOLO
19:37:07.229,1226,litter_yolo,506,626,246,504,767,749,YOLO
19:37:07.289,1227,litter_yolo,505,630,245,505,765,755,YOLO
19:37:07.350,1228,litter_yolo,504,629,244,505,764,754,YOLO
19:37:07.412,1229,litter_yolo,503,630,244,507,762,754,YOLO
19:37:07.471,1230,litter_yolo,501,633,243,508,760,758,YOLO
19:37:07.531,1231,litter_yolo,501,633,241,509,761,758,YOLO
19:37:07.590,1232,litter_yolo,498,631,236,508,760,754,YOLO
19:37:07.652,1233,litter_yolo,496,631,234,509,758,754,YOLO
19:37:07.714,1234,litter_yolo,495,631,232,510,758,753,YOLO
19:37:07.774,1235,litter_yolo,492,632,228,509,757,756,YOLO
19:37:07.836,1236,litter_yolo,492,631,228,509,757,753,YOLO
19:37:07.896,1237,litter_yolo,490,629,225,507,756,751,YOLO
19:37:07.958,1238,litter_yolo,488,628,221,508,755,748,YOLO
19:37:08.018,1239,litter_yolo,487,625,221,506,754,745,YOLO
19:37:08.079,1240,litter_yolo,485,627,217,506,753,748,YOLO
19:37:08.141,1241,litter_yolo,482,627,214,506,751,748,YOLO
19:37:08.202,1242,litter_yolo,481,628,212,506,751,751,YOLO
19:37:08.265,1243,litter_yolo,481,628,211,505,751,752,YOLO
19:37:08.327,1244,litter_yolo,480,630,211,504,750,756,YOLO
19:37:08.386,1245,litter_yolo,480,633,211,504,750,762,YOLO
19:37:08.446,1246,litter_yolo,479,630,209,504,749,757,YOLO
19:37:08.508,1247,litter_yolo,479,628,209,503,749,753,YOLO
19:37:08.567,1248,litter_yolo,476,625,203,503,749,747,YOLO
19:37:08.629,1249,litter_yolo,475,625,202,503,748,747,YOLO
19:37:08.688,1250,litter_yolo,471,624,196,503,747,746,YOLO
19:37:08.748,1251,litter_yolo,470,623,194,502,746,744,YOLO
19:37:08.814,1252,litter_yolo,467,622,188,502,746,743,YOLO
19:37:08.876,1253,litter_yolo,464,622,184,502,745,743,YOLO
19:37:08.937,1254,litter_yolo,462,622,180,501,744,743,YOLO
19:37:09.000,1255,litter_yolo,460,622,176,501,744,743,YOLO
19:37:09.062,1256,litter_yolo,461,623,177,501,745,745,YOLO
19:37:09.124,1257,litter_yolo,459,624,173,501,745,747,YOLO
19:37:09.184,1258,litter_yolo,456,624,172,501,740,747,YOLO
19:37:09.245,1259,litter_yolo,453,624,169,501,738,748,YOLO
19:37:09.306,1260,litter_yolo,453,625,168,501,738,749,YOLO
19:37:09.367,1261,litter_yolo,452,625,167,501,737,749,YOLO
19:37:09.428,1262,litter_yolo,450,627,166,500,734,755,YOLO
19:37:09.488,1263,litter_yolo,450,634,168,499,732,769,YOLO
19:37:09.547,1264,litter_yolo,448,635,164,500,732,770,YOLO
19:37:09.607,1265,litter_yolo,445,637,161,500,730,774,YOLO
19:37:09.668,1266,litter_yolo,442,635,159,501,726,769,YOLO
19:37:09.726,1267,litter_yolo,440,636,153,500,728,773,YOLO
19:37:09.786,1268,litter_yolo,439,636,151,499,727,774,YOLO
19:37:09.846,1269,litter_yolo,437,636,148,500,726,773,YOLO
19:37:09.904,1270,litter_yolo,434,631,146,500,722,763,YOLO
19:37:09.965,1271,litter_yolo,432,628,146,499,719,758,YOLO
19:37:10.025,1272,litter_yolo,430,630,143,500,718,760,YOLO
19:37:10.086,1273,litter_yolo,426,627,139,497,714,758,YOLO
19:37:10.146,1274,litter_yolo,425,626,137,497,713,756,YOLO
19:37:10.207,1275,litter_yolo,423,627,134,496,713,758,YOLO
19:37:10.267,1276,litter_yolo,424,626,135,495,713,758,YOLO
19:37:10.328,1277,litter_yolo,422,624,132,495,712,754,YOLO
19:37:10.389,1278,litter_yolo,420,625,130,494,710,757,YOLO
19:37:10.448,1279,litter_yolo,416,624,125,493,708,755,YOLO
19:37:10.508,1280,litter_yolo,415,622,123,492,708,752,YOLO
19:37:10.570,1281,litter_yolo,413,619,120,491,707,748,YOLO
19:37:10.630,1282,litter_yolo,412,619,118,490,706,748,YOLO
19:37:10.690,1283,litter_yolo,410,618,115,490,706,746,YOLO
19:37:10.751,1284,litter_yolo,409,618,113,490,706,746,YOLO
19:37:10.813,1285,litter_yolo,407,616,109,490,705,743,YOLO
19:37:10.874,1286,litter_yolo,404,615,104,490,705,741,YOLO
19:37:10.933,1287,litter_yolo,403,616,103,490,704,742,YOLO
19:37:10.995,1288,litter_yolo,402,617,100,491,704,743,YOLO
19:37:11.058,1289,litter_yolo,400,618,98,491,703,746,YOLO
19:37:11.119,1290,litter_yolo,400,619,99,491,702,747,YOLO
19:37:11.180,1291,litter_yolo,400,619,98,491,702,748,YOLO
19:37:11.239,1292,litter_yolo,398,619,95,491,702,748,YOLO
19:37:11.299,1293,litter_yolo,395,618,90,488,700,748,YOLO
19:37:11.359,1294,litter_yolo,397,622,94,492,700,753,YOLO
19:37:11.420,1295,litter_yolo,395,623,91,492,699,755,YOLO
19:37:11.480,1296,litter_yolo,394,623,90,492,699,754,YOLO
19:37:11.540,1297,litter_yolo,395,625,91,491,699,760,YOLO
19:37:11.599,1298,litter_yolo,389,620,81,487,698,753,YOLO
19:37:11.659,1299,litter_yolo,389,617,81,486,697,749,YOLO
19:37:11.719,1300,litter_yolo,387,618,77,486,697,750,YOLO
19:37:11.781,1301,litter_yolo,386,617,75,486,697,749,YOLO
19:37:11.842,1302,litter_yolo,386,618,76,485,697,752,YOLO
19:37:11.901,1303,litter_yolo,385,617,73,484,697,750,YOLO
19:37:11.961,1304,litter_yolo,384,617,71,485,698,749,YOLO
19:37:12.022,1305,litter_yolo,382,617,67,485,697,749,YOLO
19:37:12.084,1306,litter_yolo,381,615,65,484,698,747,YOLO
19:37:12.144,1307,litter_yolo,380,615,62,484,698,746,YOLO
19:37:12.203,1308,litter_yolo,378,615,61,484,696,746,YOLO
19:37:12.263,1309,litter_yolo,378,614,62,484,695,745,YOLO
19:37:12.325,1310,litter_yolo,378,612,61,483,695,742,YOLO
19:37:12.385,1311,litter_yolo,375,613,58,482,693,744,YOLO
19:37:12.445,1312,litter_yolo,375,612,59,481,692,743,YOLO
19:37:12.506,1313,litter_yolo,376,610,60,480,693,740,YOLO
19:37:12.566,1314,litter_yolo,376,608,60,479,693,738,YOLO
19:37:12.626,1315,litter_yolo,375,609,58,477,693,741,YOLO
19:37:12.685,1316,litter_yolo,374,608,56,476,692,740,YOLO
19:37:12.743,1317,litter_yolo,373,608,55,477,691,739,YOLO
19:37:12.803,1318,litter_yolo,371,610,52,477,690,744,YOLO
19:37:12.862,1319,litter_yolo,371,609,52,476,690,743,YOLO
19:37:12.921,1320,litter_yolo,370,608,50,475,691,742,YOLO
19:37:12.982,1321,litter_yolo,369,608,47,475,691,741,YOLO
19:37:13.043,1322,litter_yolo,368,607,45,474,691,741,YOLO
19:37:13.103,1323,litter_yolo,367,608,43,474,691,742,YOLO
19:37:13.163,1324,litter_yolo,367,608,43,474,691,742,YOLO
19:37:13.225,1325,litter_yolo,365,606,40,474,691,739,YOLO
19:37:13.287,1326,litter_yolo,365,607,39,474,691,740,YOLO
19:37:13.348,1327,litter_yolo,363,606,36,474,691,739,YOLO
19:37:13.408,1328,litter_yolo,363,606,36,474,691,739,YOLO
19:37:13.471,1329,litter_yolo,363,607,36,474,691,740,YOLO
19:37:13.531,1330,litter_yolo,362,606,34,474,691,739,YOLO
19:37:13.591,1331,litter_yolo,361,606,32,474,691,739,YOLO
19:37:13.651,1332,litter_yolo,361,606,31,473,691,740,YOLO
19:37:13.713,1333,litter_yolo,360,605,29,472,691,739,YOLO
19:37:13.773,1334,litter_yolo,359,606,28,472,691,741,YOLO
19:37:13.832,1335,litter_yolo,359,608,28,473,690,743,YOLO
19:37:13.894,1336,litter_yolo,359,608,28,473,690,744,YOLO
19:37:13.954,1337,litter_yolo,359,607,28,473,690,742,YOLO
19:37:14.012,1338,litter_yolo,358,608,27,473,690,743,YOLO
19:37:14.073,1339,litter_yolo,358,606,26,473,690,740,YOLO
19:37:14.133,1340,litter_yolo,357,607,25,473,690,742,YOLO
19:37:14.195,1341,litter_yolo,357,607,24,473,690,741,YOLO
19:37:14.256,1342,litter_yolo,355,606,20,473,690,740,YOLO
19:37:14.317,1343,litter_yolo,352,607,17,471,687,743,YOLO
19:37:14.377,1344,litter_yolo,349,611,8,474,690,748,YOLO
19:37:14.438,1345,litter_yolo,351,608,12,473,690,744,YOLO
19:37:14.498,1346,litter_yolo,349,608,8,472,691,744,YOLO
19:37:14.559,1347,litter_yolo,351,605,13,470,689,741,YOLO
19:37:14.620,1348,litter_yolo,352,601,14,469,691,734,YOLO
19:37:14.680,1349,litter_yolo,350,604,12,468,688,740,YOLO
19:37:14.741,1350,litter_yolo,350,602,10,465,690,739,YOLO
19:37:14.804,1351,litter_yolo,350,601,10,464,690,738,YOLO
19:37:14.864,1352,litter_yolo,351,600,12,462,691,739,YOLO
19:37:14.927,1353,litter_yolo,352,598,14,461,691,736,YOLO
19:37:14.986,1354,litter_yolo,351,598,12,460,691,737,YOLO
19:37:15.050,1355,litter_yolo,351,597,10,459,692,736,YOLO
19:37:15.112,1356,litter_yolo,351,596,10,457,692,735,YOLO
19:37:15.172,1357,litter_yolo,350,596,9,457,692,735,YOLO
19:37:15.232,1358,litter_yolo,350,597,9,458,692,736,YOLO
19:37:15.293,1359,litter_yolo,351,598,10,460,693,737,YOLO
19:37:15.353,1360,litter_yolo,350,597,9,460,692,735,YOLO
19:37:15.415,1361,litter_yolo,350,598,9,460,692,737,YOLO
19:37:15.476,1362,litter_yolo,350,598,8,460,692,737,YOLO
19:37:15.537,1363,litter_yolo,350,599,9,460,692,738,YOLO
19:37:15.596,1364,litter_yolo,351,600,9,461,693,739,YOLO
19:37:15.657,1365,litter_yolo,350,601,8,462,693,740,YOLO
19:37:15.716,1366,litter_yolo,347,603,3,464,691,743,YOLO
19:37:15.777,1367,litter_yolo,351,600,8,462,694,738,YOLO
19:37:15.838,1368,litter_yolo,351,601,8,462,695,740,YOLO
19:37:15.899,1369,litter_yolo,351,602,6,462,697,742,YOLO
19:37:15.956,1370,litter_yolo,349,601,2,462,697,740,YOLO
19:37:16.016,1371,litter_yolo,350,601,2,461,698,741,YOLO
19:37:16.077,1372,litter_yolo,350,610,1,460,700,761,YOLO
19:37:16.137,1373,litter_yolo,351,610,1,459,702,762,YOLO
19:37:16.196,1374,litter_yolo,352,609,1,458,703,760,YOLO
19:37:16.257,1375,litter_yolo,352,609,1,456,704,762,YOLO
19:37:16.319,1376,litter_yolo,352,608,1,455,703,761,YOLO
19:37:16.379,1377,litter_yolo,352,597,4,452,701,742,YOLO
19:37:16.437,1378,litter_yolo,353,594,5,452,702,737,YOLO
19:37:16.498,1379,litter_yolo,354,594,5,453,703,736,YOLO
19:37:16.559,1380,litter_yolo,353,595,3,451,703,740,YOLO
19:37:16.619,1381,litter_yolo,352,595,2,450,703,740,YOLO
19:37:16.678,1382,litter_yolo,351,592,0,447,703,737,YOLO
19:37:16.738,1383,litter_yolo,352,590,0,444,704,737,YOLO
19:37:16.797,1384,litter_yolo,351,589,0,442,703,737,YOLO
19:37:16.860,1385,litter_yolo,351,590,0,441,703,739,YOLO
19:37:16.920,1386,litter_yolo,352,589,0,440,704,739,YOLO
19:37:16.983,1387,litter_yolo,352,588,0,439,705,737,YOLO
19:37:17.043,1388,litter_yolo,353,586,0,438,706,734,YOLO
19:37:17.044,1388,litter_yolo,1511,387,1206,208,1816,566,YOLO
19:37:17.106,1389,litter_yolo,353,584,1,436,706,732,YOLO
19:37:17.167,1390,litter_yolo,354,583,2,434,707,732,YOLO
19:37:17.229,1391,litter_yolo,353,584,0,433,707,735,YOLO
19:37:17.289,1392,litter_yolo,353,583,0,433,707,734,YOLO
19:37:17.352,1393,litter_yolo,355,580,1,432,710,728,YOLO
19:37:17.411,1394,litter_yolo,354,587,0,433,708,741,YOLO
19:37:17.411,1394,litter_yolo,1542,382,1228,200,1857,565,YOLO
19:37:17.522,1395,litter_yolo,356,582,2,432,711,732,YOLO
19:37:17.523,1395,litter_yolo,1556,391,1228,192,1884,590,YOLO
19:37:17.596,1396,litter_yolo,356,581,1,432,711,730,YOLO
19:37:17.596,1396,litter_yolo,1567,388,1237,197,1898,580,YOLO
19:37:17.659,1397,litter_yolo,356,580,0,432,712,729,YOLO
19:37:17.659,1397,litter_yolo,1569,394,1241,189,1898,600,YOLO
19:37:17.718,1398,litter_yolo,356,580,0,432,713,728,YOLO
19:37:17.718,1398,litter_yolo,1572,387,1246,180,1899,595,YOLO
19:37:17.779,1399,litter_yolo,356,581,0,432,713,731,YOLO
19:37:17.779,1399,litter_yolo,1576,383,1249,174,1903,592,YOLO
19:37:17.839,1400,litter_yolo,355,582,0,432,711,733,YOLO
19:37:17.839,1400,litter_yolo,1579,382,1248,179,1911,586,YOLO
19:37:17.900,1401,litter_yolo,355,581,0,432,711,731,YOLO
19:37:17.900,1401,litter_yolo,1585,380,1250,176,1920,585,YOLO
19:37:17.962,1402,litter_yolo,355,586,0,434,711,738,YOLO
19:37:17.962,1402,litter_yolo,1585,376,1251,169,1920,584,YOLO
19:37:18.023,1403,litter_yolo,355,587,0,434,711,740,YOLO
19:37:18.023,1403,litter_yolo,1587,373,1254,165,1920,582,YOLO
19:37:18.094,1404,litter_yolo,356,582,0,432,712,732,YOLO
19:37:18.094,1404,litter_yolo,1589,378,1259,160,1920,597,YOLO
19:37:18.158,1405,litter_yolo,355,589,2,432,708,746,YOLO
19:37:18.221,1406,litter_yolo,354,585,2,430,707,741,YOLO
19:37:18.286,1407,litter_yolo,354,584,0,431,708,738,YOLO
19:37:18.348,1408,litter_yolo,354,582,0,429,708,736,YOLO
19:37:18.410,1409,litter_yolo,352,583,0,428,705,739,YOLO
19:37:18.470,1410,litter_yolo,352,581,1,428,704,734,YOLO
19:37:18.532,1411,litter_yolo,353,579,0,430,706,729,YOLO
19:37:18.592,1412,litter_yolo,353,581,0,428,706,734,YOLO
19:37:18.653,1413,litter_yolo,352,585,0,428,705,743,YOLO
19:37:18.716,1414,litter_yolo,353,583,2,427,704,739,YOLO
19:37:18.779,1415,litter_yolo,354,582,4,426,704,739,YOLO
19:37:18.841,1416,litter_yolo,354,580,6,425,702,735,YOLO
19:37:18.902,1417,litter_yolo,351,575,0,424,703,727,YOLO
19:37:18.964,1418,litter_yolo,353,577,6,422,700,732,YOLO
19:37:19.027,1419,litter_yolo,353,575,6,421,700,729,YOLO
19:37:19.088,1420,litter_yolo,353,572,7,419,700,725,YOLO
19:37:19.152,1421,litter_yolo,353,572,8,419,699,726,YOLO
19:37:19.213,1422,litter_yolo,352,572,6,418,698,726,YOLO
19:37:19.274,1423,litter_yolo,350,572,0,418,701,726,YOLO
19:37:19.333,1424,litter_yolo,349,572,0,418,699,727,YOLO
19:37:19.394,1425,litter_yolo,347,573,1,419,694,727,YOLO
19:37:19.454,1426,litter_yolo,348,572,2,419,694,726,YOLO
19:37:19.514,1427,litter_yolo,348,580,0,419,696,742,YOLO
19:37:19.574,1428,litter_yolo,348,575,2,419,694,732,YOLO
19:37:19.636,1429,litter_yolo,347,580,1,419,693,741,YOLO
19:37:19.696,1430,litter_yolo,348,583,0,421,696,745,YOLO
19:37:19.696,1430,litter_yolo,1630,366,1340,85,1920,647,YOLO
19:37:19.754,1431,litter_yolo,347,585,0,421,694,750,YOLO
19:37:19.820,1432,litter_yolo,347,585,0,423,694,748,YOLO
19:37:19.882,1433,litter_yolo,346,580,1,423,691,737,YOLO
19:37:19.943,1434,litter_yolo,346,580,1,423,691,737,YOLO
19:37:20.002,1435,litter_yolo,346,580,1,423,691,738,YOLO
19:37:20.063,1436,litter_yolo,345,581,0,422,691,740,YOLO
19:37:20.124,1437,litter_yolo,344,579,1,421,688,738,YOLO
19:37:20.185,1438,litter_yolo,344,579,1,420,688,738,YOLO
19:37:20.245,1439,litter_yolo,344,580,0,419,688,741,YOLO
19:37:20.310,1440,litter_yolo,345,579,0,418,690,741,YOLO
19:37:20.375,1441,litter_yolo,344,581,0,419,688,743,YOLO
19:37:20.438,1442,litter_yolo,336,579,0,421,673,737,YOLO
19:37:20.496,1443,litter_yolo,344,579,0,420,688,739,YOLO
19:37:20.558,1444,litter_yolo,344,579,0,417,688,742,YOLO
19:37:20.618,1445,litter_yolo,344,579,0,415,689,743,YOLO
19:37:20.681,1446,litter_yolo,344,587,0,418,689,757,YOLO
19:37:20.740,1447,litter_yolo,344,581,0,411,689,751,YOLO
19:37:20.801,1448,litter_yolo,343,580,0,409,687,752,YOLO
19:37:20.863,1449,litter_yolo,342,585,0,410,685,761,YOLO
19:37:20.925,1450,litter_yolo,336,584,0,409,673,760,YOLO
19:37:20.987,1451,litter_yolo,335,585,0,410,670,761,YOLO
19:37:21.049,1452,litter_yolo,334,586,0,409,668,763,YOLO
19:37:21.110,1453,litter_yolo,341,582,0,406,682,759,YOLO
19:37:21.171,1454,litter_yolo,340,585,0,403,680,768,YOLO
19:37:21.232,1455,litter_yolo,341,588,0,402,682,774,YOLO
19:37:21.293,1456,litter_yolo,335,576,0,404,671,749,YOLO
19:37:21.356,1457,litter_yolo,341,579,0,401,683,758,YOLO
19:37:21.416,1458,litter_yolo,335,587,0,395,671,779,YOLO
19:37:21.478,1459,litter_yolo,334,585,0,394,669,776,YOLO
19:37:21.540,1460,litter_yolo,339,571,0,397,679,746,YOLO
19:37:21.600,1461,litter_yolo,338,572,0,396,677,749,YOLO
19:37:21.660,1462,litter_yolo,339,574,0,396,679,753,YOLO
19:37:21.721,1463,litter_yolo,338,586,0,395,677,777,YOLO
19:37:21.782,1464,litter_yolo,331,603,0,394,662,812,YOLO
19:37:21.843,1465,litter_yolo,329,601,0,394,659,808,YOLO
19:37:21.906,1466,litter_yolo,328,602,0,394,656,811,YOLO
19:37:21.965,1467,litter_yolo,332,581,0,395,665,768,YOLO
19:37:22.026,1468,litter_yolo,332,583,0,395,664,772,YOLO
19:37:22.085,1469,litter_yolo,330,581,0,395,661,768,YOLO
19:37:22.144,1470,litter_yolo,330,603,0,395,660,811,YOLO
19:37:22.205,1471,litter_yolo,329,601,0,394,658,809,YOLO
19:37:22.267,1472,litter_yolo,325,609,0,395,651,823,YOLO
19:37:22.329,1473,litter_yolo,327,586,0,396,654,776,YOLO
19:37:22.388,1474,litter_yolo,326,579,0,396,653,762,YOLO
19:37:22.456,1475,litter_yolo,325,580,0,395,650,766,YOLO
19:37:22.530,1476,litter_yolo,324,577,0,395,648,759,YOLO
19:37:22.593,1477,litter_yolo,321,577,0,394,643,761,YOLO
19:37:22.654,1478,litter_yolo,320,574,0,394,641,754,YOLO
19:37:22.714,1479,litter_yolo,319,574,0,394,639,754,YOLO
19:37:22.774,1480,litter_yolo,316,574,0,393,633,755,YOLO
19:37:22.833,1481,litter_yolo,318,574,0,394,637,755,YOLO
19:37:22.895,1482,litter_yolo,316,574,0,393,633,755,YOLO
19:37:22.956,1483,litter_yolo,316,572,0,388,632,756,YOLO
19:37:23.016,1484,litter_yolo,310,570,0,387,621,753,YOLO
19:37:23.078,1485,litter_yolo,310,570,0,385,620,756,YOLO
19:37:23.140,1486,litter_yolo,308,572,0,383,617,761,YOLO
19:37:23.201,1487,litter_yolo,309,569,0,382,618,757,YOLO
19:37:23.263,1488,litter_yolo,309,567,0,381,618,754,YOLO
19:37:23.323,1489,litter_yolo,309,567,0,380,619,755,YOLO
19:37:23.394,1490,litter_yolo,310,566,0,379,621,754,YOLO
19:37:23.454,1491,litter_yolo,310,565,0,375,621,755,YOLO
19:37:23.517,1492,litter_yolo,310,564,0,375,620,754,YOLO
19:37:23.579,1493,litter_yolo,308,566,0,376,616,756,YOLO
19:37:23.638,1494,litter_yolo,307,565,0,375,615,756,YOLO
19:37:23.698,1495,litter_yolo,306,566,0,374,613,758,YOLO
19:37:23.757,1496,litter_yolo,305,564,0,375,611,753,YOLO
19:37:23.818,1497,litter_yolo,303,567,0,377,607,758,YOLO
19:37:23.877,1498,litter_yolo,304,570,0,381,608,760,YOLO
19:37:23.938,1499,litter_yolo,302,572,0,381,605,763,YOLO
19:37:23.997,1500,litter_yolo,302,573,0,381,604,766,YOLO
19:37:24.057,1501,litter_yolo,301,571,0,379,603,764,YOLO
19:37:24.119,1502,litter_yolo,301,571,0,380,603,762,YOLO
19:37:24.119,1502,litter_yolo,372,690,278,610,466,771,YOLO
19:37:24.179,1503,litter_yolo,300,573,0,381,601,765,YOLO
19:37:24.238,1504,litter_yolo,301,575,0,383,602,768,YOLO
19:37:24.238,1504,litter_yolo,369,693,274,613,464,773,YOLO
19:37:24.297,1505,litter_yolo,299,576,0,385,599,768,YOLO
19:37:24.297,1505,litter_yolo,365,695,270,615,460,775,YOLO
19:37:24.355,1506,litter_yolo,299,579,0,386,598,772,YOLO
19:37:24.415,1507,litter_yolo,299,580,0,384,599,776,YOLO
19:37:24.475,1508,litter_yolo,298,581,0,384,597,778,YOLO
19:37:24.535,1509,litter_yolo,296,584,0,384,593,785,YOLO
19:37:24.595,1510,litter_yolo,295,582,0,381,591,783,YOLO
19:37:24.654,1511,litter_yolo,289,586,0,387,579,786,YOLO
19:37:24.713,1512,litter_yolo,289,586,0,388,578,784,YOLO
19:37:24.772,1513,litter_yolo,287,587,0,390,575,784,YOLO
19:37:24.832,1514,litter_yolo,288,585,0,384,577,786,YOLO
19:37:24.893,1515,litter_yolo,288,587,0,382,576,792,YOLO
19:37:24.955,1516,litter_yolo,288,586,0,381,576,791,YOLO
19:37:25.015,1517,litter_yolo,287,584,0,377,574,792,YOLO
19:37:25.076,1518,litter_yolo,288,581,0,376,576,786,YOLO
19:37:25.136,1519,litter_yolo,289,580,0,373,578,787,YOLO
19:37:25.195,1520,litter_yolo,287,577,0,372,574,783,YOLO
19:37:25.255,1521,litter_yolo,287,578,0,373,575,783,YOLO
19:37:25.255,1521,litter_yolo,318,700,218,616,419,785,YOLO
19:37:25.314,1522,litter_yolo,285,577,0,371,571,784,YOLO
19:37:25.374,1523,litter_yolo,285,576,0,368,571,785,YOLO
19:37:25.434,1524,litter_yolo,285,574,0,364,570,785,YOLO
19:37:25.496,1525,litter_yolo,283,573,0,364,566,783,YOLO
19:37:25.496,1525,litter_yolo,307,700,206,615,408,786,YOLO
19:37:25.555,1526,litter_yolo,282,570,0,360,565,781,YOLO
19:37:25.555,1526,litter_yolo,306,700,203,614,409,786,YOLO
19:37:25.614,1527,litter_yolo,282,569,0,356,564,782,YOLO
19:37:25.672,1528,litter_yolo,280,570,0,357,561,783,YOLO
19:37:25.733,1529,litter_yolo,280,572,0,357,560,788,YOLO
19:37:25.794,1530,litter_yolo,279,571,0,356,558,787,YOLO
19:37:25.855,1531,litter_yolo,277,573,0,355,554,791,YOLO
19:37:25.916,1532,litter_yolo,276,573,0,352,553,795,YOLO
19:37:25.977,1533,litter_yolo,276,572,0,350,552,794,YOLO
19:37:26.036,1534,litter_yolo,275,572,0,348,551,797,YOLO
19:37:26.096,1535,litter_yolo,274,571,0,346,549,797,YOLO
19:37:26.156,1536,litter_yolo,274,572,0,347,548,798,YOLO
19:37:26.216,1537,litter_yolo,273,575,0,351,547,800,YOLO
19:37:26.278,1538,litter_yolo,272,574,0,348,544,800,YOLO
19:37:26.336,1539,litter_yolo,272,576,0,349,544,804,YOLO
19:37:26.395,1540,litter_yolo,259,579,0,350,518,808,YOLO
19:37:26.457,1541,litter_yolo,259,580,0,353,518,808,YOLO
19:37:26.517,1542,litter_yolo,258,580,0,351,517,809,YOLO
19:37:26.578,1543,litter_yolo,258,578,0,345,517,812,YOLO
19:37:26.636,1544,litter_yolo,258,573,0,338,516,808,YOLO
19:37:26.696,1545,litter_yolo,257,575,0,343,514,808,YOLO
19:37:26.756,1546,litter_yolo,255,579,0,346,510,812,YOLO
19:37:26.816,1547,litter_yolo,255,576,0,341,511,811,YOLO
19:37:26.876,1548,litter_yolo,254,573,0,334,508,812,YOLO
19:37:26.936,1549,litter_yolo,252,572,0,334,505,811,YOLO
19:37:26.996,1550,litter_yolo,252,572,0,332,505,812,YOLO
19:37:27.057,1551,litter_yolo,252,574,0,336,505,812,YOLO
19:37:27.118,1552,litter_yolo,251,573,0,336,503,810,YOLO
19:37:27.178,1553,litter_yolo,250,571,0,334,501,808,YOLO
19:37:27.237,1554,litter_yolo,250,572,0,334,501,810,YOLO
19:37:27.299,1555,litter_yolo,249,574,0,333,498,815,YOLO
19:37:27.358,1556,litter_yolo,248,575,0,332,496,818,YOLO
19:37:27.417,1557,litter_yolo,246,576,0,334,492,818,YOLO
19:37:27.476,1558,litter_yolo,247,578,0,336,494,820,YOLO
19:37:27.534,1559,litter_yolo,245,579,0,337,490,822,YOLO
19:37:27.534,1559,litter_yolo,1647,410,1400,296,1894,524,YOLO
19:37:27.593,1560,litter_yolo,244,579,0,335,488,824,YOLO
19:37:27.651,1561,litter_yolo,243,580,0,336,487,825,YOLO
19:37:27.651,1561,litter_yolo,1667,408,1416,297,1918,520,YOLO
19:37:27.712,1562,litter_yolo,242,580,0,338,485,823,YOLO
19:37:27.712,1562,litter_yolo,1670,408,1421,295,1920,522,YOLO
19:37:27.773,1563,litter_yolo,246,586,7,344,485,829,YOLO
19:37:27.773,1563,litter_yolo,1673,408,1426,294,1920,522,YOLO
19:37:27.834,1564,litter_yolo,244,586,6,342,483,830,YOLO
19:37:27.893,1565,litter_yolo,242,593,6,349,478,838,YOLO
19:37:27.954,1566,litter_yolo,241,597,5,353,477,841,YOLO
19:37:28.015,1567,litter_yolo,240,603,4,364,477,843,YOLO
19:37:28.075,1568,litter_yolo,239,598,3,351,476,846,YOLO
19:37:28.136,1569,litter_yolo,238,597,3,345,474,849,YOLO
19:37:28.197,1570,litter_yolo,236,594,0,340,473,848,YOLO
19:37:28.258,1571,litter_yolo,236,595,0,339,472,852,YOLO
19:37:28.317,1572,litter_yolo,235,600,0,344,471,856,YOLO
19:37:28.377,1573,litter_yolo,236,599,0,338,472,860,YOLO
19:37:28.437,1574,litter_yolo,236,608,0,352,472,864,YOLO
19:37:28.495,1575,litter_yolo,235,608,0,352,471,864,YOLO
19:37:28.555,1576,litter_yolo,236,606,0,345,472,867,YOLO
19:37:28.616,1577,litter_yolo,236,605,0,339,472,872,YOLO
19:37:28.675,1578,litter_yolo,236,609,0,342,472,877,YOLO
19:37:28.735,1579,litter_yolo,236,609,0,339,473,880,YOLO
19:37:28.736,1579,litter_yolo,127,768,0,660,255,876,YOLO
19:37:28.795,1580,litter_yolo,236,609,0,336,472,882,YOLO
19:37:28.856,1581,litter_yolo,235,608,0,334,471,883,YOLO
19:37:28.917,1582,litter_yolo,236,608,0,336,473,881,YOLO
19:37:28.917,1582,litter_yolo,123,773,0,661,247,886,YOLO
19:37:28.977,1583,litter_yolo,236,611,0,338,473,885,YOLO
19:37:28.977,1583,litter_yolo,123,773,0,660,246,886,YOLO
19:37:29.036,1584,litter_yolo,235,612,0,342,471,883,YOLO
19:37:29.036,1584,litter_yolo,122,771,0,660,244,883,YOLO
19:37:29.096,1585,litter_yolo,234,619,0,357,469,881,YOLO
19:37:29.096,1585,litter_yolo,118,771,0,659,237,884,YOLO
19:37:29.157,1586,litter_yolo,233,614,0,349,466,879,YOLO
19:37:29.157,1586,litter_yolo,119,772,1,659,237,885,YOLO
19:37:29.219,1587,litter_yolo,233,609,0,352,466,867,YOLO
19:37:29.219,1587,litter_yolo,117,770,2,656,233,884,YOLO
19:37:29.280,1588,litter_yolo,116,772,1,656,231,888,YOLO
19:37:29.280,1588,litter_yolo,232,609,0,346,465,873,YOLO
19:37:29.341,1589,litter_yolo,114,772,1,655,227,890,YOLO
19:37:29.341,1589,litter_yolo,231,606,0,341,463,872,YOLO
19:37:29.400,1590,litter_yolo,111,774,0,654,223,894,YOLO
19:37:29.400,1590,litter_yolo,232,604,0,338,464,871,YOLO
19:37:29.462,1591,litter_yolo,111,776,0,655,222,898,YOLO
19:37:29.462,1591,litter_yolo,230,615,0,329,461,902,YOLO
19:37:29.521,1592,litter_yolo,110,776,0,655,220,898,YOLO
19:37:29.521,1592,litter_yolo,229,613,0,325,459,902,YOLO
19:37:29.580,1593,litter_yolo,110,778,0,655,221,901,YOLO
19:37:29.580,1593,litter_yolo,229,614,0,324,459,904,YOLO
19:37:29.639,1594,litter_yolo,109,778,0,655,219,901,YOLO
19:37:29.639,1594,litter_yolo,229,614,0,325,459,904,YOLO
19:37:29.699,1595,litter_yolo,229,609,0,314,459,904,YOLO
19:37:29.699,1595,litter_yolo,109,779,0,656,219,903,YOLO
19:37:29.759,1596,litter_yolo,230,595,0,315,460,875,YOLO
19:37:29.820,1597,litter_yolo,229,588,0,316,459,861,YOLO
19:37:29.820,1597,litter_yolo,113,786,0,667,226,905,YOLO
19:37:29.879,1598,litter_yolo,229,610,0,311,458,909,YOLO
19:37:29.879,1598,litter_yolo,106,786,0,665,212,907,YOLO
19:37:29.940,1599,litter_yolo,229,593,0,310,459,876,YOLO
19:37:30.000,1600,litter_yolo,229,589,0,310,458,868,YOLO
19:37:30.062,1601,litter_yolo,227,594,0,309,455,879,YOLO
19:37:30.121,1602,litter_yolo,227,577,0,313,455,842,YOLO
19:37:30.182,1603,litter_yolo,226,581,0,311,453,852,YOLO
19:37:30.241,1604,litter_yolo,225,586,0,310,451,863,YOLO
19:37:30.241,1604,litter_yolo,1143,528,370,369,1917,688,YOLO
19:37:30.300,1605,litter_yolo,225,580,0,311,450,850,YOLO
19:37:30.300,1605,litter_yolo,1139,535,361,385,1917,686,YOLO
19:37:30.363,1606,litter_yolo,223,594,0,310,447,879,YOLO
19:37:30.422,1607,litter_yolo,223,614,0,310,447,919,YOLO
19:37:30.482,1608,litter_yolo,222,629,0,309,444,950,YOLO
19:37:30.543,1609,litter_yolo,221,627,0,308,442,947,YOLO
19:37:30.603,1610,litter_yolo,220,634,0,311,441,957,YOLO
19:37:30.661,1611,litter_yolo,220,635,0,311,440,959,YOLO
19:37:30.720,1612,litter_yolo,219,633,0,309,438,958,YOLO
19:37:30.781,1613,litter_yolo,219,612,0,313,438,911,YOLO
19:37:30.840,1614,litter_yolo,218,626,0,313,436,939,YOLO
19:37:30.899,1615,litter_yolo,218,620,0,310,436,930,YOLO
19:37:30.960,1616,litter_yolo,217,628,0,308,435,949,YOLO
19:37:31.019,1617,litter_yolo,217,635,0,305,435,966,YOLO
19:37:31.077,1618,litter_yolo,217,637,0,308,434,966,YOLO
19:37:31.138,1619,litter_yolo,217,641,0,304,434,979,YOLO
19:37:31.200,1620,litter_yolo,216,638,0,297,433,979,YOLO
19:37:31.261,1621,litter_yolo,216,648,0,294,432,1003,YOLO
19:37:31.322,1622,litter_yolo,215,656,0,295,430,1018,YOLO
19:37:31.382,1623,litter_yolo,214,657,0,295,428,1019,YOLO
19:37:31.443,1624,litter_yolo,214,661,0,295,428,1027,YOLO
19:37:31.503,1625,litter_yolo,213,662,0,292,426,1032,YOLO
19:37:31.564,1626,litter_yolo,212,654,0,292,424,1017,YOLO
19:37:31.623,1627,litter_yolo,211,661,0,291,422,1032,YOLO
19:37:31.682,1628,litter_yolo,211,653,0,291,422,1015,YOLO
19:37:31.740,1629,litter_yolo,210,615,0,296,420,935,YOLO
19:37:31.801,1630,litter_yolo,209,605,0,295,418,915,YOLO
19:37:31.860,1631,litter_yolo,208,606,0,293,417,920,YOLO
19:37:31.919,1632,litter_yolo,208,609,0,298,417,921,YOLO
19:37:31.980,1633,litter_yolo,206,605,0,298,413,912,YOLO
19:37:32.042,1634,litter_yolo,206,608,0,301,412,915,YOLO
19:37:32.102,1635,litter_yolo,205,612,0,306,411,919,YOLO
19:37:32.163,1636,litter_yolo,205,619,0,308,410,930,YOLO
19:37:32.223,1637,litter_yolo,206,623,0,311,412,935,YOLO
19:37:32.282,1638,litter_yolo,205,629,0,315,411,944,YOLO
19:37:32.342,1639,litter_yolo,206,631,0,314,412,948,YOLO
19:37:32.401,1640,litter_yolo,205,634,0,315,411,954,YOLO
19:37:32.462,1641,litter_yolo,204,633,0,315,409,952,YOLO
19:37:32.521,1642,litter_yolo,203,635,0,315,407,956,YOLO
19:37:32.581,1643,litter_yolo,202,639,0,316,404,962,YOLO
19:37:32.640,1644,litter_yolo,201,643,0,320,402,966,YOLO
19:37:32.699,1645,litter_yolo,200,647,0,322,400,972,YOLO
19:37:32.759,1646,litter_yolo,200,654,0,320,400,988,YOLO
19:37:32.820,1647,litter_yolo,199,662,0,323,399,1001,YOLO
19:37:32.880,1648,litter_yolo,199,662,0,317,398,1008,YOLO
19:37:32.940,1649,litter_yolo,198,665,0,333,397,997,YOLO
19:37:33.001,1650,litter_yolo,198,666,0,333,397,1000,YOLO
19:37:33.061,1651,litter_yolo,198,663,0,327,396,999,YOLO
19:37:33.119,1652,litter_yolo,197,674,0,345,395,1004,YOLO
19:37:33.178,1653,litter_yolo,197,694,0,376,395,1012,YOLO
19:37:33.239,1654,litter_yolo,197,670,0,324,394,1017,YOLO
19:37:33.300,1655,litter_yolo,196,681,0,340,393,1022,YOLO
19:37:33.360,1656,litter_yolo,196,678,0,330,393,1027,YOLO
19:37:33.421,1657,litter_yolo,196,684,0,335,392,1034,YOLO
19:37:33.481,1658,litter_yolo,195,704,0,370,391,1038,YOLO
19:37:33.542,1659,litter_yolo,194,685,0,334,388,1037,YOLO
19:37:33.602,1660,litter_yolo,194,674,0,318,389,1030,YOLO
19:37:33.669,1661,litter_yolo,194,675,1,316,388,1035,YOLO
19:37:33.759,1662,litter_yolo,192,677,0,313,384,1042,YOLO
19:37:33.860,1663,litter_yolo,191,682,0,315,383,1049,YOLO
19:37:33.920,1664,litter_yolo,190,683,0,315,380,1051,YOLO
19:37:33.981,1665,litter_yolo,188,686,0,317,376,1055,YOLO
19:37:34.047,1666,litter_yolo,187,693,0,332,374,1054,YOLO
19:37:34.108,1667,litter_yolo,185,710,0,365,371,1055,YOLO
19:37:34.168,1668,litter_yolo,185,724,0,387,370,1062,YOLO
19:37:34.229,1669,litter_yolo,183,706,0,342,366,1071,YOLO
19:37:34.290,1670,litter_yolo,186,698,0,316,373,1080,YOLO
19:37:34.350,1671,litter_yolo,185,701,0,322,370,1080,YOLO
19:37:34.412,1672,litter_yolo,185,699,0,318,370,1080,YOLO
19:37:34.495,1673,litter_yolo,183,701,0,322,366,1080,YOLO
19:37:34.556,1674,litter_yolo,182,713,0,347,365,1080,YOLO
19:37:34.617,1675,litter_yolo,182,700,0,321,364,1080,YOLO
19:37:34.679,1676,litter_yolo,181,701,1,323,361,1080,YOLO
19:37:34.741,1677,litter_yolo,179,700,1,320,357,1080,YOLO
19:37:34.801,1678,litter_yolo,177,699,1,319,353,1080,YOLO
19:37:34.861,1679,litter_yolo,174,703,0,326,348,1080,YOLO
19:37:34.921,1680,litter_yolo,171,706,0,333,342,1080,YOLO
19:37:34.982,1681,litter_yolo,168,731,0,383,336,1080,YOLO
19:37:35.043,1682,litter_yolo,167,738,0,416,334,1060,YOLO
19:37:35.102,1683,litter_yolo,163,742,0,415,326,1070,YOLO
19:37:35.281,1686,litter_yolo,156,804,0,528,313,1080,YOLO
19:37:35.343,1687,litter_yolo,153,770,0,461,307,1080,YOLO
19:37:36.771,1711,litter_yolo,100,744,0,466,201,1023,YOLO
19:37:40.595,1741,litter_yolo,280,545,2,423,559,668,YOLO
19:37:40.896,1746,litter_yolo,277,548,1,425,554,672,YOLO
19:37:41.078,1749,litter_yolo,285,543,2,423,568,663,YOLO
19:37:41.138,1750,litter_yolo,286,541,3,425,570,658,YOLO
19:37:41.260,1752,litter_yolo,283,543,2,422,564,664,YOLO
19:37:43.719,1793,litter_yolo,1461,596,1002,477,1920,716,YOLO
19:37:43.837,1795,litter_yolo,1463,597,1006,478,1920,716,YOLO
19:37:43.898,1796,litter_yolo,1462,593,1005,472,1920,715,YOLO
19:37:45.756,1827,litter_yolo,1457,543,995,361,1920,726,YOLO
19:37:45.817,1828,litter_yolo,1455,532,991,343,1920,722,YOLO
19:37:45.937,1830,litter_yolo,1459,550,999,376,1920,724,YOLO
19:37:45.995,1831,litter_yolo,1461,547,1003,368,1920,726,YOLO
19:37:46.054,1832,litter_yolo,1461,536,1002,350,1920,722,YOLO
19:37:46.112,1833,litter_yolo,1460,540,1001,355,1920,726,YOLO
19:37:46.172,1834,litter_yolo,1460,554,1001,388,1920,720,YOLO
19:37:46.655,1842,litter_yolo,1461,576,1002,438,1920,714,YOLO
19:37:46.716,1843,litter_yolo,1458,573,996,439,1920,707,YOLO
19:37:49.565,1890,litter_yolo,1469,554,1019,412,1920,697,YOLO
19:37:50.227,1901,litter_yolo,1467,490,1014,307,1920,674,YOLO
19:37:55.918,1995,litter_yolo,266,521,38,402,494,641,YOLO
19:37:56.280,2001,litter_yolo,1466,495,1012,333,1920,658,YOLO
19:37:56.457,2004,litter_yolo,1467,508,1015,355,1920,662,YOLO
19:37:56.517,2005,litter_yolo,1474,513,1028,360,1920,666,YOLO
19:37:58.510,2038,litter_yolo,230,526,31,417,430,636,YOLO
19:37:58.570,2039,litter_yolo,229,530,26,420,432,640,YOLO
19:37:58.631,2040,litter_yolo,225,538,22,420,428,657,YOLO
19:37:58.812,2043,litter_yolo,224,500,24,415,425,585,YOLO
19:37:58.871,2044,litter_yolo,226,541,24,414,429,669,YOLO
19:37:58.994,2046,litter_yolo,218,538,12,416,424,660,YOLO
19:37:59.055,2047,litter_yolo,213,542,7,417,419,667,YOLO
19:37:59.114,2048,litter_yolo,213,542,8,418,418,667,YOLO
19:37:59.175,2049,litter_yolo,213,544,9,415,418,674,YOLO
19:37:59.295,2051,litter_yolo,210,538,6,418,415,659,YOLO
19:37:59.536,2055,litter_yolo,202,547,0,419,404,676,YOLO
19:37:59.654,2057,litter_yolo,1453,542,987,349,1920,736,YOLO
19:37:59.772,2059,litter_yolo,1451,529,982,324,1920,735,YOLO
19:37:59.832,2060,litter_yolo,1451,531,982,328,1920,734,YOLO
19:37:59.892,2061,litter_yolo,1451,545,982,354,1920,737,YOLO
19:37:59.955,2062,litter_yolo,1452,545,984,355,1920,735,YOLO
19:38:00.017,2063,litter_yolo,1451,548,983,357,1920,739,YOLO
19:38:00.150,2065,litter_yolo,1450,543,981,344,1920,743,YOLO
19:38:00.211,2066,litter_yolo,1450,537,980,333,1920,742,YOLO
19:38:00.273,2067,litter_yolo,1449,539,978,333,1920,746,YOLO
19:38:00.515,2071,litter_yolo,1448,537,977,319,1920,755,YOLO
19:38:07.200,2148,litter_yolo,961,724,2,368,1920,1080,YOLO
19:38:07.261,2149,litter_yolo,961,726,3,372,1920,1080,YOLO
19:38:07.857,2159,litter_yolo,961,747,3,414,1920,1080,YOLO
19:38:07.918,2160,litter_yolo,962,748,4,417,1920,1080,YOLO
19:38:07.918,2160,litter_yolo,956,563,0,71,1912,1055,YOLO
19:38:07.979,2161,litter_yolo,961,749,3,418,1920,1080,YOLO
19:38:07.979,2161,litter_yolo,955,560,0,51,1911,1070,YOLO
19:38:08.040,2162,litter_yolo,962,744,4,409,1920,1080,YOLO
19:38:08.040,2162,litter_yolo,954,564,0,66,1909,1062,YOLO
19:38:08.099,2163,litter_yolo,962,740,4,401,1920,1080,YOLO
19:38:08.099,2163,litter_yolo,955,572,0,79,1910,1065,YOLO
19:38:08.222,2165,litter_yolo,962,748,4,416,1920,1080,YOLO
19:38:08.282,2166,litter_yolo,962,747,4,414,1920,1080,YOLO
19:38:08.282,2166,litter_yolo,955,588,0,111,1910,1066,YOLO
19:38:08.461,2169,litter_yolo,956,550,0,59,1912,1042,YOLO
19:38:08.523,2170,litter_yolo,956,524,0,2,1912,1046,YOLO
19:38:08.523,2170,litter_yolo,962,729,5,397,1920,1061,YOLO
19:38:14.337,2267,litter_yolo,1834,742,1749,441,1920,1044,YOLO
19:38:14.400,2268,litter_yolo,1827,732,1734,430,1920,1034,YOLO
19:38:14.460,2269,litter_yolo,1814,727,1710,434,1919,1020,YOLO
19:38:14.519,2270,litter_yolo,1797,736,1675,447,1920,1025,YOLO
19:38:14.581,2271,litter_yolo,1790,731,1661,437,1920,1026,YOLO
19:38:14.639,2272,litter_yolo,1778,716,1638,425,1919,1008,YOLO
19:38:14.822,2275,litter_yolo,1746,699,1575,434,1918,964,YOLO
19:38:17.053,2312,litter_yolo,1573,598,1227,396,1920,801,YOLO
19:38:17.114,2313,litter_yolo,1564,590,1208,392,1920,788,YOLO
19:38:17.175,2314,litter_yolo,1563,583,1207,378,1920,789,YOLO
19:38:17.236,2315,litter_yolo,1561,578,1203,381,1920,776,YOLO
19:38:17.355,2317,litter_yolo,1553,573,1190,381,1916,766,YOLO
19:38:17.418,2318,litter_yolo,1544,572,1185,381,1903,764,YOLO
19:38:17.634,2321,litter_yolo,1504,575,1176,393,1833,758,YOLO
19:38:17.694,2322,litter_yolo,1489,586,1169,394,1809,779,YOLO
19:38:17.756,2323,litter_yolo,1478,583,1171,399,1786,768,YOLO
19:38:17.816,2324,litter_yolo,1470,581,1170,401,1771,761,YOLO
19:38:17.877,2325,litter_yolo,1455,578,1156,403,1755,753,YOLO
19:38:17.935,2326,litter_yolo,1456,574,1150,405,1763,743,YOLO
19:38:17.997,2327,litter_yolo,1452,586,1155,408,1750,764,YOLO
19:38:18.058,2328,litter_yolo,1442,585,1145,409,1739,762,YOLO
19:38:18.118,2329,litter_yolo,1440,587,1138,412,1742,763,YOLO
19:38:18.177,2330,litter_yolo,1416,583,1143,407,1689,759,YOLO
19:38:18.236,2331,litter_yolo,1421,576,1158,411,1685,742,YOLO
19:38:18.296,2332,litter_yolo,1397,558,1151,414,1644,702,YOLO
19:38:18.357,2333,litter_yolo,1391,552,1143,414,1640,691,YOLO
19:38:18.419,2334,litter_yolo,1380,567,1135,417,1626,718,YOLO
19:38:18.478,2335,litter_yolo,1368,563,1133,417,1604,709,YOLO
19:38:18.540,2336,litter_yolo,1365,562,1137,424,1593,700,YOLO
19:38:18.600,2337,litter_yolo,1370,577,1154,422,1586,732,YOLO
19:38:18.661,2338,litter_yolo,1345,553,1124,426,1566,681,YOLO
19:38:18.723,2339,litter_yolo,1340,564,1122,423,1559,706,YOLO
19:38:18.783,2340,litter_yolo,1337,545,1131,425,1543,666,YOLO
19:38:18.842,2341,litter_yolo,1328,565,1125,422,1531,709,YOLO
19:38:18.902,2342,litter_yolo,1321,562,1123,423,1520,702,YOLO
19:38:18.963,2343,litter_yolo,1317,560,1121,425,1514,695,YOLO
19:38:19.024,2344,litter_yolo,1312,559,1124,426,1501,692,YOLO
19:38:19.085,2345,litter_yolo,1308,556,1128,425,1488,687,YOLO
19:38:19.145,2346,litter_yolo,1295,539,1106,423,1484,656,YOLO
19:38:19.204,2347,litter_yolo,1283,531,1090,420,1477,643,YOLO
19:38:19.262,2348,litter_yolo,1282,540,1104,427,1461,654,YOLO
19:38:19.322,2349,litter_yolo,1282,554,1111,431,1454,677,YOLO
19:38:19.383,2350,litter_yolo,1276,548,1104,422,1448,674,YOLO
19:38:19.445,2351,litter_yolo,1275,549,1112,414,1439,685,YOLO
19:38:19.503,2352,litter_yolo,1270,545,1114,413,1427,678,YOLO
19:38:19.563,2353,litter_yolo,1269,548,1117,418,1421,679,YOLO
19:38:19.624,2354,litter_yolo,1261,541,1110,415,1413,668,YOLO
19:38:19.684,2355,litter_yolo,1255,528,1099,415,1411,641,YOLO
19:38:19.743,2356,litter_yolo,1253,525,1098,415,1409,635,YOLO
19:38:19.802,2357,litter_yolo,1249,528,1089,414,1409,643,YOLO
19:38:19.863,2358,litter_yolo,1249,535,1091,416,1407,655,YOLO
19:38:19.924,2359,litter_yolo,1248,530,1089,418,1407,642,YOLO
19:38:19.984,2360,litter_yolo,1243,525,1084,417,1402,633,YOLO
19:38:20.044,2361,litter_yolo,1227,532,1070,422,1385,642,YOLO
19:38:20.103,2362,litter_yolo,1223,526,1072,422,1375,631,YOLO
19:38:20.165,2363,litter_yolo,1237,522,1076,418,1398,626,YOLO
19:38:20.225,2364,litter_yolo,1218,523,1065,418,1371,628,YOLO
19:38:20.285,2365,litter_yolo,1218,519,1061,413,1375,625,YOLO
19:38:20.345,2366,litter_yolo,1214,518,1047,410,1382,626,YOLO
19:38:20.406,2367,litter_yolo,1186,523,1044,417,1328,629,YOLO
19:38:20.467,2368,litter_yolo,1191,519,1050,412,1333,626,YOLO
19:38:20.825,2374,litter_yolo,1377,499,1013,397,1741,602,YOLO
19:38:20.886,2375,litter_yolo,1368,503,1001,395,1736,612,YOLO
19:38:21.965,2393,litter_yolo,1072,513,952,432,1193,594,YOLO
19:38:22.026,2394,litter_yolo,1072,514,951,436,1193,593,YOLO
19:38:22.637,2404,litter_yolo,553,497,352,422,755,573,YOLO
19:38:22.697,2405,litter_yolo,553,497,355,422,751,573,YOLO
19:38:22.755,2406,litter_yolo,553,497,353,422,754,573,YOLO
19:38:22.816,2407,litter_yolo,550,496,351,420,750,572,YOLO
19:38:22.935,2409,litter_yolo,545,496,348,420,742,573,YOLO
19:38:22.995,2410,litter_yolo,540,497,344,421,737,574,YOLO
19:38:23.057,2411,litter_yolo,544,496,339,420,750,572,YOLO
19:38:23.296,2415,litter_yolo,535,495,337,416,734,575,YOLO
19:38:23.357,2416,litter_yolo,539,497,336,419,743,575,YOLO
19:38:23.419,2417,litter_yolo,538,496,336,418,740,575,YOLO
19:38:23.481,2418,litter_yolo,535,494,334,415,736,574,YOLO
19:38:23.539,2419,litter_yolo,533,494,329,414,737,574,YOLO
19:38:24.145,2429,litter_yolo,519,487,311,404,727,570,YOLO
19:38:24.326,2432,litter_yolo,521,489,312,407,731,571,YOLO
19:38:27.340,2448,litter_yolo,976,464,871,411,1081,518,YOLO
19:38:27.402,2449,litter_yolo,975,465,868,411,1083,520,YOLO
19:38:30.128,2494,litter_yolo,503,474,267,388,740,560,YOLO
19:38:30.188,2495,litter_yolo,504,475,267,388,741,562,YOLO
19:38:30.249,2496,litter_yolo,504,473,267,388,742,559,YOLO
19:38:30.311,2497,litter_yolo,503,476,267,388,740,564,YOLO
19:38:30.375,2498,litter_yolo,503,477,267,388,739,566,YOLO
19:38:30.435,2499,litter_yolo,503,477,267,388,739,567,YOLO
19:38:30.435,2499,litter_yolo,1287,456,872,346,1702,567,YOLO
19:38:30.495,2500,litter_yolo,502,475,265,388,739,562,YOLO
19:38:30.495,2500,litter_yolo,1287,457,871,347,1703,568,YOLO
19:38:30.556,2501,litter_yolo,1290,454,880,346,1701,563,YOLO
19:38:30.556,2501,litter_yolo,505,477,268,387,743,567,YOLO
19:38:30.615,2502,litter_yolo,1269,455,830,341,1708,570,YOLO
19:38:30.615,2502,litter_yolo,505,476,265,387,746,566,YOLO
19:38:30.675,2503,litter_yolo,1266,433,826,340,1707,527,YOLO
19:38:30.675,2503,litter_yolo,504,476,264,385,744,567,YOLO
19:38:30.735,2504,litter_yolo,1279,454,851,344,1708,565,YOLO
19:38:30.795,2505,litter_yolo,1221,458,733,359,1709,557,YOLO
19:38:30.857,2506,litter_yolo,1198,458,695,366,1701,551,YOLO
19:38:30.918,2507,litter_yolo,1240,452,767,365,1713,539,YOLO
19:38:30.980,2508,litter_yolo,1262,441,813,348,1711,534,YOLO
19:38:31.039,2509,litter_yolo,1266,458,816,342,1717,575,YOLO
19:38:31.097,2510,litter_yolo,1250,459,775,339,1726,579,YOLO
19:38:31.159,2511,litter_yolo,1241,459,751,340,1732,579,YOLO
19:38:31.220,2512,litter_yolo,1292,468,808,341,1776,596,YOLO
19:38:31.514,2517,litter_yolo,1635,481,1406,352,1865,611,YOLO
19:38:31.575,2518,litter_yolo,1648,484,1412,351,1885,617,YOLO
19:38:31.575,2518,litter_yolo,501,465,260,383,743,547,YOLO
19:38:31.634,2519,litter_yolo,503,468,260,384,747,552,YOLO
19:38:31.694,2520,litter_yolo,500,458,258,386,743,531,YOLO
19:38:31.755,2521,litter_yolo,1144,414,865,338,1424,491,YOLO
19:38:31.815,2522,litter_yolo,1135,413,855,336,1416,491,YOLO
19:38:31.876,2523,litter_yolo,1134,413,852,336,1416,491,YOLO
19:38:31.996,2525,litter_yolo,498,470,251,388,746,552,YOLO
19:38:32.176,2528,litter_yolo,500,462,256,389,745,535,YOLO
19:38:32.237,2529,litter_yolo,502,464,255,389,749,540,YOLO
19:38:32.298,2530,litter_yolo,501,462,254,390,748,534,YOLO
19:38:32.358,2531,litter_yolo,501,462,255,390,748,535,YOLO
19:38:32.417,2532,litter_yolo,501,463,254,390,748,536,YOLO
19:38:32.478,2533,litter_yolo,499,466,255,390,744,543,YOLO
19:38:32.537,2534,litter_yolo,497,468,255,390,739,547,YOLO
19:38:32.596,2535,litter_yolo,494,468,255,391,734,545,YOLO
19:38:32.656,2536,litter_yolo,494,462,256,391,733,534,YOLO
19:38:32.718,2537,litter_yolo,500,458,257,390,743,526,YOLO
19:38:32.776,2538,litter_yolo,502,458,256,389,748,527,YOLO
19:38:32.838,2539,litter_yolo,502,452,257,388,748,517,YOLO
19:38:32.898,2540,litter_yolo,499,443,255,386,743,500,YOLO
19:38:32.959,2541,litter_yolo,496,438,252,386,741,490,YOLO
19:38:33.018,2542,litter_yolo,494,450,251,385,738,515,YOLO
19:38:33.077,2543,litter_yolo,496,464,251,386,741,542,YOLO
19:38:33.138,2544,litter_yolo,494,464,250,386,739,542,YOLO
19:38:33.200,2545,litter_yolo,496,456,251,386,742,527,YOLO
19:38:33.258,2546,litter_yolo,495,455,252,386,739,525,YOLO
19:38:33.316,2547,litter_yolo,497,460,254,385,741,536,YOLO
19:38:33.377,2548,litter_yolo,499,459,254,385,745,533,YOLO
19:38:33.438,2549,litter_yolo,498,458,253,385,744,532,YOLO
19:38:33.496,2550,litter_yolo,501,459,253,385,749,534,YOLO
19:38:33.554,2551,litter_yolo,501,457,252,386,751,528,YOLO
19:38:33.612,2552,litter_yolo,499,458,251,386,747,530,YOLO
19:38:33.672,2553,litter_yolo,491,463,252,385,730,541,YOLO
19:38:33.731,2554,litter_yolo,497,444,254,385,740,503,YOLO
19:38:33.791,2555,litter_yolo,507,423,253,383,761,464,YOLO
19:38:33.852,2556,litter_yolo,512,431,253,384,771,478,YOLO
19:38:33.983,2558,litter_yolo,503,459,254,386,752,533,YOLO
19:38:34.045,2559,litter_yolo,504,474,255,387,754,561,YOLO
19:38:34.104,2560,litter_yolo,506,476,253,388,760,565,YOLO
19:38:34.164,2561,litter_yolo,507,478,253,388,761,568,YOLO
19:38:34.226,2562,litter_yolo,505,479,253,388,757,570,YOLO
19:38:34.285,2563,litter_yolo,504,478,253,388,755,569,YOLO
19:38:34.347,2564,litter_yolo,504,478,253,387,755,569,YOLO
19:38:34.407,2565,litter_yolo,507,477,253,387,762,568,YOLO
19:38:34.466,2566,litter_yolo,509,473,253,387,766,559,YOLO
19:38:34.525,2567,litter_yolo,510,468,253,386,767,551,YOLO
19:38:34.584,2568,litter_yolo,510,455,253,385,768,526,YOLO
19:38:34.645,2569,litter_yolo,512,457,252,383,773,531,YOLO
19:38:34.706,2570,litter_yolo,514,447,251,383,778,512,YOLO
19:38:34.767,2571,litter_yolo,517,444,251,383,783,506,YOLO
19:38:34.828,2572,litter_yolo,517,452,251,383,784,522,YOLO
19:38:34.891,2573,litter_yolo,514,471,248,380,781,562,YOLO
19:38:34.891,2573,litter_yolo,511,448,249,385,773,511,YOLO
19:38:34.952,2574,litter_yolo,514,467,248,380,780,555,YOLO
19:38:34.952,2574,litter_yolo,511,443,249,384,773,502,YOLO
19:38:35.012,2575,litter_yolo,514,459,247,379,781,540,YOLO
19:38:35.012,2575,litter_yolo,516,435,250,381,782,490,YOLO
19:38:35.072,2576,litter_yolo,512,459,245,379,780,540,YOLO
19:38:35.072,2576,litter_yolo,515,436,249,381,781,492,YOLO
19:38:35.133,2577,litter_yolo,511,441,247,381,775,501,YOLO
19:38:35.133,2577,litter_yolo,509,463,242,378,777,548,YOLO
19:38:35.256,2579,litter_yolo,513,443,245,379,781,508,YOLO
19:38:35.315,2580,litter_yolo,512,456,245,379,779,534,YOLO
19:38:35.376,2581,litter_yolo,511,472,245,378,778,566,YOLO
19:38:35.436,2582,litter_yolo,512,476,246,377,779,575,YOLO
19:38:35.495,2583,litter_yolo,513,468,247,378,780,558,YOLO
19:38:35.555,2584,litter_yolo,513,456,246,378,780,534,YOLO
19:38:35.615,2585,litter_yolo,516,437,247,378,786,496,YOLO
19:38:35.615,2585,litter_yolo,512,460,243,376,781,545,YOLO
19:38:35.674,2586,litter_yolo,517,435,246,379,788,491,YOLO
19:38:35.674,2586,litter_yolo,513,461,243,376,784,546,YOLO
19:38:35.733,2587,litter_yolo,516,446,246,379,786,513,YOLO
19:38:35.794,2588,litter_yolo,509,452,246,379,773,525,YOLO
19:38:35.854,2589,litter_yolo,510,475,244,376,776,574,YOLO
19:38:35.977,2591,litter_yolo,520,472,247,380,794,565,YOLO
19:38:35.977,2591,litter_yolo,1277,405,1066,323,1488,488,YOLO
19:38:36.512,2600,litter_yolo,500,478,236,384,764,573,YOLO
19:38:36.634,2602,litter_yolo,1293,401,1074,319,1512,484,YOLO
19:38:36.693,2603,litter_yolo,1294,401,1076,318,1513,484,YOLO
19:38:36.935,2607,litter_yolo,505,459,232,377,778,542,YOLO
19:38:36.996,2608,litter_yolo,502,466,231,377,773,555,YOLO
19:38:37.054,2609,litter_yolo,498,470,232,378,764,563,YOLO
19:38:37.116,2610,litter_yolo,499,473,235,376,763,571,YOLO
19:38:37.177,2611,litter_yolo,499,476,233,375,765,577,YOLO
19:38:37.238,2612,litter_yolo,502,472,233,371,771,573,YOLO
19:38:37.299,2613,litter_yolo,502,469,232,372,773,566,YOLO
19:38:37.361,2614,litter_yolo,501,468,232,372,771,564,YOLO
19:38:37.420,2615,litter_yolo,501,468,232,370,771,567,YOLO
19:38:37.482,2616,litter_yolo,501,468,233,369,770,568,YOLO
19:38:37.542,2617,litter_yolo,497,470,228,374,767,566,YOLO
19:38:37.542,2617,litter_yolo,121,458,1,358,242,559,YOLO
19:38:37.602,2618,litter_yolo,497,469,227,375,767,563,YOLO
19:38:37.663,2619,litter_yolo,495,468,225,375,766,561,YOLO
19:38:37.725,2620,litter_yolo,494,468,223,375,766,561,YOLO
19:38:37.786,2621,litter_yolo,494,462,222,375,767,549,YOLO
19:38:37.846,2622,litter_yolo,504,467,227,373,782,562,YOLO
19:38:37.906,2623,litter_yolo,506,474,226,373,787,575,YOLO
19:38:37.969,2624,litter_yolo,504,473,225,373,784,573,YOLO
19:38:38.030,2625,litter_yolo,495,473,217,375,773,572,YOLO
19:38:38.092,2626,litter_yolo,493,474,214,375,773,574,YOLO
19:38:38.154,2627,litter_yolo,491,470,213,374,770,566,YOLO
19:38:38.216,2628,litter_yolo,488,466,210,374,767,558,YOLO
19:38:38.336,2630,litter_yolo,493,465,218,371,769,559,YOLO
19:38:38.396,2631,litter_yolo,498,462,221,371,776,553,YOLO
19:38:38.875,2639,litter_yolo,481,471,203,369,759,573,YOLO
19:38:39.231,2645,litter_yolo,484,468,201,362,768,575,YOLO
19:38:39.654,2652,litter_yolo,458,463,174,358,743,568,YOLO
19:38:39.715,2653,litter_yolo,458,463,173,358,743,569,YOLO
19:38:39.774,2654,litter_yolo,455,464,174,359,737,570,YOLO
19:38:39.835,2655,litter_yolo,448,464,172,358,724,571,YOLO
19:38:39.835,2655,litter_yolo,1307,383,1088,299,1526,468,YOLO
19:38:39.896,2656,litter_yolo,442,466,163,358,722,574,YOLO
19:38:39.957,2657,litter_yolo,441,466,161,358,722,574,YOLO
19:38:40.019,2658,litter_yolo,442,468,157,361,727,575,YOLO
19:38:40.078,2659,litter_yolo,449,469,162,363,737,575,YOLO
19:38:40.139,2660,litter_yolo,450,465,161,361,740,570,YOLO
19:38:40.202,2661,litter_yolo,442,464,157,361,728,567,YOLO
19:38:40.262,2662,litter_yolo,441,467,155,362,727,572,YOLO
19:38:40.323,2663,litter_yolo,441,471,152,367,730,575,YOLO
19:38:40.384,2664,litter_yolo,440,470,151,366,730,575,YOLO
19:38:40.443,2665,litter_yolo,438,469,147,366,729,573,YOLO
19:38:40.505,2666,litter_yolo,438,470,145,367,732,573,YOLO
19:38:40.566,2667,litter_yolo,432,469,136,368,728,570,YOLO
19:38:40.626,2668,litter_yolo,432,470,141,363,723,578,YOLO
19:38:40.684,2669,litter_yolo,429,471,133,367,726,576,YOLO
19:38:40.744,2670,litter_yolo,428,471,133,367,724,575,YOLO
19:38:40.803,2671,litter_yolo,430,472,138,365,723,580,YOLO
19:38:40.864,2672,litter_yolo,422,470,130,367,714,573,YOLO
19:38:40.926,2673,litter_yolo,422,468,126,365,719,572,YOLO
19:38:40.985,2674,litter_yolo,410,468,106,361,714,575,YOLO
19:38:41.044,2675,litter_yolo,404,468,95,363,713,573,YOLO
19:38:41.104,2676,litter_yolo,415,464,116,358,715,570,YOLO
19:38:41.165,2677,litter_yolo,417,466,118,358,717,574,YOLO
19:38:41.225,2678,litter_yolo,414,464,115,356,713,572,YOLO
19:38:41.285,2679,litter_yolo,418,466,117,355,720,578,YOLO
19:38:41.346,2680,litter_yolo,418,461,112,357,725,566,YOLO
19:38:41.407,2681,litter_yolo,414,464,113,355,716,573,YOLO
19:38:41.468,2682,litter_yolo,410,465,106,355,715,576,YOLO
19:38:41.468,2682,litter_yolo,1290,384,1065,297,1516,472,YOLO
19:38:41.529,2683,litter_yolo,411,465,102,355,720,575,YOLO
19:38:41.589,2684,litter_yolo,407,465,96,356,718,575,YOLO
19:38:41.650,2685,litter_yolo,403,466,98,355,709,578,YOLO
19:38:41.709,2686,litter_yolo,401,466,97,355,706,578,YOLO
19:38:41.769,2687,litter_yolo,399,462,97,355,702,570,YOLO
19:38:41.828,2688,litter_yolo,401,464,95,355,707,574,YOLO
19:38:41.890,2689,litter_yolo,396,466,87,354,706,579,YOLO
19:38:41.949,2690,litter_yolo,391,468,85,353,697,584,YOLO
19:38:42.011,2691,litter_yolo,389,469,82,354,696,584,YOLO
19:38:42.070,2692,litter_yolo,387,468,80,354,695,583,YOLO
19:38:42.131,2693,litter_yolo,384,468,78,354,690,583,YOLO
19:38:42.192,2694,litter_yolo,382,468,74,354,691,582,YOLO
19:38:42.253,2695,litter_yolo,381,466,71,354,691,579,YOLO
19:38:42.313,2696,litter_yolo,377,467,66,353,689,582,YOLO
19:38:42.372,2697,litter_yolo,373,466,60,353,687,579,YOLO
19:38:42.432,2698,litter_yolo,366,467,50,352,682,582,YOLO
19:38:42.491,2699,litter_yolo,366,467,53,353,679,581,YOLO
19:38:42.551,2700,litter_yolo,364,467,48,352,680,583,YOLO
19:38:42.611,2701,litter_yolo,362,467,44,352,680,583,YOLO
19:38:42.674,2702,litter_yolo,362,467,45,351,679,583,YOLO
19:38:42.737,2703,litter_yolo,354,467,42,352,666,582,YOLO
19:38:42.799,2704,litter_yolo,349,466,39,352,660,581,YOLO
19:38:42.859,2705,litter_yolo,351,467,26,351,677,583,YOLO
19:38:42.919,2706,litter_yolo,341,465,19,349,663,581,YOLO
19:38:42.978,2707,litter_yolo,343,465,16,348,670,583,YOLO
19:38:43.040,2708,litter_yolo,346,463,21,345,672,581,YOLO
19:38:43.100,2709,litter_yolo,344,463,20,346,668,581,YOLO
19:38:43.159,2710,litter_yolo,332,464,7,345,657,583,YOLO
19:38:43.219,2711,litter_yolo,330,465,1,345,660,586,YOLO
19:38:43.279,2712,litter_yolo,329,461,0,342,658,581,YOLO
19:38:43.341,2713,litter_yolo,336,462,3,342,670,582,YOLO
19:38:43.403,2714,litter_yolo,333,461,3,342,664,581,YOLO
19:38:43.465,2715,litter_yolo,332,461,3,342,662,581,YOLO
19:38:43.526,2716,litter_yolo,330,462,1,342,660,583,YOLO
19:38:43.587,2717,litter_yolo,330,459,1,341,660,577,YOLO
19:38:43.650,2718,litter_yolo,330,454,0,340,660,568,YOLO
19:38:43.710,2719,litter_yolo,318,374,2,341,635,407,YOLO
19:38:43.956,2723,litter_yolo,324,458,0,341,649,576,YOLO
19:38:44.018,2724,litter_yolo,324,462,0,341,649,583,YOLO
19:38:44.079,2725,litter_yolo,322,455,0,340,645,571,YOLO
19:38:44.079,2725,litter_yolo,322,416,0,340,645,492,YOLO
19:38:44.079,2725,litter_yolo,320,383,0,342,640,425,YOLO
19:38:44.140,2726,litter_yolo,323,451,0,341,646,562,YOLO
19:38:44.140,2726,litter_yolo,324,408,0,341,648,476,YOLO
19:38:44.200,2727,litter_yolo,322,449,0,341,645,557,YOLO
19:38:44.200,2727,litter_yolo,323,406,0,341,646,471,YOLO
19:38:44.261,2728,litter_yolo,320,424,0,340,641,509,YOLO
19:38:44.262,2728,litter_yolo,318,391,0,343,637,439,YOLO
19:38:44.322,2729,litter_yolo,312,381,0,342,624,420,YOLO
19:38:44.381,2730,litter_yolo,317,382,0,341,635,423,YOLO
19:38:44.442,2731,litter_yolo,317,380,0,341,634,419,YOLO
19:38:44.502,2732,litter_yolo,307,377,0,343,614,412,YOLO
19:38:44.562,2733,litter_yolo,302,375,0,342,605,409,YOLO
19:38:44.620,2734,litter_yolo,301,373,0,341,603,406,YOLO
19:38:44.743,2736,litter_yolo,302,372,2,340,603,405,YOLO
19:38:44.805,2737,litter_yolo,298,372,0,339,596,406,YOLO
19:38:44.866,2738,litter_yolo,310,462,0,339,621,586,YOLO
19:38:44.927,2739,litter_yolo,312,462,0,337,624,588,YOLO
19:38:44.989,2740,litter_yolo,311,460,0,333,622,588,YOLO
19:38:45.049,2741,litter_yolo,307,460,0,333,615,588,YOLO
19:38:45.049,2741,litter_yolo,308,372,0,335,616,409,YOLO
19:38:45.111,2742,litter_yolo,305,369,0,339,610,400,YOLO
19:38:45.173,2743,litter_yolo,299,371,0,337,599,405,YOLO
19:38:45.294,2745,litter_yolo,304,459,0,331,608,588,YOLO
19:38:45.355,2746,litter_yolo,302,458,0,328,604,588,YOLO
19:38:45.355,2746,litter_yolo,300,379,0,332,600,427,YOLO
19:38:45.417,2747,litter_yolo,293,365,4,325,583,405,YOLO
19:38:45.477,2748,litter_yolo,297,365,2,325,592,405,YOLO
19:38:45.477,2748,litter_yolo,299,456,0,325,599,588,YOLO
19:38:45.538,2749,litter_yolo,298,364,2,325,594,404,YOLO
19:38:45.538,2749,litter_yolo,301,455,0,325,602,586,YOLO
19:38:45.600,2750,litter_yolo,302,455,0,326,605,584,YOLO
19:38:45.600,2750,litter_yolo,300,375,0,329,601,422,YOLO
19:38:45.661,2751,litter_yolo,303,363,0,324,606,403,YOLO
19:38:45.661,2751,litter_yolo,304,447,0,322,608,573,YOLO
19:38:45.723,2752,litter_yolo,304,444,0,320,608,568,YOLO
19:38:45.723,2752,litter_yolo,302,362,0,323,604,402,YOLO
19:38:45.783,2753,litter_yolo,297,364,0,323,594,405,YOLO
19:38:45.783,2753,litter_yolo,300,448,0,320,601,577,YOLO
19:38:45.902,2755,litter_yolo,301,363,1,319,601,408,YOLO
19:38:45.964,2756,litter_yolo,300,363,1,318,600,409,YOLO
19:38:46.025,2757,litter_yolo,296,362,2,318,590,406,YOLO
19:38:46.083,2758,litter_yolo,294,359,0,320,588,398,YOLO
19:38:46.144,2759,litter_yolo,295,362,2,316,588,409,YOLO
19:38:46.206,2760,litter_yolo,303,452,0,319,606,585,YOLO
19:38:46.206,2760,litter_yolo,298,362,1,317,595,407,YOLO
19:38:46.265,2761,litter_yolo,300,451,0,320,601,582,YOLO
19:38:46.265,2761,litter_yolo,289,358,0,318,578,399,YOLO
19:38:46.326,2762,litter_yolo,292,361,4,314,581,408,YOLO
19:38:46.446,2764,litter_yolo,288,360,4,316,573,405,YOLO
19:38:46.566,2766,litter_yolo,288,356,1,317,576,395,YOLO
19:38:46.626,2767,litter_yolo,285,356,1,316,570,397,YOLO
19:38:46.686,2768,litter_yolo,290,354,1,317,580,391,YOLO
19:38:46.745,2769,litter_yolo,290,354,1,315,579,394,YOLO
19:38:46.805,2770,litter_yolo,287,360,0,315,575,405,YOLO
19:38:46.805,2770,litter_yolo,291,454,0,318,582,590,YOLO
19:38:46.865,2771,litter_yolo,285,357,0,316,571,398,YOLO
19:38:46.865,2771,litter_yolo,287,454,0,319,575,590,YOLO
19:38:46.927,2772,litter_yolo,280,353,1,313,560,393,YOLO
19:38:46.927,2772,litter_yolo,284,375,0,312,568,439,YOLO
19:38:46.986,2773,litter_yolo,289,355,2,313,576,397,YOLO
19:38:47.047,2774,litter_yolo,277,351,1,311,554,391,YOLO
19:38:47.105,2775,litter_yolo,276,351,0,308,553,394,YOLO
19:38:47.166,2776,litter_yolo,277,352,0,307,554,398,YOLO
19:38:47.225,2777,litter_yolo,274,350,1,306,548,395,YOLO
19:38:47.284,2778,litter_yolo,278,354,2,303,554,405,YOLO
19:38:47.346,2779,litter_yolo,280,349,0,305,560,394,YOLO
19:38:47.405,2780,litter_yolo,282,349,0,303,565,395,YOLO
19:38:47.466,2781,litter_yolo,283,352,2,300,564,405,YOLO
19:38:47.526,2782,litter_yolo,278,352,2,299,554,406,YOLO
19:38:47.585,2783,litter_yolo,278,348,0,300,557,396,YOLO
19:38:49.435,2814,litter_yolo,252,355,2,298,503,412,YOLO
19:38:49.492,2815,litter_yolo,251,355,1,298,501,412,YOLO
19:38:50.684,2835,litter_yolo,240,358,0,301,480,416,YOLO
19:38:51.407,2847,litter_yolo,237,358,0,293,475,424,YOLO
19:38:53.579,2883,litter_yolo,1383,323,1209,223,1557,423,YOLO
19:38:53.640,2884,litter_yolo,1385,320,1212,221,1558,420,YOLO
19:38:53.700,2885,litter_yolo,1386,320,1216,219,1557,421,YOLO
19:38:53.821,2887,litter_yolo,1392,320,1222,216,1562,425,YOLO
19:38:53.880,2888,litter_yolo,1394,320,1225,215,1563,425,YOLO
19:38:53.943,2889,litter_yolo,1392,321,1224,218,1560,424,YOLO
19:38:54.005,2890,litter_yolo,1393,320,1225,217,1561,423,YOLO
19:38:54.066,2891,litter_yolo,1394,319,1225,216,1563,422,YOLO
19:38:54.126,2892,litter_yolo,1361,318,1159,215,1564,422,YOLO
19:38:54.186,2893,litter_yolo,1283,318,1000,212,1567,424,YOLO
19:38:54.247,2894,litter_yolo,1385,317,1204,213,1567,421,YOLO
19:38:54.368,2896,litter_yolo,1394,316,1218,211,1570,422,YOLO
19:38:54.428,2897,litter_yolo,1396,316,1223,212,1569,421,YOLO
19:38:54.490,2898,litter_yolo,1400,315,1224,210,1576,421,YOLO
19:38:54.549,2899,litter_yolo,1402,316,1228,211,1577,421,YOLO
19:38:54.610,2900,litter_yolo,1386,315,1193,210,1579,421,YOLO
19:38:54.669,2901,litter_yolo,1348,314,1116,208,1580,421,YOLO
19:38:54.729,2902,litter_yolo,1308,315,1034,207,1583,423,YOLO
19:38:54.791,2903,litter_yolo,1314,314,1043,206,1585,423,YOLO
19:38:54.852,2904,litter_yolo,1373,314,1162,206,1584,422,YOLO
19:38:54.913,2905,litter_yolo,1302,314,1018,206,1586,423,YOLO
19:38:54.972,2906,litter_yolo,1299,313,1010,204,1588,423,YOLO
19:38:55.032,2907,litter_yolo,1296,313,1003,204,1589,423,YOLO
19:38:55.092,2908,litter_yolo,1340,314,1090,205,1590,423,YOLO
19:38:55.152,2909,litter_yolo,1321,314,1050,206,1593,423,YOLO
19:38:55.213,2910,litter_yolo,1338,313,1078,205,1599,422,YOLO
19:38:55.271,2911,litter_yolo,1405,313,1214,204,1596,422,YOLO
19:38:55.331,2912,litter_yolo,1318,313,1037,203,1599,423,YOLO
19:38:56.054,2924,litter_yolo,240,675,143,598,338,753,YOLO
19:38:56.415,2930,litter_yolo,1440,312,1256,202,1624,422,YOLO
19:38:56.415,2930,litter_yolo,229,701,151,634,308,768,YOLO
19:38:56.595,2933,litter_yolo,1447,314,1263,205,1632,424,YOLO
19:38:56.656,2934,litter_yolo,1448,313,1262,204,1635,422,YOLO
19:38:56.957,2939,litter_yolo,1449,315,1261,204,1638,427,YOLO
19:38:57.018,2940,litter_yolo,1452,314,1264,203,1640,425,YOLO
19:38:57.077,2941,litter_yolo,1456,314,1269,204,1644,425,YOLO
19:38:57.139,2942,litter_yolo,1455,315,1258,203,1652,427,YOLO
19:38:57.198,2943,litter_yolo,1457,314,1261,203,1653,426,YOLO
19:38:57.257,2944,litter_yolo,1466,314,1277,203,1655,425,YOLO
19:38:57.319,2945,litter_yolo,1457,314,1257,203,1658,426,YOLO
19:38:57.436,2947,litter_yolo,1462,315,1263,204,1662,427,YOLO
19:38:57.497,2948,litter_yolo,1466,314,1270,202,1663,427,YOLO
19:38:57.555,2949,litter_yolo,1472,314,1280,203,1664,426,YOLO
19:38:57.615,2950,litter_yolo,1475,315,1284,203,1667,428,YOLO
19:38:57.676,2951,litter_yolo,1475,315,1283,202,1667,429,YOLO
19:38:57.738,2952,litter_yolo,1479,315,1288,203,1670,427,YOLO
19:38:57.797,2953,litter_yolo,1480,316,1290,204,1671,428,YOLO
19:38:57.797,2953,litter_yolo,217,734,120,652,315,817,YOLO
19:38:57.857,2954,litter_yolo,1477,315,1283,203,1672,428,YOLO
19:38:57.918,2955,litter_yolo,1481,316,1286,203,1677,429,YOLO
19:38:57.978,2956,litter_yolo,1481,316,1285,204,1678,429,YOLO
19:38:58.039,2957,litter_yolo,1475,316,1271,204,1680,429,YOLO
19:38:58.100,2958,litter_yolo,1472,317,1263,204,1681,430,YOLO
19:38:58.161,2959,litter_yolo,1490,317,1297,205,1683,430,YOLO
19:38:58.220,2960,litter_yolo,1489,319,1292,205,1687,434,YOLO
19:38:58.281,2961,litter_yolo,1490,319,1290,204,1690,434,YOLO
19:38:58.341,2962,litter_yolo,1500,322,1303,206,1697,438,YOLO
19:38:58.401,2963,litter_yolo,1506,321,1313,207,1700,436,YOLO
19:38:58.459,2964,litter_yolo,1506,321,1312,208,1701,435,YOLO
19:38:58.459,2964,litter_yolo,212,754,109,674,315,835,YOLO
19:38:58.520,2965,litter_yolo,1506,320,1315,208,1697,432,YOLO
19:38:58.579,2966,litter_yolo,1508,324,1318,212,1698,436,YOLO
19:38:58.637,2967,litter_yolo,207,754,105,667,310,841,YOLO
19:38:58.935,2972,litter_yolo,192,774,87,684,297,864,YOLO
19:38:58.993,2973,litter_yolo,190,774,82,683,298,865,YOLO
19:38:59.055,2974,litter_yolo,1517,330,1318,215,1717,445,YOLO
19:38:59.113,2975,litter_yolo,1525,329,1329,215,1722,444,YOLO
19:38:59.411,2980,litter_yolo,1536,334,1336,216,1736,452,YOLO
19:38:59.957,2989,litter_yolo,1549,335,1349,220,1750,451,YOLO
19:39:00.017,2990,litter_yolo,1550,337,1350,220,1750,455,YOLO
19:39:00.620,3000,litter_yolo,1559,355,1337,232,1782,478,YOLO
19:39:00.742,3002,litter_yolo,1561,358,1331,236,1792,480,YOLO
19:39:00.863,3004,litter_yolo,122,849,6,744,239,955,YOLO
19:39:00.925,3005,litter_yolo,123,854,7,749,240,960,YOLO
19:39:00.986,3006,litter_yolo,1595,359,1378,238,1813,480,YOLO
19:39:00.986,3006,litter_yolo,123,858,7,750,239,967,YOLO
19:39:01.048,3007,litter_yolo,119,864,0,748,238,981,YOLO
19:39:01.048,3007,litter_yolo,1595,360,1379,239,1811,481,YOLO
19:39:01.110,3008,litter_yolo,118,867,0,749,237,985,YOLO
19:39:01.110,3008,litter_yolo,1596,361,1378,239,1815,483,YOLO
19:39:01.171,3009,litter_yolo,119,867,0,748,238,986,YOLO
19:39:01.171,3009,litter_yolo,1598,360,1379,238,1817,483,YOLO
19:39:01.231,3010,litter_yolo,1602,361,1383,240,1822,483,YOLO
19:39:01.231,3010,litter_yolo,118,869,0,752,237,986,YOLO
19:39:01.290,3011,litter_yolo,1606,361,1384,241,1828,482,YOLO
19:39:01.290,3011,litter_yolo,118,867,0,748,237,986,YOLO
19:39:01.352,3012,litter_yolo,1607,363,1391,242,1824,484,YOLO
19:39:01.352,3012,litter_yolo,118,869,0,752,237,987,YOLO
19:39:01.412,3013,litter_yolo,117,869,0,749,235,989,YOLO
19:39:01.475,3014,litter_yolo,114,871,0,751,228,992,YOLO
19:39:01.537,3015,litter_yolo,110,872,0,752,220,992,YOLO
19:39:01.597,3016,litter_yolo,107,879,0,761,215,997,YOLO
19:39:01.779,3019,litter_yolo,1624,365,1403,242,1846,489,YOLO
19:39:01.964,3022,litter_yolo,1641,369,1415,244,1868,494,YOLO
19:39:02.384,3029,litter_yolo,1655,371,1422,247,1889,496,YOLO
19:39:02.444,3030,litter_yolo,1654,373,1423,246,1886,500,YOLO
19:39:03.106,3041,litter_yolo,1664,383,1436,256,1892,511,YOLO
19:39:03.287,3044,litter_yolo,1676,382,1448,256,1904,508,YOLO
19:39:03.348,3045,litter_yolo,1673,382,1445,256,1902,509,YOLO
19:39:03.408,3046,litter_yolo,1672,384,1440,258,1905,510,YOLO
19:39:03.469,3047,litter_yolo,1670,384,1437,258,1904,511,YOLO
19:39:03.769,3052,litter_yolo,1677,387,1443,258,1911,516,YOLO
19:39:03.829,3053,litter_yolo,264,659,0,331,529,988,YOLO
19:39:03.829,3053,litter_yolo,1680,386,1447,258,1913,515,YOLO
19:39:03.888,3054,litter_yolo,264,669,0,346,529,993,YOLO
19:39:03.889,3054,litter_yolo,1686,386,1458,257,1914,516,YOLO
19:39:03.950,3055,litter_yolo,1689,387,1461,258,1917,516,YOLO
19:39:04.012,3056,litter_yolo,1687,387,1457,258,1917,517,YOLO
19:39:04.012,3056,litter_yolo,262,674,0,352,525,996,YOLO
19:39:04.073,3057,litter_yolo,1687,388,1456,258,1918,519,YOLO
19:39:04.133,3058,litter_yolo,1686,389,1453,258,1919,521,YOLO
19:39:04.195,3059,litter_yolo,1691,390,1464,258,1919,522,YOLO
19:39:04.254,3060,litter_yolo,1692,391,1464,261,1920,521,YOLO
19:39:04.313,3061,litter_yolo,1691,392,1463,263,1920,521,YOLO
19:39:04.495,3064,litter_yolo,1693,398,1467,269,1920,528,YOLO
19:39:04.554,3065,litter_yolo,1695,381,1471,271,1920,492,YOLO
19:39:04.977,3072,litter_yolo,1700,403,1480,276,1920,530,YOLO
19:39:05.098,3074,litter_yolo,250,689,0,306,500,1072,YOLO
19:39:05.874,3087,litter_yolo,1702,405,1485,277,1920,533,YOLO
19:39:05.935,3088,litter_yolo,1702,402,1484,277,1920,527,YOLO
19:39:06.598,3099,litter_yolo,1703,415,1486,290,1920,541,YOLO
19:39:06.659,3100,litter_yolo,1702,416,1485,291,1920,542,YOLO
19:39:07.260,3110,litter_yolo,1704,385,1489,294,1920,477,YOLO
19:39:07.260,3110,litter_yolo,1703,434,1487,294,1919,574,YOLO
19:39:07.321,3111,litter_yolo,1705,372,1490,294,1920,451,YOLO
19:39:07.321,3111,litter_yolo,1703,434,1488,294,1919,575,YOLO
19:39:07.382,3112,litter_yolo,1705,368,1491,294,1920,442,YOLO
19:39:07.443,3113,litter_yolo,1704,371,1489,294,1920,448,YOLO
19:39:07.923,3121,litter_yolo,1704,363,1488,293,1920,434,YOLO
19:39:07.983,3122,litter_yolo,1704,362,1488,292,1920,432,YOLO
19:39:09.489,3147,litter_yolo,411,589,83,496,740,682,YOLO
19:39:10.028,3156,litter_yolo,450,590,78,495,823,685,YOLO
19:39:10.087,3157,litter_yolo,451,590,73,495,829,685,YOLO
19:39:10.145,3158,litter_yolo,454,589,80,493,828,686,YOLO
19:39:10.207,3159,litter_yolo,452,587,75,493,830,682,YOLO
19:39:10.267,3160,litter_yolo,448,589,65,493,832,685,YOLO
19:39:11.590,3182,litter_yolo,269,581,75,485,463,677,YOLO
19:39:11.651,3183,litter_yolo,273,583,74,485,473,682,YOLO
19:39:11.712,3184,litter_yolo,272,583,72,484,472,682,YOLO
19:39:11.896,3187,litter_yolo,269,577,71,482,467,672,YOLO
19:39:11.956,3188,litter_yolo,273,575,79,482,468,668,YOLO
19:39:12.505,3197,litter_yolo,269,567,67,477,471,658,YOLO
19:39:12.567,3198,litter_yolo,266,568,62,478,471,659,YOLO
19:39:13.950,3221,litter_yolo,446,551,56,453,837,649,YOLO
19:39:14.010,3222,litter_yolo,443,550,50,454,836,647,YOLO
19:39:14.070,3223,litter_yolo,430,551,29,454,831,648,YOLO
19:39:14.129,3224,litter_yolo,439,550,54,453,824,647,YOLO
19:39:14.191,3225,litter_yolo,456,548,58,456,855,641,YOLO
19:39:14.252,3226,litter_yolo,453,548,50,455,856,642,YOLO
19:39:14.672,3233,litter_yolo,257,546,48,452,467,641,YOLO
19:39:14.732,3234,litter_yolo,250,547,33,453,468,641,YOLO
19:39:15.864,3253,litter_yolo,410,534,31,428,789,641,YOLO
19:39:18.944,3304,litter_yolo,439,533,35,423,844,644,YOLO
19:39:19.781,3318,litter_yolo,421,540,29,429,813,651,YOLO
19:39:19.841,3319,litter_yolo,426,540,27,428,826,652,YOLO
19:39:19.901,3320,litter_yolo,430,539,27,429,833,649,YOLO
19:39:20.502,3330,litter_yolo,383,548,19,435,747,661,YOLO
19:39:21.281,3343,litter_yolo,413,555,6,446,820,664,YOLO
19:39:21.341,3344,litter_yolo,404,554,6,446,802,663,YOLO
19:39:38.481,3627,litter_yolo,697,479,591,398,803,561,YOLO
19:39:38.868,3633,litter_yolo,1144,499,1071,457,1217,541,YOLO
19:39:39.229,3639,litter_yolo,688,477,583,391,794,564,YOLO
19:39:39.288,3640,litter_yolo,689,478,584,393,794,564,YOLO
19:39:39.347,3641,litter_yolo,686,478,581,392,791,565,YOLO
19:39:40.012,3652,litter_yolo,1722,823,1525,569,1919,1077,YOLO
19:39:40.554,3661,litter_yolo,1648,795,1378,511,1919,1080,YOLO
19:39:40.554,3661,litter_yolo,658,481,553,397,763,565,YOLO
19:39:40.614,3662,litter_yolo,1634,794,1350,508,1919,1080,YOLO
19:39:40.614,3662,litter_yolo,658,483,551,399,766,567,YOLO
19:39:40.674,3663,litter_yolo,1631,791,1343,504,1919,1079,YOLO
19:39:40.734,3664,litter_yolo,1629,781,1339,495,1919,1067,YOLO
19:39:40.795,3665,litter_yolo,1623,773,1327,494,1919,1053,YOLO
19:39:40.873,3666,litter_yolo,1620,785,1322,494,1919,1076,YOLO
19:39:40.935,3667,litter_yolo,1607,780,1294,485,1920,1076,YOLO
19:39:40.997,3668,litter_yolo,1601,782,1283,485,1920,1080,YOLO
19:39:41.059,3669,litter_yolo,1599,775,1279,481,1920,1070,YOLO
19:39:41.118,3670,litter_yolo,1592,778,1268,484,1917,1073,YOLO
19:39:41.179,3671,litter_yolo,1582,778,1247,481,1918,1075,YOLO
19:39:41.237,3672,litter_yolo,1585,762,1252,474,1918,1050,YOLO
19:39:41.479,3676,litter_yolo,1569,731,1219,469,1920,993,YOLO
19:39:41.540,3677,litter_yolo,1566,726,1213,474,1920,978,YOLO
19:39:46.817,3731,litter_yolo,1243,506,1077,382,1409,630,YOLO
19:39:46.877,3732,litter_yolo,1227,509,1057,383,1398,636,YOLO
19:39:47.000,3734,litter_yolo,1226,512,1058,384,1395,640,YOLO
19:39:47.058,3735,litter_yolo,1271,508,1054,387,1488,629,YOLO
19:39:47.176,3737,litter_yolo,1256,511,1049,388,1464,634,YOLO
19:39:47.835,3748,litter_yolo,1149,504,1008,404,1291,605,YOLO
19:39:48.014,3751,litter_yolo,1141,511,1004,407,1278,616,YOLO
19:39:48.074,3752,litter_yolo,1141,513,1006,409,1277,617,YOLO
19:39:48.316,3756,litter_yolo,644,486,530,399,759,574,YOLO
19:39:48.375,3757,litter_yolo,645,487,531,398,759,576,YOLO
19:39:48.436,3758,litter_yolo,644,489,529,397,760,582,YOLO
19:39:48.740,3763,litter_yolo,1116,509,1007,413,1225,606,YOLO
19:39:50.370,3790,litter_yolo,639,487,516,388,762,587,YOLO
19:39:50.431,3791,litter_yolo,638,489,513,391,763,588,YOLO
19:39:59.448,3907,litter_yolo,1686,172,1453,0,1919,344,YOLO
19:39:59.508,3908,litter_yolo,1689,171,1458,0,1920,343,YOLO
19:39:59.568,3909,litter_yolo,1687,171,1454,0,1920,342,YOLO
19:39:59.628,3910,litter_yolo,1688,169,1456,0,1920,339,YOLO
19:39:59.688,3911,litter_yolo,1688,167,1456,0,1920,335,YOLO
19:39:59.751,3912,litter_yolo,1688,170,1457,0,1920,340,YOLO
19:39:59.812,3913,litter_yolo,1689,172,1458,0,1920,344,YOLO
19:39:59.874,3914,litter_yolo,1689,172,1459,0,1920,344,YOLO
19:39:59.933,3915,litter_yolo,1692,171,1465,0,1920,343,YOLO
19:40:03.849,3979,litter_yolo,1823,864,1727,661,1919,1067,YOLO
19:40:03.970,3981,litter_yolo,1799,829,1678,611,1920,1048,YOLO
19:40:06.168,4017,litter_yolo,1585,615,1252,295,1919,935,YOLO
19:40:06.228,4018,litter_yolo,1580,608,1241,304,1919,913,YOLO
19:40:06.535,4023,litter_yolo,1567,575,1217,271,1918,879,YOLO
19:40:06.956,4030,litter_yolo,1543,566,1168,312,1918,821,YOLO
19:40:07.082,4032,litter_yolo,1542,560,1166,326,1918,795,YOLO
19:40:07.203,4034,litter_yolo,1516,565,1142,323,1891,807,YOLO
19:40:07.263,4035,litter_yolo,1512,565,1141,331,1884,799,YOLO
19:40:07.447,4038,litter_yolo,1506,554,1192,335,1820,773,YOLO
19:40:07.868,4045,litter_yolo,1411,561,1111,361,1711,761,YOLO
19:40:07.930,4046,litter_yolo,1403,559,1107,362,1700,757,YOLO
19:40:07.989,4047,litter_yolo,1458,558,1222,367,1695,750,YOLO
19:40:08.173,4050,litter_yolo,1434,558,1219,379,1650,737,YOLO
19:40:08.233,4051,litter_yolo,1420,557,1207,383,1633,731,YOLO
19:40:08.295,4052,litter_yolo,1414,560,1209,381,1620,739,YOLO
19:40:08.354,4053,litter_yolo,1359,559,1105,384,1614,734,YOLO
19:40:08.414,4054,litter_yolo,1391,560,1171,384,1611,737,YOLO
19:40:08.475,4055,litter_yolo,1357,559,1120,386,1594,732,YOLO
19:40:08.535,4056,litter_yolo,1367,560,1153,390,1581,731,YOLO
19:40:08.595,4057,litter_yolo,1338,564,1100,397,1576,731,YOLO
19:40:08.653,4058,litter_yolo,1356,561,1162,395,1551,728,YOLO
19:40:08.714,4059,litter_yolo,1350,565,1152,402,1548,729,YOLO
19:40:08.776,4060,litter_yolo,1349,563,1151,402,1547,725,YOLO
19:40:08.836,4061,litter_yolo,1343,560,1153,400,1534,721,YOLO
19:40:09.684,4075,litter_yolo,1263,556,1104,418,1422,695,YOLO
19:40:09.745,4076,litter_yolo,1259,556,1102,420,1416,693,YOLO
19:40:09.804,4077,litter_yolo,1257,559,1103,427,1411,692,YOLO
19:40:09.866,4078,litter_yolo,1251,561,1094,430,1408,693,YOLO
19:40:11.924,4112,litter_yolo,423,529,111,410,735,648,YOLO
19:40:12.645,4124,litter_yolo,421,523,101,405,741,641,YOLO
19:40:12.705,4125,litter_yolo,417,524,95,405,740,643,YOLO
19:40:12.825,4127,litter_yolo,422,523,100,405,745,641,YOLO
19:40:12.884,4128,litter_yolo,425,523,105,405,745,642,YOLO
19:40:12.945,4129,litter_yolo,423,524,102,405,744,643,YOLO
19:40:13.249,4134,litter_yolo,418,525,95,405,741,645,YOLO
19:40:13.309,4135,litter_yolo,418,526,94,405,743,648,YOLO
19:40:13.368,4136,litter_yolo,419,525,93,404,745,646,YOLO
19:40:13.428,4137,litter_yolo,418,525,92,405,745,645,YOLO
19:40:13.785,4143,litter_yolo,420,529,94,407,747,651,YOLO
19:40:14.442,4154,litter_yolo,413,591,68,423,758,760,YOLO
19:40:14.503,4155,litter_yolo,407,577,57,425,758,729,YOLO
19:40:15.586,4173,litter_yolo,384,570,2,440,767,700,YOLO
19:40:15.648,4174,litter_yolo,386,563,7,441,766,686,YOLO
19:40:15.827,4177,litter_yolo,390,585,16,446,765,724,YOLO
19:40:15.886,4178,litter_yolo,384,597,4,449,765,745,YOLO
19:40:15.946,4179,litter_yolo,385,590,4,451,766,729,YOLO
19:40:18.482,4187,litter_yolo,379,600,2,475,756,726,YOLO
19:40:18.546,4188,litter_yolo,384,581,9,479,760,683,YOLO
19:40:18.607,4189,litter_yolo,383,581,5,477,761,685,YOLO
19:40:18.668,4190,litter_yolo,385,578,7,478,764,679,YOLO
19:40:18.727,4191,litter_yolo,381,570,3,475,760,666,YOLO
19:40:18.786,4192,litter_yolo,380,572,2,462,758,683,YOLO
19:40:18.847,4193,litter_yolo,382,572,8,460,757,684,YOLO
19:40:18.908,4194,litter_yolo,381,579,6,471,757,688,YOLO
19:40:18.970,4195,litter_yolo,379,577,5,472,753,683,YOLO
19:40:19.029,4196,litter_yolo,380,585,8,476,752,694,YOLO
19:40:19.090,4197,litter_yolo,383,582,11,480,756,685,YOLO
19:40:19.151,4198,litter_yolo,384,579,8,478,761,681,YOLO
19:40:19.212,4199,litter_yolo,386,581,11,471,762,692,YOLO
19:40:19.273,4200,litter_yolo,385,577,10,472,761,682,YOLO
19:40:19.333,4201,litter_yolo,387,552,10,433,764,671,YOLO
19:40:19.394,4202,litter_yolo,382,547,9,425,755,670,YOLO
19:40:19.455,4203,litter_yolo,381,555,11,426,751,685,YOLO
19:40:19.515,4204,litter_yolo,390,543,21,415,759,672,YOLO
19:40:19.574,4205,litter_yolo,387,544,18,415,757,673,YOLO
19:40:19.634,4206,litter_yolo,384,554,13,425,756,684,YOLO
19:40:19.696,4207,litter_yolo,383,555,8,433,758,678,YOLO
19:40:19.757,4208,litter_yolo,382,569,10,460,755,679,YOLO
19:40:19.817,4209,litter_yolo,379,577,8,471,750,683,YOLO
19:40:19.877,4210,litter_yolo,379,579,8,469,751,689,YOLO
19:40:19.940,4211,litter_yolo,383,548,14,422,752,675,YOLO
19:40:20.000,4212,litter_yolo,376,555,6,433,746,677,YOLO
19:40:20.061,4213,litter_yolo,376,561,7,447,746,675,YOLO
19:40:20.120,4214,litter_yolo,376,570,7,459,745,682,YOLO
19:40:20.179,4215,litter_yolo,373,567,5,463,742,671,YOLO
19:40:20.240,4216,litter_yolo,374,570,5,465,743,675,YOLO
19:40:20.299,4217,litter_yolo,374,569,5,466,743,673,YOLO
19:40:20.360,4218,litter_yolo,374,573,6,471,742,675,YOLO
19:40:20.420,4219,litter_yolo,374,574,5,475,743,673,YOLO
19:40:20.481,4220,litter_yolo,374,561,5,449,744,673,YOLO
19:40:20.543,4221,litter_yolo,376,563,9,455,744,672,YOLO
19:40:20.604,4222,litter_yolo,377,567,8,469,746,665,YOLO
19:40:20.665,4223,litter_yolo,376,572,7,476,745,669,YOLO
19:40:20.728,4224,litter_yolo,375,573,6,473,744,673,YOLO
19:40:21.088,4230,litter_yolo,374,569,8,463,740,675,YOLO
19:40:21.148,4231,litter_yolo,1022,563,950,509,1095,617,YOLO
19:40:21.207,4232,litter_yolo,1020,560,948,506,1092,614,YOLO
19:40:21.327,4234,litter_yolo,371,573,5,476,738,670,YOLO
19:40:21.387,4235,litter_yolo,370,558,5,442,736,674,YOLO
19:40:21.447,4236,litter_yolo,371,552,4,429,738,675,YOLO
19:40:21.505,4237,litter_yolo,369,560,3,448,735,672,YOLO
19:40:21.564,4238,litter_yolo,370,562,4,461,736,663,YOLO
19:40:21.625,4239,litter_yolo,370,561,4,456,736,667,YOLO
19:40:21.685,4240,litter_yolo,368,564,4,465,733,664,YOLO
19:40:21.744,4241,litter_yolo,369,569,6,473,732,665,YOLO
19:40:21.804,4242,litter_yolo,367,565,4,460,731,670,YOLO
19:40:21.867,4243,litter_yolo,367,550,3,430,732,670,YOLO
19:40:21.927,4244,litter_yolo,365,540,2,408,729,672,YOLO
19:40:21.988,4245,litter_yolo,364,550,2,427,727,674,YOLO
19:40:22.049,4246,litter_yolo,365,542,1,420,730,665,YOLO
19:40:22.111,4247,litter_yolo,363,541,0,411,726,672,YOLO
19:40:22.172,4248,litter_yolo,366,536,2,412,730,661,YOLO
19:40:22.231,4249,litter_yolo,366,534,1,407,732,661,YOLO
19:40:22.293,4250,litter_yolo,366,530,1,396,732,665,YOLO
19:40:22.351,4251,litter_yolo,366,535,2,400,731,670,YOLO
19:40:22.412,4252,litter_yolo,367,536,3,408,732,665,YOLO
19:40:22.482,4253,litter_yolo,368,537,4,413,733,662,YOLO
19:40:22.548,4254,litter_yolo,369,541,2,409,737,673,YOLO
19:40:22.611,4255,litter_yolo,372,540,4,407,741,674,YOLO
19:40:22.611,4255,litter_yolo,1826,926,1733,781,1920,1071,YOLO
19:40:22.735,4257,litter_yolo,367,550,1,434,734,667,YOLO
19:40:22.796,4258,litter_yolo,367,554,2,426,732,682,YOLO
19:40:22.856,4259,litter_yolo,367,555,3,443,732,668,YOLO
19:40:22.917,4260,litter_yolo,366,551,3,438,729,665,YOLO
19:40:23.100,4263,litter_yolo,361,533,2,396,721,670,YOLO
19:40:23.161,4264,litter_yolo,359,548,5,420,713,676,YOLO
19:40:23.222,4265,litter_yolo,356,535,4,400,709,671,YOLO
19:40:23.281,4266,litter_yolo,358,537,1,399,715,676,YOLO
19:40:23.341,4267,litter_yolo,353,532,2,395,704,670,YOLO
19:40:23.400,4268,litter_yolo,357,546,5,418,709,674,YOLO
19:40:23.520,4270,litter_yolo,358,549,4,429,713,670,YOLO
19:40:23.699,4273,litter_yolo,357,525,3,382,711,669,YOLO
19:40:23.882,4276,litter_yolo,353,536,1,384,706,688,YOLO
19:40:24.004,4278,litter_yolo,350,552,0,385,701,719,YOLO
19:40:24.658,4289,litter_yolo,1828,653,1738,583,1919,724,YOLO
19:40:24.961,4294,litter_yolo,344,533,0,379,688,688,YOLO
19:40:25.020,4295,litter_yolo,344,531,0,379,688,684,YOLO
19:40:25.082,4296,litter_yolo,344,530,1,380,688,681,YOLO
19:40:25.202,4298,litter_yolo,343,530,1,379,685,681,YOLO
19:40:25.262,4299,litter_yolo,342,533,1,380,683,686,YOLO
19:40:25.321,4300,litter_yolo,341,534,0,379,683,690,YOLO
19:40:25.380,4301,litter_yolo,341,534,0,379,683,689,YOLO
19:40:25.440,4302,litter_yolo,342,535,0,377,685,693,YOLO
19:40:25.501,4303,litter_yolo,342,531,0,377,685,686,YOLO
19:40:25.561,4304,litter_yolo,343,535,0,377,686,694,YOLO
19:40:25.621,4305,litter_yolo,343,535,1,376,685,695,YOLO
19:40:25.682,4306,litter_yolo,343,534,1,376,685,692,YOLO
19:40:25.742,4307,litter_yolo,343,535,4,374,682,697,YOLO
19:40:25.802,4308,litter_yolo,343,536,2,376,685,696,YOLO
19:40:25.802,4308,litter_yolo,1531,625,1148,410,1915,840,YOLO
19:40:25.861,4309,litter_yolo,1533,625,1157,411,1910,839,YOLO
19:40:25.861,4309,litter_yolo,344,539,2,375,686,703,YOLO
19:40:25.921,4310,litter_yolo,1532,622,1166,407,1898,838,YOLO
19:40:25.921,4310,litter_yolo,342,532,3,372,681,693,YOLO
19:40:25.983,4311,litter_yolo,1602,629,1331,407,1873,851,YOLO
19:40:25.983,4311,litter_yolo,342,535,1,374,684,696,YOLO
19:40:25.983,4311,litter_yolo,454,529,227,375,681,683,YOLO
19:40:26.044,4312,litter_yolo,1589,620,1324,403,1855,838,YOLO
19:40:26.044,4312,litter_yolo,341,533,1,375,682,691,YOLO
19:40:26.104,4313,litter_yolo,342,529,2,375,683,683,YOLO
19:40:26.104,4313,litter_yolo,1578,616,1320,404,1837,828,YOLO
19:40:26.164,4314,litter_yolo,342,529,6,371,679,688,YOLO
19:40:26.164,4314,litter_yolo,1570,615,1316,396,1824,834,YOLO
19:40:26.226,4315,litter_yolo,1557,617,1313,397,1802,837,YOLO
19:40:26.226,4315,litter_yolo,346,531,13,371,679,691,YOLO
19:40:26.287,4316,litter_yolo,1546,613,1305,395,1787,832,YOLO
19:40:26.287,4316,litter_yolo,344,534,5,375,683,693,YOLO
19:40:26.349,4317,litter_yolo,1538,601,1302,387,1775,816,YOLO
19:40:26.349,4317,litter_yolo,345,530,6,374,684,687,YOLO
19:40:26.411,4318,litter_yolo,1525,598,1292,384,1759,812,YOLO
19:40:26.411,4318,litter_yolo,351,533,19,375,684,692,YOLO
19:40:26.473,4319,litter_yolo,347,534,13,375,682,693,YOLO
19:40:26.473,4319,litter_yolo,1502,600,1254,386,1750,815,YOLO
19:40:26.473,4319,litter_yolo,446,532,211,374,681,691,YOLO
19:40:26.534,4320,litter_yolo,357,539,36,378,679,701,YOLO
19:40:26.534,4320,litter_yolo,1429,597,1125,386,1733,808,YOLO
19:40:26.593,4321,litter_yolo,1485,597,1255,386,1715,808,YOLO
19:40:26.593,4321,litter_yolo,356,540,34,378,679,703,YOLO
19:40:26.651,4322,litter_yolo,1482,594,1254,385,1710,804,YOLO
19:40:26.651,4322,litter_yolo,346,539,11,377,682,701,YOLO
19:40:26.711,4323,litter_yolo,1466,595,1242,387,1690,804,YOLO
19:40:26.711,4323,litter_yolo,344,540,8,376,681,704,YOLO
19:40:26.773,4324,litter_yolo,1454,596,1232,388,1677,805,YOLO
19:40:26.773,4324,litter_yolo,341,538,2,374,681,702,YOLO
19:40:26.836,4325,litter_yolo,1452,594,1236,387,1669,801,YOLO
19:40:26.836,4325,litter_yolo,345,534,11,370,680,699,YOLO
19:40:26.836,4325,litter_yolo,470,530,259,374,681,686,YOLO
19:40:26.898,4326,litter_yolo,1441,593,1231,385,1652,801,YOLO
19:40:26.898,4326,litter_yolo,343,535,2,373,684,698,YOLO
19:40:26.898,4326,litter_yolo,475,529,269,375,682,683,YOLO
19:40:26.959,4327,litter_yolo,1433,604,1218,410,1648,798,YOLO
19:40:26.959,4327,litter_yolo,345,533,10,371,680,696,YOLO
19:40:26.959,4327,litter_yolo,473,526,265,375,682,678,YOLO
19:40:27.018,4328,litter_yolo,345,534,15,371,676,698,YOLO
19:40:27.018,4328,litter_yolo,474,528,270,375,678,682,YOLO
19:40:27.078,4329,litter_yolo,336,533,6,379,666,687,YOLO
19:40:27.136,4330,litter_yolo,343,537,11,372,676,702,YOLO
19:40:27.196,4331,litter_yolo,341,542,5,374,678,710,YOLO
19:40:27.256,4332,litter_yolo,342,542,7,375,678,710,YOLO
19:40:27.314,4333,litter_yolo,342,538,8,376,676,700,YOLO
19:40:27.372,4334,litter_yolo,342,530,11,372,673,688,YOLO
19:40:27.372,4334,litter_yolo,1367,611,1176,455,1559,768,YOLO
19:40:27.432,4335,litter_yolo,343,524,13,372,674,677,YOLO
19:40:27.491,4336,litter_yolo,344,525,16,372,673,678,YOLO
19:40:27.550,4337,litter_yolo,342,533,10,377,675,689,YOLO
19:40:27.609,4338,litter_yolo,1345,607,1157,452,1533,762,YOLO
19:40:27.609,4338,litter_yolo,342,534,9,377,675,692,YOLO
19:40:27.669,4339,litter_yolo,346,533,19,372,674,694,YOLO
19:40:27.731,4340,litter_yolo,343,538,13,376,674,700,YOLO
19:40:27.731,4340,litter_yolo,449,530,223,375,675,685,YOLO
19:40:27.793,4341,litter_yolo,345,535,18,371,673,700,YOLO
19:40:27.793,4341,litter_yolo,450,528,225,374,675,683,YOLO
19:40:27.855,4342,litter_yolo,346,531,18,371,674,692,YOLO
19:40:27.855,4342,litter_yolo,446,524,218,374,675,674,YOLO
19:40:27.917,4343,litter_yolo,448,523,221,374,675,673,YOLO
19:40:27.917,4343,litter_yolo,345,531,16,371,674,691,YOLO
19:40:27.977,4344,litter_yolo,434,523,194,374,675,672,YOLO
19:40:27.977,4344,litter_yolo,345,529,17,371,674,688,YOLO
19:40:28.038,4345,litter_yolo,342,529,11,371,673,687,YOLO
19:40:28.038,4345,litter_yolo,441,524,210,374,673,674,YOLO
19:40:28.098,4346,litter_yolo,345,532,18,371,672,694,YOLO
19:40:28.158,4347,litter_yolo,345,537,17,371,673,704,YOLO
19:40:28.158,4347,litter_yolo,433,531,192,374,675,688,YOLO
19:40:28.158,4347,litter_yolo,1283,591,1117,452,1450,731,YOLO
19:40:28.217,4348,litter_yolo,1278,591,1116,449,1440,733,YOLO
19:40:28.217,4348,litter_yolo,345,541,15,381,675,701,YOLO
19:40:28.217,4348,litter_yolo,441,533,205,375,677,691,YOLO
19:40:28.278,4349,litter_yolo,1277,590,1116,451,1439,729,YOLO
19:40:28.278,4349,litter_yolo,338,554,15,411,661,697,YOLO
19:40:28.278,4349,litter_yolo,450,532,225,375,676,690,YOLO
19:40:28.339,4350,litter_yolo,336,553,11,409,661,698,YOLO
19:40:28.339,4350,litter_yolo,1260,592,1090,457,1431,727,YOLO
19:40:28.339,4350,litter_yolo,435,534,194,375,676,693,YOLO
19:40:28.400,4351,litter_yolo,335,549,11,400,660,699,YOLO
19:40:28.400,4351,litter_yolo,429,534,183,375,675,694,YOLO
19:40:28.400,4351,litter_yolo,1262,591,1097,454,1427,729,YOLO
19:40:28.461,4352,litter_yolo,335,548,10,398,661,699,YOLO
19:40:28.461,4352,litter_yolo,1259,590,1096,455,1422,725,YOLO
19:40:28.461,4352,litter_yolo,426,534,176,375,676,693,YOLO
19:40:28.522,4353,litter_yolo,337,548,13,400,661,696,YOLO
19:40:28.522,4353,litter_yolo,429,530,183,374,675,686,YOLO
19:40:28.579,4354,litter_yolo,342,541,13,380,672,702,YOLO
19:40:28.580,4354,litter_yolo,432,531,190,375,674,688,YOLO
19:40:28.580,4354,litter_yolo,1244,593,1080,462,1408,724,YOLO
19:40:28.639,4355,litter_yolo,343,543,13,379,673,707,YOLO
19:40:28.639,4355,litter_yolo,431,533,189,374,674,692,YOLO
19:40:28.639,4355,litter_yolo,1242,594,1084,465,1400,723,YOLO
19:40:28.701,4356,litter_yolo,337,564,13,423,662,706,YOLO
19:40:28.701,4356,litter_yolo,443,539,213,375,674,704,YOLO
19:40:28.762,4357,litter_yolo,336,578,11,452,661,705,YOLO
19:40:28.762,4357,litter_yolo,414,538,156,375,672,702,YOLO
19:40:28.823,4358,litter_yolo,341,549,8,391,675,708,YOLO
19:40:28.823,4358,litter_yolo,1233,598,1074,475,1392,722,YOLO
19:40:28.823,4358,litter_yolo,418,531,165,376,671,687,YOLO
19:40:28.884,4359,litter_yolo,1227,598,1074,476,1380,721,YOLO
19:40:28.885,4359,litter_yolo,342,545,15,383,670,707,YOLO
19:40:28.946,4360,litter_yolo,341,548,7,392,676,704,YOLO
19:40:29.006,4361,litter_yolo,341,545,6,388,676,703,YOLO
19:40:29.067,4362,litter_yolo,340,542,3,383,677,701,YOLO
19:40:29.127,4363,litter_yolo,340,544,5,381,676,707,YOLO
19:40:29.189,4364,litter_yolo,340,545,6,380,675,710,YOLO
19:40:29.249,4365,litter_yolo,332,561,3,410,662,713,YOLO
19:40:29.307,4366,litter_yolo,340,543,4,382,676,705,YOLO
19:40:29.368,4367,litter_yolo,340,547,4,391,676,703,YOLO
19:40:29.965,4377,litter_yolo,339,547,1,373,678,721,YOLO
19:40:30.700,4389,litter_yolo,328,552,0,379,656,726,YOLO
19:40:30.760,4390,litter_yolo,368,546,65,373,671,719,YOLO
19:40:30.760,4390,litter_yolo,443,525,220,371,667,679,YOLO
19:40:30.822,4391,litter_yolo,367,546,66,373,669,720,YOLO
19:40:30.822,4391,litter_yolo,442,523,219,370,666,676,YOLO
19:40:31.304,4399,litter_yolo,430,543,197,372,664,715,YOLO
19:40:31.536,4403,litter_yolo,398,550,133,372,664,728,YOLO
19:40:31.595,4404,litter_yolo,414,551,162,372,666,730,YOLO
19:40:34.349,4416,litter_yolo,328,554,0,378,657,730,YOLO
19:40:34.410,4417,litter_yolo,328,558,0,377,656,739,YOLO
19:40:34.780,4423,litter_yolo,326,546,3,366,650,726,YOLO
19:40:34.841,4424,litter_yolo,324,539,0,366,649,713,YOLO
19:40:34.842,4424,litter_yolo,774,650,615,566,933,734,YOLO
19:40:34.902,4425,litter_yolo,323,534,0,366,647,702,YOLO
19:40:34.902,4425,litter_yolo,766,650,604,565,928,735,YOLO
19:40:35.203,4430,litter_yolo,318,573,1,423,636,724,YOLO
19:40:35.265,4431,litter_yolo,324,572,12,419,636,726,YOLO
19:40:35.326,4432,litter_yolo,318,578,2,423,635,733,YOLO
19:40:35.626,4437,litter_yolo,318,554,0,385,637,723,YOLO
19:40:35.688,4438,litter_yolo,320,547,3,382,638,712,YOLO
19:40:35.812,4440,litter_yolo,318,563,0,410,637,716,YOLO
19:40:35.872,4441,litter_yolo,318,562,0,414,636,711,YOLO
19:40:35.873,4441,litter_yolo,379,452,116,360,643,544,YOLO
19:40:35.931,4442,litter_yolo,319,554,0,402,638,707,YOLO
19:40:35.931,4442,litter_yolo,379,491,113,360,645,623,YOLO
19:40:35.993,4443,litter_yolo,319,551,0,388,638,714,YOLO
19:40:35.993,4443,litter_yolo,375,509,106,359,645,660,YOLO
19:40:36.053,4444,litter_yolo,322,541,3,366,641,717,YOLO
19:40:36.112,4445,litter_yolo,321,542,1,367,641,717,YOLO
19:40:36.171,4446,litter_yolo,321,544,2,368,641,721,YOLO
19:40:36.233,4447,litter_yolo,320,544,0,366,641,723,YOLO
19:40:36.233,4447,litter_yolo,377,514,107,358,647,671,YOLO
19:40:36.294,4448,litter_yolo,320,542,0,369,640,715,YOLO
19:40:36.294,4448,litter_yolo,373,500,101,357,646,644,YOLO
19:40:36.356,4449,litter_yolo,319,539,0,377,639,702,YOLO
19:40:40.290,4481,litter_yolo,349,530,64,350,634,711,YOLO
19:40:40.352,4482,litter_yolo,353,533,75,350,632,717,YOLO
19:40:40.414,4483,litter_yolo,354,531,76,349,632,713,YOLO
19:40:40.474,4484,litter_yolo,353,531,73,348,633,714,YOLO
19:40:40.782,4489,litter_yolo,345,536,63,347,627,726,YOLO
19:40:40.842,4490,litter_yolo,345,537,64,346,627,728,YOLO
19:40:40.842,4490,litter_yolo,353,457,74,346,633,568,YOLO
19:40:40.901,4491,litter_yolo,346,534,65,345,627,723,YOLO
19:40:40.901,4491,litter_yolo,353,459,73,346,633,573,YOLO
19:40:40.961,4492,litter_yolo,346,533,65,346,628,721,YOLO
19:40:40.961,4492,litter_yolo,353,444,73,346,633,543,YOLO
19:40:41.024,4493,litter_yolo,346,533,65,346,628,721,YOLO
19:40:41.025,4493,litter_yolo,353,441,73,347,633,536,YOLO
19:40:41.086,4494,litter_yolo,347,538,64,346,630,730,YOLO
19:40:41.086,4494,litter_yolo,353,456,72,346,634,567,YOLO
19:40:41.147,4495,litter_yolo,353,536,72,347,635,725,YOLO
19:40:41.147,4495,litter_yolo,354,460,73,346,635,574,YOLO
19:40:41.207,4496,litter_yolo,348,536,67,346,629,726,YOLO
19:40:41.207,4496,litter_yolo,353,472,72,346,635,598,YOLO
19:40:41.268,4497,litter_yolo,347,535,66,344,628,727,YOLO
19:40:41.268,4497,litter_yolo,353,454,71,346,636,562,YOLO
19:40:41.328,4498,litter_yolo,347,536,66,344,628,728,YOLO
19:40:41.328,4498,litter_yolo,354,438,73,348,636,528,YOLO
19:40:41.388,4499,litter_yolo,346,542,64,342,628,743,YOLO
19:40:41.388,4499,litter_yolo,355,443,73,348,637,539,YOLO
19:40:41.449,4500,litter_yolo,344,542,63,341,626,743,YOLO
19:40:41.449,4500,litter_yolo,354,435,72,348,637,523,YOLO
19:40:41.513,4501,litter_yolo,346,546,66,340,626,752,YOLO
19:40:41.513,4501,litter_yolo,354,434,72,347,636,522,YOLO
19:40:41.577,4502,litter_yolo,345,544,66,341,625,747,YOLO
19:40:41.577,4502,litter_yolo,353,437,72,347,635,528,YOLO
19:40:41.639,4503,litter_yolo,345,543,66,341,625,746,YOLO
19:40:41.639,4503,litter_yolo,353,445,72,347,635,544,YOLO
19:40:41.700,4504,litter_yolo,346,546,66,342,626,750,YOLO
19:40:41.700,4504,litter_yolo,353,453,72,347,635,560,YOLO
19:40:41.762,4505,litter_yolo,346,546,65,342,628,750,YOLO
19:40:41.762,4505,litter_yolo,354,457,72,347,636,567,YOLO
19:40:41.823,4506,litter_yolo,347,546,64,343,631,750,YOLO
19:40:41.823,4506,litter_yolo,355,454,72,346,638,563,YOLO
19:40:41.884,4507,litter_yolo,352,549,70,343,634,756,YOLO
19:40:41.944,4508,litter_yolo,347,544,62,342,632,747,YOLO
19:40:41.944,4508,litter_yolo,352,447,68,344,637,551,YOLO
19:40:42.004,4509,litter_yolo,347,542,62,341,632,743,YOLO
19:40:42.005,4509,litter_yolo,351,443,67,344,636,542,YOLO
19:40:42.066,4510,litter_yolo,347,538,61,341,633,735,YOLO
19:40:42.066,4510,litter_yolo,352,443,67,342,637,544,YOLO
19:40:42.125,4511,litter_yolo,347,538,60,340,634,737,YOLO
19:40:42.125,4511,litter_yolo,352,451,64,341,641,561,YOLO
19:40:42.185,4512,litter_yolo,346,539,57,341,635,738,YOLO
19:40:42.185,4512,litter_yolo,352,456,63,341,642,572,YOLO
19:40:42.244,4513,litter_yolo,345,544,57,340,634,748,YOLO
19:40:42.245,4513,litter_yolo,352,461,62,341,642,582,YOLO
19:40:42.306,4514,litter_yolo,345,543,56,340,634,746,YOLO
19:40:42.306,4514,litter_yolo,350,466,60,340,641,592,YOLO
19:40:42.366,4515,litter_yolo,344,547,56,339,633,756,YOLO
19:40:42.366,4515,litter_yolo,349,488,59,340,640,636,YOLO
19:40:42.427,4516,litter_yolo,343,551,54,338,632,764,YOLO
19:40:42.427,4516,litter_yolo,349,442,58,340,641,544,YOLO
19:40:42.488,4517,litter_yolo,341,552,52,338,630,766,YOLO
19:40:42.488,4517,litter_yolo,348,432,55,340,642,524,YOLO
19:40:42.548,4518,litter_yolo,339,551,49,338,630,765,YOLO
19:40:42.548,4518,litter_yolo,347,433,53,340,642,527,YOLO
19:40:42.607,4519,litter_yolo,339,544,49,339,630,749,YOLO
19:40:42.608,4519,litter_yolo,347,437,52,340,643,534,YOLO
19:40:42.667,4520,litter_yolo,340,542,48,339,632,745,YOLO
19:40:42.667,4520,litter_yolo,347,459,51,340,644,578,YOLO
19:40:42.728,4521,litter_yolo,340,540,45,339,635,742,YOLO
19:40:42.728,4521,litter_yolo,347,472,49,340,645,605,YOLO
19:40:42.787,4522,litter_yolo,339,544,44,340,635,748,YOLO
19:40:42.787,4522,litter_yolo,342,476,46,341,638,611,YOLO
19:40:42.846,4523,litter_yolo,338,547,41,338,635,756,YOLO
19:40:42.846,4523,litter_yolo,345,480,48,340,643,621,YOLO
19:40:42.907,4524,litter_yolo,336,541,39,339,634,744,YOLO
19:40:42.907,4524,litter_yolo,342,459,45,341,639,578,YOLO
19:40:42.970,4525,litter_yolo,337,539,40,340,635,739,YOLO
19:40:42.970,4525,litter_yolo,342,450,45,341,639,559,YOLO
19:40:43.031,4526,litter_yolo,336,536,37,339,635,734,YOLO
19:40:43.031,4526,litter_yolo,344,454,45,340,643,568,YOLO
19:40:43.091,4527,litter_yolo,335,539,36,339,635,739,YOLO
19:40:43.091,4527,litter_yolo,342,457,41,340,644,574,YOLO
19:40:43.151,4528,litter_yolo,332,539,30,340,634,738,YOLO
19:40:43.151,4528,litter_yolo,340,439,37,340,644,538,YOLO
19:40:43.211,4529,litter_yolo,333,538,31,339,636,737,YOLO
19:40:43.211,4529,litter_yolo,340,469,36,339,644,600,YOLO
19:40:43.274,4530,litter_yolo,332,541,28,340,637,742,YOLO
19:40:43.274,4530,litter_yolo,340,446,35,339,645,554,YOLO
19:40:43.332,4531,litter_yolo,332,537,30,339,635,736,YOLO
19:40:43.332,4531,litter_yolo,339,445,34,339,645,551,YOLO
19:40:43.394,4532,litter_yolo,332,539,30,339,634,740,YOLO
19:40:43.394,4532,litter_yolo,339,447,33,339,645,556,YOLO
19:40:43.455,4533,litter_yolo,335,460,25,338,645,582,YOLO
19:40:43.455,4533,litter_yolo,330,541,29,340,632,742,YOLO
19:40:43.516,4534,litter_yolo,331,540,29,338,633,742,YOLO
19:40:43.576,4535,litter_yolo,335,541,33,337,638,746,YOLO
19:40:43.576,4535,litter_yolo,334,464,24,337,645,591,YOLO
19:40:43.637,4536,litter_yolo,336,541,33,337,639,746,YOLO
19:40:43.698,4537,litter_yolo,331,543,28,337,635,749,YOLO
19:40:43.698,4537,litter_yolo,338,476,31,339,646,613,YOLO
19:40:43.760,4538,litter_yolo,332,533,28,337,636,730,YOLO
19:40:43.760,4538,litter_yolo,338,462,30,338,647,587,YOLO
19:40:43.820,4539,litter_yolo,331,533,27,337,636,730,YOLO
19:40:43.882,4540,litter_yolo,330,545,23,335,637,755,YOLO
19:40:43.941,4541,litter_yolo,329,550,22,335,636,765,YOLO
19:40:44.003,4542,litter_yolo,326,554,16,333,637,775,YOLO
19:40:44.064,4543,litter_yolo,325,541,13,333,637,749,YOLO
19:40:44.124,4544,litter_yolo,324,537,11,333,637,742,YOLO
19:40:44.124,4544,litter_yolo,328,451,14,335,642,567,YOLO
19:40:44.423,4549,litter_yolo,317,543,6,330,628,756,YOLO
19:40:44.544,4551,litter_yolo,321,533,4,330,638,737,YOLO
19:40:44.603,4552,litter_yolo,319,536,1,328,637,745,YOLO
19:40:44.604,4552,litter_yolo,317,456,1,331,634,581,YOLO
19:40:44.665,4553,litter_yolo,318,532,0,326,637,739,YOLO
19:40:44.665,4553,litter_yolo,317,468,0,330,634,607,YOLO
19:40:44.724,4554,litter_yolo,319,533,0,327,639,740,YOLO
19:40:44.786,4555,litter_yolo,319,539,0,334,638,745,YOLO
19:40:44.848,4556,litter_yolo,317,542,0,332,635,752,YOLO
19:40:44.910,4557,litter_yolo,320,535,0,332,640,738,YOLO
19:40:44.973,4558,litter_yolo,318,537,0,331,636,743,YOLO
19:40:44.973,4558,litter_yolo,317,443,0,335,635,551,YOLO
19:40:45.032,4559,litter_yolo,320,535,0,329,640,742,YOLO
19:40:45.032,4559,litter_yolo,318,444,0,335,636,554,YOLO
19:40:45.094,4560,litter_yolo,319,535,0,329,639,741,YOLO
19:40:45.094,4560,litter_yolo,317,453,0,334,635,573,YOLO
19:40:45.155,4561,litter_yolo,316,534,0,330,633,739,YOLO
19:40:45.155,4561,litter_yolo,319,474,0,332,639,617,YOLO
19:40:45.215,4562,litter_yolo,317,535,0,331,634,740,YOLO
19:40:45.215,4562,litter_yolo,319,437,0,334,638,541,YOLO
19:40:45.276,4563,litter_yolo,317,538,0,331,634,746,YOLO
19:40:45.276,4563,litter_yolo,318,463,0,334,636,593,YOLO
19:40:45.339,4564,litter_yolo,316,449,0,334,633,565,YOLO
19:40:45.339,4564,litter_yolo,315,542,0,331,630,754,YOLO
19:40:45.401,4565,litter_yolo,314,539,0,332,628,747,YOLO
19:40:45.401,4565,litter_yolo,315,440,0,335,630,546,YOLO
19:40:45.461,4566,litter_yolo,315,433,0,335,630,532,YOLO
19:40:45.461,4566,litter_yolo,313,541,0,332,627,750,YOLO
19:40:45.520,4567,litter_yolo,313,543,0,332,627,755,YOLO
19:40:45.521,4567,litter_yolo,314,437,0,335,629,540,YOLO
19:40:45.521,4567,litter_yolo,314,478,0,333,629,623,YOLO
19:40:45.580,4568,litter_yolo,313,543,0,332,627,755,YOLO
19:40:45.580,4568,litter_yolo,314,442,0,335,629,549,YOLO
19:40:45.641,4569,litter_yolo,313,540,0,333,627,748,YOLO
19:40:45.641,4569,litter_yolo,314,450,0,335,629,566,YOLO
19:40:45.702,4570,litter_yolo,314,540,0,332,628,748,YOLO
19:40:45.702,4570,litter_yolo,315,468,0,334,630,602,YOLO
19:40:45.762,4571,litter_yolo,314,540,0,331,629,750,YOLO
19:40:45.823,4572,litter_yolo,314,539,0,328,628,750,YOLO
19:40:45.883,4573,litter_yolo,313,540,0,327,627,754,YOLO
19:40:45.883,4573,litter_yolo,313,472,0,331,627,613,YOLO
19:40:45.945,4574,litter_yolo,313,537,0,327,626,747,YOLO
19:40:46.005,4575,litter_yolo,313,538,0,327,626,749,YOLO
19:40:46.067,4576,litter_yolo,312,542,0,325,625,759,YOLO
19:40:46.127,4577,litter_yolo,313,542,0,321,627,763,YOLO
19:40:46.188,4578,litter_yolo,313,534,0,320,626,748,YOLO
19:40:46.249,4579,litter_yolo,313,536,0,318,627,755,YOLO
19:40:46.308,4580,litter_yolo,313,538,0,317,627,759,YOLO
19:40:46.371,4581,litter_yolo,313,529,0,317,626,741,YOLO
19:40:46.431,4582,litter_yolo,312,532,0,317,624,747,YOLO
19:40:46.491,4583,litter_yolo,311,530,0,317,622,744,YOLO
19:40:46.551,4584,litter_yolo,312,529,0,315,624,744,YOLO
19:40:46.613,4585,litter_yolo,312,527,2,314,623,741,YOLO
19:40:46.674,4586,litter_yolo,312,526,1,310,624,742,YOLO
19:40:46.733,4587,litter_yolo,313,525,3,309,623,742,YOLO
19:40:46.793,4588,litter_yolo,311,526,2,306,621,746,YOLO
19:40:46.853,4589,litter_yolo,310,525,2,307,619,744,YOLO
19:40:46.913,4590,litter_yolo,309,528,2,306,617,751,YOLO
19:40:46.975,4591,litter_yolo,308,529,0,303,617,756,YOLO
19:40:47.033,4592,litter_yolo,309,534,0,302,618,767,YOLO
19:40:47.092,4593,litter_yolo,309,532,0,303,619,762,YOLO
19:40:47.153,4594,litter_yolo,310,528,0,302,620,755,YOLO
19:40:47.214,4595,litter_yolo,311,528,0,302,622,754,YOLO
19:40:47.273,4596,litter_yolo,310,529,0,302,620,756,YOLO
19:40:47.333,4597,litter_yolo,310,528,0,302,621,755,YOLO
19:40:47.393,4598,litter_yolo,310,527,0,302,620,752,YOLO
19:40:47.454,4599,litter_yolo,309,526,0,300,619,753,YOLO
19:40:47.513,4600,litter_yolo,309,526,0,300,619,752,YOLO
19:40:47.574,4601,litter_yolo,307,528,0,298,614,758,YOLO
19:40:47.634,4602,litter_yolo,307,527,0,297,614,757,YOLO
19:40:47.693,4603,litter_yolo,306,528,0,295,612,762,YOLO
19:40:47.753,4604,litter_yolo,305,529,0,294,610,765,YOLO
19:40:47.813,4605,litter_yolo,305,529,0,293,611,766,YOLO
19:40:47.872,4606,litter_yolo,305,531,0,292,611,771,YOLO
19:40:47.933,4607,litter_yolo,304,526,0,293,608,760,YOLO
19:40:47.992,4608,litter_yolo,294,532,0,297,588,768,YOLO
19:40:48.053,4609,litter_yolo,304,518,0,291,609,746,YOLO
19:40:48.114,4610,litter_yolo,304,522,0,289,609,756,YOLO
19:40:48.173,4611,litter_yolo,304,517,0,286,608,748,YOLO
19:40:48.232,4612,litter_yolo,302,515,0,282,605,748,YOLO
19:40:48.292,4613,litter_yolo,303,516,0,279,607,754,YOLO
19:40:48.352,4614,litter_yolo,303,515,0,280,607,750,YOLO
19:40:48.413,4615,litter_yolo,302,511,0,277,605,746,YOLO
19:40:48.474,4616,litter_yolo,301,509,0,277,602,741,YOLO
19:40:48.533,4617,litter_yolo,300,509,0,277,600,742,YOLO
19:40:48.593,4618,litter_yolo,299,513,0,276,598,751,YOLO
19:40:48.655,4619,litter_yolo,299,513,0,274,598,752,YOLO
19:40:48.715,4620,litter_yolo,301,510,0,272,602,749,YOLO
19:40:48.776,4621,litter_yolo,298,513,0,270,597,756,YOLO
19:40:48.836,4622,litter_yolo,298,509,0,269,596,750,YOLO
19:40:48.897,4623,litter_yolo,297,510,0,268,595,752,YOLO
19:40:48.958,4624,litter_yolo,297,512,0,267,594,757,YOLO
19:40:49.019,4625,litter_yolo,297,512,0,267,594,757,YOLO
19:40:49.078,4626,litter_yolo,297,513,0,265,594,762,YOLO
19:40:49.140,4627,litter_yolo,297,512,0,264,594,760,YOLO
19:40:49.200,4628,litter_yolo,297,507,0,265,594,749,YOLO
19:40:49.262,4629,litter_yolo,295,512,0,264,591,760,YOLO
19:40:49.323,4630,litter_yolo,295,513,0,263,590,763,YOLO
19:40:49.387,4631,litter_yolo,294,510,0,262,589,758,YOLO
19:40:49.448,4632,litter_yolo,295,506,0,262,590,751,YOLO
19:40:49.508,4633,litter_yolo,294,508,0,262,588,755,YOLO
19:40:49.569,4634,litter_yolo,293,505,0,261,587,749,YOLO
19:40:49.630,4635,litter_yolo,293,506,0,260,587,752,YOLO
19:40:49.692,4636,litter_yolo,292,510,0,259,585,762,YOLO
19:40:49.752,4637,litter_yolo,292,510,0,257,584,764,YOLO
19:40:49.813,4638,litter_yolo,285,508,0,255,571,762,YOLO
19:40:49.874,4639,litter_yolo,286,503,0,256,572,751,YOLO
19:40:49.934,4640,litter_yolo,286,500,0,252,573,749,YOLO
19:40:49.997,4641,litter_yolo,286,501,0,251,572,751,YOLO
19:40:50.058,4642,litter_yolo,290,497,0,248,581,746,YOLO
19:40:50.118,4643,litter_yolo,287,497,1,248,573,746,YOLO
19:40:50.118,4643,litter_yolo,1834,926,1748,774,1920,1079,YOLO
19:40:50.178,4644,litter_yolo,292,495,0,244,584,747,YOLO
19:40:50.240,4645,litter_yolo,293,489,0,241,586,737,YOLO
19:40:50.240,4645,litter_yolo,1792,842,1664,606,1920,1078,YOLO
19:40:50.300,4646,litter_yolo,286,495,1,239,572,752,YOLO
19:40:50.300,4646,litter_yolo,1780,833,1641,586,1920,1080,YOLO
19:40:50.362,4647,litter_yolo,291,494,0,235,582,754,YOLO
19:40:50.362,4647,litter_yolo,1767,837,1615,595,1919,1080,YOLO
19:40:50.425,4648,litter_yolo,293,480,0,231,586,729,YOLO
19:40:50.425,4648,litter_yolo,1753,831,1588,582,1919,1080,YOLO
19:40:50.486,4649,litter_yolo,292,477,0,228,585,727,YOLO
19:40:50.486,4649,litter_yolo,1749,830,1579,581,1919,1080,YOLO
19:40:50.548,4650,litter_yolo,290,482,0,225,580,740,YOLO
19:40:50.548,4650,litter_yolo,1736,829,1553,578,1919,1080,YOLO
19:40:50.610,4651,litter_yolo,290,484,0,221,580,748,YOLO
19:40:50.610,4651,litter_yolo,1726,822,1533,575,1920,1070,YOLO
19:40:50.673,4652,litter_yolo,1715,824,1510,575,1920,1074,YOLO
19:40:50.673,4652,litter_yolo,290,471,0,217,581,725,YOLO
19:40:50.731,4653,litter_yolo,290,472,0,218,580,726,YOLO
19:40:50.731,4653,litter_yolo,1712,820,1504,569,1920,1071,YOLO
19:40:50.794,4654,litter_yolo,289,468,0,213,578,724,YOLO
19:40:50.794,4654,litter_yolo,1700,819,1481,567,1920,1072,YOLO
19:40:50.856,4655,litter_yolo,1695,817,1470,567,1920,1068,YOLO
19:40:50.856,4655,litter_yolo,290,469,0,211,580,727,YOLO
19:40:50.915,4656,litter_yolo,1692,814,1466,561,1919,1067,YOLO
19:40:50.915,4656,litter_yolo,290,470,0,207,580,733,YOLO
19:40:50.976,4657,litter_yolo,291,471,0,204,583,738,YOLO
19:40:50.976,4657,litter_yolo,1678,809,1437,549,1920,1070,YOLO
19:40:51.038,4658,litter_yolo,285,480,0,205,571,755,YOLO
19:40:51.038,4658,litter_yolo,1677,810,1434,552,1920,1068,YOLO
19:40:51.102,4659,litter_yolo,285,479,0,201,571,757,YOLO
19:40:51.102,4659,litter_yolo,1670,808,1420,548,1920,1068,YOLO
19:40:51.163,4660,litter_yolo,285,481,0,201,571,761,YOLO
19:40:51.224,4661,litter_yolo,290,468,0,194,581,743,YOLO
19:40:51.224,4661,litter_yolo,1662,809,1405,547,1920,1072,YOLO
19:40:51.284,4662,litter_yolo,290,471,0,192,580,751,YOLO
19:40:51.284,4662,litter_yolo,1656,811,1393,545,1920,1077,YOLO
19:40:51.346,4663,litter_yolo,1653,808,1386,544,1920,1073,YOLO
19:40:51.346,4663,litter_yolo,286,473,0,197,572,750,YOLO
19:40:51.408,4664,litter_yolo,1646,809,1373,543,1919,1076,YOLO
19:40:51.408,4664,litter_yolo,289,462,0,191,579,734,YOLO
19:40:51.470,4665,litter_yolo,1639,796,1360,541,1919,1052,YOLO
19:40:51.470,4665,litter_yolo,289,457,0,189,579,725,YOLO
19:40:51.529,4666,litter_yolo,1633,802,1347,535,1919,1070,YOLO
19:40:51.529,4666,litter_yolo,289,457,0,187,578,728,YOLO
19:40:51.589,4667,litter_yolo,1624,793,1328,535,1920,1052,YOLO
19:40:51.589,4667,litter_yolo,288,455,0,186,577,724,YOLO
19:40:51.648,4668,litter_yolo,1626,796,1333,533,1919,1060,YOLO
19:40:51.648,4668,litter_yolo,289,452,0,185,578,719,YOLO
19:40:51.708,4669,litter_yolo,289,451,0,184,578,719,YOLO
19:40:51.708,4669,litter_yolo,1621,796,1322,534,1920,1058,YOLO
19:40:51.769,4670,litter_yolo,1617,754,1314,527,1920,982,YOLO
19:40:51.769,4670,litter_yolo,289,450,0,185,578,716,YOLO
19:40:51.830,4671,litter_yolo,1614,786,1309,526,1920,1047,YOLO
19:40:51.830,4671,litter_yolo,288,451,0,184,577,719,YOLO
19:40:51.891,4672,litter_yolo,288,451,0,183,576,719,YOLO
19:40:51.891,4672,litter_yolo,1607,787,1296,504,1919,1070,YOLO
19:40:51.953,4673,litter_yolo,288,450,0,184,576,717,YOLO
19:40:51.953,4673,litter_yolo,1603,696,1287,319,1919,1074,YOLO
19:40:52.013,4674,litter_yolo,287,448,0,180,575,716,YOLO
19:40:52.013,4674,litter_yolo,1598,655,1277,253,1919,1057,YOLO
19:40:52.074,4675,litter_yolo,289,446,0,178,578,714,YOLO
19:40:52.075,4675,litter_yolo,1593,636,1268,225,1919,1047,YOLO
19:40:52.136,4676,litter_yolo,287,444,0,174,574,714,YOLO
19:40:52.136,4676,litter_yolo,1591,728,1264,423,1919,1033,YOLO
19:40:52.198,4677,litter_yolo,285,444,0,172,571,716,YOLO
19:40:52.260,4678,litter_yolo,285,443,0,167,570,720,YOLO
19:40:52.324,4679,litter_yolo,285,443,0,167,570,720,YOLO
19:40:52.386,4680,litter_yolo,286,438,0,163,573,713,YOLO
19:40:52.445,4681,litter_yolo,287,438,0,163,574,713,YOLO
19:40:52.505,4682,litter_yolo,286,435,0,159,573,712,YOLO
19:40:52.505,4682,litter_yolo,1576,590,1234,248,1919,932,YOLO
19:40:52.567,4683,litter_yolo,285,434,0,158,571,710,YOLO
19:40:52.567,4683,litter_yolo,1575,583,1231,248,1919,919,YOLO
19:40:52.627,4684,litter_yolo,285,431,0,152,571,710,YOLO
19:40:52.627,4684,litter_yolo,1570,579,1221,249,1919,909,YOLO
19:40:52.688,4685,litter_yolo,288,430,0,151,576,710,YOLO
19:40:52.688,4685,litter_yolo,1566,575,1212,247,1920,904,YOLO
19:40:52.747,4686,litter_yolo,286,426,0,146,572,706,YOLO
19:40:52.747,4686,litter_yolo,1563,568,1207,248,1920,888,YOLO
19:40:52.809,4687,litter_yolo,1561,560,1203,250,1920,870,YOLO
19:40:52.809,4687,litter_yolo,286,426,0,146,572,706,YOLO
19:40:52.868,4688,litter_yolo,1556,555,1194,256,1919,855,YOLO
19:40:52.868,4688,litter_yolo,285,424,1,146,570,702,YOLO
19:40:52.927,4689,litter_yolo,284,420,3,146,566,694,YOLO
19:40:52.986,4690,litter_yolo,286,422,0,146,572,699,YOLO
19:40:53.048,4691,litter_yolo,287,419,1,143,574,696,YOLO
19:40:53.107,4692,litter_yolo,288,636,46,574,531,698,YOLO
19:40:53.108,4692,litter_yolo,1541,531,1165,254,1917,809,YOLO
19:40:53.169,4693,litter_yolo,1537,583,1158,363,1916,804,YOLO
19:40:53.169,4693,litter_yolo,287,633,45,568,529,698,YOLO
19:40:53.229,4694,litter_yolo,1539,573,1160,348,1919,798,YOLO
19:40:53.229,4694,litter_yolo,284,634,41,567,528,701,YOLO
19:40:53.288,4695,litter_yolo,1534,571,1149,348,1919,794,YOLO
19:40:53.288,4695,litter_yolo,285,634,41,568,529,700,YOLO
19:40:53.349,4696,litter_yolo,1533,564,1147,349,1919,780,YOLO
19:40:53.349,4696,litter_yolo,282,631,37,562,527,701,YOLO
19:40:53.411,4697,litter_yolo,1532,561,1145,349,1919,773,YOLO
19:40:53.411,4697,litter_yolo,282,422,0,138,564,706,YOLO
19:40:53.472,4698,litter_yolo,1528,557,1139,347,1918,768,YOLO
19:40:53.472,4698,litter_yolo,280,424,0,137,561,711,YOLO
19:40:53.532,4699,litter_yolo,1526,555,1135,346,1918,765,YOLO
19:40:53.532,4699,litter_yolo,277,639,29,570,526,708,YOLO
19:40:53.532,4699,litter_yolo,279,419,1,127,558,711,YOLO
19:40:53.591,4700,litter_yolo,1520,558,1120,357,1920,759,YOLO
19:40:53.592,4700,litter_yolo,280,423,0,138,560,709,YOLO
19:40:53.592,4700,litter_yolo,275,634,23,562,527,706,YOLO
19:40:53.652,4701,litter_yolo,1511,552,1113,358,1909,747,YOLO
19:40:53.652,4701,litter_yolo,276,639,25,571,527,707,YOLO
19:40:53.652,4701,litter_yolo,280,424,0,138,560,710,YOLO
19:40:53.713,4702,litter_yolo,1505,553,1114,359,1896,747,YOLO
19:40:53.713,4702,litter_yolo,278,421,0,135,556,707,YOLO
19:40:53.713,4702,litter_yolo,273,636,23,565,523,707,YOLO
19:40:53.775,4703,litter_yolo,1495,554,1112,367,1879,741,YOLO
19:40:53.775,4703,litter_yolo,270,635,17,564,524,707,YOLO
19:40:53.837,4704,litter_yolo,1491,552,1108,369,1874,736,YOLO
19:40:53.837,4704,litter_yolo,275,421,0,129,551,714,YOLO
19:40:53.837,4704,litter_yolo,266,639,15,568,518,711,YOLO
19:40:53.897,4705,litter_yolo,1475,554,1099,372,1852,736,YOLO
19:40:53.897,4705,litter_yolo,277,417,0,123,554,712,YOLO
19:40:53.897,4705,litter_yolo,264,637,14,564,515,711,YOLO
19:40:53.958,4706,litter_yolo,1466,557,1098,383,1834,731,YOLO
19:40:53.958,4706,litter_yolo,278,416,0,118,556,715,YOLO
19:40:54.021,4707,litter_yolo,1456,552,1095,377,1818,727,YOLO
19:40:54.022,4707,litter_yolo,277,416,0,118,554,715,YOLO
19:40:54.081,4708,litter_yolo,1440,552,1092,379,1789,726,YOLO
19:40:54.081,4708,litter_yolo,274,417,0,118,549,717,YOLO
19:40:54.144,4709,litter_yolo,273,416,0,117,547,715,YOLO
19:40:54.144,4709,litter_yolo,1424,552,1083,384,1766,721,YOLO
19:40:54.204,4710,litter_yolo,274,416,0,115,548,718,YOLO
19:40:54.204,4710,litter_yolo,1423,549,1078,378,1768,720,YOLO
19:40:54.265,4711,litter_yolo,1410,544,1073,375,1747,714,YOLO
19:40:54.265,4711,litter_yolo,271,415,0,114,542,716,YOLO
19:40:54.265,4711,litter_yolo,256,639,6,564,507,714,YOLO
19:40:54.325,4712,litter_yolo,1415,539,1112,377,1719,702,YOLO
19:40:54.325,4712,litter_yolo,271,414,0,112,542,716,YOLO
19:40:54.325,4712,litter_yolo,254,638,0,561,508,715,YOLO
19:40:54.387,4713,litter_yolo,1387,541,1064,378,1710,704,YOLO
19:40:54.387,4713,litter_yolo,271,413,0,112,542,715,YOLO
19:40:54.387,4713,litter_yolo,256,637,9,564,504,710,YOLO
19:40:54.448,4714,litter_yolo,1378,540,1063,381,1693,700,YOLO
19:40:54.448,4714,litter_yolo,250,644,0,580,500,708,YOLO
19:40:54.448,4714,litter_yolo,267,413,0,111,535,716,YOLO
19:40:54.510,4715,litter_yolo,246,632,0,550,492,715,YOLO
19:40:54.510,4715,litter_yolo,266,414,0,111,533,718,YOLO
19:40:54.510,4715,litter_yolo,1438,535,1202,379,1674,691,YOLO
19:40:54.571,4716,litter_yolo,245,631,0,547,491,716,YOLO
19:40:54.571,4716,litter_yolo,266,412,0,108,532,717,YOLO
19:40:54.571,4716,litter_yolo,1376,538,1087,381,1666,695,YOLO
19:40:54.633,4717,litter_yolo,244,629,0,547,489,712,YOLO
19:40:54.633,4717,litter_yolo,1359,541,1062,380,1657,702,YOLO
19:40:54.633,4717,litter_yolo,267,409,0,105,534,714,YOLO
19:40:54.693,4718,litter_yolo,1348,536,1057,378,1640,694,YOLO
19:40:54.693,4718,litter_yolo,266,409,0,102,533,716,YOLO
19:40:54.693,4718,litter_yolo,244,631,0,550,488,713,YOLO
19:40:54.752,4719,litter_yolo,265,409,0,100,531,718,YOLO
19:40:54.752,4719,litter_yolo,1337,529,1044,377,1630,682,YOLO
19:40:54.752,4719,litter_yolo,242,628,0,543,485,713,YOLO
19:40:54.814,4720,litter_yolo,265,407,0,98,530,717,YOLO
19:40:54.814,4720,litter_yolo,245,644,0,581,491,708,YOLO
19:40:54.814,4720,litter_yolo,1334,529,1050,380,1618,679,YOLO
19:40:54.872,4721,litter_yolo,263,406,0,92,526,720,YOLO
19:40:54.873,4721,litter_yolo,1325,528,1047,378,1604,678,YOLO
19:40:54.873,4721,litter_yolo,244,644,0,578,489,710,YOLO
19:40:54.931,4722,litter_yolo,262,404,0,87,525,722,YOLO
19:40:54.931,4722,litter_yolo,1347,525,1105,378,1589,673,YOLO
19:40:54.991,4723,litter_yolo,1338,528,1099,379,1578,678,YOLO
19:40:54.991,4723,litter_yolo,261,398,0,77,523,720,YOLO
19:40:54.991,4723,litter_yolo,243,642,0,573,486,711,YOLO
19:40:55.051,4724,litter_yolo,261,398,0,76,522,721,YOLO
19:40:55.051,4724,litter_yolo,1323,526,1075,379,1572,673,YOLO
19:40:55.051,4724,litter_yolo,243,640,0,568,487,712,YOLO
19:40:55.113,4725,litter_yolo,260,397,0,75,521,720,YOLO
19:40:55.113,4725,litter_yolo,1294,525,1028,381,1561,669,YOLO
19:40:55.113,4725,litter_yolo,242,640,0,567,485,713,YOLO
19:40:55.174,4726,litter_yolo,260,398,0,73,521,724,YOLO
19:40:55.174,4726,litter_yolo,1288,521,1028,385,1549,658,YOLO
19:40:55.174,4726,litter_yolo,241,643,0,570,482,716,YOLO
19:40:55.236,4727,litter_yolo,1280,522,1023,386,1537,658,YOLO
19:40:55.236,4727,litter_yolo,260,394,0,66,521,723,YOLO
19:40:55.236,4727,litter_yolo,241,642,0,568,482,716,YOLO
19:40:55.295,4728,litter_yolo,260,395,0,65,521,726,YOLO
19:40:55.295,4728,litter_yolo,1307,521,1090,391,1524,652,YOLO
19:40:55.357,4729,litter_yolo,260,393,0,60,521,727,YOLO
19:40:55.357,4729,litter_yolo,1308,525,1102,403,1514,648,YOLO
19:40:55.415,4730,litter_yolo,260,396,0,63,521,730,YOLO
19:40:55.415,4730,litter_yolo,1278,523,1047,397,1510,649,YOLO
19:40:55.477,4731,litter_yolo,260,400,0,65,520,736,YOLO
19:40:55.478,4731,litter_yolo,1300,520,1104,396,1497,644,YOLO
19:40:55.537,4732,litter_yolo,1251,522,1010,393,1492,652,YOLO
19:40:55.537,4732,litter_yolo,260,400,0,70,520,730,YOLO
19:40:55.597,4733,litter_yolo,1246,525,1007,395,1485,655,YOLO
19:40:55.597,4733,litter_yolo,259,398,0,66,518,730,YOLO
19:40:55.657,4734,litter_yolo,1242,520,1006,393,1478,647,YOLO
19:40:55.657,4734,litter_yolo,259,407,0,69,518,745,YOLO
19:40:55.717,4735,litter_yolo,1238,518,1011,391,1465,646,YOLO
19:40:55.717,4735,litter_yolo,259,411,0,78,518,745,YOLO
19:40:55.778,4736,litter_yolo,1234,517,1011,392,1457,642,YOLO
19:40:55.778,4736,litter_yolo,258,410,0,77,517,743,YOLO
19:40:55.838,4737,litter_yolo,1231,517,1012,394,1451,641,YOLO
19:40:55.838,4737,litter_yolo,258,412,0,80,516,745,YOLO
19:40:55.895,4738,litter_yolo,1230,516,1013,395,1448,638,YOLO
19:40:55.895,4738,litter_yolo,257,415,0,82,515,749,YOLO
19:40:55.956,4739,litter_yolo,1221,517,1006,396,1437,638,YOLO
19:40:55.956,4739,litter_yolo,257,420,0,86,514,755,YOLO
19:40:56.017,4740,litter_yolo,1215,518,1007,398,1423,638,YOLO
19:40:56.017,4740,litter_yolo,255,426,0,91,510,761,YOLO
19:40:56.078,4741,litter_yolo,1213,517,1010,399,1417,636,YOLO
19:40:56.078,4741,litter_yolo,255,421,0,85,510,757,YOLO
19:40:56.138,4742,litter_yolo,1209,514,1008,400,1410,629,YOLO
19:40:56.201,4743,litter_yolo,1206,522,1008,404,1405,640,YOLO
19:40:56.262,4744,litter_yolo,251,427,0,98,503,756,YOLO
19:40:56.262,4744,litter_yolo,1199,518,999,400,1399,636,YOLO
19:40:56.323,4745,litter_yolo,1199,514,1012,396,1387,633,YOLO
19:40:56.323,4745,litter_yolo,250,427,0,100,500,755,YOLO
19:40:56.382,4746,litter_yolo,247,423,0,99,495,748,YOLO
19:40:56.382,4746,litter_yolo,1199,510,1021,397,1378,623,YOLO
19:40:56.444,4747,litter_yolo,244,429,0,109,488,750,YOLO
19:40:56.444,4747,litter_yolo,1198,508,1025,396,1372,621,YOLO
19:40:56.507,4748,litter_yolo,243,431,0,109,487,753,YOLO
19:40:56.507,4748,litter_yolo,1178,508,989,396,1368,621,YOLO
19:40:56.570,4749,litter_yolo,1174,509,985,396,1363,622,YOLO
19:40:56.570,4749,litter_yolo,240,433,0,113,480,754,YOLO
19:40:56.628,4750,litter_yolo,239,439,0,124,478,754,YOLO
19:40:56.628,4750,litter_yolo,1176,508,997,397,1355,620,YOLO
19:40:56.690,4751,litter_yolo,241,437,0,117,483,757,YOLO
19:40:56.690,4751,litter_yolo,1170,507,991,400,1349,614,YOLO
19:40:56.690,4751,litter_yolo,1181,530,1011,452,1351,609,YOLO
19:40:56.751,4752,litter_yolo,240,438,0,118,480,759,YOLO
19:40:56.751,4752,litter_yolo,1167,506,990,400,1344,612,YOLO
19:40:56.811,4753,litter_yolo,238,435,0,112,476,759,YOLO
19:40:56.811,4753,litter_yolo,1158,507,975,402,1342,613,YOLO
19:40:56.872,4754,litter_yolo,237,437,0,116,475,758,YOLO
19:40:56.872,4754,litter_yolo,1158,507,978,398,1339,617,YOLO
19:40:56.933,4755,litter_yolo,239,439,0,117,478,761,YOLO
19:40:56.933,4755,litter_yolo,1150,511,969,398,1332,625,YOLO
19:40:56.992,4756,litter_yolo,1152,507,979,397,1326,617,YOLO
19:40:56.992,4756,litter_yolo,236,442,0,127,473,758,YOLO
19:40:57.053,4757,litter_yolo,1152,509,984,397,1320,622,YOLO
19:40:57.053,4757,litter_yolo,230,441,0,129,461,753,YOLO
19:40:57.112,4758,litter_yolo,1158,510,1005,401,1311,620,YOLO
19:40:57.112,4758,litter_yolo,235,445,1,131,469,759,YOLO
19:40:57.174,4759,litter_yolo,228,443,0,133,456,754,YOLO
19:40:57.175,4759,litter_yolo,1149,512,990,404,1308,621,YOLO
19:40:57.235,4760,litter_yolo,228,444,0,134,457,754,YOLO
19:40:57.235,4760,litter_yolo,1146,513,989,406,1303,620,YOLO
19:40:57.294,4761,litter_yolo,232,451,1,140,464,762,YOLO
19:40:57.294,4761,litter_yolo,1139,516,980,409,1298,623,YOLO
19:40:57.355,4762,litter_yolo,229,449,1,138,458,761,YOLO
19:40:57.355,4762,litter_yolo,1131,518,967,411,1296,625,YOLO
19:40:57.416,4763,litter_yolo,1134,516,977,412,1291,621,YOLO
19:40:57.416,4763,litter_yolo,229,450,0,138,458,763,YOLO
19:40:57.476,4764,litter_yolo,1133,513,980,411,1287,615,YOLO
19:40:57.476,4764,litter_yolo,229,450,1,135,457,765,YOLO
19:40:57.534,4765,litter_yolo,1133,512,982,412,1284,612,YOLO
19:40:57.534,4765,litter_yolo,230,450,1,135,460,766,YOLO
19:40:57.593,4766,litter_yolo,230,451,1,134,459,768,YOLO
19:40:57.593,4766,litter_yolo,1131,512,981,414,1282,611,YOLO
19:40:57.653,4767,litter_yolo,228,452,1,135,456,769,YOLO
19:40:57.653,4767,litter_yolo,1119,514,961,413,1278,615,YOLO
19:40:57.715,4768,litter_yolo,227,453,1,136,454,770,YOLO
19:40:57.715,4768,litter_yolo,1124,512,974,414,1274,611,YOLO
19:40:57.774,4769,litter_yolo,229,453,1,134,457,772,YOLO
19:40:57.774,4769,litter_yolo,1118,514,965,414,1272,614,YOLO
19:40:57.834,4770,litter_yolo,234,453,2,132,466,774,YOLO
19:40:57.834,4770,litter_yolo,1115,518,961,415,1269,621,YOLO
19:40:57.894,4771,litter_yolo,231,454,1,133,461,776,YOLO
19:40:57.894,4771,litter_yolo,1115,516,961,415,1270,618,YOLO
19:40:57.954,4772,litter_yolo,230,456,1,137,459,776,YOLO
19:40:57.954,4772,litter_yolo,1110,518,953,416,1268,620,YOLO
19:40:58.012,4773,litter_yolo,231,455,1,135,462,775,YOLO
19:40:58.012,4773,litter_yolo,1102,517,939,416,1265,618,YOLO
19:40:58.072,4774,litter_yolo,237,455,1,135,473,775,YOLO
19:40:58.072,4774,litter_yolo,1111,513,964,418,1259,608,YOLO
19:40:58.133,4775,litter_yolo,238,455,2,134,475,777,YOLO
19:40:58.133,4775,litter_yolo,1113,514,969,418,1257,610,YOLO
19:40:58.194,4776,litter_yolo,238,457,2,134,475,781,YOLO
19:40:58.194,4776,litter_yolo,1098,516,935,416,1261,616,YOLO
19:40:58.254,4777,litter_yolo,238,459,1,134,475,785,YOLO
19:40:58.254,4777,litter_yolo,1109,513,964,419,1254,608,YOLO
19:40:58.314,4778,litter_yolo,235,460,1,134,470,786,YOLO
19:40:58.314,4778,litter_yolo,1110,512,969,420,1252,605,YOLO
19:40:58.374,4779,litter_yolo,234,458,1,131,468,785,YOLO
19:40:58.374,4779,litter_yolo,1112,511,974,419,1250,603,YOLO
19:40:58.435,4780,litter_yolo,235,459,1,131,470,788,YOLO
19:40:58.435,4780,litter_yolo,1107,511,966,417,1249,605,YOLO
19:40:58.494,4781,litter_yolo,235,461,1,132,470,791,YOLO
19:40:58.494,4781,litter_yolo,1103,510,964,416,1243,605,YOLO
19:40:58.553,4782,litter_yolo,1098,509,956,416,1240,603,YOLO
19:40:58.553,4782,litter_yolo,237,461,1,131,474,791,YOLO
19:40:58.614,4783,litter_yolo,1097,507,957,415,1238,600,YOLO
19:40:58.614,4783,litter_yolo,238,461,3,130,474,792,YOLO
19:40:58.676,4784,litter_yolo,1101,507,965,416,1237,598,YOLO
19:40:58.676,4784,litter_yolo,237,458,3,129,472,787,YOLO
19:40:58.738,4785,litter_yolo,1101,506,969,416,1234,597,YOLO
19:40:58.738,4785,litter_yolo,239,457,3,128,476,786,YOLO
19:40:58.799,4786,litter_yolo,1101,507,968,416,1234,598,YOLO
19:40:58.799,4786,litter_yolo,238,456,2,124,475,789,YOLO
19:40:58.860,4787,litter_yolo,1100,507,966,415,1234,599,YOLO
19:40:58.860,4787,litter_yolo,229,459,5,118,453,800,YOLO
19:40:58.919,4788,litter_yolo,1098,506,963,415,1233,597,YOLO
19:40:58.919,4788,litter_yolo,236,455,2,119,470,791,YOLO
19:40:58.981,4789,litter_yolo,232,454,1,117,463,791,YOLO
19:40:58.981,4789,litter_yolo,1098,507,963,416,1233,598,YOLO
19:40:59.039,4790,litter_yolo,232,454,2,116,463,792,YOLO
19:40:59.039,4790,litter_yolo,1096,507,962,416,1231,598,YOLO
19:40:59.099,4791,litter_yolo,233,455,2,117,464,794,YOLO
19:40:59.100,4791,litter_yolo,1095,507,960,415,1231,599,YOLO
19:40:59.160,4792,litter_yolo,236,456,1,116,471,796,YOLO
19:40:59.160,4792,litter_yolo,1094,507,960,415,1229,599,YOLO
19:40:59.222,4793,litter_yolo,235,462,0,115,471,810,YOLO
19:40:59.222,4793,litter_yolo,1090,506,953,414,1227,599,YOLO
19:40:59.283,4794,litter_yolo,231,464,0,115,463,814,YOLO
19:40:59.283,4794,litter_yolo,1087,506,949,415,1226,598,YOLO
19:40:59.344,4795,litter_yolo,228,462,0,112,457,812,YOLO
19:40:59.344,4795,litter_yolo,1086,507,947,416,1226,598,YOLO
19:40:59.404,4796,litter_yolo,233,464,0,113,467,815,YOLO
19:40:59.404,4796,litter_yolo,1087,509,951,418,1224,600,YOLO
19:40:59.463,4797,litter_yolo,230,465,0,111,460,819,YOLO
19:40:59.463,4797,litter_yolo,1085,510,947,419,1223,601,YOLO
19:40:59.522,4798,litter_yolo,229,466,0,111,459,822,YOLO
19:40:59.522,4798,litter_yolo,1076,510,929,418,1224,602,YOLO
19:40:59.583,4799,litter_yolo,225,467,0,111,451,824,YOLO
19:40:59.583,4799,litter_yolo,1072,510,921,418,1223,603,YOLO
19:40:59.642,4800,litter_yolo,224,468,0,111,449,826,YOLO
19:40:59.642,4800,litter_yolo,1069,511,917,418,1222,604,YOLO
19:40:59.702,4801,litter_yolo,228,470,0,110,456,831,YOLO
19:40:59.702,4801,litter_yolo,1049,511,876,418,1222,604,YOLO
19:40:59.764,4802,litter_yolo,228,469,0,110,457,828,YOLO
19:40:59.764,4802,litter_yolo,1047,510,873,417,1222,603,YOLO
19:40:59.822,4803,litter_yolo,226,473,0,109,453,837,YOLO
19:40:59.822,4803,litter_yolo,1044,511,867,418,1222,604,YOLO
19:40:59.884,4804,litter_yolo,223,474,0,109,447,840,YOLO
19:40:59.884,4804,litter_yolo,1047,510,875,418,1219,602,YOLO
19:40:59.884,4804,litter_yolo,1091,504,963,415,1220,593,YOLO
19:40:59.944,4805,litter_yolo,225,476,0,110,450,843,YOLO
19:40:59.944,4805,litter_yolo,1044,510,871,419,1218,601,YOLO
19:40:59.944,4805,litter_yolo,1092,503,966,416,1219,591,YOLO
19:41:00.004,4806,litter_yolo,227,475,0,110,454,841,YOLO
19:41:00.004,4806,litter_yolo,1089,503,960,416,1219,591,YOLO
19:41:00.004,4806,litter_yolo,1041,510,865,419,1218,602,YOLO
19:41:00.065,4807,litter_yolo,225,476,0,108,450,845,YOLO
19:41:00.066,4807,litter_yolo,1084,504,950,416,1219,593,YOLO
19:41:00.066,4807,litter_yolo,1041,512,865,420,1217,604,YOLO
19:41:00.129,4808,litter_yolo,1088,504,958,415,1219,594,YOLO
19:41:00.129,4808,litter_yolo,1042,511,865,418,1219,604,YOLO
19:41:00.129,4808,litter_yolo,201,710,3,577,400,844,YOLO
19:41:00.191,4809,litter_yolo,200,712,0,575,400,850,YOLO
19:41:00.191,4809,litter_yolo,1091,504,965,416,1218,593,YOLO
19:41:00.191,4809,litter_yolo,1044,511,872,419,1216,603,YOLO
19:41:00.252,4810,litter_yolo,1091,504,964,416,1218,592,YOLO
19:41:00.252,4810,litter_yolo,1045,512,875,421,1215,603,YOLO
19:41:00.252,4810,litter_yolo,200,711,2,577,399,846,YOLO
19:41:00.314,4811,litter_yolo,1087,505,957,417,1218,594,YOLO
19:41:00.314,4811,litter_yolo,1043,512,872,420,1214,605,YOLO
19:41:00.314,4811,litter_yolo,201,711,3,574,399,848,YOLO
19:41:00.376,4812,litter_yolo,1042,513,870,420,1215,607,YOLO
19:41:00.376,4812,litter_yolo,1086,505,955,416,1217,595,YOLO
19:41:00.436,4813,litter_yolo,1044,513,875,421,1214,606,YOLO
19:41:00.436,4813,litter_yolo,1089,506,962,416,1216,596,YOLO
19:41:00.495,4814,litter_yolo,1041,513,871,420,1211,607,YOLO
19:41:00.495,4814,litter_yolo,1083,506,952,416,1215,596,YOLO
19:41:00.556,4815,litter_yolo,1041,512,872,420,1210,605,YOLO
19:41:00.556,4815,litter_yolo,1082,504,951,416,1213,593,YOLO
19:41:00.556,4815,litter_yolo,198,717,0,575,396,859,YOLO
19:41:00.615,4816,litter_yolo,1084,503,957,416,1212,591,YOLO
19:41:00.615,4816,litter_yolo,1043,513,878,421,1209,605,YOLO
19:41:00.615,4816,litter_yolo,198,718,0,577,396,860,YOLO
19:41:00.675,4817,litter_yolo,1066,512,923,422,1210,602,YOLO
19:41:00.675,4817,litter_yolo,197,720,0,577,395,863,YOLO
19:41:00.734,4818,litter_yolo,1073,511,936,422,1210,601,YOLO
19:41:00.734,4818,litter_yolo,197,721,0,578,394,865,YOLO
19:41:00.797,4819,litter_yolo,1080,512,950,422,1210,602,YOLO
19:41:00.797,4819,litter_yolo,197,720,0,577,395,864,YOLO
19:41:00.857,4820,litter_yolo,1067,513,926,423,1209,604,YOLO
19:41:00.857,4820,litter_yolo,197,718,0,578,395,859,YOLO
19:41:00.918,4821,litter_yolo,1069,513,929,423,1209,604,YOLO
19:41:00.918,4821,litter_yolo,197,713,0,578,394,848,YOLO
19:41:00.980,4822,litter_yolo,1076,511,942,422,1210,600,YOLO
19:41:00.980,4822,litter_yolo,195,702,0,575,391,829,YOLO
19:41:01.041,4823,litter_yolo,1083,510,955,422,1211,599,YOLO
19:41:01.041,4823,litter_yolo,196,702,0,571,392,834,YOLO
19:41:01.101,4824,litter_yolo,1089,497,967,417,1211,577,YOLO
19:41:01.101,4824,litter_yolo,197,700,0,571,394,829,YOLO
19:41:01.164,4825,litter_yolo,1086,496,962,417,1210,576,YOLO
19:41:01.164,4825,litter_yolo,196,695,0,572,393,819,YOLO
19:41:01.223,4826,litter_yolo,1087,497,965,418,1209,576,YOLO
19:41:01.223,4826,litter_yolo,196,693,0,572,392,815,YOLO
19:41:01.283,4827,litter_yolo,1086,497,966,418,1206,576,YOLO
19:41:01.283,4827,litter_yolo,195,689,0,572,391,806,YOLO
19:41:01.345,4828,litter_yolo,1087,498,968,419,1206,578,YOLO
19:41:01.345,4828,litter_yolo,196,688,0,573,392,803,YOLO
19:41:01.406,4829,litter_yolo,1086,496,968,415,1204,578,YOLO
19:41:01.406,4829,litter_yolo,196,685,0,573,392,798,YOLO
19:41:01.466,4830,litter_yolo,195,685,0,571,390,800,YOLO
19:41:01.466,4830,litter_yolo,1088,498,970,419,1206,578,YOLO
19:41:01.526,4831,litter_yolo,193,687,0,572,387,802,YOLO
19:41:01.526,4831,litter_yolo,1091,500,970,422,1212,578,YOLO
19:41:01.584,4832,litter_yolo,193,686,0,571,387,801,YOLO
19:41:01.584,4832,litter_yolo,1090,497,969,418,1212,577,YOLO
19:41:01.644,4833,litter_yolo,194,686,0,573,389,799,YOLO
19:41:01.644,4833,litter_yolo,1087,509,964,422,1211,597,YOLO
19:41:01.706,4834,litter_yolo,194,688,0,573,388,804,YOLO
19:41:01.706,4834,litter_yolo,1089,507,962,417,1217,597,YOLO
19:41:01.766,4835,litter_yolo,1098,496,970,415,1226,577,YOLO
19:41:01.766,4835,litter_yolo,194,692,0,573,388,811,YOLO
19:41:01.827,4836,litter_yolo,1099,496,972,414,1227,579,YOLO
19:41:01.827,4836,litter_yolo,1608,818,1297,556,1920,1080,YOLO
19:41:01.887,4837,litter_yolo,1100,496,972,413,1228,579,YOLO
19:41:01.887,4837,litter_yolo,1606,818,1293,557,1920,1080,YOLO
19:41:01.948,4838,litter_yolo,1600,818,1281,556,1920,1080,YOLO
19:41:01.948,4838,litter_yolo,1101,497,971,415,1231,579,YOLO
19:41:02.009,4839,litter_yolo,1599,817,1278,554,1920,1080,YOLO
19:41:02.009,4839,litter_yolo,1099,508,959,417,1239,600,YOLO
19:41:02.009,4839,litter_yolo,192,723,0,571,385,875,YOLO
19:41:02.071,4840,litter_yolo,1593,817,1266,554,1920,1080,YOLO
19:41:02.071,4840,litter_yolo,193,706,2,580,384,832,YOLO
19:41:02.071,4840,litter_yolo,1094,508,947,417,1241,599,YOLO
19:41:02.133,4841,litter_yolo,1590,816,1261,553,1920,1080,YOLO
19:41:02.133,4841,litter_yolo,192,704,1,581,383,828,YOLO
19:41:02.133,4841,litter_yolo,1096,506,949,418,1244,595,YOLO
19:41:02.193,4842,litter_yolo,1589,817,1258,554,1920,1080,YOLO
19:41:02.193,4842,litter_yolo,192,710,2,585,383,835,YOLO
19:41:02.193,4842,litter_yolo,1108,505,965,419,1252,592,YOLO
19:41:02.253,4843,litter_yolo,192,711,3,587,381,835,YOLO
19:41:02.253,4843,litter_yolo,1588,817,1256,554,1920,1080,YOLO
19:41:02.314,4844,litter_yolo,190,712,2,587,378,837,YOLO
19:41:02.314,4844,litter_yolo,1581,812,1246,544,1917,1080,YOLO
19:41:02.376,4845,litter_yolo,190,706,0,582,381,831,YOLO
19:41:02.376,4845,litter_yolo,1579,801,1240,523,1919,1080,YOLO
19:41:02.437,4846,litter_yolo,189,704,0,578,379,831,YOLO
19:41:02.437,4846,litter_yolo,1574,794,1230,508,1919,1080,YOLO
19:41:02.437,4846,litter_yolo,1120,504,974,418,1267,591,YOLO
19:41:02.496,4847,litter_yolo,189,706,0,577,378,836,YOLO
19:41:02.554,4848,litter_yolo,189,706,1,581,377,832,YOLO
19:41:02.616,4849,litter_yolo,187,706,0,579,374,834,YOLO
19:41:02.616,4849,litter_yolo,1565,769,1214,459,1917,1080,YOLO
19:41:02.676,4850,litter_yolo,188,695,0,580,376,810,YOLO
19:41:02.676,4850,litter_yolo,1566,772,1214,465,1919,1079,YOLO
19:41:02.736,4851,litter_yolo,1564,771,1210,465,1919,1077,YOLO
19:41:02.736,4851,litter_yolo,187,695,0,581,375,809,YOLO
19:41:02.797,4852,litter_yolo,1563,768,1207,463,1919,1074,YOLO
19:41:02.797,4852,litter_yolo,187,696,0,583,374,810,YOLO
19:41:02.858,4853,litter_yolo,1561,769,1202,460,1920,1078,YOLO
19:41:02.858,4853,litter_yolo,186,696,0,583,372,810,YOLO
19:41:02.858,4853,litter_yolo,1137,501,977,414,1297,588,YOLO
19:41:02.920,4854,litter_yolo,1557,765,1196,455,1919,1076,YOLO
19:41:02.920,4854,litter_yolo,186,693,0,581,372,806,YOLO
19:41:02.920,4854,litter_yolo,1140,497,978,413,1303,582,YOLO
19:41:02.981,4855,litter_yolo,186,688,0,580,372,796,YOLO
19:41:02.981,4855,litter_yolo,1553,766,1187,452,1920,1080,YOLO
19:41:03.041,4856,litter_yolo,185,692,0,584,370,801,YOLO
19:41:03.101,4857,litter_yolo,185,692,0,582,370,803,YOLO
19:41:03.101,4857,litter_yolo,1547,758,1175,441,1920,1076,YOLO
19:41:03.160,4858,litter_yolo,185,690,0,581,371,800,YOLO
19:41:03.221,4859,litter_yolo,185,688,0,578,370,798,YOLO
19:41:03.282,4860,litter_yolo,184,687,0,585,369,789,YOLO
19:41:03.282,4860,litter_yolo,1131,492,980,407,1282,577,YOLO
19:41:03.343,4861,litter_yolo,184,681,0,583,369,780,YOLO
19:41:03.403,4862,litter_yolo,183,675,0,584,367,766,YOLO
19:41:03.403,4862,litter_yolo,1534,742,1149,441,1919,1044,YOLO
19:41:03.465,4863,litter_yolo,182,673,0,581,365,765,YOLO
19:41:03.525,4864,litter_yolo,181,675,0,582,362,769,YOLO
19:41:03.586,4865,litter_yolo,180,675,0,582,361,768,YOLO
19:41:03.644,4866,litter_yolo,181,672,0,572,363,772,YOLO
19:41:03.703,4867,litter_yolo,180,673,0,572,361,774,YOLO
19:41:03.765,4868,litter_yolo,180,674,0,572,361,776,YOLO
19:41:03.826,4869,litter_yolo,180,675,0,573,361,777,YOLO
19:41:03.887,4870,litter_yolo,180,675,0,571,361,779,YOLO
19:41:03.887,4870,litter_yolo,1519,750,1120,456,1919,1044,YOLO
19:41:03.948,4871,litter_yolo,180,676,0,571,361,781,YOLO
19:41:03.948,4871,litter_yolo,1518,758,1116,462,1920,1054,YOLO
19:41:04.008,4872,litter_yolo,178,677,0,570,357,784,YOLO
19:41:04.008,4872,litter_yolo,1517,760,1116,459,1919,1062,YOLO
19:41:04.068,4873,litter_yolo,177,678,0,571,355,786,YOLO
19:41:04.068,4873,litter_yolo,1515,752,1112,464,1919,1041,YOLO
19:41:04.128,4874,litter_yolo,173,678,0,571,347,785,YOLO
19:41:04.128,4874,litter_yolo,1516,756,1114,466,1919,1046,YOLO
19:41:04.128,4874,litter_yolo,284,698,219,583,350,814,YOLO
19:41:04.191,4875,litter_yolo,174,680,0,572,348,788,YOLO
19:41:04.191,4875,litter_yolo,1514,755,1110,468,1919,1043,YOLO
19:41:04.253,4876,litter_yolo,173,681,0,572,347,790,YOLO
19:41:04.253,4876,litter_yolo,1510,754,1102,466,1918,1043,YOLO
19:41:04.311,4877,litter_yolo,172,680,0,569,344,791,YOLO
19:41:04.371,4878,litter_yolo,170,681,0,570,341,792,YOLO
19:41:04.431,4879,litter_yolo,170,682,0,573,341,792,YOLO
19:41:04.490,4880,litter_yolo,170,686,0,576,341,796,YOLO
19:41:04.557,4881,litter_yolo,170,687,0,574,341,800,YOLO
19:41:04.621,4882,litter_yolo,167,695,0,587,334,804,YOLO
19:41:04.621,4882,litter_yolo,1501,729,1090,471,1912,988,YOLO
19:41:04.683,4883,litter_yolo,166,695,0,587,333,804,YOLO
19:41:04.683,4883,litter_yolo,1500,728,1087,465,1913,992,YOLO
19:41:04.745,4884,litter_yolo,167,692,0,578,335,807,YOLO
19:41:04.745,4884,litter_yolo,1500,727,1082,465,1919,990,YOLO
19:41:04.807,4885,litter_yolo,165,694,0,581,330,807,YOLO
19:41:04.867,4886,litter_yolo,165,697,0,581,330,814,YOLO
19:41:04.929,4887,litter_yolo,164,709,0,586,328,832,YOLO
19:41:04.989,4888,litter_yolo,162,711,0,587,325,835,YOLO
19:41:05.050,4889,litter_yolo,161,711,0,587,323,836,YOLO
19:41:05.051,4889,litter_yolo,1493,647,1068,337,1919,958,YOLO
19:41:05.051,4889,litter_yolo,247,714,176,589,318,839,YOLO
19:41:05.110,4890,litter_yolo,160,708,0,585,320,832,YOLO
19:41:05.110,4890,litter_yolo,1494,674,1073,397,1916,951,YOLO
19:41:05.172,4891,litter_yolo,1492,666,1065,382,1919,950,YOLO
19:41:05.172,4891,litter_yolo,160,713,0,583,321,844,YOLO
19:41:05.231,4892,litter_yolo,158,725,0,583,317,868,YOLO
19:41:05.231,4892,litter_yolo,1491,668,1065,376,1917,960,YOLO
19:41:05.293,4893,litter_yolo,1492,646,1064,358,1920,934,YOLO
19:41:05.293,4893,litter_yolo,161,730,5,584,317,876,YOLO
19:41:05.353,4894,litter_yolo,1490,640,1060,354,1920,926,YOLO
19:41:05.353,4894,litter_yolo,157,731,0,586,314,876,YOLO
19:41:05.536,4897,litter_yolo,1484,633,1050,341,1919,925,YOLO
19:41:05.536,4897,litter_yolo,225,744,141,583,310,905,YOLO
19:41:05.596,4898,litter_yolo,223,749,139,582,307,917,YOLO
19:41:05.779,4901,litter_yolo,149,696,0,598,299,794,YOLO
19:41:05.838,4902,litter_yolo,149,695,0,599,298,792,YOLO
19:41:06.082,4906,litter_yolo,1490,453,1063,14,1917,892,YOLO
19:41:06.264,4909,litter_yolo,1470,629,1021,326,1919,933,YOLO
19:41:06.325,4910,litter_yolo,1467,615,1018,351,1916,879,YOLO
19:41:06.386,4911,litter_yolo,1464,622,1014,369,1915,875,YOLO
19:41:06.447,4912,litter_yolo,1470,621,1023,359,1918,883,YOLO
19:41:06.508,4913,litter_yolo,1472,621,1026,346,1918,897,YOLO
19:41:06.568,4914,litter_yolo,1515,625,1113,341,1918,909,YOLO
19:41:06.627,4915,litter_yolo,1499,613,1083,341,1916,886,YOLO
19:41:06.688,4916,litter_yolo,1516,611,1118,343,1915,880,YOLO
19:41:06.749,4917,litter_yolo,1538,617,1162,338,1914,897,YOLO
19:41:06.808,4918,litter_yolo,1517,605,1120,331,1914,879,YOLO
19:41:06.929,4920,litter_yolo,1502,615,1084,344,1920,887,YOLO
19:41:07.050,4922,litter_yolo,1469,597,1027,325,1912,870,YOLO
19:41:07.111,4923,litter_yolo,1473,600,1037,341,1909,859,YOLO
19:41:07.175,4924,litter_yolo,1506,597,1108,333,1904,861,YOLO
19:41:07.234,4925,litter_yolo,1482,604,1056,335,1909,874,YOLO
19:41:07.294,4926,litter_yolo,1469,605,1032,337,1907,874,YOLO
19:41:07.354,4927,litter_yolo,1476,607,1044,335,1908,880,YOLO
19:41:07.354,4927,litter_yolo,194,506,0,61,389,951,YOLO
19:41:07.415,4928,litter_yolo,1499,607,1088,337,1911,877,YOLO
19:41:07.415,4928,litter_yolo,195,467,0,56,390,878,YOLO
19:41:07.474,4929,litter_yolo,1505,607,1100,343,1910,872,YOLO
19:41:07.474,4929,litter_yolo,196,509,0,61,392,958,YOLO
19:41:07.533,4930,litter_yolo,1517,614,1139,341,1896,887,YOLO
19:41:07.593,4931,litter_yolo,1525,607,1156,333,1894,882,YOLO
19:41:07.654,4932,litter_yolo,1521,597,1151,336,1891,859,YOLO
19:41:07.654,4932,litter_yolo,197,482,0,55,395,909,YOLO
19:41:07.715,4933,litter_yolo,1526,599,1159,339,1894,860,YOLO
19:41:07.775,4934,litter_yolo,1520,598,1162,334,1879,863,YOLO
19:41:07.836,4935,litter_yolo,1537,604,1164,340,1910,869,YOLO
19:41:07.897,4936,litter_yolo,1509,601,1147,345,1872,858,YOLO
19:41:07.897,4936,litter_yolo,197,416,0,60,395,772,YOLO
19:41:07.958,4937,litter_yolo,1497,595,1129,338,1865,853,YOLO
19:41:08.017,4938,litter_yolo,1475,593,1093,340,1857,847,YOLO
19:41:08.079,4939,litter_yolo,1515,594,1163,336,1868,852,YOLO
19:41:08.140,4940,litter_yolo,1518,592,1168,335,1868,850,YOLO
19:41:08.201,4941,litter_yolo,1517,594,1167,335,1867,854,YOLO
19:41:08.263,4942,litter_yolo,1520,599,1169,339,1872,860,YOLO
19:41:08.263,4942,litter_yolo,130,668,0,574,261,763,YOLO
19:41:08.323,4943,litter_yolo,1518,599,1166,340,1871,859,YOLO
19:41:08.323,4943,litter_yolo,130,671,1,576,259,766,YOLO
19:41:08.384,4944,litter_yolo,1516,596,1161,338,1871,855,YOLO
19:41:08.385,4944,litter_yolo,128,670,0,574,257,767,YOLO
19:41:08.445,4945,litter_yolo,1516,606,1167,351,1866,862,YOLO
19:41:08.445,4945,litter_yolo,128,677,0,577,256,777,YOLO
19:41:08.505,4946,litter_yolo,129,684,0,590,258,779,YOLO
19:41:08.505,4946,litter_yolo,1516,611,1166,357,1867,866,YOLO
19:41:08.566,4947,litter_yolo,129,683,0,589,259,778,YOLO
19:41:08.566,4947,litter_yolo,1482,621,1090,358,1874,885,YOLO
19:41:08.626,4948,litter_yolo,128,678,0,578,257,779,YOLO
19:41:08.626,4948,litter_yolo,1492,620,1108,352,1876,888,YOLO
19:41:08.686,4949,litter_yolo,1502,612,1137,352,1868,873,YOLO
19:41:08.686,4949,litter_yolo,127,677,0,571,255,783,YOLO
19:41:08.746,4950,litter_yolo,1485,616,1093,347,1877,886,YOLO
19:41:08.746,4950,litter_yolo,126,679,0,571,253,787,YOLO
19:41:08.807,4951,litter_yolo,1492,613,1108,353,1877,874,YOLO
19:41:08.808,4951,litter_yolo,126,679,0,573,252,786,YOLO
19:41:08.869,4952,litter_yolo,1476,614,1073,350,1880,879,YOLO
19:41:08.869,4952,litter_yolo,125,679,0,573,251,785,YOLO
19:41:08.928,4953,litter_yolo,1478,613,1073,348,1883,878,YOLO
19:41:08.928,4953,litter_yolo,124,680,0,576,248,784,YOLO
19:41:08.988,4954,litter_yolo,1482,609,1080,346,1885,872,YOLO
19:41:08.988,4954,litter_yolo,123,678,0,576,246,781,YOLO
19:41:09.050,4955,litter_yolo,1495,612,1105,348,1885,877,YOLO
19:41:09.050,4955,litter_yolo,122,682,0,584,244,781,YOLO
19:41:09.108,4956,litter_yolo,1485,611,1082,345,1888,878,YOLO
19:41:09.108,4956,litter_yolo,122,683,0,582,244,784,YOLO
19:41:09.170,4957,litter_yolo,1495,611,1091,346,1899,877,YOLO
19:41:09.170,4957,litter_yolo,122,680,0,580,245,781,YOLO
19:41:09.232,4958,litter_yolo,1511,606,1119,344,1904,868,YOLO
19:41:09.232,4958,litter_yolo,122,682,0,584,245,780,YOLO
19:41:09.293,4959,litter_yolo,1514,609,1127,348,1902,871,YOLO
19:41:09.293,4959,litter_yolo,122,680,0,581,244,779,YOLO
19:41:09.353,4960,litter_yolo,1549,612,1188,346,1910,878,YOLO
19:41:09.353,4960,litter_yolo,122,679,0,578,244,781,YOLO
19:41:09.413,4961,litter_yolo,121,678,0,577,242,780,YOLO
19:41:09.413,4961,litter_yolo,1540,601,1177,339,1904,864,YOLO
19:41:09.473,4962,litter_yolo,1542,604,1178,341,1907,867,YOLO
19:41:09.532,4963,litter_yolo,1557,613,1201,344,1913,883,YOLO
19:41:09.592,4964,litter_yolo,1528,612,1145,347,1912,877,YOLO
19:41:09.593,4964,litter_yolo,120,690,0,584,240,797,YOLO
19:41:09.654,4965,litter_yolo,1537,600,1164,341,1911,859,YOLO
19:41:09.654,4965,litter_yolo,120,683,0,583,240,783,YOLO
19:41:09.712,4966,litter_yolo,1531,597,1148,340,1914,855,YOLO
19:41:09.772,4967,litter_yolo,1526,612,1137,354,1915,871,YOLO
19:41:09.772,4967,litter_yolo,120,691,0,595,240,787,YOLO
19:41:09.833,4968,litter_yolo,1507,608,1103,353,1912,863,YOLO
19:41:09.833,4968,litter_yolo,120,699,0,605,240,793,YOLO
19:41:09.893,4969,litter_yolo,119,705,0,588,239,823,YOLO
19:41:09.955,4970,litter_yolo,1565,611,1217,351,1913,872,YOLO
19:41:09.955,4970,litter_yolo,119,696,0,584,238,809,YOLO
19:41:10.015,4971,litter_yolo,1569,612,1224,350,1914,874,YOLO
19:41:10.015,4971,litter_yolo,120,689,0,582,241,797,YOLO
19:41:10.076,4972,litter_yolo,120,695,0,583,241,807,YOLO
19:41:10.076,4972,litter_yolo,1570,623,1224,353,1916,894,YOLO
19:41:10.137,4973,litter_yolo,120,695,0,585,241,805,YOLO
19:41:10.137,4973,litter_yolo,1573,630,1230,350,1916,910,YOLO
19:41:10.198,4974,litter_yolo,119,709,0,589,239,830,YOLO
19:41:10.258,4975,litter_yolo,120,694,0,584,240,804,YOLO
19:41:10.317,4976,litter_yolo,119,695,0,585,239,806,YOLO
19:41:10.317,4976,litter_yolo,1573,641,1230,378,1917,904,YOLO
19:41:10.376,4977,litter_yolo,120,700,0,595,240,806,YOLO
19:41:10.435,4978,litter_yolo,119,705,0,603,238,808,YOLO
19:41:10.435,4978,litter_yolo,1579,654,1243,406,1915,903,YOLO
19:41:10.496,4979,litter_yolo,120,716,0,603,240,830,YOLO
19:41:10.496,4979,litter_yolo,1577,679,1239,433,1916,926,YOLO
19:41:10.555,4980,litter_yolo,120,726,0,607,241,845,YOLO
19:41:10.555,4980,litter_yolo,1569,657,1218,422,1920,893,YOLO
19:41:10.611,4981,litter_yolo,120,722,0,602,241,842,YOLO
19:41:10.672,4982,litter_yolo,121,723,0,600,242,847,YOLO
19:41:10.672,4982,litter_yolo,1575,649,1232,390,1918,909,YOLO
19:41:10.732,4983,litter_yolo,121,725,0,601,242,849,YOLO
19:41:10.732,4983,litter_yolo,1567,646,1216,390,1918,902,YOLO
19:41:10.792,4984,litter_yolo,120,722,0,601,241,844,YOLO
19:41:10.854,4985,litter_yolo,120,722,0,600,241,845,YOLO
19:41:10.915,4986,litter_yolo,121,722,0,599,243,846,YOLO
19:41:10.976,4987,litter_yolo,121,721,0,600,242,843,YOLO
19:41:11.037,4988,litter_yolo,120,723,0,602,241,845,YOLO
19:41:11.099,4989,litter_yolo,120,725,0,602,240,848,YOLO
19:41:11.159,4990,litter_yolo,120,726,0,602,241,850,YOLO
19:41:11.220,4991,litter_yolo,120,723,0,600,241,847,YOLO
19:41:11.279,4992,litter_yolo,120,722,0,599,241,846,YOLO
19:41:11.341,4993,litter_yolo,121,722,0,603,242,842,YOLO
19:41:11.399,4994,litter_yolo,121,721,0,606,243,837,YOLO
19:41:11.460,4995,litter_yolo,121,718,0,602,243,834,YOLO
19:41:11.522,4996,litter_yolo,120,724,0,602,241,846,YOLO
19:41:11.581,4997,litter_yolo,121,726,0,604,243,848,YOLO
19:41:11.640,4998,litter_yolo,121,723,0,603,243,843,YOLO
19:41:11.701,4999,litter_yolo,121,720,0,599,243,842,YOLO
19:41:11.761,5000,litter_yolo,121,728,0,603,243,853,YOLO
19:41:11.820,5001,litter_yolo,123,731,0,614,246,849,YOLO
19:41:11.881,5002,litter_yolo,123,730,0,612,247,849,YOLO
19:41:11.942,5003,litter_yolo,122,726,0,609,245,844,YOLO
19:41:11.942,5003,litter_yolo,180,238,0,100,360,376,YOLO
19:41:12.002,5004,litter_yolo,123,729,0,610,246,848,YOLO
19:41:12.002,5004,litter_yolo,180,234,0,100,360,368,YOLO
19:41:12.063,5005,litter_yolo,124,727,0,611,248,844,YOLO
19:41:12.124,5006,litter_yolo,123,731,0,614,246,848,YOLO
19:41:12.184,5007,litter_yolo,122,735,0,614,244,857,YOLO
19:41:12.245,5008,litter_yolo,122,739,0,613,245,865,YOLO
19:41:12.306,5009,litter_yolo,122,752,0,619,245,886,YOLO
19:41:12.368,5010,litter_yolo,123,760,0,615,246,905,YOLO
19:41:12.429,5011,litter_yolo,124,751,0,621,249,881,YOLO
19:41:12.490,5012,litter_yolo,124,748,0,625,249,871,YOLO
19:41:12.490,5012,litter_yolo,185,237,0,103,370,371,YOLO
19:41:12.551,5013,litter_yolo,123,742,0,626,247,859,YOLO
19:41:12.612,5014,litter_yolo,123,750,0,633,246,868,YOLO
19:41:12.672,5015,litter_yolo,123,752,0,620,247,884,YOLO
19:41:12.793,5017,litter_yolo,122,769,0,634,244,904,YOLO
19:41:12.852,5018,litter_yolo,122,773,0,640,244,907,YOLO
19:41:12.913,5019,litter_yolo,121,768,0,646,243,891,YOLO
19:41:12.913,5019,litter_yolo,183,237,0,104,366,371,YOLO
19:41:12.973,5020,litter_yolo,121,768,0,648,243,888,YOLO
19:41:13.033,5021,litter_yolo,122,766,0,640,245,893,YOLO
19:41:13.092,5022,litter_yolo,122,762,0,639,244,886,YOLO
19:41:13.150,5023,litter_yolo,122,770,0,645,244,896,YOLO
19:41:13.209,5024,litter_yolo,121,767,0,645,243,890,YOLO
19:41:13.269,5025,litter_yolo,121,767,0,645,243,890,YOLO
19:41:13.269,5025,litter_yolo,182,240,0,105,365,376,YOLO
19:41:13.331,5026,litter_yolo,121,769,0,647,242,891,YOLO
19:41:13.392,5027,litter_yolo,120,774,0,647,241,902,YOLO
19:41:13.452,5028,litter_yolo,121,770,0,646,242,894,YOLO
19:41:13.513,5029,litter_yolo,120,771,0,646,241,897,YOLO
19:41:13.574,5030,litter_yolo,120,767,0,647,240,888,YOLO
19:41:13.633,5031,litter_yolo,120,768,0,648,240,888,YOLO
19:41:13.633,5031,litter_yolo,180,239,0,106,361,373,YOLO
19:41:13.692,5032,litter_yolo,119,784,0,650,239,919,YOLO
19:41:13.810,5034,litter_yolo,117,787,0,656,235,919,YOLO
19:41:13.871,5035,litter_yolo,116,782,0,650,233,914,YOLO
19:41:13.931,5036,litter_yolo,115,785,0,653,231,918,YOLO
19:41:13.993,5037,litter_yolo,115,789,0,655,231,924,YOLO
19:41:14.053,5038,litter_yolo,116,786,0,659,233,913,YOLO
19:41:14.113,5039,litter_yolo,115,788,0,661,231,915,YOLO
19:41:14.175,5040,litter_yolo,116,784,0,665,233,903,YOLO
19:41:14.175,5040,litter_yolo,177,236,0,109,355,363,YOLO
19:41:14.237,5041,litter_yolo,114,781,0,662,229,900,YOLO
19:41:14.237,5041,litter_yolo,1599,795,1279,549,1920,1042,YOLO
19:41:14.298,5042,litter_yolo,112,791,0,664,225,918,YOLO
19:41:14.359,5043,litter_yolo,113,792,0,665,227,919,YOLO
19:41:14.420,5044,litter_yolo,113,803,0,676,227,930,YOLO
19:41:14.481,5045,litter_yolo,112,801,0,677,225,926,YOLO
19:41:14.541,5046,litter_yolo,110,798,0,675,221,921,YOLO
19:41:14.600,5047,litter_yolo,111,801,0,687,223,915,YOLO
19:41:14.659,5048,litter_yolo,111,802,0,689,222,916,YOLO
19:41:14.720,5049,litter_yolo,108,804,0,691,217,918,YOLO
19:41:14.780,5050,litter_yolo,107,802,0,685,214,920,YOLO
19:41:14.841,5051,litter_yolo,105,807,0,685,211,930,YOLO
19:41:14.899,5052,litter_yolo,106,816,0,685,212,947,YOLO
19:41:14.961,5053,litter_yolo,105,810,0,682,211,939,YOLO
19:41:15.021,5054,litter_yolo,105,810,0,691,211,930,YOLO
19:41:15.080,5055,litter_yolo,105,810,0,686,210,934,YOLO
19:41:15.141,5056,litter_yolo,104,809,0,684,208,935,YOLO
19:41:15.202,5057,litter_yolo,104,809,0,683,208,936,YOLO
19:41:15.261,5058,litter_yolo,102,809,0,682,205,936,YOLO
19:41:15.322,5059,litter_yolo,101,809,0,683,202,936,YOLO
19:41:15.382,5060,litter_yolo,100,811,0,679,200,943,YOLO
19:41:15.441,5061,litter_yolo,98,811,0,679,197,944,YOLO
19:41:15.503,5062,litter_yolo,96,810,0,685,193,936,YOLO
19:41:15.561,5063,litter_yolo,94,811,0,690,188,933,YOLO
19:41:15.620,5064,litter_yolo,93,811,0,690,187,932,YOLO
19:41:15.681,5065,litter_yolo,93,810,0,689,187,932,YOLO
19:41:15.741,5066,litter_yolo,92,810,0,690,185,931,YOLO
19:41:15.802,5067,litter_yolo,91,812,0,694,183,931,YOLO
19:41:15.861,5068,litter_yolo,89,812,0,693,179,932,YOLO
19:41:15.922,5069,litter_yolo,88,816,0,696,176,936,YOLO
19:41:15.981,5070,litter_yolo,86,814,0,691,172,938,YOLO
19:41:16.042,5071,litter_yolo,86,839,0,735,172,943,YOLO
19:41:16.102,5072,litter_yolo,85,843,0,738,171,948,YOLO
19:41:16.162,5073,litter_yolo,84,845,0,738,169,952,YOLO
19:41:16.221,5074,litter_yolo,84,846,0,741,168,951,YOLO
19:41:16.280,5075,litter_yolo,83,847,0,740,166,954,YOLO
19:41:16.339,5076,litter_yolo,81,846,0,741,163,952,YOLO
19:41:16.401,5077,litter_yolo,79,849,0,744,159,955,YOLO
19:41:16.460,5078,litter_yolo,78,846,0,749,156,943,YOLO
19:41:16.519,5079,litter_yolo,77,852,0,749,155,955,YOLO
19:41:16.519,5079,litter_yolo,343,649,312,271,374,1027,YOLO
19:41:16.579,5080,litter_yolo,76,855,0,752,152,958,YOLO
19:41:16.579,5080,litter_yolo,341,820,315,605,368,1035,YOLO
19:41:16.639,5081,litter_yolo,73,851,0,750,147,953,YOLO
19:41:16.639,5081,litter_yolo,335,822,307,606,363,1039,YOLO
19:41:16.700,5082,litter_yolo,70,855,0,754,141,956,YOLO
19:41:16.701,5082,litter_yolo,329,793,300,538,359,1049,YOLO
19:41:16.701,5082,litter_yolo,150,227,0,112,300,343,YOLO
19:41:16.759,5083,litter_yolo,67,851,0,758,135,944,YOLO
19:41:16.759,5083,litter_yolo,324,793,295,537,354,1049,YOLO
19:41:16.759,5083,litter_yolo,148,226,0,111,296,341,YOLO
19:41:16.819,5084,litter_yolo,66,849,0,756,133,943,YOLO
19:41:16.819,5084,litter_yolo,319,822,294,603,345,1042,YOLO
19:41:16.819,5084,litter_yolo,146,226,0,113,293,340,YOLO
19:41:16.881,5085,litter_yolo,65,847,0,750,130,944,YOLO
19:41:16.881,5085,litter_yolo,320,795,293,529,348,1061,YOLO
19:41:16.942,5086,litter_yolo,64,851,0,756,128,947,YOLO
19:41:16.942,5086,litter_yolo,318,797,293,549,344,1046,YOLO
19:41:17.000,5087,litter_yolo,62,853,0,758,125,948,YOLO
19:41:17.000,5087,litter_yolo,319,789,292,530,346,1049,YOLO
19:41:17.000,5087,litter_yolo,142,224,0,109,285,339,YOLO
19:41:17.060,5088,litter_yolo,60,854,0,758,120,950,YOLO
19:41:17.060,5088,litter_yolo,139,224,0,111,278,337,YOLO
19:41:17.060,5088,litter_yolo,318,790,291,526,346,1054,YOLO
19:41:17.119,5089,litter_yolo,58,850,0,755,117,946,YOLO
19:41:17.119,5089,litter_yolo,137,225,0,114,275,336,YOLO
19:41:17.119,5089,litter_yolo,316,776,288,492,344,1061,YOLO
19:41:17.119,5089,litter_yolo,1672,805,1425,590,1919,1020,YOLO
19:41:17.180,5090,litter_yolo,55,845,0,756,110,935,YOLO
19:41:17.180,5090,litter_yolo,314,833,286,603,342,1063,YOLO
19:41:17.180,5090,litter_yolo,135,220,0,109,271,331,YOLO
19:41:17.180,5090,litter_yolo,1671,804,1424,586,1919,1022,YOLO
19:41:17.239,5091,litter_yolo,50,844,0,756,101,933,YOLO
19:41:17.239,5091,litter_yolo,314,836,287,618,341,1055,YOLO
19:41:17.239,5091,litter_yolo,133,219,0,109,266,329,YOLO
19:41:17.300,5092,litter_yolo,49,847,0,755,99,940,YOLO
19:41:17.300,5092,litter_yolo,1674,797,1430,598,1919,997,YOLO
19:41:17.300,5092,litter_yolo,132,218,0,113,264,324,YOLO
19:41:17.361,5093,litter_yolo,48,845,0,754,96,937,YOLO
19:41:17.422,5094,litter_yolo,47,845,0,754,94,936,YOLO
19:41:17.422,5094,litter_yolo,301,826,264,607,339,1046,YOLO
19:41:17.481,5095,litter_yolo,45,843,0,751,90,936,YOLO
19:41:17.544,5096,litter_yolo,42,838,0,736,85,940,YOLO
19:41:17.653,5097,litter_yolo,42,830,0,720,84,940,YOLO
19:41:17.653,5097,litter_yolo,277,622,243,296,311,949,YOLO
19:41:17.714,5098,litter_yolo,283,601,248,163,319,1040,YOLO
19:41:17.714,5098,litter_yolo,39,823,0,707,79,939,YOLO
19:41:17.714,5098,litter_yolo,268,671,230,290,307,1052,YOLO
19:41:17.774,5099,litter_yolo,279,588,244,127,314,1049,YOLO
19:41:17.774,5099,litter_yolo,33,845,0,753,67,937,YOLO
19:41:17.834,5100,litter_yolo,32,844,0,749,64,939,YOLO
19:41:17.894,5101,litter_yolo,30,845,0,753,61,938,YOLO
19:41:17.894,5101,litter_yolo,267,592,231,151,303,1034,YOLO
19:41:17.954,5102,litter_yolo,25,852,0,769,51,936,YOLO
19:41:18.016,5103,litter_yolo,113,193,0,87,226,299,YOLO
19:41:18.016,5103,litter_yolo,257,568,221,89,293,1047,YOLO
19:41:18.199,5106,litter_yolo,108,185,0,84,217,286,YOLO
19:41:18.616,5113,litter_yolo,214,597,176,142,252,1052,YOLO
19:41:18.674,5114,litter_yolo,1500,571,1334,441,1666,701,YOLO
19:41:18.733,5115,litter_yolo,205,591,169,131,241,1051,YOLO
19:41:18.793,5116,litter_yolo,199,587,164,129,235,1046,YOLO
19:41:18.855,5117,litter_yolo,194,586,155,116,234,1056,YOLO
19:41:18.916,5118,litter_yolo,185,595,149,123,221,1068,YOLO
19:41:18.916,5118,litter_yolo,1493,573,1310,441,1677,706,YOLO
19:41:18.975,5119,litter_yolo,1495,575,1311,441,1680,710,YOLO
19:41:18.975,5119,litter_yolo,179,581,148,133,211,1030,YOLO
19:41:18.975,5119,litter_yolo,78,188,0,106,156,270,YOLO
19:41:19.037,5120,litter_yolo,1499,577,1315,440,1684,714,YOLO
19:41:19.037,5120,litter_yolo,178,582,147,109,209,1056,YOLO
19:41:19.099,5121,litter_yolo,1502,576,1315,440,1689,712,YOLO
19:41:19.099,5121,litter_yolo,173,604,142,149,205,1059,YOLO
19:41:19.099,5121,litter_yolo,176,735,147,406,205,1064,YOLO
19:41:19.163,5122,litter_yolo,1504,575,1315,440,1693,711,YOLO
19:41:19.163,5122,litter_yolo,167,579,130,119,205,1040,YOLO
19:41:19.163,5122,litter_yolo,173,748,148,426,199,1070,YOLO
19:41:19.225,5123,litter_yolo,1507,579,1313,442,1702,716,YOLO
19:41:19.225,5123,litter_yolo,162,582,125,104,200,1061,YOLO
19:41:19.287,5124,litter_yolo,1496,576,1293,441,1700,711,YOLO
19:41:19.288,5124,litter_yolo,159,578,120,98,199,1058,YOLO
19:41:19.348,5125,litter_yolo,1495,576,1276,441,1715,712,YOLO
19:41:19.348,5125,litter_yolo,158,580,115,93,201,1067,YOLO
19:41:19.410,5126,litter_yolo,1495,575,1276,439,1714,711,YOLO
19:41:19.410,5126,litter_yolo,145,572,97,81,194,1064,YOLO
19:41:19.472,5127,litter_yolo,140,566,101,81,180,1051,YOLO
19:41:19.533,5128,litter_yolo,139,567,101,81,177,1053,YOLO
19:41:19.594,5129,litter_yolo,134,567,97,80,172,1055,YOLO
19:41:19.594,5129,litter_yolo,1523,575,1329,440,1717,711,YOLO
19:41:19.655,5130,litter_yolo,128,565,91,83,166,1048,YOLO
19:41:19.717,5131,litter_yolo,122,569,84,83,160,1055,YOLO
19:41:19.717,5131,litter_yolo,1530,567,1336,434,1725,700,YOLO
19:41:19.779,5132,litter_yolo,119,567,80,78,158,1057,YOLO
19:41:19.779,5132,litter_yolo,1542,566,1356,430,1728,702,YOLO
19:41:19.839,5133,litter_yolo,115,565,76,74,155,1056,YOLO
19:41:19.839,5133,litter_yolo,1531,566,1335,429,1727,703,YOLO
19:41:19.899,5134,litter_yolo,102,569,66,65,138,1073,YOLO
19:41:19.899,5134,litter_yolo,1529,565,1327,428,1732,702,YOLO
19:41:19.959,5135,litter_yolo,93,560,55,46,132,1075,YOLO
19:41:19.959,5135,litter_yolo,1527,560,1319,426,1736,695,YOLO
19:41:19.959,5135,litter_yolo,105,533,70,24,141,1043,YOLO
19:41:20.018,5136,litter_yolo,1525,561,1311,426,1740,696,YOLO
19:41:20.018,5136,litter_yolo,102,747,74,431,130,1064,YOLO
19:41:20.018,5136,litter_yolo,87,560,46,41,129,1080,YOLO
19:41:20.078,5137,litter_yolo,92,541,52,33,133,1050,YOLO
19:41:20.078,5137,litter_yolo,1536,558,1325,425,1747,692,YOLO
19:41:20.143,5138,litter_yolo,87,561,47,69,128,1053,YOLO
19:41:20.323,5141,litter_yolo,1533,555,1307,421,1759,690,YOLO
19:41:20.562,5145,litter_yolo,1548,552,1326,416,1770,689,YOLO
19:41:22.068,5170,litter_yolo,1569,521,1319,384,1819,659,YOLO
19:41:22.828,5182,litter_yolo,1604,510,1375,367,1833,653,YOLO
19:41:23.009,5185,litter_yolo,1605,508,1332,363,1879,654,YOLO
19:41:23.249,5189,litter_yolo,1587,505,1329,360,1845,651,YOLO
19:41:23.430,5192,litter_yolo,1612,500,1345,351,1879,650,YOLO
19:41:23.494,5193,litter_yolo,1596,497,1339,349,1854,646,YOLO
19:41:23.669,5196,litter_yolo,1593,488,1330,341,1857,636,YOLO
19:41:24.149,5204,litter_yolo,1601,469,1332,326,1870,613,YOLO
19:41:25.695,5230,litter_yolo,1622,462,1337,305,1908,619,YOLO
19:41:25.757,5231,litter_yolo,1625,461,1338,305,1913,617,YOLO
19:41:25.818,5232,litter_yolo,1625,460,1337,305,1913,615,YOLO
19:41:25.878,5233,litter_yolo,1623,459,1334,303,1912,615,YOLO
19:41:26.481,5243,litter_yolo,1622,449,1339,296,1906,602,YOLO
19:41:26.540,5244,litter_yolo,1620,450,1333,296,1907,604,YOLO
19:41:26.600,5245,litter_yolo,1623,450,1336,296,1911,604,YOLO
19:41:26.722,5247,litter_yolo,1624,451,1336,299,1912,603,YOLO
19:41:26.782,5248,litter_yolo,1622,452,1331,298,1914,606,YOLO
19:41:30.675,5313,litter_yolo,1608,527,1373,380,1844,675,YOLO
19:41:31.152,5321,litter_yolo,1574,548,1317,398,1831,699,YOLO
19:41:31.333,5324,litter_yolo,1569,554,1314,406,1824,703,YOLO
19:41:31.571,5328,litter_yolo,1564,556,1311,410,1817,703,YOLO
19:41:32.424,5342,litter_yolo,1540,554,1288,413,1793,696,YOLO
19:41:32.484,5343,litter_yolo,1539,554,1289,413,1790,695,YOLO
19:41:32.543,5344,litter_yolo,1540,554,1294,413,1786,695,YOLO
19:41:32.602,5345,litter_yolo,1539,554,1295,413,1783,695,YOLO
19:41:32.663,5346,litter_yolo,1540,554,1297,413,1783,695,YOLO
19:41:32.724,5347,litter_yolo,1539,552,1297,413,1781,692,YOLO
19:41:32.785,5348,litter_yolo,1539,553,1299,414,1779,692,YOLO
19:41:32.845,5349,litter_yolo,1540,553,1300,414,1780,693,YOLO
19:41:32.903,5350,litter_yolo,1539,553,1299,415,1779,692,YOLO
19:41:32.965,5351,litter_yolo,1545,553,1301,416,1790,691,YOLO
19:41:33.025,5352,litter_yolo,1540,554,1301,416,1780,692,YOLO
19:41:33.086,5353,litter_yolo,1533,555,1300,416,1766,694,YOLO
19:41:33.144,5354,litter_yolo,1533,557,1301,416,1766,699,YOLO
19:41:33.203,5355,litter_yolo,1535,556,1305,415,1765,698,YOLO
19:41:33.265,5356,litter_yolo,1535,557,1309,415,1762,700,YOLO
19:41:33.325,5357,litter_yolo,1536,560,1313,413,1759,707,YOLO
19:41:33.384,5358,litter_yolo,1529,555,1304,416,1755,694,YOLO
19:41:33.444,5359,litter_yolo,1533,556,1312,417,1755,696,YOLO
19:41:33.503,5360,litter_yolo,1534,556,1315,418,1753,695,YOLO
19:41:33.563,5361,litter_yolo,1529,556,1309,419,1750,693,YOLO
19:41:33.621,5362,litter_yolo,1532,554,1315,420,1750,689,YOLO
19:41:33.682,5363,litter_yolo,1529,555,1314,420,1745,690,YOLO
19:41:33.742,5364,litter_yolo,1527,554,1311,420,1743,689,YOLO
19:41:33.803,5365,litter_yolo,1518,555,1294,417,1742,694,YOLO
19:41:33.864,5366,litter_yolo,1518,554,1292,419,1745,689,YOLO
19:41:34.527,5377,litter_yolo,1496,534,1277,412,1716,656,YOLO
19:41:34.589,5378,litter_yolo,1496,534,1278,411,1715,657,YOLO
19:41:34.659,5379,litter_yolo,1497,532,1280,410,1714,655,YOLO
19:41:34.722,5380,litter_yolo,1497,533,1283,409,1712,657,YOLO
19:41:34.784,5381,litter_yolo,1503,532,1297,410,1710,655,YOLO
19:41:34.844,5382,litter_yolo,1491,532,1275,410,1708,654,YOLO
19:41:34.904,5383,litter_yolo,1487,532,1269,411,1706,654,YOLO
19:41:34.965,5384,litter_yolo,1488,531,1271,411,1705,651,YOLO
19:41:35.025,5385,litter_yolo,1492,530,1279,411,1705,650,YOLO
19:41:35.087,5386,litter_yolo,1491,531,1279,411,1704,652,YOLO
19:41:35.148,5387,litter_yolo,1489,530,1278,410,1701,651,YOLO
19:41:35.209,5388,litter_yolo,1485,529,1271,410,1700,648,YOLO
19:41:35.269,5389,litter_yolo,1486,529,1273,410,1699,648,YOLO
19:41:35.327,5390,litter_yolo,1490,529,1283,410,1698,648,YOLO
19:41:35.390,5391,litter_yolo,1490,528,1284,410,1696,647,YOLO
19:41:35.451,5392,litter_yolo,1484,529,1274,410,1695,648,YOLO
19:41:35.510,5393,litter_yolo,1489,528,1283,409,1695,648,YOLO
19:41:35.571,5394,litter_yolo,1494,528,1295,409,1694,648,YOLO
19:41:35.633,5395,litter_yolo,1499,527,1306,407,1692,648,YOLO
19:41:35.692,5396,litter_yolo,1494,527,1301,406,1688,648,YOLO
19:41:35.754,5397,litter_yolo,1499,527,1310,406,1688,648,YOLO
19:41:35.816,5398,litter_yolo,1497,525,1306,404,1689,647,YOLO
19:41:35.879,5399,litter_yolo,1495,525,1300,403,1691,648,YOLO
19:41:35.942,5400,litter_yolo,1488,525,1290,402,1687,648,YOLO
19:41:36.120,5403,litter_yolo,1496,520,1309,400,1684,641,YOLO
19:41:36.179,5404,litter_yolo,1490,520,1307,400,1674,640,YOLO
19:41:36.479,5409,litter_yolo,1488,508,1305,388,1671,628,YOLO
19:41:36.955,5417,litter_yolo,1457,500,1256,384,1659,616,YOLO
19:41:37.018,5418,litter_yolo,1452,498,1250,382,1655,614,YOLO
19:41:37.080,5419,litter_yolo,1449,497,1247,381,1652,614,YOLO
19:41:37.139,5420,litter_yolo,1450,498,1246,381,1655,616,YOLO
19:41:37.260,5422,litter_yolo,1452,496,1245,380,1660,613,YOLO
19:41:37.323,5423,litter_yolo,1448,494,1240,380,1657,608,YOLO
19:41:37.385,5424,litter_yolo,1456,492,1255,380,1657,605,YOLO
19:41:37.445,5425,litter_yolo,1456,493,1257,381,1655,605,YOLO
19:41:37.504,5426,litter_yolo,1452,491,1248,380,1657,603,YOLO
19:41:37.565,5427,litter_yolo,1449,491,1243,380,1655,603,YOLO
19:41:37.625,5428,litter_yolo,1447,492,1241,380,1654,604,YOLO
19:41:37.687,5429,litter_yolo,1449,495,1242,381,1657,610,YOLO
19:41:37.746,5430,litter_yolo,1447,493,1238,380,1656,606,YOLO
19:41:37.808,5431,litter_yolo,1444,492,1233,379,1656,606,YOLO
19:41:37.870,5432,litter_yolo,1444,492,1227,379,1661,605,YOLO
19:41:37.930,5433,litter_yolo,1447,491,1238,379,1656,604,YOLO
19:41:37.989,5434,litter_yolo,1447,490,1244,380,1651,601,YOLO
19:41:38.050,5435,litter_yolo,1449,493,1246,381,1653,606,YOLO
19:41:38.111,5436,litter_yolo,1449,493,1247,380,1652,607,YOLO
19:41:38.172,5437,litter_yolo,1449,494,1247,381,1651,607,YOLO
19:41:38.234,5438,litter_yolo,1448,493,1246,380,1650,607,YOLO
19:41:38.294,5439,litter_yolo,1446,491,1241,377,1651,606,YOLO
19:41:38.352,5440,litter_yolo,1443,491,1239,377,1647,605,YOLO
19:41:38.411,5441,litter_yolo,1445,490,1245,377,1646,603,YOLO
19:41:38.470,5442,litter_yolo,1442,490,1251,377,1633,603,YOLO
19:41:38.528,5443,litter_yolo,1446,488,1261,375,1631,601,YOLO
19:41:38.589,5444,litter_yolo,1449,486,1269,374,1629,598,YOLO
19:41:38.649,5445,litter_yolo,1442,486,1264,373,1621,599,YOLO
19:41:38.707,5446,litter_yolo,1437,485,1252,373,1622,597,YOLO
19:41:38.768,5447,litter_yolo,1447,484,1265,372,1629,596,YOLO
19:41:38.828,5448,litter_yolo,1451,484,1276,371,1626,598,YOLO
19:41:38.888,5449,litter_yolo,1444,484,1273,370,1615,598,YOLO
19:41:38.948,5450,litter_yolo,1443,482,1272,369,1614,595,YOLO
19:41:39.008,5451,litter_yolo,1444,480,1276,370,1613,591,YOLO
19:41:39.070,5452,litter_yolo,1446,480,1275,370,1618,591,YOLO
19:41:39.128,5453,litter_yolo,1440,480,1261,369,1619,591,YOLO
19:41:39.186,5454,litter_yolo,1442,479,1265,369,1619,589,YOLO
19:41:39.245,5455,litter_yolo,1440,478,1267,369,1614,588,YOLO
19:41:39.306,5456,litter_yolo,1440,478,1272,369,1608,588,YOLO
19:41:39.366,5457,litter_yolo,1435,479,1270,369,1601,589,YOLO
19:41:39.424,5458,litter_yolo,1437,478,1271,369,1604,588,YOLO
19:41:39.483,5459,litter_yolo,1436,479,1270,369,1603,589,YOLO
19:41:39.543,5460,litter_yolo,1436,479,1270,369,1602,590,YOLO
19:41:39.604,5461,litter_yolo,1436,479,1274,369,1599,589,YOLO
19:41:39.665,5462,litter_yolo,1435,479,1273,369,1597,590,YOLO
19:41:39.724,5463,litter_yolo,1435,479,1272,369,1598,590,YOLO
19:41:39.784,5464,litter_yolo,1434,480,1272,370,1597,591,YOLO
19:41:39.842,5465,litter_yolo,1436,481,1274,370,1598,592,YOLO
19:41:39.900,5466,litter_yolo,1436,482,1273,371,1599,593,YOLO
19:41:39.961,5467,litter_yolo,1437,481,1275,370,1599,593,YOLO
19:41:40.021,5468,litter_yolo,1436,482,1274,371,1599,593,YOLO
19:41:40.079,5469,litter_yolo,1437,481,1274,370,1601,593,YOLO
19:41:40.139,5470,litter_yolo,1437,481,1275,370,1599,593,YOLO
19:41:40.198,5471,litter_yolo,1436,481,1275,369,1597,594,YOLO
19:41:40.258,5472,litter_yolo,1436,481,1275,369,1598,594,YOLO
19:41:40.320,5473,litter_yolo,1434,481,1274,369,1595,594,YOLO
19:41:40.381,5474,litter_yolo,1433,481,1269,368,1598,595,YOLO
19:41:40.440,5475,litter_yolo,1430,480,1264,366,1596,594,YOLO
19:41:40.499,5476,litter_yolo,1432,480,1263,366,1601,594,YOLO
19:41:40.559,5477,litter_yolo,1427,480,1257,366,1598,594,YOLO
19:41:42.003,5501,litter_yolo,1376,487,1199,374,1553,600,YOLO
19:41:42.062,5502,litter_yolo,1375,488,1194,375,1557,602,YOLO
19:41:42.123,5503,litter_yolo,1375,488,1200,375,1551,602,YOLO
19:41:42.184,5504,litter_yolo,1377,489,1201,375,1553,604,YOLO
19:41:42.245,5505,litter_yolo,1376,490,1203,376,1549,604,YOLO
19:41:42.305,5506,litter_yolo,1375,491,1203,375,1547,607,YOLO
19:41:42.364,5507,litter_yolo,1377,489,1210,375,1545,604,YOLO
19:41:42.424,5508,litter_yolo,1382,489,1228,375,1537,603,YOLO
19:41:42.484,5509,litter_yolo,1380,490,1226,376,1535,604,YOLO
19:41:42.543,5510,litter_yolo,1374,489,1214,375,1535,603,YOLO
19:41:42.601,5511,litter_yolo,1370,487,1207,375,1534,600,YOLO
19:41:42.601,5511,litter_yolo,1633,803,1346,527,1920,1080,YOLO
19:41:42.660,5512,litter_yolo,1382,488,1236,376,1528,601,YOLO
19:41:42.781,5514,litter_yolo,1629,804,1339,529,1920,1080,YOLO
19:41:43.324,5523,litter_yolo,1611,794,1302,515,1920,1073,YOLO
19:41:44.109,5536,litter_yolo,1598,659,1276,240,1920,1079,YOLO
19:41:44.171,5537,litter_yolo,1595,661,1272,242,1918,1080,YOLO
19:41:45.192,5554,litter_yolo,1579,792,1243,505,1915,1080,YOLO
19:41:45.250,5555,litter_yolo,1579,790,1243,501,1915,1080,YOLO
19:41:45.312,5556,litter_yolo,1578,791,1241,502,1915,1080,YOLO
19:41:45.373,5557,litter_yolo,1579,792,1243,505,1915,1080,YOLO
19:41:45.433,5558,litter_yolo,1580,789,1246,499,1915,1080,YOLO
19:41:45.492,5559,litter_yolo,1580,789,1245,499,1916,1080,YOLO
19:41:45.551,5560,litter_yolo,1579,789,1243,499,1916,1080,YOLO
19:41:45.610,5561,litter_yolo,1579,788,1243,497,1916,1080,YOLO
19:41:45.670,5562,litter_yolo,1579,788,1242,497,1916,1080,YOLO
19:41:45.728,5563,litter_yolo,1579,789,1242,498,1916,1080,YOLO
19:41:45.788,5564,litter_yolo,1578,790,1242,501,1915,1080,YOLO
19:41:45.848,5565,litter_yolo,1579,791,1242,502,1916,1080,YOLO
19:41:45.908,5566,litter_yolo,1579,791,1242,502,1916,1080,YOLO
19:41:45.969,5567,litter_yolo,1580,789,1243,498,1917,1080,YOLO
19:41:46.030,5568,litter_yolo,1579,789,1242,498,1917,1080,YOLO
19:41:46.092,5569,litter_yolo,1579,790,1241,500,1917,1080,YOLO
19:41:46.154,5570,litter_yolo,1579,790,1241,500,1917,1080,YOLO
19:41:46.215,5571,litter_yolo,1578,791,1239,503,1917,1080,YOLO
19:41:46.276,5572,litter_yolo,1578,793,1239,506,1917,1080,YOLO
19:41:46.336,5573,litter_yolo,1578,793,1241,507,1916,1079,YOLO
19:41:46.878,5582,litter_yolo,1575,793,1235,507,1916,1080,YOLO
19:41:46.938,5583,litter_yolo,1575,792,1233,504,1917,1080,YOLO
19:41:46.996,5584,litter_yolo,1576,790,1235,501,1917,1080,YOLO
19:41:47.058,5585,litter_yolo,1577,788,1237,497,1917,1080,YOLO
19:41:47.118,5586,litter_yolo,1577,787,1237,495,1917,1080,YOLO
19:41:47.236,5588,litter_yolo,1575,786,1234,493,1917,1080,YOLO
19:41:47.297,5589,litter_yolo,1576,786,1235,492,1917,1080,YOLO
19:41:47.357,5590,litter_yolo,1575,785,1235,491,1916,1080,YOLO
19:41:47.416,5591,litter_yolo,1576,780,1236,483,1917,1077,YOLO
19:41:47.477,5592,litter_yolo,1575,780,1234,481,1917,1079,YOLO
19:41:47.537,5593,litter_yolo,1575,780,1234,481,1917,1080,YOLO
19:41:47.596,5594,litter_yolo,1575,780,1234,480,1917,1080,YOLO
19:41:47.656,5595,litter_yolo,1577,780,1236,480,1918,1080,YOLO
19:41:47.714,5596,litter_yolo,1577,780,1237,480,1917,1080,YOLO
19:41:47.777,5597,litter_yolo,1577,782,1239,484,1916,1080,YOLO
19:41:47.835,5598,litter_yolo,1576,782,1237,485,1916,1080,YOLO
19:41:47.953,5600,litter_yolo,1578,779,1240,478,1916,1080,YOLO
19:41:48.133,5603,litter_yolo,1580,787,1245,494,1915,1080,YOLO
19:41:48.973,5617,litter_yolo,1595,704,1271,542,1920,867,YOLO
19:41:49.034,5618,litter_yolo,1598,703,1276,543,1920,863,YOLO
19:41:49.094,5619,litter_yolo,1598,713,1277,543,1920,883,YOLO
19:41:49.154,5620,litter_yolo,1596,808,1272,537,1920,1080,YOLO
19:41:49.154,5620,litter_yolo,1600,728,1280,542,1920,915,YOLO
19:41:49.215,5621,litter_yolo,1597,809,1274,538,1920,1080,YOLO
19:41:49.701,5629,litter_yolo,1608,811,1297,542,1920,1080,YOLO
19:41:49.761,5630,litter_yolo,1609,810,1299,541,1920,1080,YOLO
19:41:49.822,5631,litter_yolo,1616,810,1312,541,1920,1080,YOLO
19:41:49.882,5632,litter_yolo,1617,811,1315,542,1920,1080,YOLO
19:41:49.944,5633,litter_yolo,1612,809,1305,539,1920,1080,YOLO
19:41:50.004,5634,litter_yolo,1618,809,1316,538,1920,1080,YOLO
19:41:50.065,5635,litter_yolo,1617,808,1315,536,1920,1080,YOLO
19:41:50.250,5638,litter_yolo,1627,817,1337,555,1918,1080,YOLO
19:41:50.492,5642,litter_yolo,1631,820,1345,560,1918,1080,YOLO
19:41:50.552,5643,litter_yolo,1634,820,1350,560,1918,1080,YOLO
19:41:50.614,5644,litter_yolo,1635,821,1354,563,1917,1080,YOLO
19:41:56.487,5742,litter_yolo,390,545,320,398,460,692,YOLO
19:41:56.548,5743,litter_yolo,390,547,322,401,459,693,YOLO
19:41:56.723,5746,litter_yolo,389,548,323,404,455,693,YOLO
19:41:56.784,5747,litter_yolo,387,550,323,408,452,692,YOLO
19:41:56.843,5748,litter_yolo,387,551,324,409,451,694,YOLO
19:41:56.963,5750,litter_yolo,385,556,321,409,450,704,YOLO
19:41:57.026,5751,litter_yolo,383,556,318,410,449,703,YOLO
19:41:57.085,5752,litter_yolo,380,553,314,410,446,696,YOLO
19:41:57.146,5753,litter_yolo,380,555,316,412,444,698,YOLO
19:41:57.204,5754,litter_yolo,378,556,313,412,444,701,YOLO
19:41:57.266,5755,litter_yolo,378,557,311,410,445,704,YOLO
19:41:57.327,5756,litter_yolo,379,558,310,409,448,707,YOLO
19:41:57.388,5757,litter_yolo,379,559,310,409,449,709,YOLO
19:41:57.449,5758,litter_yolo,379,558,309,410,449,707,YOLO
19:41:57.509,5759,litter_yolo,378,560,306,411,451,709,YOLO
19:41:57.570,5760,litter_yolo,378,561,305,410,451,712,YOLO
19:41:57.629,5761,litter_yolo,376,559,307,409,445,709,YOLO
19:41:57.687,5762,litter_yolo,375,558,305,411,445,705,YOLO
19:41:57.747,5763,litter_yolo,373,559,303,411,443,708,YOLO
19:41:57.806,5764,litter_yolo,371,559,301,410,442,709,YOLO
19:41:57.867,5765,litter_yolo,372,559,300,408,444,710,YOLO
19:41:57.927,5766,litter_yolo,372,559,298,409,446,710,YOLO
19:41:57.988,5767,litter_yolo,370,556,298,408,442,705,YOLO
19:41:58.049,5768,litter_yolo,369,554,300,407,439,702,YOLO
19:41:58.108,5769,litter_yolo,367,552,299,406,435,699,YOLO
19:41:58.171,5770,litter_yolo,365,553,293,402,438,704,YOLO
19:41:58.231,5771,litter_yolo,365,555,293,405,438,706,YOLO
19:41:58.292,5772,litter_yolo,363,554,291,405,435,704,YOLO
19:41:58.352,5773,litter_yolo,359,553,286,400,433,707,YOLO
19:41:58.352,5773,litter_yolo,1743,528,1566,340,1920,716,YOLO
19:41:58.412,5774,litter_yolo,360,555,286,402,434,709,YOLO
19:41:58.412,5774,litter_yolo,1744,527,1568,339,1920,715,YOLO
19:41:58.472,5775,litter_yolo,359,556,286,402,432,710,YOLO
19:41:58.472,5775,litter_yolo,1742,526,1565,338,1920,715,YOLO
19:41:58.533,5776,litter_yolo,358,557,285,402,431,712,YOLO
19:41:58.533,5776,litter_yolo,1742,525,1565,336,1920,714,YOLO
19:41:58.592,5777,litter_yolo,1744,526,1568,336,1920,716,YOLO
19:41:58.592,5777,litter_yolo,357,557,283,402,431,713,YOLO
19:41:58.651,5778,litter_yolo,355,558,280,401,431,716,YOLO
19:41:58.651,5778,litter_yolo,1736,527,1552,336,1920,718,YOLO
19:41:58.713,5779,litter_yolo,356,557,280,399,432,716,YOLO
19:41:58.775,5780,litter_yolo,357,558,281,399,433,718,YOLO
19:41:58.835,5781,litter_yolo,355,559,279,398,432,720,YOLO
19:41:58.894,5782,litter_yolo,355,561,277,398,434,724,YOLO
19:41:58.952,5783,litter_yolo,355,562,277,399,434,726,YOLO
19:41:59.010,5784,litter_yolo,351,560,271,397,431,724,YOLO
19:41:59.011,5784,litter_yolo,1748,526,1577,337,1920,715,YOLO
19:41:59.069,5785,litter_yolo,1749,526,1579,337,1920,715,YOLO
19:41:59.069,5785,litter_yolo,350,562,271,399,429,725,YOLO
19:41:59.129,5786,litter_yolo,349,563,269,398,429,728,YOLO
19:41:59.129,5786,litter_yolo,1751,526,1582,337,1920,716,YOLO
19:41:59.187,5787,litter_yolo,349,566,268,403,430,730,YOLO
19:41:59.187,5787,litter_yolo,1752,527,1585,335,1920,719,YOLO
19:41:59.247,5788,litter_yolo,345,566,265,401,426,732,YOLO
19:41:59.248,5788,litter_yolo,1751,526,1584,333,1919,720,YOLO
19:41:59.306,5789,litter_yolo,344,568,264,401,425,736,YOLO
19:41:59.367,5790,litter_yolo,343,570,266,403,421,737,YOLO
19:41:59.428,5791,litter_yolo,337,567,260,402,414,733,YOLO
19:41:59.487,5792,litter_yolo,333,568,251,402,415,734,YOLO
19:41:59.548,5793,litter_yolo,329,565,250,399,409,731,YOLO
19:41:59.608,5794,litter_yolo,324,565,248,402,401,729,YOLO
19:41:59.668,5795,litter_yolo,322,567,248,406,397,729,YOLO
19:41:59.728,5796,litter_yolo,314,567,239,406,390,728,YOLO
19:41:59.786,5797,litter_yolo,314,566,237,405,391,728,YOLO
19:41:59.844,5798,litter_yolo,310,567,233,404,388,730,YOLO
19:41:59.906,5799,litter_yolo,307,568,227,403,388,733,YOLO
19:41:59.967,5800,litter_yolo,304,566,222,402,386,730,YOLO
19:42:00.027,5801,litter_yolo,300,565,217,399,384,731,YOLO
19:42:00.091,5802,litter_yolo,299,564,214,400,384,729,YOLO
19:42:00.154,5803,litter_yolo,297,561,214,396,381,727,YOLO
19:42:00.215,5804,litter_yolo,295,562,210,395,381,730,YOLO
19:42:00.277,5805,litter_yolo,294,564,209,398,379,731,YOLO
19:42:00.339,5806,litter_yolo,293,564,209,397,378,732,YOLO
19:42:00.400,5807,litter_yolo,289,562,205,392,374,733,YOLO
19:42:00.462,5808,litter_yolo,286,560,204,389,368,731,YOLO
19:42:00.523,5809,litter_yolo,282,564,202,395,363,734,YOLO
19:42:00.583,5810,litter_yolo,279,566,197,392,362,740,YOLO
19:42:00.645,5811,litter_yolo,280,569,197,396,364,743,YOLO
19:42:00.706,5812,litter_yolo,276,567,193,393,360,742,YOLO
19:42:00.767,5813,litter_yolo,275,568,191,392,360,745,YOLO
19:42:00.826,5814,litter_yolo,274,568,190,392,358,745,YOLO
19:42:00.885,5815,litter_yolo,271,569,186,391,357,747,YOLO
19:42:00.944,5816,litter_yolo,270,571,185,394,356,749,YOLO
19:42:01.003,5817,litter_yolo,268,570,183,393,354,748,YOLO
19:42:01.066,5818,litter_yolo,263,571,177,395,349,747,YOLO
19:42:01.128,5819,litter_yolo,261,574,176,398,347,750,YOLO
19:42:01.187,5820,litter_yolo,259,574,172,396,346,752,YOLO
19:42:01.249,5821,litter_yolo,256,576,171,398,342,755,YOLO
19:42:01.249,5821,litter_yolo,1755,524,1591,331,1920,717,YOLO
19:42:01.310,5822,litter_yolo,253,578,168,401,338,756,YOLO
19:42:01.371,5823,litter_yolo,249,578,165,400,333,757,YOLO
19:42:01.371,5823,litter_yolo,1756,527,1594,332,1919,722,YOLO
19:42:01.430,5824,litter_yolo,245,580,159,403,331,757,YOLO
19:42:01.488,5825,litter_yolo,240,579,156,402,325,756,YOLO
19:42:01.547,5826,litter_yolo,240,583,155,406,325,761,YOLO
19:42:01.605,5827,litter_yolo,231,581,148,406,315,757,YOLO
19:42:01.667,5828,litter_yolo,232,585,148,408,317,763,YOLO
19:42:01.725,5829,litter_yolo,231,586,144,407,318,766,YOLO
19:42:01.786,5830,litter_yolo,226,582,139,401,313,764,YOLO
19:42:01.847,5831,litter_yolo,225,585,135,402,315,768,YOLO
19:42:01.907,5832,litter_yolo,224,583,134,401,314,765,YOLO
19:42:01.907,5832,litter_yolo,1746,526,1572,333,1920,720,YOLO
19:42:01.967,5833,litter_yolo,222,582,132,398,312,767,YOLO
19:42:01.967,5833,litter_yolo,1742,527,1565,334,1919,721,YOLO
19:42:02.028,5834,litter_yolo,221,585,132,402,310,768,YOLO
19:42:02.028,5834,litter_yolo,1738,528,1557,333,1920,724,YOLO
19:42:02.089,5835,litter_yolo,219,586,129,398,309,774,YOLO
19:42:02.150,5836,litter_yolo,216,582,127,396,305,768,YOLO
19:42:02.211,5837,litter_yolo,214,584,126,397,302,772,YOLO
19:42:02.271,5838,litter_yolo,209,583,117,394,302,773,YOLO
19:42:02.271,5838,litter_yolo,1737,527,1555,334,1920,720,YOLO
19:42:02.331,5839,litter_yolo,206,587,119,402,293,773,YOLO
19:42:02.331,5839,litter_yolo,1737,526,1555,333,1920,720,YOLO
19:42:02.389,5840,litter_yolo,203,586,113,396,293,777,YOLO
19:42:02.389,5840,litter_yolo,1741,527,1563,333,1920,721,YOLO
19:42:02.449,5841,litter_yolo,201,590,113,400,290,780,YOLO
19:42:02.508,5842,litter_yolo,196,587,108,394,284,780,YOLO
19:42:02.508,5842,litter_yolo,1736,528,1552,335,1920,721,YOLO
19:42:02.568,5843,litter_yolo,191,590,101,396,281,784,YOLO
19:42:02.568,5843,litter_yolo,1742,528,1564,335,1920,722,YOLO
19:42:02.626,5844,litter_yolo,187,590,97,397,278,784,YOLO
19:42:02.626,5844,litter_yolo,1748,529,1577,335,1920,723,YOLO
19:42:02.687,5845,litter_yolo,187,594,96,402,278,787,YOLO
19:42:02.688,5845,litter_yolo,1754,529,1589,334,1920,724,YOLO
19:42:02.747,5846,litter_yolo,183,595,90,401,276,790,YOLO
19:42:02.747,5846,litter_yolo,1750,527,1581,332,1920,723,YOLO
19:42:02.806,5847,litter_yolo,181,597,89,404,274,791,YOLO
19:42:02.807,5847,litter_yolo,1746,532,1573,337,1920,727,YOLO
19:42:02.866,5848,litter_yolo,175,599,83,406,267,792,YOLO
19:42:02.866,5848,litter_yolo,1747,531,1574,336,1920,727,YOLO
19:42:02.927,5849,litter_yolo,172,601,80,408,265,795,YOLO
19:42:02.927,5849,litter_yolo,1747,532,1575,337,1920,728,YOLO
19:42:02.988,5850,litter_yolo,170,598,78,403,263,794,YOLO
19:42:03.048,5851,litter_yolo,164,596,71,400,257,792,YOLO
19:42:03.109,5852,litter_yolo,160,599,65,399,255,799,YOLO
19:42:03.170,5853,litter_yolo,157,598,63,398,251,798,YOLO
19:42:03.171,5853,litter_yolo,1752,536,1585,342,1920,730,YOLO
19:42:03.231,5854,litter_yolo,155,602,63,405,247,799,YOLO
19:42:03.231,5854,litter_yolo,1750,536,1581,342,1920,731,YOLO
19:42:03.291,5855,litter_yolo,153,602,60,402,247,803,YOLO
19:42:03.291,5855,litter_yolo,1748,536,1576,342,1920,731,YOLO
19:42:03.352,5856,litter_yolo,147,601,51,399,244,803,YOLO
19:42:03.413,5857,litter_yolo,146,604,50,405,242,804,YOLO
19:42:03.476,5858,litter_yolo,140,607,45,409,236,805,YOLO
19:42:03.535,5859,litter_yolo,134,607,35,404,234,810,YOLO
19:42:03.535,5859,litter_yolo,1760,538,1601,345,1920,731,YOLO
19:42:03.594,5860,litter_yolo,128,605,27,401,230,809,YOLO
19:42:03.595,5860,litter_yolo,1758,537,1596,344,1920,730,YOLO
19:42:03.654,5861,litter_yolo,126,607,23,402,230,812,YOLO
19:42:03.654,5861,litter_yolo,1755,535,1592,341,1919,729,YOLO
19:42:03.714,5862,litter_yolo,122,609,21,403,223,815,YOLO
19:42:03.714,5862,litter_yolo,1757,536,1596,343,1919,729,YOLO
19:42:03.776,5863,litter_yolo,114,609,15,404,214,814,YOLO
19:42:03.776,5863,litter_yolo,1762,535,1605,342,1919,729,YOLO
19:42:03.836,5864,litter_yolo,108,607,7,404,209,811,YOLO
19:42:03.836,5864,litter_yolo,1757,536,1596,343,1919,729,YOLO
19:42:03.898,5865,litter_yolo,105,610,4,403,206,817,YOLO
19:42:03.898,5865,litter_yolo,1763,536,1608,343,1919,729,YOLO
19:42:03.958,5866,litter_yolo,103,609,2,405,205,814,YOLO
19:42:03.958,5866,litter_yolo,1765,535,1612,341,1919,729,YOLO
19:42:04.019,5867,litter_yolo,100,607,0,398,200,817,YOLO
19:42:04.019,5867,litter_yolo,1766,535,1613,340,1919,730,YOLO
19:42:04.081,5868,litter_yolo,96,604,0,394,193,815,YOLO
19:42:04.081,5868,litter_yolo,1766,535,1614,340,1919,730,YOLO
19:42:04.141,5869,litter_yolo,1768,534,1618,339,1919,729,YOLO
19:42:04.141,5869,litter_yolo,94,603,0,387,188,819,YOLO
19:42:04.201,5870,litter_yolo,1766,533,1613,338,1919,728,YOLO
19:42:04.201,5870,litter_yolo,91,599,0,379,182,819,YOLO
19:42:04.262,5871,litter_yolo,1764,533,1609,338,1919,728,YOLO
19:42:04.324,5872,litter_yolo,1761,533,1604,338,1919,729,YOLO
19:42:04.386,5873,litter_yolo,1763,533,1608,338,1919,729,YOLO
19:42:04.386,5873,litter_yolo,87,592,0,364,174,821,YOLO
19:42:04.447,5874,litter_yolo,1763,533,1608,338,1919,729,YOLO
19:42:04.509,5875,litter_yolo,1766,536,1614,341,1919,732,YOLO
19:42:04.568,5876,litter_yolo,1768,537,1617,342,1919,732,YOLO
19:42:04.630,5877,litter_yolo,1766,536,1614,340,1919,733,YOLO
19:42:04.692,5878,litter_yolo,1761,539,1603,340,1919,738,YOLO
19:42:04.758,5879,litter_yolo,1765,540,1612,343,1919,737,YOLO
19:42:04.817,5880,litter_yolo,1759,542,1600,343,1919,741,YOLO
19:42:04.877,5881,litter_yolo,1759,544,1600,347,1919,741,YOLO
19:42:04.939,5882,litter_yolo,1760,543,1601,346,1919,741,YOLO
19:42:04.999,5883,litter_yolo,1767,545,1615,349,1919,741,YOLO
19:42:05.061,5884,litter_yolo,297,556,251,439,343,673,YOLO
19:42:05.123,5885,litter_yolo,291,559,245,439,337,679,YOLO
19:42:05.123,5885,litter_yolo,1770,551,1621,358,1919,745,YOLO
19:42:05.182,5886,litter_yolo,290,561,241,443,340,680,YOLO
19:42:05.182,5886,litter_yolo,1772,552,1626,359,1919,746,YOLO
19:42:05.243,5887,litter_yolo,288,564,240,443,336,686,YOLO
19:42:05.243,5887,litter_yolo,1769,554,1620,361,1919,747,YOLO
19:42:05.366,5889,litter_yolo,1777,552,1635,357,1919,747,YOLO
19:42:05.427,5890,litter_yolo,1774,555,1630,362,1919,748,YOLO
19:42:05.487,5891,litter_yolo,1773,555,1627,365,1919,746,YOLO
19:42:05.548,5892,litter_yolo,1775,556,1631,365,1919,747,YOLO
19:42:05.608,5893,litter_yolo,1775,557,1632,367,1919,748,YOLO
19:42:05.668,5894,litter_yolo,1777,558,1635,367,1919,749,YOLO
19:42:05.744,5895,litter_yolo,1779,558,1640,365,1919,751,YOLO
19:42:05.805,5896,litter_yolo,267,566,215,440,320,692,YOLO
19:42:05.867,5897,litter_yolo,263,572,210,446,317,698,YOLO
19:42:05.867,5897,litter_yolo,1783,559,1647,367,1919,752,YOLO
19:42:05.926,5898,litter_yolo,260,569,208,445,313,694,YOLO
19:42:05.926,5898,litter_yolo,1783,556,1647,364,1919,749,YOLO
19:42:05.986,5899,litter_yolo,1781,558,1644,366,1919,750,YOLO
19:42:05.986,5899,litter_yolo,255,574,204,444,307,705,YOLO
19:42:06.046,5900,litter_yolo,1784,558,1649,366,1919,751,YOLO
19:42:06.107,5901,litter_yolo,1781,557,1644,366,1919,749,YOLO
19:42:06.168,5902,litter_yolo,1788,557,1657,365,1919,750,YOLO
19:42:06.227,5903,litter_yolo,1786,557,1654,365,1919,749,YOLO
19:42:06.227,5903,litter_yolo,247,578,195,455,299,702,YOLO
19:42:06.288,5904,litter_yolo,1789,556,1659,366,1919,747,YOLO
19:42:06.347,5905,litter_yolo,1791,556,1663,365,1919,748,YOLO
19:42:06.407,5906,litter_yolo,1790,557,1661,367,1919,747,YOLO
19:42:06.467,5907,litter_yolo,1791,557,1663,367,1919,747,YOLO
19:42:06.528,5908,litter_yolo,232,579,181,451,284,708,YOLO
19:42:06.528,5908,litter_yolo,1791,557,1664,367,1919,748,YOLO
19:42:06.589,5909,litter_yolo,228,582,176,452,280,712,YOLO
19:42:06.589,5909,litter_yolo,1792,557,1665,367,1919,747,YOLO
19:42:06.648,5910,litter_yolo,225,578,171,451,280,706,YOLO
19:42:06.648,5910,litter_yolo,1792,558,1666,368,1919,748,YOLO
19:42:06.710,5911,litter_yolo,221,577,166,445,276,710,YOLO
19:42:06.710,5911,litter_yolo,1793,558,1668,368,1919,748,YOLO
19:42:06.772,5912,litter_yolo,219,580,163,452,275,709,YOLO
19:42:06.772,5912,litter_yolo,1793,558,1668,368,1919,748,YOLO
19:42:06.772,5912,litter_yolo,220,631,165,451,276,812,YOLO
19:42:06.835,5913,litter_yolo,218,580,160,451,276,709,YOLO
19:42:06.835,5913,litter_yolo,1792,557,1665,367,1919,748,YOLO
19:42:06.835,5913,litter_yolo,221,626,167,450,275,803,YOLO
19:42:06.894,5914,litter_yolo,214,579,161,453,268,705,YOLO
19:42:06.894,5914,litter_yolo,218,622,165,447,271,797,YOLO
19:42:06.954,5915,litter_yolo,213,583,159,458,268,708,YOLO
19:42:06.954,5915,litter_yolo,1792,558,1665,366,1919,750,YOLO
19:42:07.015,5916,litter_yolo,1794,557,1669,365,1919,749,YOLO
19:42:07.016,5916,litter_yolo,213,586,157,455,269,718,YOLO
19:42:07.016,5916,litter_yolo,216,631,161,451,271,812,YOLO
19:42:07.078,5917,litter_yolo,210,582,153,454,267,710,YOLO
19:42:07.078,5917,litter_yolo,1795,559,1671,369,1919,749,YOLO
19:42:07.138,5918,litter_yolo,1798,559,1678,368,1919,751,YOLO
19:42:07.138,5918,litter_yolo,207,589,149,455,265,724,YOLO
19:42:07.199,5919,litter_yolo,1801,560,1683,369,1919,751,YOLO
19:42:07.260,5920,litter_yolo,204,636,141,452,268,821,YOLO
19:42:07.260,5920,litter_yolo,1802,560,1685,367,1919,754,YOLO
19:42:07.260,5920,litter_yolo,204,584,142,454,266,715,YOLO
19:42:07.322,5921,litter_yolo,199,591,138,459,260,724,YOLO
19:42:07.322,5921,litter_yolo,1803,561,1687,365,1919,758,YOLO
19:42:07.383,5922,litter_yolo,194,597,131,462,258,732,YOLO
19:42:07.383,5922,litter_yolo,1803,565,1688,368,1919,762,YOLO
19:42:07.444,5923,litter_yolo,193,594,129,458,257,730,YOLO
19:42:07.444,5923,litter_yolo,1803,566,1688,371,1919,761,YOLO
19:42:07.502,5924,litter_yolo,188,593,122,459,255,728,YOLO
19:42:07.502,5924,litter_yolo,1804,568,1689,373,1920,764,YOLO
19:42:07.563,5925,litter_yolo,186,589,119,454,254,724,YOLO
19:42:07.624,5926,litter_yolo,178,593,119,460,237,727,YOLO
19:42:07.684,5927,litter_yolo,176,597,117,463,235,731,YOLO
19:42:07.684,5927,litter_yolo,1805,567,1692,373,1919,762,YOLO
19:42:07.746,5928,litter_yolo,173,597,114,462,233,732,YOLO
19:42:07.746,5928,litter_yolo,1808,571,1696,378,1920,764,YOLO
19:42:07.808,5929,litter_yolo,171,598,111,464,231,732,YOLO
19:42:07.870,5930,litter_yolo,166,596,104,461,228,731,YOLO
19:42:07.930,5931,litter_yolo,161,598,97,463,226,734,YOLO
19:42:07.991,5932,litter_yolo,157,596,92,461,223,732,YOLO
19:42:08.051,5933,litter_yolo,155,596,90,459,221,733,YOLO
19:42:08.111,5934,litter_yolo,151,589,84,447,219,732,YOLO
19:42:08.172,5935,litter_yolo,145,589,78,458,212,721,YOLO
19:42:08.232,5936,litter_yolo,140,588,75,457,206,719,YOLO
19:42:08.293,5937,litter_yolo,137,595,78,459,197,731,YOLO
19:42:08.354,5938,litter_yolo,128,588,60,457,197,720,YOLO
19:42:08.415,5939,litter_yolo,127,590,57,456,197,724,YOLO
19:42:08.476,5940,litter_yolo,126,592,58,455,194,730,YOLO
19:42:08.536,5941,litter_yolo,122,594,56,458,189,731,YOLO
19:42:08.598,5942,litter_yolo,118,594,49,457,188,731,YOLO
19:42:08.658,5943,litter_yolo,115,594,45,457,186,731,YOLO
19:42:08.718,5944,litter_yolo,113,597,41,457,186,737,YOLO
19:42:08.784,5945,litter_yolo,109,597,37,457,182,737,YOLO
19:42:08.847,5946,litter_yolo,106,599,30,456,182,742,YOLO
19:42:08.907,5947,litter_yolo,98,599,27,458,169,740,YOLO
19:42:08.967,5948,litter_yolo,92,595,16,459,168,732,YOLO
19:42:09.028,5949,litter_yolo,87,597,10,460,164,734,YOLO
19:42:09.089,5950,litter_yolo,84,600,6,463,162,738,YOLO
19:42:09.150,5951,litter_yolo,82,602,4,463,160,741,YOLO
19:42:09.211,5952,litter_yolo,81,602,4,464,159,741,YOLO
19:42:09.273,5953,litter_yolo,80,601,3,464,158,738,YOLO
19:42:09.331,5954,litter_yolo,78,602,4,460,152,744,YOLO
19:42:09.390,5955,litter_yolo,78,606,2,460,155,752,YOLO
19:42:09.449,5956,litter_yolo,75,605,0,464,150,747,YOLO
19:42:09.510,5957,litter_yolo,75,606,0,465,150,747,YOLO
19:42:09.569,5958,litter_yolo,76,603,0,463,153,744,YOLO
19:42:09.627,5959,litter_yolo,72,604,0,464,144,744,YOLO
19:42:09.688,5960,litter_yolo,68,602,0,464,137,741,YOLO
19:42:09.749,5961,litter_yolo,66,605,0,465,132,745,YOLO
19:42:09.809,5962,litter_yolo,63,609,0,466,127,753,YOLO
19:42:09.869,5963,litter_yolo,62,606,0,465,125,748,YOLO
19:42:09.928,5964,litter_yolo,63,615,0,464,127,767,YOLO
19:42:09.988,5965,litter_yolo,61,616,0,466,123,766,YOLO
19:42:10.049,5966,litter_yolo,58,613,0,465,116,761,YOLO
19:42:10.110,5967,litter_yolo,58,612,0,456,117,769,YOLO
19:42:10.168,5968,litter_yolo,56,615,0,460,112,770,YOLO
19:42:10.232,5969,litter_yolo,56,608,0,455,112,761,YOLO
19:42:10.294,5970,litter_yolo,54,601,0,442,108,761,YOLO
19:42:10.356,5971,litter_yolo,53,607,0,454,107,760,YOLO
19:42:10.416,5972,litter_yolo,52,605,0,456,105,754,YOLO
19:42:10.477,5973,litter_yolo,50,605,0,454,101,757,YOLO
19:42:10.535,5974,litter_yolo,48,606,0,454,97,758,YOLO
19:42:10.594,5975,litter_yolo,46,605,0,454,92,757,YOLO
19:42:37.213,6412,litter_yolo,1480,234,1130,35,1831,434,YOLO
19:42:37.276,6413,litter_yolo,1486,231,1141,29,1831,433,YOLO
19:42:38.357,6431,litter_yolo,1494,231,1135,17,1854,445,YOLO
19:42:38.419,6432,litter_yolo,1499,228,1147,15,1851,442,YOLO
19:42:38.479,6433,litter_yolo,1503,229,1146,13,1861,446,YOLO
19:42:40.593,6468,litter_yolo,1508,232,1137,23,1880,441,YOLO
19:42:40.654,6469,litter_yolo,1510,232,1140,19,1881,446,YOLO
19:42:41.319,6480,litter_yolo,1528,228,1169,11,1887,446,YOLO
19:42:41.381,6481,litter_yolo,1532,228,1179,12,1886,444,YOLO
19:42:42.055,6492,litter_yolo,1541,236,1189,34,1894,438,YOLO
19:42:42.120,6493,litter_yolo,1543,232,1192,28,1894,437,YOLO
19:42:55.054,6708,litter_yolo,569,539,414,425,725,653,YOLO
19:42:55.117,6709,litter_yolo,561,538,414,426,709,651,YOLO
19:42:56.926,6739,litter_yolo,573,537,415,419,731,656,YOLO
19:42:56.988,6740,litter_yolo,572,537,414,419,730,656,YOLO
19:42:57.048,6741,litter_yolo,571,537,406,418,736,656,YOLO
19:42:57.110,6742,litter_yolo,567,536,394,417,740,655,YOLO
19:42:57.173,6743,litter_yolo,571,536,399,417,744,656,YOLO
19:42:57.234,6744,litter_yolo,570,537,399,418,741,656,YOLO
19:42:57.355,6746,litter_yolo,570,536,411,417,730,655,YOLO
19:42:57.415,6747,litter_yolo,558,539,384,417,732,661,YOLO
19:42:57.719,6752,litter_yolo,559,537,388,418,730,657,YOLO
19:43:00.068,6791,litter_yolo,542,543,355,415,730,672,YOLO
19:43:00.135,6792,litter_yolo,540,543,352,414,728,672,YOLO
19:43:00.319,6795,litter_yolo,520,544,323,413,718,676,YOLO
19:43:00.381,6796,litter_yolo,524,544,333,413,716,676,YOLO
19:43:00.499,6798,litter_yolo,529,543,327,412,731,674,YOLO
19:43:00.977,6806,litter_yolo,538,537,342,406,734,669,YOLO
19:43:02.559,6832,litter_yolo,520,427,318,394,723,460,YOLO
19:43:02.739,6835,litter_yolo,518,426,310,393,727,460,YOLO
19:43:06.721,6901,litter_yolo,498,498,250,346,747,650,YOLO
19:43:06.783,6902,litter_yolo,498,497,254,345,742,650,YOLO
19:43:10.867,6970,litter_yolo,403,495,139,329,667,661,YOLO
19:43:11.050,6973,litter_yolo,396,492,132,326,661,658,YOLO
19:43:11.109,6974,litter_yolo,387,489,126,328,649,651,YOLO
19:43:11.170,6975,litter_yolo,384,490,126,329,643,652,YOLO
19:43:11.230,6976,litter_yolo,381,490,122,328,641,653,YOLO
19:43:12.672,7000,litter_yolo,1834,834,1748,595,1920,1074,YOLO
19:43:13.877,7020,litter_yolo,341,343,63,299,620,387,YOLO
19:43:14.179,7025,litter_yolo,327,339,57,291,598,387,YOLO
19:43:14.238,7026,litter_yolo,328,338,57,290,599,387,YOLO
19:43:14.296,7027,litter_yolo,329,338,57,290,601,386,YOLO
19:43:14.355,7028,litter_yolo,329,338,58,291,601,386,YOLO
19:43:14.414,7029,litter_yolo,329,338,57,290,601,386,YOLO
19:43:14.474,7030,litter_yolo,330,336,55,287,605,386,YOLO
19:43:14.534,7031,litter_yolo,328,335,53,286,603,384,YOLO
19:43:14.596,7032,litter_yolo,326,335,53,285,599,385,YOLO
19:43:14.654,7033,litter_yolo,324,333,51,282,598,385,YOLO
19:43:14.712,7034,litter_yolo,324,332,51,280,598,384,YOLO
19:43:14.773,7035,litter_yolo,325,331,51,279,599,383,YOLO
19:43:14.834,7036,litter_yolo,326,332,49,279,603,385,YOLO
19:43:14.893,7037,litter_yolo,323,330,43,278,603,383,YOLO
19:43:14.952,7038,litter_yolo,322,330,41,278,603,383,YOLO
19:43:15.011,7039,litter_yolo,321,331,41,279,601,384,YOLO
19:43:15.074,7040,litter_yolo,319,331,40,279,599,383,YOLO
19:43:15.135,7041,litter_yolo,318,331,38,279,599,384,YOLO
19:43:15.196,7042,litter_yolo,318,331,37,279,599,383,YOLO
19:43:15.257,7043,litter_yolo,316,330,33,279,600,381,YOLO
19:43:15.317,7044,litter_yolo,314,329,31,279,598,380,YOLO
19:43:15.628,7049,litter_yolo,312,326,25,275,600,378,YOLO
19:43:15.688,7050,litter_yolo,310,325,25,273,596,377,YOLO
19:43:15.747,7051,litter_yolo,1580,509,1325,339,1835,679,YOLO
19:43:15.809,7052,litter_yolo,1564,505,1323,340,1805,671,YOLO
19:43:15.989,7055,litter_yolo,1530,481,1311,344,1750,618,YOLO
19:43:16.048,7056,litter_yolo,1517,484,1302,344,1732,624,YOLO
19:43:16.170,7058,litter_yolo,1435,494,1168,344,1703,645,YOLO
19:43:16.231,7059,litter_yolo,1435,490,1176,345,1695,636,YOLO
19:43:16.293,7060,litter_yolo,1473,486,1274,348,1672,624,YOLO
19:43:16.293,7060,litter_yolo,1400,493,1122,348,1679,639,YOLO
19:43:16.352,7061,litter_yolo,1464,471,1272,350,1656,592,YOLO
19:43:16.352,7061,litter_yolo,1393,486,1128,350,1658,622,YOLO
19:43:16.412,7062,litter_yolo,1443,474,1238,351,1648,597,YOLO
19:43:16.473,7063,litter_yolo,1448,472,1262,350,1634,594,YOLO
19:43:16.534,7064,litter_yolo,1437,472,1256,349,1619,596,YOLO
19:43:16.593,7065,litter_yolo,1424,466,1242,348,1606,585,YOLO
19:43:16.654,7066,litter_yolo,1404,469,1213,350,1596,588,YOLO
19:43:16.714,7067,litter_yolo,1401,478,1220,355,1582,602,YOLO
19:43:16.775,7068,litter_yolo,1400,474,1227,357,1574,592,YOLO
19:43:16.836,7069,litter_yolo,1390,476,1216,359,1565,594,YOLO
19:43:16.897,7070,litter_yolo,1374,480,1199,364,1550,596,YOLO
19:43:16.957,7071,litter_yolo,1369,473,1196,362,1543,584,YOLO
19:43:17.017,7072,litter_yolo,1361,469,1192,364,1530,574,YOLO
19:43:17.077,7073,litter_yolo,1361,461,1201,367,1522,555,YOLO
19:43:17.138,7074,litter_yolo,1353,476,1198,367,1509,585,YOLO
19:43:18.635,7098,litter_yolo,308,455,0,262,617,649,YOLO
19:43:21.506,7112,litter_yolo,1184,476,1082,401,1287,552,YOLO
19:43:21.688,7115,litter_yolo,1185,478,1085,406,1285,550,YOLO
19:43:21.749,7116,litter_yolo,1185,479,1083,408,1287,550,YOLO
19:43:21.809,7117,litter_yolo,1185,479,1082,409,1288,549,YOLO
19:43:21.870,7118,litter_yolo,1178,477,1082,411,1274,544,YOLO
19:43:22.116,7122,litter_yolo,309,313,0,268,619,359,YOLO
19:43:22.358,7126,litter_yolo,305,315,0,268,610,362,YOLO
19:43:22.614,7130,litter_yolo,306,317,0,268,612,366,YOLO
19:43:22.674,7131,litter_yolo,306,316,0,268,613,364,YOLO
19:43:22.737,7132,litter_yolo,306,315,0,268,613,363,YOLO
19:43:22.800,7133,litter_yolo,306,315,0,268,613,362,YOLO
19:43:22.861,7134,litter_yolo,305,314,0,267,611,362,YOLO
19:43:24.081,7154,litter_yolo,310,485,0,271,621,700,YOLO
19:43:24.143,7155,litter_yolo,311,489,0,271,622,707,YOLO
19:43:24.205,7156,litter_yolo,312,488,0,270,625,706,YOLO
19:43:24.328,7158,litter_yolo,309,490,0,271,618,709,YOLO
19:43:24.388,7159,litter_yolo,309,494,0,272,618,716,YOLO
19:43:24.450,7160,litter_yolo,308,494,0,272,617,717,YOLO
19:43:24.509,7161,litter_yolo,309,493,0,272,619,715,YOLO
19:43:24.567,7162,litter_yolo,311,494,0,272,623,716,YOLO
19:43:24.807,7166,litter_yolo,310,492,0,272,620,712,YOLO
19:43:24.867,7167,litter_yolo,310,493,0,271,620,716,YOLO
19:43:24.867,7167,litter_yolo,1314,489,1040,454,1589,525,YOLO
19:43:24.928,7168,litter_yolo,1320,489,1041,454,1599,525,YOLO
19:43:24.928,7168,litter_yolo,310,493,0,270,620,716,YOLO
19:43:24.990,7169,litter_yolo,310,495,0,270,621,721,YOLO
19:43:24.990,7169,litter_yolo,1323,489,1039,454,1608,525,YOLO
19:43:25.050,7170,litter_yolo,311,495,0,270,622,721,YOLO
19:43:25.110,7171,litter_yolo,312,493,0,271,624,716,YOLO
19:43:25.170,7172,litter_yolo,313,493,0,270,626,717,YOLO
19:43:25.413,7176,litter_yolo,309,491,0,269,619,714,YOLO
19:43:25.474,7177,litter_yolo,309,494,0,270,618,719,YOLO
19:43:25.535,7178,litter_yolo,309,489,0,270,618,708,YOLO
19:43:25.593,7179,litter_yolo,309,488,0,271,619,706,YOLO
19:43:25.653,7180,litter_yolo,310,486,0,271,621,702,YOLO
19:43:25.714,7181,litter_yolo,312,492,0,271,624,713,YOLO
19:43:25.833,7183,litter_yolo,311,493,0,273,623,713,YOLO
19:43:25.894,7184,litter_yolo,303,486,0,271,606,701,YOLO
19:43:25.953,7185,litter_yolo,303,482,0,273,607,692,YOLO
19:43:26.014,7186,litter_yolo,303,477,0,273,606,682,YOLO
19:43:26.072,7187,litter_yolo,305,481,0,274,610,688,YOLO
19:43:26.134,7188,litter_yolo,307,476,0,274,615,678,YOLO
19:43:26.196,7189,litter_yolo,304,477,0,275,609,680,YOLO
19:43:26.257,7190,litter_yolo,303,483,0,275,606,691,YOLO
19:43:26.318,7191,litter_yolo,303,484,0,274,607,695,YOLO
19:43:26.377,7192,litter_yolo,305,485,0,275,610,695,YOLO
19:43:26.436,7193,litter_yolo,306,485,0,275,613,695,YOLO
19:43:26.494,7194,litter_yolo,307,480,0,275,615,685,YOLO
19:43:26.552,7195,litter_yolo,304,497,2,275,606,720,YOLO
19:43:26.613,7196,litter_yolo,298,490,2,275,595,706,YOLO
19:43:26.674,7197,litter_yolo,297,487,2,275,592,699,YOLO
19:43:26.733,7198,litter_yolo,297,478,2,274,593,683,YOLO
19:43:26.791,7199,litter_yolo,336,494,0,275,673,714,YOLO
19:43:26.850,7200,litter_yolo,324,492,0,276,649,709,YOLO
19:43:26.909,7201,litter_yolo,300,453,1,275,599,632,YOLO
19:43:26.967,7202,litter_yolo,297,412,2,276,592,548,YOLO
19:43:27.025,7203,litter_yolo,290,422,1,276,580,569,YOLO
19:43:27.025,7203,litter_yolo,287,482,0,276,574,689,YOLO
19:43:27.084,7204,litter_yolo,292,466,2,275,582,657,YOLO
19:43:27.143,7205,litter_yolo,293,457,1,275,585,640,YOLO
19:43:27.200,7206,litter_yolo,295,474,0,275,591,674,YOLO
