timestamp,frame,label,cx,cy,x1,y1,x2,y2,source
20:42:13.859,15,litter_colour,68,811,0,767,136,856,COLOR_SEC
20:42:13.859,15,litter_colour,1277,737,1235,697,1320,778,COLOR_SEC
20:42:13.859,15,litter_colour,1421,611,1374,593,1468,629,COLOR_SEC
20:42:13.859,15,litter_colour,660,441,591,410,729,473,COLOR_SEC
20:42:13.859,15,litter_colour,1594,364,1494,324,1695,404,COLOR_SEC
20:42:13.859,15,litter_colour,225,396,94,324,357,468,COLOR_SEC
20:42:13.902,16,litter_colour,67,807,0,767,135,847,COLOR_SEC
20:42:13.902,16,litter_colour,1277,738,1235,697,1320,779,COLOR_SEC
20:42:13.902,16,litter_colour,1421,611,1375,593,1468,629,COLOR_SEC
20:42:13.902,16,litter_colour,659,441,591,410,728,473,COLOR_SEC
20:42:13.902,16,litter_colour,1594,363,1494,324,1695,403,COLOR_SEC
20:42:13.902,16,litter_colour,223,396,92,324,355,468,COLOR_SEC
20:42:13.944,17,litter_colour,66,807,0,768,133,847,COLOR_SEC
20:42:13.944,17,litter_colour,1277,738,1235,697,1320,779,COLOR_SEC
20:42:13.944,17,litter_colour,1421,611,1374,593,1468,629,COLOR_SEC
20:42:13.944,17,litter_colour,659,441,590,410,728,473,COLOR_SEC
20:42:13.944,17,litter_colour,1594,363,1494,324,1694,403,COLOR_SEC
20:42:13.944,17,litter_colour,223,396,92,324,354,469,COLOR_SEC
20:42:13.983,18,litter_colour,65,806,0,768,130,844,COLOR_SEC
20:42:13.983,18,litter_colour,1277,738,1235,697,1320,780,COLOR_SEC
20:42:13.983,18,litter_colour,1420,611,1373,593,1468,629,COLOR_SEC
20:42:13.983,18,litter_colour,451,541,405,479,497,604,COLOR_SEC
20:42:13.983,18,litter_colour,323,564,230,472,416,657,COLOR_SEC
20:42:13.983,18,litter_colour,659,441,590,410,728,473,COLOR_SEC
20:42:13.983,18,litter_colour,1593,363,1493,324,1694,403,COLOR_SEC
20:42:13.983,18,litter_colour,222,396,91,324,353,469,COLOR_SEC
20:42:14.024,19,litter_colour,64,806,0,768,129,845,COLOR_SEC
20:42:14.024,19,litter_colour,1276,739,1233,697,1320,781,COLOR_SEC
20:42:14.024,19,litter_colour,1421,611,1374,593,1468,629,COLOR_SEC
20:42:14.024,19,litter_colour,450,542,404,479,496,605,COLOR_SEC
20:42:14.024,19,litter_colour,322,564,229,472,415,657,COLOR_SEC
20:42:14.024,19,litter_colour,658,441,589,410,728,472,COLOR_SEC
20:42:14.024,19,litter_colour,1593,363,1493,324,1694,403,COLOR_SEC
20:42:14.024,19,litter_colour,221,394,90,324,352,465,COLOR_SEC
20:42:14.064,20,litter_colour,63,808,0,768,127,849,COLOR_SEC
20:42:14.064,20,litter_colour,1276,739,1233,697,1319,782,COLOR_SEC
20:42:14.064,20,litter_colour,1430,614,1374,593,1486,635,COLOR_SEC
20:42:14.064,20,litter_colour,449,541,403,479,495,604,COLOR_SEC
20:42:14.064,20,litter_colour,321,564,228,472,414,656,COLOR_SEC
20:42:14.064,20,litter_colour,658,441,589,410,727,472,COLOR_SEC
20:42:14.064,20,litter_colour,1593,363,1493,324,1693,403,COLOR_SEC
20:42:14.064,20,litter_colour,220,397,89,324,351,470,COLOR_SEC
20:42:14.105,21,litter_colour,62,808,0,769,124,847,COLOR_SEC
20:42:14.105,21,litter_colour,1277,740,1234,698,1320,782,COLOR_SEC
20:42:14.105,21,litter_colour,1420,610,1373,592,1467,629,COLOR_SEC
20:42:14.105,21,litter_colour,448,541,402,478,494,604,COLOR_SEC
20:42:14.105,21,litter_colour,657,440,588,409,726,472,COLOR_SEC
20:42:14.105,21,litter_colour,1593,363,1493,324,1693,402,COLOR_SEC
20:42:14.105,21,litter_colour,218,397,87,324,350,470,COLOR_SEC
20:42:14.145,22,litter_colour,61,808,0,769,123,848,COLOR_SEC
20:42:14.145,22,litter_colour,1276,740,1233,698,1319,782,COLOR_SEC
20:42:14.145,22,litter_colour,1429,614,1373,593,1486,635,COLOR_SEC
20:42:14.145,22,litter_colour,447,541,401,478,494,604,COLOR_SEC
20:42:14.145,22,litter_colour,657,440,588,409,726,472,COLOR_SEC
20:42:14.145,22,litter_colour,1592,363,1492,324,1693,402,COLOR_SEC
20:42:14.145,22,litter_colour,217,395,86,324,348,466,COLOR_SEC
20:42:14.183,23,litter_colour,60,809,0,770,121,848,COLOR_SEC
20:42:14.183,23,litter_colour,1275,740,1232,698,1319,783,COLOR_SEC
20:42:14.183,23,litter_colour,1421,612,1372,593,1470,631,COLOR_SEC
20:42:14.183,23,litter_colour,446,542,399,478,493,607,COLOR_SEC
20:42:14.183,23,litter_colour,656,440,587,409,726,472,COLOR_SEC
20:42:14.183,23,litter_colour,1592,363,1492,324,1692,402,COLOR_SEC
20:42:14.184,23,litter_colour,215,395,84,324,347,467,COLOR_SEC
20:42:14.224,24,litter_colour,64,807,0,770,129,845,COLOR_SEC
20:42:14.224,24,litter_colour,1275,741,1232,698,1318,784,COLOR_SEC
20:42:14.224,24,litter_colour,1429,614,1372,593,1486,635,COLOR_SEC
20:42:14.224,24,litter_colour,24,571,0,498,49,645,COLOR_SEC
20:42:14.224,24,litter_colour,445,542,398,478,492,607,COLOR_SEC
20:42:14.224,24,litter_colour,655,440,586,409,725,472,COLOR_SEC
20:42:14.224,24,litter_colour,1592,363,1492,324,1692,402,COLOR_SEC
20:42:14.224,24,litter_colour,214,396,82,324,346,468,COLOR_SEC
20:42:14.264,25,litter_colour,59,802,0,770,118,834,COLOR_SEC
20:42:14.264,25,litter_colour,1274,742,1231,699,1318,785,COLOR_SEC
20:42:14.264,25,litter_colour,1428,614,1372,593,1485,635,COLOR_SEC
20:42:14.264,25,litter_colour,23,572,0,499,47,646,COLOR_SEC
20:42:14.264,25,litter_colour,444,542,397,478,491,607,COLOR_SEC
20:42:14.264,25,litter_colour,1293,497,1242,477,1344,517,COLOR_SEC
20:42:14.264,25,litter_colour,655,440,586,408,725,472,COLOR_SEC
20:42:14.264,25,litter_colour,1591,363,1491,324,1691,402,COLOR_SEC
20:42:14.264,25,litter_colour,213,397,81,324,345,470,COLOR_SEC
20:42:14.305,26,litter_colour,58,801,0,769,116,834,COLOR_SEC
20:42:14.305,26,litter_colour,1278,742,1230,699,1327,785,COLOR_SEC
20:42:14.305,26,litter_colour,1428,615,1371,593,1486,637,COLOR_SEC
20:42:14.305,26,litter_colour,23,572,0,499,46,646,COLOR_SEC
20:42:14.305,26,litter_colour,443,542,396,478,490,607,COLOR_SEC
20:42:14.305,26,litter_colour,1282,497,1240,477,1325,517,COLOR_SEC
20:42:14.305,26,litter_colour,654,440,585,409,724,472,COLOR_SEC
20:42:14.305,26,litter_colour,1591,363,1491,324,1691,402,COLOR_SEC
20:42:14.305,26,litter_colour,211,395,80,324,343,466,COLOR_SEC
20:42:14.346,27,litter_colour,56,801,0,772,113,831,COLOR_SEC
20:42:14.346,27,litter_colour,1278,743,1231,700,1326,786,COLOR_SEC
20:42:14.346,27,litter_colour,1427,615,1370,593,1485,637,COLOR_SEC
20:42:14.346,27,litter_colour,22,572,0,499,44,646,COLOR_SEC
20:42:14.346,27,litter_colour,441,542,394,478,489,607,COLOR_SEC
20:42:14.346,27,litter_colour,1282,497,1240,477,1324,517,COLOR_SEC
20:42:14.346,27,litter_colour,654,440,585,409,723,471,COLOR_SEC
20:42:14.346,27,litter_colour,1590,363,1490,324,1690,402,COLOR_SEC
20:42:14.346,27,litter_colour,210,396,79,324,342,468,COLOR_SEC
20:42:14.386,28,litter_colour,56,803,0,770,112,836,COLOR_SEC
20:42:14.386,28,litter_colour,1278,743,1229,700,1327,786,COLOR_SEC
20:42:14.387,28,litter_colour,1427,615,1371,593,1484,637,COLOR_SEC
20:42:14.387,28,litter_colour,21,572,0,499,42,646,COLOR_SEC
20:42:14.387,28,litter_colour,440,542,393,478,488,607,COLOR_SEC
20:42:14.387,28,litter_colour,1281,497,1239,477,1324,517,COLOR_SEC
20:42:14.387,28,litter_colour,1590,363,1490,324,1690,402,COLOR_SEC
20:42:14.387,28,litter_colour,208,397,77,324,340,470,COLOR_SEC
20:42:14.427,29,litter_colour,54,805,0,773,109,837,COLOR_SEC
20:42:14.427,29,litter_colour,1272,744,1229,701,1316,788,COLOR_SEC
20:42:14.427,29,litter_colour,1426,615,1369,593,1484,638,COLOR_SEC
20:42:14.427,29,litter_colour,20,573,0,499,41,647,COLOR_SEC
20:42:14.427,29,litter_colour,1589,362,1489,324,1689,401,COLOR_SEC
20:42:14.427,29,litter_colour,207,395,76,324,339,467,COLOR_SEC
20:42:14.465,30,litter_colour,54,800,0,774,108,827,COLOR_SEC
20:42:14.465,30,litter_colour,1272,744,1229,701,1315,788,COLOR_SEC
20:42:14.465,30,litter_colour,1426,615,1369,593,1484,637,COLOR_SEC
20:42:14.465,30,litter_colour,19,573,0,499,39,647,COLOR_SEC
20:42:14.465,30,litter_colour,1589,362,1489,324,1689,401,COLOR_SEC
20:42:14.465,30,litter_colour,206,397,75,324,337,470,COLOR_SEC
20:42:14.504,31,litter_colour,53,811,0,774,107,849,COLOR_SEC
20:42:14.504,31,litter_colour,1276,745,1227,701,1326,789,COLOR_SEC
20:42:14.504,31,litter_colour,1426,615,1369,593,1483,637,COLOR_SEC
20:42:14.504,31,litter_colour,18,573,0,499,37,647,COLOR_SEC
20:42:14.504,31,litter_colour,1588,362,1488,324,1688,401,COLOR_SEC
20:42:14.504,31,litter_colour,204,397,73,324,336,470,COLOR_SEC
20:42:14.545,32,litter_colour,51,801,0,774,103,828,COLOR_SEC
20:42:14.545,32,litter_colour,1270,745,1227,701,1314,789,COLOR_SEC
20:42:14.545,32,litter_colour,1424,614,1366,592,1483,636,COLOR_SEC
20:42:14.545,32,litter_colour,18,573,0,499,36,647,COLOR_SEC
20:42:14.545,32,litter_colour,1587,362,1488,324,1687,401,COLOR_SEC
20:42:14.545,32,litter_colour,202,396,71,324,334,468,COLOR_SEC
20:42:14.585,33,litter_colour,50,801,0,774,100,828,COLOR_SEC
20:42:14.585,33,litter_colour,1276,745,1227,701,1325,790,COLOR_SEC
20:42:14.585,33,litter_colour,1422,614,1363,592,1482,637,COLOR_SEC
20:42:14.585,33,litter_colour,17,573,0,499,34,647,COLOR_SEC
20:42:14.585,33,litter_colour,1585,362,1487,324,1684,401,COLOR_SEC
20:42:14.585,33,litter_colour,200,397,68,324,333,470,COLOR_SEC
20:42:14.626,34,litter_colour,49,802,0,775,99,829,COLOR_SEC
20:42:14.626,34,litter_colour,1274,746,1226,702,1323,790,COLOR_SEC
20:42:14.626,34,litter_colour,1424,615,1367,593,1482,638,COLOR_SEC
20:42:14.626,34,litter_colour,122,601,37,566,207,636,COLOR_SEC
20:42:14.626,34,litter_colour,16,572,0,498,32,647,COLOR_SEC
20:42:14.626,34,litter_colour,1586,362,1487,324,1686,401,COLOR_SEC
20:42:14.666,35,litter_colour,52,801,0,773,105,829,COLOR_SEC
20:42:14.666,35,litter_colour,1273,746,1225,702,1321,791,COLOR_SEC
20:42:14.666,35,litter_colour,1424,615,1367,592,1481,638,COLOR_SEC
20:42:14.666,35,litter_colour,120,601,35,567,205,636,COLOR_SEC
20:42:14.666,35,litter_colour,15,573,0,498,30,648,COLOR_SEC
20:42:14.666,35,litter_colour,300,565,206,471,395,660,COLOR_SEC
20:42:14.666,35,litter_colour,1585,362,1486,324,1685,401,COLOR_SEC
20:42:14.706,36,litter_colour,47,801,0,773,94,829,COLOR_SEC
20:42:14.706,36,litter_colour,1273,746,1224,702,1322,791,COLOR_SEC
20:42:14.706,36,litter_colour,1423,615,1366,593,1481,638,COLOR_SEC
20:42:14.706,36,litter_colour,14,573,0,498,28,648,COLOR_SEC
20:42:14.706,36,litter_colour,299,565,204,471,394,660,COLOR_SEC
20:42:14.706,36,litter_colour,1584,362,1485,324,1684,401,COLOR_SEC
20:42:14.746,37,litter_colour,1267,746,1223,702,1311,791,COLOR_SEC
20:42:14.746,37,litter_colour,1423,615,1366,592,1480,638,COLOR_SEC
20:42:14.746,37,litter_colour,13,573,0,498,26,648,COLOR_SEC
20:42:14.746,37,litter_colour,297,565,202,471,393,660,COLOR_SEC
20:42:14.746,37,litter_colour,1584,362,1485,324,1684,401,COLOR_SEC
20:42:14.786,38,litter_colour,45,805,0,774,90,836,COLOR_SEC
20:42:14.786,38,litter_colour,1272,746,1223,702,1321,791,COLOR_SEC
20:42:14.786,38,litter_colour,1423,615,1366,592,1480,638,COLOR_SEC
20:42:14.786,38,litter_colour,12,573,0,498,24,648,COLOR_SEC
20:42:14.786,38,litter_colour,296,565,201,471,391,660,COLOR_SEC
20:42:14.786,38,litter_colour,1583,362,1484,324,1682,400,COLOR_SEC
20:42:14.827,39,litter_colour,48,802,0,774,96,830,COLOR_SEC
20:42:14.827,39,litter_colour,1271,747,1222,702,1321,792,COLOR_SEC
20:42:14.827,39,litter_colour,1421,615,1364,592,1479,638,COLOR_SEC
20:42:14.827,39,litter_colour,11,577,0,506,23,648,COLOR_SEC
20:42:14.827,39,litter_colour,294,565,199,471,390,660,COLOR_SEC
20:42:14.827,39,litter_colour,1582,362,1483,324,1681,400,COLOR_SEC
20:42:14.867,40,litter_colour,47,805,0,774,94,837,COLOR_SEC
20:42:14.867,40,litter_colour,1271,747,1222,702,1320,792,COLOR_SEC
20:42:14.867,40,litter_colour,1421,615,1364,592,1478,638,COLOR_SEC
20:42:14.867,40,litter_colour,10,584,0,520,21,648,COLOR_SEC
20:42:14.867,40,litter_colour,293,566,198,471,389,661,COLOR_SEC
20:42:14.867,40,litter_colour,1582,362,1483,324,1681,400,COLOR_SEC
20:42:14.908,41,litter_colour,46,801,0,775,92,827,COLOR_SEC
20:42:14.908,41,litter_colour,1265,747,1221,702,1309,792,COLOR_SEC
20:42:14.908,41,litter_colour,1421,614,1364,592,1478,636,COLOR_SEC
20:42:14.908,41,litter_colour,9,590,0,533,19,648,COLOR_SEC
20:42:14.908,41,litter_colour,291,560,196,461,387,660,COLOR_SEC
20:42:14.908,41,litter_colour,1581,362,1482,324,1680,400,COLOR_SEC
20:42:14.947,42,litter_colour,45,800,0,775,90,826,COLOR_SEC
20:42:14.947,42,litter_colour,1268,747,1218,702,1319,793,COLOR_SEC
20:42:14.947,42,litter_colour,1410,611,1363,592,1457,630,COLOR_SEC
20:42:14.947,42,litter_colour,290,565,194,470,386,661,COLOR_SEC
20:42:14.947,42,litter_colour,644,438,573,406,715,470,COLOR_SEC
20:42:14.947,42,litter_colour,1580,362,1481,324,1679,400,COLOR_SEC
20:42:14.988,43,litter_colour,44,804,0,776,88,832,COLOR_SEC
20:42:14.988,43,litter_colour,1268,747,1218,702,1318,793,COLOR_SEC
20:42:14.988,43,litter_colour,1419,615,1362,592,1476,638,COLOR_SEC
20:42:14.988,43,litter_colour,423,542,373,477,473,608,COLOR_SEC
20:42:14.988,43,litter_colour,289,565,193,470,385,661,COLOR_SEC
20:42:14.988,43,litter_colour,642,438,572,406,713,470,COLOR_SEC
20:42:14.988,43,litter_colour,1579,362,1480,324,1678,400,COLOR_SEC
20:42:15.030,44,litter_colour,43,804,0,776,86,832,COLOR_SEC
20:42:15.030,44,litter_colour,1267,748,1218,703,1317,793,COLOR_SEC
20:42:15.030,44,litter_colour,1402,608,1362,593,1443,624,COLOR_SEC
20:42:15.030,44,litter_colour,421,542,372,477,471,608,COLOR_SEC
20:42:15.030,44,litter_colour,287,565,191,470,383,661,COLOR_SEC
20:42:15.030,44,litter_colour,642,438,571,406,713,470,COLOR_SEC
20:42:15.030,44,litter_colour,1578,362,1480,324,1677,400,COLOR_SEC
20:42:15.070,45,litter_colour,41,802,0,776,83,828,COLOR_SEC
20:42:15.071,45,litter_colour,1261,748,1217,703,1306,793,COLOR_SEC
20:42:15.071,45,litter_colour,1409,611,1359,592,1459,630,COLOR_SEC
20:42:15.071,45,litter_colour,420,542,370,476,470,608,COLOR_SEC
20:42:15.071,45,litter_colour,641,437,570,405,712,470,COLOR_SEC
20:42:15.071,45,litter_colour,1577,362,1479,324,1676,400,COLOR_SEC
20:42:15.113,46,litter_colour,41,800,0,776,82,824,COLOR_SEC
20:42:15.113,46,litter_colour,1266,748,1216,702,1316,794,COLOR_SEC
20:42:15.113,46,litter_colour,1409,615,1360,593,1459,637,COLOR_SEC
20:42:15.113,46,litter_colour,419,542,369,476,469,609,COLOR_SEC
20:42:15.113,46,litter_colour,640,437,569,405,711,470,COLOR_SEC
20:42:15.113,46,litter_colour,1576,362,1478,324,1675,400,COLOR_SEC
20:42:15.154,47,litter_colour,1265,748,1215,703,1315,794,COLOR_SEC
20:42:15.154,47,litter_colour,417,542,367,476,468,608,COLOR_SEC
20:42:15.154,47,litter_colour,1575,362,1477,324,1674,400,COLOR_SEC
20:42:15.195,48,litter_colour,1264,748,1215,703,1314,794,COLOR_SEC
20:42:15.195,48,litter_colour,1407,615,1358,592,1457,639,COLOR_SEC
20:42:15.195,48,litter_colour,416,542,365,476,467,608,COLOR_SEC
20:42:15.195,48,litter_colour,1574,361,1476,324,1673,399,COLOR_SEC
20:42:15.195,48,litter_colour,176,396,43,324,310,468,COLOR_SEC
20:42:15.235,49,litter_colour,1258,748,1214,702,1303,794,COLOR_SEC
20:42:15.235,49,litter_colour,1407,615,1357,592,1457,639,COLOR_SEC
20:42:15.235,49,litter_colour,415,542,364,476,466,608,COLOR_SEC
20:42:15.235,49,litter_colour,1573,361,1475,324,1672,399,COLOR_SEC
20:42:15.235,49,litter_colour,174,396,40,324,308,468,COLOR_SEC
20:42:15.277,50,litter_colour,1263,748,1213,702,1313,795,COLOR_SEC
20:42:15.277,50,litter_colour,1414,615,1356,593,1472,638,COLOR_SEC
20:42:15.277,50,litter_colour,92,601,5,566,180,637,COLOR_SEC
20:42:15.277,50,litter_colour,413,541,362,475,464,608,COLOR_SEC
20:42:15.277,50,litter_colour,1572,361,1474,324,1671,399,COLOR_SEC
20:42:15.277,50,litter_colour,172,396,37,324,307,468,COLOR_SEC
20:42:15.315,51,litter_colour,1262,748,1212,702,1312,795,COLOR_SEC
20:42:15.315,51,litter_colour,89,601,0,566,178,637,COLOR_SEC
20:42:15.315,51,litter_colour,412,541,361,475,463,608,COLOR_SEC
20:42:15.315,51,litter_colour,1571,361,1473,324,1670,399,COLOR_SEC
20:42:15.315,51,litter_colour,171,394,38,324,305,464,COLOR_SEC
20:42:15.357,52,litter_colour,1261,748,1210,702,1312,795,COLOR_SEC
20:42:15.357,52,litter_colour,88,602,0,566,176,638,COLOR_SEC
20:42:15.357,52,litter_colour,410,541,359,475,462,608,COLOR_SEC
20:42:15.357,52,litter_colour,1570,361,1473,324,1668,399,COLOR_SEC
20:42:15.357,52,litter_colour,169,395,35,324,303,467,COLOR_SEC
20:42:15.399,53,litter_colour,1261,748,1211,702,1311,795,COLOR_SEC
20:42:15.399,53,litter_colour,1412,614,1355,591,1470,637,COLOR_SEC
20:42:15.399,53,litter_colour,87,601,0,566,174,637,COLOR_SEC
20:42:15.399,53,litter_colour,408,541,357,475,460,607,COLOR_SEC
20:42:15.399,53,litter_colour,1569,361,1471,324,1667,399,COLOR_SEC
20:42:15.399,53,litter_colour,166,395,32,324,301,467,COLOR_SEC
20:42:15.439,54,litter_colour,1259,748,1208,702,1310,795,COLOR_SEC
20:42:15.439,54,litter_colour,1403,614,1354,591,1453,637,COLOR_SEC
20:42:15.439,54,litter_colour,86,601,0,566,172,637,COLOR_SEC
20:42:15.439,54,litter_colour,407,541,356,475,459,607,COLOR_SEC
20:42:15.439,54,litter_colour,1568,361,1470,324,1666,398,COLOR_SEC
20:42:15.439,54,litter_colour,164,395,29,324,299,467,COLOR_SEC
20:42:15.481,55,litter_colour,1259,748,1209,702,1310,795,COLOR_SEC
20:42:15.481,55,litter_colour,1402,614,1354,591,1451,638,COLOR_SEC
20:42:15.481,55,litter_colour,85,601,0,566,170,637,COLOR_SEC
20:42:15.481,55,litter_colour,406,540,354,474,458,607,COLOR_SEC
20:42:15.481,55,litter_colour,1567,361,1469,324,1665,398,COLOR_SEC
20:42:15.481,55,litter_colour,163,395,29,324,297,466,COLOR_SEC
20:42:15.521,56,litter_colour,1258,748,1207,702,1309,795,COLOR_SEC
20:42:15.521,56,litter_colour,1403,614,1353,591,1453,637,COLOR_SEC
20:42:15.521,56,litter_colour,84,601,0,566,168,637,COLOR_SEC
20:42:15.521,56,litter_colour,404,540,352,474,456,607,COLOR_SEC
20:42:15.521,56,litter_colour,1566,361,1468,324,1664,398,COLOR_SEC
20:42:15.521,56,litter_colour,161,395,26,324,296,466,COLOR_SEC
20:42:15.561,57,litter_colour,1252,748,1207,702,1298,795,COLOR_SEC
20:42:15.561,57,litter_colour,1758,734,1694,675,1823,794,COLOR_SEC
20:42:15.561,57,litter_colour,1401,613,1351,591,1452,635,COLOR_SEC
20:42:15.561,57,litter_colour,82,601,0,566,165,637,COLOR_SEC
20:42:15.561,57,litter_colour,403,539,351,474,455,605,COLOR_SEC
20:42:15.561,57,litter_colour,1564,361,1467,324,1662,398,COLOR_SEC
20:42:15.600,58,litter_colour,1258,749,1205,702,1311,796,COLOR_SEC
20:42:15.600,58,litter_colour,81,601,0,565,163,637,COLOR_SEC
20:42:15.600,58,litter_colour,401,540,349,474,454,607,COLOR_SEC
20:42:15.600,58,litter_colour,1563,361,1466,324,1661,398,COLOR_SEC
20:42:15.640,59,litter_colour,1255,749,1204,702,1307,796,COLOR_SEC
20:42:15.640,59,litter_colour,80,601,0,565,161,638,COLOR_SEC
20:42:15.640,59,litter_colour,246,546,161,458,332,635,COLOR_SEC
20:42:15.640,59,litter_colour,1562,361,1465,324,1660,398,COLOR_SEC
20:42:15.681,60,litter_colour,1255,749,1203,702,1307,796,COLOR_SEC
20:42:15.681,60,litter_colour,244,551,159,467,329,635,COLOR_SEC
20:42:15.681,60,litter_colour,1561,361,1465,324,1658,398,COLOR_SEC
20:42:15.721,61,litter_colour,1254,749,1202,702,1306,796,COLOR_SEC
20:42:15.721,61,litter_colour,242,551,157,467,327,635,COLOR_SEC
20:42:15.721,61,litter_colour,625,434,553,402,697,467,COLOR_SEC
20:42:15.721,61,litter_colour,1560,361,1463,324,1657,398,COLOR_SEC
20:42:15.762,62,litter_colour,624,434,552,402,696,467,COLOR_SEC
20:42:15.802,63,litter_colour,1254,749,1203,702,1306,797,COLOR_SEC
20:42:15.802,63,litter_colour,623,434,551,402,695,467,COLOR_SEC
20:42:15.842,64,litter_colour,1258,758,1200,702,1316,815,COLOR_SEC
20:42:15.842,64,litter_colour,622,434,550,402,694,467,COLOR_SEC
20:42:15.882,65,litter_colour,333,633,319,605,348,662,COLOR_SEC
20:42:15.882,65,litter_colour,621,433,549,401,693,466,COLOR_SEC
20:42:15.924,66,litter_colour,331,633,316,605,346,662,COLOR_SEC
20:42:15.924,66,litter_colour,618,433,546,401,691,466,COLOR_SEC
20:42:15.965,67,litter_colour,1252,750,1198,702,1306,798,COLOR_SEC
20:42:15.965,67,litter_colour,329,633,314,605,344,662,COLOR_SEC
20:42:15.965,67,litter_colour,617,433,545,401,690,466,COLOR_SEC
20:42:16.007,68,litter_colour,1255,759,1197,702,1314,817,COLOR_SEC
20:42:16.007,68,litter_colour,326,633,312,605,341,662,COLOR_SEC
20:42:16.007,68,litter_colour,616,433,544,401,689,466,COLOR_SEC
20:42:16.046,69,litter_colour,1250,750,1196,702,1304,798,COLOR_SEC
20:42:16.047,69,litter_colour,324,633,310,605,339,662,COLOR_SEC
20:42:16.047,69,litter_colour,615,433,543,400,688,466,COLOR_SEC
20:42:16.087,70,litter_colour,322,633,307,605,337,662,COLOR_SEC
20:42:16.087,70,litter_colour,613,432,541,400,686,465,COLOR_SEC
20:42:16.127,71,litter_colour,320,634,305,605,335,663,COLOR_SEC
20:42:16.127,71,litter_colour,612,432,539,400,685,465,COLOR_SEC
20:42:16.127,71,litter_colour,131,393,0,324,262,463,COLOR_SEC
20:42:16.169,72,litter_colour,1387,611,1337,589,1437,633,COLOR_SEC
20:42:16.169,72,litter_colour,610,432,537,400,684,465,COLOR_SEC
20:42:16.169,72,litter_colour,129,393,0,324,259,463,COLOR_SEC
20:42:16.211,73,litter_colour,1247,751,1193,702,1301,800,COLOR_SEC
20:42:16.211,73,litter_colour,1384,609,1333,587,1435,632,COLOR_SEC
20:42:16.211,73,litter_colour,373,537,317,471,429,604,COLOR_SEC
20:42:16.211,73,litter_colour,609,432,537,400,682,465,COLOR_SEC
20:42:16.211,73,litter_colour,128,393,0,324,256,463,COLOR_SEC
20:42:16.251,74,litter_colour,1385,610,1335,588,1435,633,COLOR_SEC
20:42:16.251,74,litter_colour,371,539,315,471,427,607,COLOR_SEC
20:42:16.251,74,litter_colour,608,432,535,399,681,465,COLOR_SEC
20:42:16.251,74,litter_colour,127,393,0,324,254,462,COLOR_SEC
20:42:16.290,75,litter_colour,1384,610,1334,588,1435,633,COLOR_SEC
20:42:16.290,75,litter_colour,368,539,312,471,425,607,COLOR_SEC
20:42:16.290,75,litter_colour,606,431,533,399,680,464,COLOR_SEC
20:42:16.290,75,litter_colour,125,393,0,324,251,462,COLOR_SEC
20:42:16.331,76,litter_colour,1621,628,1566,609,1676,648,COLOR_SEC
20:42:16.331,76,litter_colour,1382,609,1331,586,1433,632,COLOR_SEC
20:42:16.331,76,litter_colour,366,538,310,470,423,607,COLOR_SEC
20:42:16.331,76,litter_colour,604,431,531,398,678,464,COLOR_SEC
20:42:16.331,76,litter_colour,1539,360,1444,324,1634,396,COLOR_SEC
20:42:16.331,76,litter_colour,124,393,0,324,248,462,COLOR_SEC
20:42:16.374,77,litter_colour,1627,630,1580,613,1675,647,COLOR_SEC
20:42:16.374,77,litter_colour,1381,609,1330,586,1433,632,COLOR_SEC
20:42:16.374,77,litter_colour,364,537,307,470,421,604,COLOR_SEC
20:42:16.374,77,litter_colour,603,431,530,399,677,464,COLOR_SEC
20:42:16.374,77,litter_colour,1537,360,1443,324,1632,396,COLOR_SEC
20:42:16.374,77,litter_colour,123,392,0,324,246,461,COLOR_SEC
20:42:16.417,78,litter_colour,1618,628,1562,609,1675,647,COLOR_SEC
20:42:16.417,78,litter_colour,1380,608,1329,586,1431,631,COLOR_SEC
20:42:16.417,78,litter_colour,362,538,305,470,419,607,COLOR_SEC
20:42:16.417,78,litter_colour,602,431,528,398,676,464,COLOR_SEC
20:42:16.417,78,litter_colour,1534,360,1441,324,1628,396,COLOR_SEC
20:42:16.417,78,litter_colour,121,392,0,324,243,461,COLOR_SEC
20:42:16.459,79,litter_colour,1617,628,1561,609,1674,647,COLOR_SEC
20:42:16.459,79,litter_colour,600,430,527,398,674,463,COLOR_SEC
20:42:16.459,79,litter_colour,120,392,0,324,240,461,COLOR_SEC
20:42:16.500,80,litter_colour,1616,628,1560,609,1672,647,COLOR_SEC
20:42:16.500,80,litter_colour,1379,608,1331,586,1428,631,COLOR_SEC
20:42:16.500,80,litter_colour,52,598,0,566,104,631,COLOR_SEC
20:42:16.542,81,litter_colour,1616,628,1559,609,1673,647,COLOR_SEC
20:42:16.542,81,litter_colour,1378,608,1328,585,1428,632,COLOR_SEC
20:42:16.542,81,litter_colour,50,598,0,565,100,631,COLOR_SEC
20:42:16.583,82,litter_colour,1614,627,1557,608,1672,647,COLOR_SEC
20:42:16.583,82,litter_colour,1377,609,1329,586,1426,632,COLOR_SEC
20:42:16.583,82,litter_colour,48,598,0,566,97,631,COLOR_SEC
20:42:16.624,83,litter_colour,1613,627,1556,608,1671,647,COLOR_SEC
20:42:16.624,83,litter_colour,1376,609,1328,586,1425,632,COLOR_SEC
20:42:16.624,83,litter_colour,47,598,0,566,94,631,COLOR_SEC
20:42:16.664,84,litter_colour,1618,627,1555,608,1681,646,COLOR_SEC
20:42:16.664,84,litter_colour,1375,609,1326,587,1425,632,COLOR_SEC
20:42:16.664,84,litter_colour,45,598,0,566,90,631,COLOR_SEC
20:42:16.702,85,litter_colour,1610,627,1553,608,1668,646,COLOR_SEC
20:42:16.702,85,litter_colour,1374,609,1326,586,1423,632,COLOR_SEC
20:42:16.702,85,litter_colour,43,599,0,566,87,632,COLOR_SEC
20:42:16.743,86,litter_colour,1615,626,1552,607,1678,646,COLOR_SEC
20:42:16.743,86,litter_colour,280,635,264,605,296,666,COLOR_SEC
20:42:16.743,86,litter_colour,1373,608,1324,586,1422,631,COLOR_SEC
20:42:16.743,86,litter_colour,41,599,0,566,83,632,COLOR_SEC
20:42:16.783,87,litter_colour,1253,768,1149,646,1358,891,COLOR_SEC
20:42:16.783,87,litter_colour,1614,626,1551,607,1677,646,COLOR_SEC
20:42:16.783,87,litter_colour,1372,608,1323,586,1421,631,COLOR_SEC
20:42:16.823,88,litter_colour,1257,769,1148,646,1367,892,COLOR_SEC
20:42:16.823,88,litter_colour,1606,626,1550,607,1663,646,COLOR_SEC
20:42:16.823,88,litter_colour,1226,480,1161,453,1291,507,COLOR_SEC
20:42:16.864,89,litter_colour,1266,798,1175,704,1357,893,COLOR_SEC
20:42:16.864,89,litter_colour,1611,626,1548,607,1674,646,COLOR_SEC
20:42:16.864,89,litter_colour,1369,608,1320,585,1418,631,COLOR_SEC
20:42:16.904,90,litter_colour,1259,799,1152,704,1366,894,COLOR_SEC
20:42:16.904,90,litter_colour,1608,626,1544,607,1673,646,COLOR_SEC
20:42:16.904,90,litter_colour,1368,608,1319,586,1417,631,COLOR_SEC
20:42:16.904,90,litter_colour,161,551,66,461,257,641,COLOR_SEC
20:42:16.945,91,litter_colour,1250,770,1144,646,1356,895,COLOR_SEC
20:42:16.945,91,litter_colour,1613,628,1545,607,1682,649,COLOR_SEC
20:42:16.945,91,litter_colour,1366,608,1317,585,1416,631,COLOR_SEC
20:42:16.983,92,litter_colour,1249,770,1143,646,1355,895,COLOR_SEC
20:42:16.984,92,litter_colour,1611,628,1543,607,1680,649,COLOR_SEC
20:42:16.984,92,litter_colour,1365,608,1316,585,1414,631,COLOR_SEC
20:42:17.024,93,litter_colour,1262,798,1170,705,1354,892,COLOR_SEC
20:42:17.024,93,litter_colour,1610,628,1542,607,1678,649,COLOR_SEC
20:42:17.024,93,litter_colour,1364,608,1315,586,1413,631,COLOR_SEC
20:42:17.024,93,litter_colour,322,537,261,467,384,608,COLOR_SEC
20:42:17.065,94,litter_colour,1607,628,1537,607,1677,649,COLOR_SEC
20:42:17.065,94,litter_colour,1362,608,1314,586,1411,631,COLOR_SEC
20:42:17.065,94,litter_colour,320,537,258,467,382,608,COLOR_SEC
20:42:17.065,94,litter_colour,573,427,498,394,649,461,COLOR_SEC
20:42:17.065,94,litter_colour,96,365,0,324,192,407,COLOR_SEC
20:42:17.105,95,litter_colour,1606,627,1535,606,1677,649,COLOR_SEC
20:42:17.105,95,litter_colour,571,427,495,394,647,461,COLOR_SEC
20:42:17.105,95,litter_colour,94,365,0,324,188,406,COLOR_SEC
20:42:17.144,96,litter_colour,1604,627,1534,606,1675,649,COLOR_SEC
20:42:17.144,96,litter_colour,568,427,492,393,645,461,COLOR_SEC
20:42:17.144,96,litter_colour,92,364,0,324,185,405,COLOR_SEC
20:42:17.183,97,litter_colour,1242,772,1134,646,1350,899,COLOR_SEC
20:42:17.183,97,litter_colour,1603,627,1534,606,1672,649,COLOR_SEC
20:42:17.183,97,litter_colour,566,426,489,393,643,460,COLOR_SEC
20:42:17.183,97,litter_colour,90,364,0,324,181,405,COLOR_SEC
20:42:17.222,98,litter_colour,1600,627,1531,606,1670,649,COLOR_SEC
20:42:17.222,98,litter_colour,565,426,489,392,641,460,COLOR_SEC
20:42:17.222,98,litter_colour,88,364,0,324,177,404,COLOR_SEC
20:42:17.263,99,litter_colour,1240,773,1131,646,1349,900,COLOR_SEC
20:42:17.263,99,litter_colour,563,426,487,392,639,460,COLOR_SEC
20:42:17.263,99,litter_colour,86,364,0,324,173,404,COLOR_SEC
20:42:17.303,100,litter_colour,560,426,483,392,638,460,COLOR_SEC
20:42:17.303,100,litter_colour,84,364,0,324,169,404,COLOR_SEC
20:42:17.344,101,litter_colour,1489,358,1400,324,1579,393,COLOR_SEC
20:42:17.344,101,litter_colour,82,363,0,324,165,403,COLOR_SEC
20:42:17.382,102,litter_colour,1488,358,1398,324,1579,393,COLOR_SEC
20:42:17.382,102,litter_colour,80,363,0,324,161,402,COLOR_SEC
20:42:17.424,103,litter_colour,1485,358,1396,324,1574,393,COLOR_SEC
20:42:17.462,104,litter_colour,1254,581,1227,562,1281,600,COLOR_SEC
20:42:17.462,104,litter_colour,1482,358,1394,324,1571,393,COLOR_SEC
20:42:17.504,105,litter_colour,1252,581,1225,562,1279,600,COLOR_SEC
20:42:17.504,105,litter_colour,1481,358,1392,324,1571,393,COLOR_SEC
20:42:17.543,106,litter_colour,1250,585,1224,570,1277,600,COLOR_SEC
20:42:17.583,107,litter_colour,1248,585,1222,570,1275,600,COLOR_SEC
20:42:17.625,108,litter_colour,1246,584,1220,569,1273,600,COLOR_SEC
20:42:17.666,109,litter_colour,1244,584,1217,569,1271,600,COLOR_SEC
20:42:17.707,110,litter_colour,1242,580,1216,561,1269,600,COLOR_SEC
20:42:17.788,112,litter_colour,1330,602,1288,585,1373,619,COLOR_SEC
20:42:17.828,113,litter_colour,1566,623,1495,601,1638,645,COLOR_SEC
20:42:17.828,113,litter_colour,1328,602,1285,585,1372,620,COLOR_SEC
20:42:17.868,114,litter_colour,1563,627,1492,600,1635,654,COLOR_SEC
20:42:17.868,114,litter_colour,1328,606,1283,585,1373,627,COLOR_SEC
20:42:17.908,115,litter_colour,1561,626,1489,599,1633,653,COLOR_SEC
20:42:17.908,115,litter_colour,1325,605,1280,584,1371,627,COLOR_SEC
20:42:17.908,115,litter_colour,521,421,440,387,603,456,COLOR_SEC
20:42:17.949,116,litter_colour,1321,601,1278,584,1365,618,COLOR_SEC
20:42:17.949,116,litter_colour,520,421,439,387,601,456,COLOR_SEC
20:42:18.106,120,litter_colour,1441,358,1356,324,1527,392,COLOR_SEC
20:42:18.312,125,litter_colour,1739,745,1649,714,1829,777,COLOR_SEC
20:42:18.354,126,litter_colour,1734,745,1643,714,1826,776,COLOR_SEC
20:42:18.394,127,litter_colour,1733,744,1643,714,1823,775,COLOR_SEC
20:42:18.435,128,litter_colour,1728,745,1636,714,1820,776,COLOR_SEC
20:42:18.476,129,litter_colour,1726,745,1637,714,1816,776,COLOR_SEC
20:42:18.516,130,litter_colour,1722,745,1633,714,1812,776,COLOR_SEC
20:42:18.516,130,litter_colour,1520,623,1447,595,1594,652,COLOR_SEC
20:42:25.925,312,litter_colour,1561,745,1528,723,1594,768,COLOR_SEC
20:42:25.926,312,litter_colour,644,348,567,324,722,372,COLOR_SEC
20:42:26.175,318,litter_colour,1325,933,1294,906,1357,961,COLOR_SEC
20:42:26.216,319,litter_colour,1342,937,1301,912,1384,962,COLOR_SEC
20:42:26.256,320,litter_colour,1337,936,1291,910,1383,963,COLOR_SEC
20:42:26.298,321,litter_colour,1326,939,1298,915,1354,964,COLOR_SEC
20:42:26.337,322,litter_colour,1324,940,1296,915,1352,965,COLOR_SEC
20:42:26.376,323,litter_colour,1323,941,1295,916,1352,966,COLOR_SEC
20:42:26.417,324,litter_colour,1322,942,1294,917,1350,968,COLOR_SEC
20:42:26.458,325,litter_colour,1321,943,1293,918,1350,969,COLOR_SEC
20:42:26.458,325,litter_colour,1746,783,1583,744,1909,823,COLOR_SEC
20:42:26.458,325,litter_colour,282,463,189,426,375,500,COLOR_SEC
20:42:26.499,326,litter_colour,1330,942,1283,915,1377,970,COLOR_SEC
20:42:26.499,326,litter_colour,1751,784,1582,744,1920,824,COLOR_SEC
20:42:26.499,326,litter_colour,280,462,187,425,373,499,COLOR_SEC
20:42:26.538,327,litter_colour,1750,784,1581,744,1920,824,COLOR_SEC
20:42:26.538,327,litter_colour,621,345,545,324,698,367,COLOR_SEC
20:42:26.578,328,litter_colour,1328,945,1281,917,1376,973,COLOR_SEC
20:42:26.578,328,litter_colour,1745,785,1580,745,1911,825,COLOR_SEC
20:42:26.578,328,litter_colour,621,345,545,324,697,366,COLOR_SEC
20:42:26.620,329,litter_colour,1750,785,1580,745,1920,825,COLOR_SEC
20:42:26.620,329,litter_colour,620,345,545,324,696,366,COLOR_SEC
20:42:26.662,330,litter_colour,1727,785,1580,745,1874,826,COLOR_SEC
20:42:26.662,330,litter_colour,1543,751,1508,731,1578,772,COLOR_SEC
20:42:26.662,330,litter_colour,620,344,545,324,695,365,COLOR_SEC
20:42:26.704,331,litter_colour,1510,952,1476,925,1544,979,COLOR_SEC
20:42:26.704,331,litter_colour,1750,786,1580,746,1920,827,COLOR_SEC
20:42:26.704,331,litter_colour,1540,752,1508,731,1573,773,COLOR_SEC
20:42:26.704,331,litter_colour,443,626,390,606,496,647,COLOR_SEC
20:42:26.704,331,litter_colour,620,344,545,324,695,365,COLOR_SEC
20:42:26.743,332,litter_colour,1509,955,1476,927,1543,983,COLOR_SEC
20:42:26.743,332,litter_colour,1749,787,1579,746,1920,828,COLOR_SEC
20:42:26.743,332,litter_colour,1540,752,1507,732,1573,773,COLOR_SEC
20:42:26.743,332,litter_colour,442,626,388,606,496,647,COLOR_SEC
20:42:26.743,332,litter_colour,637,344,579,324,695,364,COLOR_SEC
20:42:26.785,333,litter_colour,1509,955,1476,928,1543,983,COLOR_SEC
20:42:26.785,333,litter_colour,1324,952,1276,924,1373,981,COLOR_SEC
20:42:26.785,333,litter_colour,1749,787,1579,746,1920,829,COLOR_SEC
20:42:26.785,333,litter_colour,1540,753,1508,732,1573,774,COLOR_SEC
20:42:26.785,333,litter_colour,440,626,387,605,494,647,COLOR_SEC
20:42:26.785,333,litter_colour,619,344,545,324,694,364,COLOR_SEC
20:42:26.825,334,litter_colour,1509,958,1476,930,1543,987,COLOR_SEC
20:42:26.825,334,litter_colour,1749,788,1579,747,1920,830,COLOR_SEC
20:42:26.825,334,litter_colour,1540,753,1507,733,1573,774,COLOR_SEC
20:42:26.825,334,litter_colour,450,626,407,605,493,647,COLOR_SEC
20:42:26.868,335,litter_colour,1509,958,1475,931,1543,986,COLOR_SEC
20:42:26.868,335,litter_colour,1749,789,1579,748,1920,830,COLOR_SEC
20:42:26.868,335,litter_colour,1541,754,1507,733,1575,775,COLOR_SEC
20:42:26.868,335,litter_colour,448,626,405,605,491,647,COLOR_SEC
20:42:26.868,335,litter_colour,635,343,578,324,693,363,COLOR_SEC
20:42:26.909,336,litter_colour,1321,957,1272,927,1371,987,COLOR_SEC
20:42:26.909,336,litter_colour,1749,791,1578,748,1920,835,COLOR_SEC
20:42:26.909,336,litter_colour,1541,755,1507,734,1575,776,COLOR_SEC
20:42:26.909,336,litter_colour,447,626,404,605,490,647,COLOR_SEC
20:42:26.909,336,litter_colour,635,343,578,324,693,363,COLOR_SEC
20:42:26.951,337,litter_colour,1321,959,1272,929,1370,989,COLOR_SEC
20:42:26.951,337,litter_colour,1749,792,1578,749,1920,836,COLOR_SEC
20:42:26.951,337,litter_colour,445,626,402,605,489,647,COLOR_SEC
20:42:26.991,338,litter_colour,607,788,568,770,647,807,COLOR_SEC
20:42:26.991,338,litter_colour,1729,793,1578,749,1881,837,COLOR_SEC
20:42:26.991,338,litter_colour,639,343,585,324,693,362,COLOR_SEC
20:42:27.032,339,litter_colour,1729,794,1578,751,1881,837,COLOR_SEC
20:42:27.073,340,litter_colour,1367,792,1345,769,1390,815,COLOR_SEC
20:42:27.073,340,litter_colour,440,625,397,604,483,647,COLOR_SEC
20:42:27.114,341,litter_colour,1366,792,1344,770,1389,815,COLOR_SEC
20:42:27.114,341,litter_colour,1748,797,1576,752,1920,842,COLOR_SEC
20:42:27.114,341,litter_colour,260,454,168,418,353,491,COLOR_SEC
20:42:27.154,342,litter_colour,1366,793,1343,771,1389,816,COLOR_SEC
20:42:27.154,342,litter_colour,635,342,578,324,692,360,COLOR_SEC
20:42:27.193,343,litter_colour,1749,799,1578,754,1920,845,COLOR_SEC
20:42:27.193,343,litter_colour,635,342,578,324,693,360,COLOR_SEC
20:42:27.235,344,litter_colour,1365,795,1343,772,1388,818,COLOR_SEC
20:42:27.235,344,litter_colour,264,454,168,418,361,491,COLOR_SEC
20:42:27.235,344,litter_colour,636,341,579,324,693,359,COLOR_SEC
20:42:27.277,345,litter_colour,1134,952,1097,920,1172,985,COLOR_SEC
20:42:27.277,345,litter_colour,1365,796,1342,773,1388,819,COLOR_SEC
20:42:27.277,345,litter_colour,261,453,168,417,354,490,COLOR_SEC
20:42:27.277,345,litter_colour,635,341,578,324,693,358,COLOR_SEC
20:42:27.317,346,litter_colour,1132,955,1094,922,1170,988,COLOR_SEC
20:42:27.317,346,litter_colour,1365,797,1342,774,1388,820,COLOR_SEC
20:42:27.317,346,litter_colour,261,453,168,417,355,489,COLOR_SEC
20:42:27.360,347,litter_colour,1131,957,1094,923,1169,991,COLOR_SEC
20:42:27.360,347,litter_colour,1365,798,1342,775,1388,821,COLOR_SEC
20:42:27.360,347,litter_colour,261,452,168,415,354,489,COLOR_SEC
20:42:27.401,348,litter_colour,1129,959,1091,925,1168,993,COLOR_SEC
20:42:27.401,348,litter_colour,1365,799,1342,776,1389,822,COLOR_SEC
20:42:27.485,350,litter_colour,1508,996,1472,964,1545,1029,COLOR_SEC
20:42:27.526,351,litter_colour,1509,999,1472,966,1546,1032,COLOR_SEC
20:42:27.606,353,litter_colour,1307,996,1255,961,1360,1031,COLOR_SEC
20:42:27.646,354,litter_colour,1307,999,1254,965,1360,1034,COLOR_SEC
20:42:27.646,354,litter_colour,402,789,315,750,490,829,COLOR_SEC
20:42:27.685,355,litter_colour,401,789,314,750,489,828,COLOR_SEC
20:42:27.685,355,litter_colour,430,621,393,599,468,644,COLOR_SEC
20:42:27.726,356,litter_colour,1172,1039,1149,1002,1196,1076,COLOR_SEC
20:42:27.726,356,litter_colour,1306,993,1253,966,1359,1021,COLOR_SEC
20:42:27.726,356,litter_colour,431,624,393,599,469,650,COLOR_SEC
20:42:27.767,357,litter_colour,430,621,393,599,468,643,COLOR_SEC
20:42:27.767,357,litter_colour,64,506,0,468,128,545,COLOR_SEC
20:42:27.806,358,litter_colour,427,620,383,598,471,643,COLOR_SEC
20:42:27.806,358,litter_colour,66,506,0,467,132,545,COLOR_SEC
20:42:27.806,358,litter_colour,397,383,377,352,417,414,COLOR_SEC
20:42:27.846,359,litter_colour,432,619,394,597,471,642,COLOR_SEC
20:42:27.846,359,litter_colour,397,382,376,351,419,414,COLOR_SEC
20:42:27.887,360,litter_colour,524,898,493,878,556,919,COLOR_SEC
20:42:27.887,360,litter_colour,425,619,382,597,469,642,COLOR_SEC
20:42:27.887,360,litter_colour,668,337,631,324,706,350,COLOR_SEC
20:42:27.926,361,litter_colour,522,898,490,879,555,918,COLOR_SEC
20:42:27.926,361,litter_colour,427,619,383,597,471,642,COLOR_SEC
20:42:27.926,361,litter_colour,669,336,632,324,707,349,COLOR_SEC
20:42:27.968,362,litter_colour,520,898,490,879,550,918,COLOR_SEC
20:42:27.968,362,litter_colour,431,618,394,596,468,641,COLOR_SEC
20:42:27.968,362,litter_colour,671,336,633,324,709,349,COLOR_SEC
20:42:28.006,363,litter_colour,429,618,386,595,472,641,COLOR_SEC
20:42:28.006,363,litter_colour,66,515,6,489,127,541,COLOR_SEC
20:42:28.006,363,litter_colour,672,336,635,324,710,348,COLOR_SEC
20:42:28.049,364,litter_colour,426,623,383,595,469,652,COLOR_SEC
20:42:28.049,364,litter_colour,71,502,8,464,135,540,COLOR_SEC
20:42:28.049,364,litter_colour,666,336,636,324,696,348,COLOR_SEC
20:42:28.088,365,litter_colour,417,617,362,595,473,640,COLOR_SEC
20:42:28.088,365,litter_colour,70,513,10,487,130,540,COLOR_SEC
20:42:28.088,365,litter_colour,675,336,637,324,713,348,COLOR_SEC
20:42:28.127,366,litter_colour,212,811,183,790,242,833,COLOR_SEC
20:42:28.128,366,litter_colour,427,616,384,594,470,639,COLOR_SEC
20:42:28.128,366,litter_colour,676,335,639,324,714,347,COLOR_SEC
20:42:28.167,367,litter_colour,213,809,188,794,239,825,COLOR_SEC
20:42:28.167,367,litter_colour,417,619,364,593,470,646,COLOR_SEC
20:42:28.167,367,litter_colour,74,511,14,485,134,538,COLOR_SEC
20:42:28.167,367,litter_colour,678,335,641,324,716,347,COLOR_SEC
20:42:28.207,368,litter_colour,215,809,188,794,242,825,COLOR_SEC
20:42:28.207,368,litter_colour,417,616,365,593,470,639,COLOR_SEC
20:42:28.207,368,litter_colour,679,335,642,324,717,347,COLOR_SEC
20:42:28.249,369,litter_colour,215,809,188,794,243,824,COLOR_SEC
20:42:28.249,369,litter_colour,419,616,366,593,472,639,COLOR_SEC
20:42:28.289,370,litter_colour,213,812,184,793,243,832,COLOR_SEC
20:42:28.289,370,litter_colour,420,621,368,592,472,650,COLOR_SEC
20:42:28.332,371,litter_colour,1313,1027,1257,996,1369,1059,COLOR_SEC
20:42:28.332,371,litter_colour,283,983,236,957,330,1009,COLOR_SEC
20:42:28.332,371,litter_colour,435,615,399,592,472,638,COLOR_SEC
20:42:28.372,372,litter_colour,1319,1036,1268,1010,1371,1062,COLOR_SEC
20:42:28.372,372,litter_colour,216,808,190,793,242,824,COLOR_SEC
20:42:28.372,372,litter_colour,425,614,370,591,480,638,COLOR_SEC
20:42:28.414,373,litter_colour,1312,1030,1272,1012,1353,1049,COLOR_SEC
20:42:28.414,373,litter_colour,215,811,186,793,244,830,COLOR_SEC
20:42:28.414,373,litter_colour,397,790,312,751,483,830,COLOR_SEC
20:42:28.414,373,litter_colour,424,615,372,593,476,637,COLOR_SEC
20:42:28.455,374,litter_colour,1308,1028,1262,1004,1354,1052,COLOR_SEC
20:42:28.455,374,litter_colour,753,854,709,826,798,883,COLOR_SEC
20:42:28.455,374,litter_colour,214,811,186,792,243,830,COLOR_SEC
20:42:28.455,374,litter_colour,425,615,373,594,477,637,COLOR_SEC
20:42:28.498,375,litter_colour,1315,1035,1273,1017,1357,1054,COLOR_SEC
20:42:28.498,375,litter_colour,838,868,791,843,885,893,COLOR_SEC
20:42:28.498,375,litter_colour,754,852,717,827,791,877,COLOR_SEC
20:42:28.498,375,litter_colour,219,806,192,791,246,822,COLOR_SEC
20:42:28.498,375,litter_colour,429,614,374,592,484,636,COLOR_SEC
20:42:28.537,376,litter_colour,1317,1038,1275,1019,1359,1057,COLOR_SEC
20:42:28.537,376,litter_colour,839,869,792,844,886,895,COLOR_SEC
20:42:28.537,376,litter_colour,432,613,376,592,489,635,COLOR_SEC
20:42:28.578,377,litter_colour,1314,1034,1268,1010,1361,1059,COLOR_SEC
20:42:28.578,377,litter_colour,513,906,482,885,544,927,COLOR_SEC
20:42:28.578,377,litter_colour,839,869,793,844,886,895,COLOR_SEC
20:42:28.578,377,litter_colour,220,805,194,790,247,821,COLOR_SEC
20:42:28.578,377,litter_colour,433,612,378,590,488,634,COLOR_SEC
20:42:28.617,378,litter_colour,626,1062,598,1045,655,1080,COLOR_SEC
20:42:28.617,378,litter_colour,514,906,482,885,547,928,COLOR_SEC
20:42:28.617,378,litter_colour,221,805,195,790,247,820,COLOR_SEC
20:42:28.617,378,litter_colour,434,612,380,591,489,634,COLOR_SEC
20:42:28.658,379,litter_colour,626,1063,598,1046,655,1080,COLOR_SEC
20:42:28.658,379,litter_colour,514,903,483,885,545,922,COLOR_SEC
20:42:28.658,379,litter_colour,222,804,196,789,249,819,COLOR_SEC
20:42:28.658,379,litter_colour,437,611,381,590,494,633,COLOR_SEC
20:42:28.700,380,litter_colour,627,1063,599,1047,655,1080,COLOR_SEC
20:42:28.700,380,litter_colour,515,903,483,885,547,922,COLOR_SEC
20:42:28.700,380,litter_colour,223,804,196,789,250,819,COLOR_SEC
20:42:28.700,380,litter_colour,437,610,383,587,492,633,COLOR_SEC
20:42:28.740,381,litter_colour,627,1064,600,1048,655,1080,COLOR_SEC
20:42:28.740,381,litter_colour,514,904,483,885,545,923,COLOR_SEC
20:42:28.740,381,litter_colour,225,802,198,787,252,817,COLOR_SEC
20:42:28.740,381,litter_colour,438,369,422,340,454,398,COLOR_SEC
20:42:28.780,382,litter_colour,628,1065,601,1050,655,1080,COLOR_SEC
20:42:28.780,382,litter_colour,515,903,484,885,546,922,COLOR_SEC
20:42:28.821,383,litter_colour,628,1065,602,1051,655,1080,COLOR_SEC
20:42:28.821,383,litter_colour,515,904,484,885,547,923,COLOR_SEC
20:42:28.821,383,litter_colour,227,801,201,787,254,816,COLOR_SEC
20:42:28.861,384,litter_colour,516,905,485,886,547,925,COLOR_SEC
20:42:28.901,385,litter_colour,517,905,486,886,548,924,COLOR_SEC
20:42:28.901,385,litter_colour,231,800,204,785,258,815,COLOR_SEC
20:42:28.943,386,litter_colour,518,909,487,887,550,932,COLOR_SEC
20:42:28.982,387,litter_colour,519,907,488,888,551,927,COLOR_SEC
20:42:29.104,390,litter_colour,777,859,746,835,808,884,COLOR_SEC
20:42:29.144,391,litter_colour,778,860,747,837,810,884,COLOR_SEC
20:42:29.186,392,litter_colour,780,866,749,838,812,894,COLOR_SEC
20:42:29.228,393,litter_colour,788,861,763,839,813,884,COLOR_SEC
20:42:29.228,393,litter_colour,336,588,305,569,367,607,COLOR_SEC
20:42:29.268,394,litter_colour,783,868,752,840,815,897,COLOR_SEC
20:42:29.268,394,litter_colour,428,783,347,747,510,820,COLOR_SEC
20:42:29.268,394,litter_colour,322,588,276,569,368,607,COLOR_SEC
20:42:29.307,395,litter_colour,785,864,753,841,817,888,COLOR_SEC
20:42:29.307,395,litter_colour,429,785,347,751,512,820,COLOR_SEC
20:42:29.307,395,litter_colour,334,587,299,568,370,607,COLOR_SEC
20:42:29.347,396,litter_colour,786,866,755,843,818,889,COLOR_SEC
20:42:29.347,396,litter_colour,431,785,349,750,513,820,COLOR_SEC
20:42:29.347,396,litter_colour,358,582,301,557,416,607,COLOR_SEC
20:42:29.389,397,litter_colour,794,867,768,844,820,890,COLOR_SEC
20:42:29.389,397,litter_colour,432,785,351,751,514,820,COLOR_SEC
20:42:29.389,397,litter_colour,351,586,324,568,379,605,COLOR_SEC
20:42:29.429,398,litter_colour,789,868,757,845,821,892,COLOR_SEC
20:42:29.429,398,litter_colour,434,786,353,751,515,821,COLOR_SEC
20:42:29.471,399,litter_colour,797,869,771,846,823,893,COLOR_SEC
20:42:29.471,399,litter_colour,418,787,355,754,482,821,COLOR_SEC
20:42:29.511,400,litter_colour,791,871,759,847,824,895,COLOR_SEC
20:42:29.511,400,litter_colour,437,786,356,750,519,822,COLOR_SEC
20:42:29.511,400,litter_colour,354,585,321,565,388,605,COLOR_SEC
20:42:29.552,401,litter_colour,799,871,773,848,826,895,COLOR_SEC
20:42:29.552,401,litter_colour,420,787,357,754,484,821,COLOR_SEC
20:42:29.593,402,litter_colour,863,903,824,875,902,932,COLOR_SEC
20:42:29.634,403,litter_colour,865,904,827,876,904,933,COLOR_SEC
20:42:29.634,403,litter_colour,426,787,361,753,492,821,COLOR_SEC
20:42:29.674,404,litter_colour,867,906,828,878,906,934,COLOR_SEC
20:42:29.715,405,litter_colour,870,908,831,879,909,937,COLOR_SEC
20:42:29.715,405,litter_colour,431,787,366,753,497,821,COLOR_SEC
20:42:29.755,406,litter_colour,872,909,833,880,912,938,COLOR_SEC
20:42:29.756,406,litter_colour,432,786,369,752,496,820,COLOR_SEC
20:42:29.797,407,litter_colour,875,911,835,881,915,941,COLOR_SEC
20:42:29.839,408,litter_colour,428,927,409,900,448,955,COLOR_SEC
20:42:29.839,408,litter_colour,877,911,837,882,917,940,COLOR_SEC
20:42:29.878,409,litter_colour,434,927,417,900,451,955,COLOR_SEC
20:42:29.918,410,litter_colour,436,926,420,899,453,954,COLOR_SEC
20:42:29.961,411,litter_colour,439,925,423,898,456,953,COLOR_SEC
20:42:30.082,414,litter_colour,558,923,528,901,589,946,COLOR_SEC
20:42:34.034,511,litter_colour,546,746,472,663,620,830,COLOR_SEC
20:42:34.073,512,litter_colour,553,739,485,663,622,815,COLOR_SEC
20:42:34.114,513,litter_colour,555,740,485,664,625,817,COLOR_SEC
20:42:34.114,513,litter_colour,913,552,869,529,957,575,COLOR_SEC
20:42:34.156,514,litter_colour,917,553,874,530,960,577,COLOR_SEC
20:42:34.196,515,litter_colour,551,753,476,667,627,839,COLOR_SEC
20:42:34.238,516,litter_colour,916,555,865,532,967,579,COLOR_SEC
20:42:34.319,518,litter_colour,834,459,797,442,872,477,COLOR_SEC
20:42:34.360,519,litter_colour,835,446,797,415,874,477,COLOR_SEC
20:42:34.398,520,litter_colour,837,456,801,436,873,477,COLOR_SEC
20:42:34.563,524,litter_colour,1069,371,1031,342,1107,401,COLOR_SEC
20:42:34.604,525,litter_colour,1070,378,1032,355,1109,402,COLOR_SEC
20:42:34.646,526,litter_colour,1072,379,1034,356,1111,402,COLOR_SEC
20:42:34.686,527,litter_colour,1074,373,1036,342,1113,404,COLOR_SEC
20:42:34.726,528,litter_colour,1076,379,1038,356,1115,403,COLOR_SEC
20:42:34.767,529,litter_colour,421,981,307,883,535,1080,COLOR_SEC
20:42:34.768,529,litter_colour,1078,373,1040,343,1117,404,COLOR_SEC
20:42:34.808,530,litter_colour,425,982,316,885,534,1080,COLOR_SEC
20:42:34.808,530,litter_colour,754,830,731,812,777,849,COLOR_SEC
20:42:34.849,531,litter_colour,426,983,318,887,535,1080,COLOR_SEC
20:42:34.849,531,litter_colour,755,833,732,814,778,852,COLOR_SEC
20:42:34.849,531,litter_colour,1070,543,1010,497,1130,589,COLOR_SEC
20:42:34.891,532,litter_colour,430,984,325,889,535,1080,COLOR_SEC
20:42:34.891,532,litter_colour,756,835,733,816,780,854,COLOR_SEC
20:42:34.891,532,litter_colour,1072,543,1012,497,1132,590,COLOR_SEC
20:42:34.891,532,litter_colour,746,337,711,324,782,351,COLOR_SEC
20:42:34.931,533,litter_colour,434,986,333,892,535,1080,COLOR_SEC
20:42:34.931,533,litter_colour,758,836,734,815,783,857,COLOR_SEC
20:42:34.931,533,litter_colour,1074,544,1014,498,1134,591,COLOR_SEC
20:42:34.931,533,litter_colour,357,420,334,399,381,442,COLOR_SEC
20:42:34.931,533,litter_colour,747,337,713,324,782,351,COLOR_SEC
20:42:34.970,534,litter_colour,434,987,333,894,536,1080,COLOR_SEC
20:42:34.970,534,litter_colour,759,839,736,820,783,859,COLOR_SEC
20:42:34.970,534,litter_colour,1039,623,987,593,1092,653,COLOR_SEC
20:42:34.970,534,litter_colour,1076,545,1016,499,1136,591,COLOR_SEC
20:42:34.970,534,litter_colour,750,337,715,324,786,351,COLOR_SEC
20:42:35.010,535,litter_colour,434,988,333,896,536,1080,COLOR_SEC
20:42:35.010,535,litter_colour,1078,546,1018,499,1139,593,COLOR_SEC
20:42:35.010,535,litter_colour,869,453,828,420,911,486,COLOR_SEC
20:42:35.010,535,litter_colour,752,337,716,324,788,351,COLOR_SEC
20:42:35.051,536,litter_colour,436,989,337,898,536,1080,COLOR_SEC
20:42:35.051,536,litter_colour,866,453,830,420,903,486,COLOR_SEC
20:42:35.051,536,litter_colour,754,337,718,324,790,351,COLOR_SEC
20:42:35.092,537,litter_colour,437,990,337,900,537,1080,COLOR_SEC
20:42:35.092,537,litter_colour,870,452,832,420,908,485,COLOR_SEC
20:42:35.092,537,litter_colour,755,338,718,324,792,352,COLOR_SEC
20:42:35.132,538,litter_colour,580,795,511,729,649,861,COLOR_SEC
20:42:35.132,538,litter_colour,876,453,836,421,917,486,COLOR_SEC
20:42:35.132,538,litter_colour,758,338,721,324,795,353,COLOR_SEC
20:42:35.173,539,litter_colour,579,796,509,730,650,863,COLOR_SEC
20:42:35.173,539,litter_colour,878,454,836,421,920,488,COLOR_SEC
20:42:35.214,540,litter_colour,580,798,510,731,651,865,COLOR_SEC
20:42:35.214,540,litter_colour,876,470,840,451,912,489,COLOR_SEC
20:42:35.215,540,litter_colour,758,338,717,324,799,353,COLOR_SEC
20:42:35.257,541,litter_colour,580,799,509,731,652,867,COLOR_SEC
20:42:35.378,544,litter_colour,1392,340,1349,324,1436,356,COLOR_SEC
20:42:35.419,545,litter_colour,1394,340,1351,324,1438,356,COLOR_SEC
20:42:35.461,546,litter_colour,31,402,0,329,62,476,COLOR_SEC
20:42:35.461,546,litter_colour,1396,340,1353,324,1440,356,COLOR_SEC
20:42:35.500,547,litter_colour,1398,340,1355,324,1442,356,COLOR_SEC
20:42:35.540,548,litter_colour,392,420,369,399,415,442,COLOR_SEC
20:42:35.580,549,litter_colour,771,866,746,845,796,888,COLOR_SEC
20:42:35.580,549,litter_colour,1058,624,1013,583,1104,665,COLOR_SEC
20:42:35.580,549,litter_colour,393,420,371,399,416,441,COLOR_SEC
20:42:35.580,549,litter_colour,35,401,4,328,67,474,COLOR_SEC
20:42:35.620,550,litter_colour,937,906,860,864,1014,949,COLOR_SEC
20:42:35.620,550,litter_colour,771,871,746,847,796,895,COLOR_SEC
20:42:35.620,550,litter_colour,1060,625,1015,584,1106,666,COLOR_SEC
20:42:35.620,550,litter_colour,1106,552,1044,504,1169,601,COLOR_SEC
20:42:35.620,550,litter_colour,395,420,372,399,418,441,COLOR_SEC
20:42:35.662,551,litter_colour,929,914,861,866,997,963,COLOR_SEC
20:42:35.662,551,litter_colour,771,870,746,848,796,892,COLOR_SEC
20:42:35.662,551,litter_colour,1067,625,1015,584,1119,667,COLOR_SEC
20:42:35.662,551,litter_colour,1107,552,1045,503,1170,601,COLOR_SEC
20:42:35.662,551,litter_colour,397,420,374,399,420,441,COLOR_SEC
20:42:35.703,552,litter_colour,930,910,861,868,999,953,COLOR_SEC
20:42:35.703,552,litter_colour,771,872,746,850,797,894,COLOR_SEC
20:42:35.703,552,litter_colour,1063,626,1017,585,1109,667,COLOR_SEC
20:42:35.703,552,litter_colour,1109,552,1046,503,1172,602,COLOR_SEC
20:42:35.703,552,litter_colour,398,420,375,399,421,441,COLOR_SEC
20:42:35.742,553,litter_colour,930,913,861,870,999,956,COLOR_SEC
20:42:35.742,553,litter_colour,771,874,745,852,797,896,COLOR_SEC
20:42:35.742,553,litter_colour,1064,626,1019,585,1110,668,COLOR_SEC
20:42:35.742,553,litter_colour,399,419,377,399,422,440,COLOR_SEC
20:42:35.782,554,litter_colour,939,919,862,873,1017,966,COLOR_SEC
20:42:35.782,554,litter_colour,771,878,745,854,797,903,COLOR_SEC
20:42:35.782,554,litter_colour,1067,627,1021,585,1114,669,COLOR_SEC
20:42:35.782,554,litter_colour,1111,552,1048,503,1175,602,COLOR_SEC
20:42:35.823,555,litter_colour,1068,628,1022,586,1114,670,COLOR_SEC
20:42:35.823,555,litter_colour,981,581,925,553,1037,609,COLOR_SEC
20:42:35.823,555,litter_colour,901,457,859,426,943,489,COLOR_SEC
20:42:35.823,555,litter_colour,781,338,740,324,822,353,COLOR_SEC
20:42:35.865,556,litter_colour,1069,628,1023,586,1115,671,COLOR_SEC
20:42:35.865,556,litter_colour,984,581,930,554,1039,609,COLOR_SEC
20:42:35.865,556,litter_colour,1114,554,1051,505,1178,604,COLOR_SEC
20:42:35.865,556,litter_colour,902,457,861,425,944,489,COLOR_SEC
20:42:35.865,556,litter_colour,787,339,751,324,823,354,COLOR_SEC
20:42:35.906,557,litter_colour,1075,629,1024,587,1127,672,COLOR_SEC
20:42:35.906,557,litter_colour,976,581,913,554,1040,609,COLOR_SEC
20:42:35.906,557,litter_colour,897,457,861,426,934,489,COLOR_SEC
20:42:35.906,557,litter_colour,788,339,752,324,824,354,COLOR_SEC
20:42:35.947,558,litter_colour,1076,630,1024,587,1129,673,COLOR_SEC
20:42:35.947,558,litter_colour,988,582,936,554,1040,611,COLOR_SEC
20:42:35.947,558,litter_colour,900,470,863,452,937,489,COLOR_SEC
20:42:35.947,558,litter_colour,789,339,753,324,825,354,COLOR_SEC
20:42:35.988,559,litter_colour,994,583,946,555,1042,612,COLOR_SEC
20:42:35.988,559,litter_colour,1117,555,1054,506,1181,605,COLOR_SEC
20:42:35.988,559,litter_colour,901,457,866,425,937,490,COLOR_SEC
20:42:35.988,559,litter_colour,790,339,754,324,826,354,COLOR_SEC
20:42:36.027,560,litter_colour,967,587,935,562,999,612,COLOR_SEC
20:42:36.027,560,litter_colour,1118,556,1054,506,1182,606,COLOR_SEC
20:42:36.027,560,litter_colour,905,457,864,424,946,491,COLOR_SEC
20:42:36.027,560,litter_colour,786,339,745,324,827,354,COLOR_SEC
20:42:36.067,561,litter_colour,1079,633,1039,589,1120,677,COLOR_SEC
20:42:36.068,561,litter_colour,972,586,945,562,1000,611,COLOR_SEC
20:42:36.068,561,litter_colour,1119,557,1055,507,1183,607,COLOR_SEC
20:42:36.068,561,litter_colour,904,457,865,426,943,489,COLOR_SEC
20:42:36.068,561,litter_colour,787,339,746,324,828,354,COLOR_SEC
20:42:36.108,562,litter_colour,569,825,487,749,652,901,COLOR_SEC
20:42:36.108,562,litter_colour,967,589,933,562,1001,617,COLOR_SEC
20:42:36.108,562,litter_colour,906,457,866,422,947,493,COLOR_SEC
20:42:36.108,562,litter_colour,1419,341,1373,324,1466,359,COLOR_SEC
20:42:36.108,562,litter_colour,788,339,747,324,829,354,COLOR_SEC
20:42:36.150,563,litter_colour,412,1018,317,957,507,1080,COLOR_SEC
20:42:36.150,563,litter_colour,568,827,485,750,651,904,COLOR_SEC
20:42:36.150,563,litter_colour,970,588,947,564,994,613,COLOR_SEC
20:42:36.150,563,litter_colour,906,456,867,422,945,491,COLOR_SEC
20:42:36.150,563,litter_colour,1421,341,1374,324,1468,359,COLOR_SEC
20:42:36.150,563,litter_colour,794,339,758,324,830,354,COLOR_SEC
20:42:36.192,564,litter_colour,415,1021,327,962,504,1080,COLOR_SEC
20:42:36.192,564,litter_colour,1018,823,994,806,1042,840,COLOR_SEC
20:42:36.192,564,litter_colour,566,829,483,751,650,907,COLOR_SEC
20:42:36.192,564,litter_colour,967,591,933,563,1002,619,COLOR_SEC
20:42:36.192,564,litter_colour,907,458,868,423,947,493,COLOR_SEC
20:42:36.192,564,litter_colour,1422,342,1375,324,1470,360,COLOR_SEC
20:42:36.192,564,litter_colour,795,339,759,324,831,354,COLOR_SEC
20:42:36.231,565,litter_colour,419,1022,336,965,502,1080,COLOR_SEC
20:42:36.231,565,litter_colour,1020,825,997,809,1043,842,COLOR_SEC
20:42:36.231,565,litter_colour,565,831,481,753,649,909,COLOR_SEC
20:42:36.231,565,litter_colour,970,588,934,563,1006,614,COLOR_SEC
20:42:36.231,565,litter_colour,906,459,869,427,943,491,COLOR_SEC
20:42:36.231,565,litter_colour,1424,342,1377,324,1471,360,COLOR_SEC
20:42:36.231,565,litter_colour,791,339,751,324,832,354,COLOR_SEC
20:42:36.270,566,litter_colour,416,1024,333,969,500,1080,COLOR_SEC
20:42:36.270,566,litter_colour,1019,828,995,811,1044,845,COLOR_SEC
20:42:36.270,566,litter_colour,564,833,479,754,649,912,COLOR_SEC
20:42:36.270,566,litter_colour,970,590,936,565,1004,615,COLOR_SEC
20:42:36.270,566,litter_colour,910,457,870,423,950,491,COLOR_SEC
20:42:36.270,566,litter_colour,1425,342,1378,324,1473,360,COLOR_SEC
20:42:36.270,566,litter_colour,797,339,762,324,833,355,COLOR_SEC
20:42:36.311,567,litter_colour,414,1026,332,973,497,1080,COLOR_SEC
20:42:36.311,567,litter_colour,1020,830,995,813,1045,847,COLOR_SEC
20:42:36.311,567,litter_colour,562,836,476,756,648,916,COLOR_SEC
20:42:36.311,567,litter_colour,971,591,936,565,1006,617,COLOR_SEC
20:42:36.311,567,litter_colour,910,456,870,422,950,491,COLOR_SEC
20:42:36.311,567,litter_colour,1426,342,1379,324,1474,360,COLOR_SEC
20:42:36.311,567,litter_colour,793,339,753,324,834,354,COLOR_SEC
20:42:36.351,568,litter_colour,409,1028,325,977,494,1080,COLOR_SEC
20:42:36.351,568,litter_colour,1021,833,998,816,1045,850,COLOR_SEC
20:42:36.351,568,litter_colour,560,838,474,758,647,919,COLOR_SEC
20:42:36.351,568,litter_colour,960,591,937,566,984,617,COLOR_SEC
20:42:36.351,568,litter_colour,911,457,871,423,951,491,COLOR_SEC
20:42:36.351,568,litter_colour,416,418,391,397,441,440,COLOR_SEC
20:42:36.351,568,litter_colour,1427,342,1380,324,1475,360,COLOR_SEC
20:42:36.351,568,litter_colour,794,339,754,324,834,354,COLOR_SEC
20:42:36.351,568,litter_colour,57,398,27,324,88,472,COLOR_SEC
20:42:36.391,569,litter_colour,410,1030,329,981,491,1080,COLOR_SEC
20:42:36.392,569,litter_colour,1021,836,997,819,1045,853,COLOR_SEC
20:42:36.392,569,litter_colour,911,459,871,426,951,493,COLOR_SEC
20:42:36.392,569,litter_colour,416,419,392,398,441,440,COLOR_SEC
20:42:36.392,569,litter_colour,1428,342,1381,324,1476,360,COLOR_SEC
20:42:36.392,569,litter_colour,794,339,754,324,835,354,COLOR_SEC
20:42:36.392,569,litter_colour,58,398,28,324,88,472,COLOR_SEC
20:42:36.433,570,litter_colour,412,1032,336,985,488,1080,COLOR_SEC
20:42:36.433,570,litter_colour,1021,838,997,821,1046,856,COLOR_SEC
20:42:36.433,570,litter_colour,961,594,938,570,985,619,COLOR_SEC
20:42:36.433,570,litter_colour,913,457,872,422,954,493,COLOR_SEC
20:42:36.433,570,litter_colour,417,419,392,398,442,440,COLOR_SEC
20:42:36.433,570,litter_colour,1428,342,1381,324,1476,360,COLOR_SEC
20:42:36.433,570,litter_colour,795,339,755,324,836,355,COLOR_SEC
20:42:36.433,570,litter_colour,58,398,28,324,88,472,COLOR_SEC
20:42:36.474,571,litter_colour,409,1034,333,989,485,1080,COLOR_SEC
20:42:36.474,571,litter_colour,961,595,938,571,985,620,COLOR_SEC
20:42:36.474,571,litter_colour,912,457,872,422,953,493,COLOR_SEC
20:42:36.474,571,litter_colour,417,419,393,398,442,440,COLOR_SEC
20:42:36.474,571,litter_colour,1429,342,1381,324,1477,361,COLOR_SEC
20:42:36.474,571,litter_colour,795,339,755,324,836,354,COLOR_SEC
20:42:36.474,571,litter_colour,58,398,28,324,88,472,COLOR_SEC
20:42:36.515,572,litter_colour,410,1036,339,993,482,1080,COLOR_SEC
20:42:36.515,572,litter_colour,965,597,930,568,1000,626,COLOR_SEC
20:42:36.515,572,litter_colour,913,457,872,422,955,492,COLOR_SEC
20:42:36.515,572,litter_colour,418,419,393,398,443,440,COLOR_SEC
20:42:36.515,572,litter_colour,1430,342,1382,324,1478,361,COLOR_SEC
20:42:36.515,572,litter_colour,796,339,756,324,837,355,COLOR_SEC
20:42:36.515,572,litter_colour,58,398,28,324,88,472,COLOR_SEC
20:42:36.556,573,litter_colour,412,1039,345,998,479,1080,COLOR_SEC
20:42:36.556,573,litter_colour,913,461,872,429,954,494,COLOR_SEC
20:42:36.556,573,litter_colour,417,419,393,398,442,440,COLOR_SEC
20:42:36.556,573,litter_colour,1429,342,1381,324,1477,361,COLOR_SEC
20:42:36.556,573,litter_colour,796,339,756,324,837,355,COLOR_SEC
20:42:36.556,573,litter_colour,58,398,28,324,88,472,COLOR_SEC
20:42:36.598,574,litter_colour,913,460,873,428,954,493,COLOR_SEC
20:42:36.598,574,litter_colour,417,419,393,398,442,440,COLOR_SEC
20:42:36.598,574,litter_colour,1429,342,1381,324,1478,361,COLOR_SEC
20:42:36.599,574,litter_colour,796,339,756,324,837,354,COLOR_SEC
20:42:36.599,574,litter_colour,57,398,27,324,87,472,COLOR_SEC
20:42:36.639,575,litter_colour,916,460,872,428,961,493,COLOR_SEC
20:42:36.639,575,litter_colour,417,419,393,398,442,440,COLOR_SEC
20:42:36.639,575,litter_colour,1429,343,1381,324,1478,362,COLOR_SEC
20:42:36.639,575,litter_colour,57,398,27,324,87,472,COLOR_SEC
20:42:36.680,576,litter_colour,914,460,872,428,957,493,COLOR_SEC
20:42:36.680,576,litter_colour,417,419,393,398,442,441,COLOR_SEC
20:42:36.680,576,litter_colour,57,399,27,325,87,473,COLOR_SEC
20:42:36.680,576,litter_colour,1430,343,1381,324,1479,362,COLOR_SEC
20:42:36.680,576,litter_colour,797,339,757,324,837,355,COLOR_SEC
20:42:36.722,577,litter_colour,910,460,872,428,949,493,COLOR_SEC
20:42:36.722,577,litter_colour,417,419,393,398,442,441,COLOR_SEC
20:42:36.722,577,litter_colour,56,399,26,326,87,473,COLOR_SEC
20:42:36.722,577,litter_colour,1424,343,1370,324,1479,362,COLOR_SEC
20:42:36.722,577,litter_colour,797,339,757,324,838,355,COLOR_SEC
20:42:36.763,578,litter_colour,913,459,872,424,955,494,COLOR_SEC
20:42:36.763,578,litter_colour,417,419,393,398,442,441,COLOR_SEC
20:42:36.763,578,litter_colour,1425,343,1370,324,1480,362,COLOR_SEC
20:42:36.763,578,litter_colour,797,339,757,324,838,355,COLOR_SEC
20:42:36.763,578,litter_colour,56,398,26,324,86,473,COLOR_SEC
20:42:36.804,579,litter_colour,1026,583,998,566,1055,601,COLOR_SEC
20:42:36.804,579,litter_colour,913,459,872,424,955,494,COLOR_SEC
20:42:36.804,579,litter_colour,417,419,393,398,442,441,COLOR_SEC
20:42:36.804,579,litter_colour,1425,343,1370,324,1481,363,COLOR_SEC
20:42:36.804,579,litter_colour,55,399,25,324,86,474,COLOR_SEC
20:42:36.845,580,litter_colour,1026,582,998,565,1055,600,COLOR_SEC
20:42:36.845,580,litter_colour,913,461,873,428,954,494,COLOR_SEC
20:42:36.845,580,litter_colour,417,420,393,399,442,441,COLOR_SEC
20:42:36.845,580,litter_colour,55,399,25,325,86,474,COLOR_SEC
20:42:36.845,580,litter_colour,1425,343,1370,324,1481,363,COLOR_SEC
20:42:36.884,581,litter_colour,1026,583,998,565,1055,602,COLOR_SEC
20:42:36.884,581,litter_colour,911,461,873,428,949,494,COLOR_SEC
20:42:36.884,581,litter_colour,417,420,393,399,442,441,COLOR_SEC
20:42:36.884,581,litter_colour,1425,343,1370,324,1481,363,COLOR_SEC
20:42:36.926,582,litter_colour,1026,584,998,567,1055,601,COLOR_SEC
20:42:36.926,582,litter_colour,913,459,873,425,953,494,COLOR_SEC
20:42:36.926,582,litter_colour,417,420,393,399,442,441,COLOR_SEC
20:42:36.926,582,litter_colour,54,399,24,325,84,474,COLOR_SEC
20:42:36.926,582,litter_colour,1426,343,1371,324,1481,363,COLOR_SEC
20:42:36.926,582,litter_colour,798,340,758,324,839,356,COLOR_SEC
20:42:36.967,583,litter_colour,1090,653,1043,604,1137,703,COLOR_SEC
20:42:36.967,583,litter_colour,1027,585,998,568,1056,602,COLOR_SEC
20:42:36.967,583,litter_colour,911,459,873,425,950,494,COLOR_SEC
20:42:36.967,583,litter_colour,417,420,393,399,442,441,COLOR_SEC
20:42:36.967,583,litter_colour,53,399,23,325,84,474,COLOR_SEC
20:42:36.967,583,litter_colour,1426,343,1371,324,1481,363,COLOR_SEC
20:42:36.967,583,litter_colour,798,339,758,324,839,355,COLOR_SEC
20:42:37.009,584,litter_colour,1091,661,1043,617,1139,706,COLOR_SEC
20:42:37.009,584,litter_colour,1027,585,998,568,1056,602,COLOR_SEC
20:42:37.009,584,litter_colour,1134,568,1067,514,1201,623,COLOR_SEC
20:42:37.009,584,litter_colour,911,459,873,425,950,494,COLOR_SEC
20:42:37.009,584,litter_colour,417,419,392,398,442,441,COLOR_SEC
20:42:37.009,584,litter_colour,52,399,22,325,83,474,COLOR_SEC
20:42:37.009,584,litter_colour,1426,343,1371,324,1482,363,COLOR_SEC
20:42:37.009,584,litter_colour,798,340,758,324,839,356,COLOR_SEC
20:42:37.050,585,litter_colour,1025,876,1000,857,1051,896,COLOR_SEC
20:42:37.050,585,litter_colour,1092,649,1044,594,1140,705,COLOR_SEC
20:42:37.050,585,litter_colour,1036,585,1017,568,1056,603,COLOR_SEC
20:42:37.050,585,litter_colour,1134,568,1068,514,1201,623,COLOR_SEC
20:42:37.050,585,litter_colour,913,461,873,429,954,494,COLOR_SEC
20:42:37.050,585,litter_colour,417,419,392,398,442,441,COLOR_SEC
20:42:37.050,585,litter_colour,52,399,22,325,82,473,COLOR_SEC
20:42:37.050,585,litter_colour,1426,343,1371,324,1482,363,COLOR_SEC
20:42:37.050,585,litter_colour,798,340,758,324,839,356,COLOR_SEC
20:42:37.092,586,litter_colour,1026,879,1000,859,1052,899,COLOR_SEC
20:42:37.092,586,litter_colour,1092,651,1044,594,1141,708,COLOR_SEC
20:42:37.092,586,litter_colour,1027,586,998,569,1056,603,COLOR_SEC
20:42:37.092,586,litter_colour,1135,569,1068,515,1202,623,COLOR_SEC
20:42:37.092,586,litter_colour,913,462,873,430,953,494,COLOR_SEC
20:42:37.092,586,litter_colour,417,420,392,399,442,441,COLOR_SEC
20:42:37.092,586,litter_colour,1426,344,1371,324,1482,364,COLOR_SEC
20:42:37.092,586,litter_colour,798,340,758,324,839,356,COLOR_SEC
20:42:37.092,586,litter_colour,51,399,21,324,82,474,COLOR_SEC
20:42:37.132,587,litter_colour,1092,652,1044,597,1141,707,COLOR_SEC
20:42:37.132,587,litter_colour,1037,586,1017,569,1057,604,COLOR_SEC
20:42:37.132,587,litter_colour,1136,569,1069,515,1203,624,COLOR_SEC
20:42:37.132,587,litter_colour,913,462,873,430,953,494,COLOR_SEC
20:42:37.132,587,litter_colour,416,420,392,399,441,441,COLOR_SEC
20:42:37.132,587,litter_colour,1426,344,1371,324,1482,364,COLOR_SEC
20:42:37.132,587,litter_colour,798,340,758,324,839,356,COLOR_SEC
20:42:37.132,587,litter_colour,50,398,20,324,81,473,COLOR_SEC
20:42:37.172,588,litter_colour,1093,651,1045,595,1142,707,COLOR_SEC
20:42:37.172,588,litter_colour,1028,586,999,569,1057,604,COLOR_SEC
20:42:37.172,588,litter_colour,1136,569,1069,515,1203,624,COLOR_SEC
20:42:37.172,588,litter_colour,912,462,873,430,951,494,COLOR_SEC
20:42:37.172,588,litter_colour,416,420,392,399,441,441,COLOR_SEC
20:42:37.172,588,litter_colour,1427,344,1371,324,1483,364,COLOR_SEC
20:42:37.172,588,litter_colour,798,340,758,324,839,356,COLOR_SEC
20:42:37.172,588,litter_colour,49,399,19,324,80,474,COLOR_SEC
20:42:37.214,589,litter_colour,1093,652,1045,597,1142,708,COLOR_SEC
20:42:37.214,589,litter_colour,1037,587,1017,570,1057,604,COLOR_SEC
20:42:37.214,589,litter_colour,1136,570,1069,515,1203,625,COLOR_SEC
20:42:37.214,589,litter_colour,909,455,873,425,945,485,COLOR_SEC
20:42:37.214,589,litter_colour,416,420,391,399,441,441,COLOR_SEC
20:42:37.214,589,litter_colour,1427,344,1372,324,1483,364,COLOR_SEC
20:42:37.214,589,litter_colour,798,340,758,324,839,356,COLOR_SEC
20:42:37.214,589,litter_colour,48,398,18,324,79,473,COLOR_SEC
20:42:37.254,590,litter_colour,1094,658,1045,607,1143,709,COLOR_SEC
20:42:37.254,590,litter_colour,1028,587,1000,570,1057,604,COLOR_SEC
20:42:37.254,590,litter_colour,1136,569,1068,515,1204,624,COLOR_SEC
20:42:37.254,590,litter_colour,906,455,873,425,939,485,COLOR_SEC
20:42:37.254,590,litter_colour,416,420,391,399,441,441,COLOR_SEC
20:42:37.254,590,litter_colour,1427,344,1372,324,1483,364,COLOR_SEC
20:42:37.254,590,litter_colour,798,340,758,324,839,356,COLOR_SEC
20:42:37.254,590,litter_colour,47,398,17,324,78,473,COLOR_SEC
20:42:37.296,591,litter_colour,1102,659,1064,607,1141,712,COLOR_SEC
20:42:37.296,591,litter_colour,1029,587,1000,570,1058,604,COLOR_SEC
20:42:37.296,591,litter_colour,1137,571,1069,517,1205,626,COLOR_SEC
20:42:37.296,591,litter_colour,912,459,873,425,951,494,COLOR_SEC
20:42:37.296,591,litter_colour,415,419,390,398,440,441,COLOR_SEC
20:42:37.296,591,litter_colour,1427,344,1371,324,1483,364,COLOR_SEC
20:42:37.296,591,litter_colour,798,340,758,324,839,356,COLOR_SEC
20:42:37.296,591,litter_colour,46,398,16,324,77,473,COLOR_SEC
20:42:37.338,592,litter_colour,1094,659,1046,607,1142,711,COLOR_SEC
20:42:37.338,592,litter_colour,969,611,951,587,988,635,COLOR_SEC
20:42:37.338,592,litter_colour,1037,587,1017,570,1057,605,COLOR_SEC
20:42:37.338,592,litter_colour,1137,571,1069,517,1205,626,COLOR_SEC
20:42:37.338,592,litter_colour,911,459,873,425,949,494,COLOR_SEC
20:42:37.338,592,litter_colour,414,419,389,398,440,441,COLOR_SEC
20:42:37.338,592,litter_colour,1426,344,1371,324,1482,364,COLOR_SEC
20:42:37.338,592,litter_colour,798,340,758,324,838,356,COLOR_SEC
20:42:37.338,592,litter_colour,45,399,15,324,76,474,COLOR_SEC
20:42:37.379,593,litter_colour,1095,661,1047,608,1144,714,COLOR_SEC
20:42:37.379,593,litter_colour,963,606,940,577,987,635,COLOR_SEC
20:42:37.379,593,litter_colour,1029,588,1000,571,1058,605,COLOR_SEC
20:42:37.379,593,litter_colour,1136,571,1069,517,1204,626,COLOR_SEC
20:42:37.379,593,litter_colour,910,459,872,424,949,494,COLOR_SEC
20:42:37.379,593,litter_colour,414,419,389,398,439,441,COLOR_SEC
20:42:37.379,593,litter_colour,1426,344,1371,324,1481,364,COLOR_SEC
20:42:37.379,593,litter_colour,797,340,757,324,838,356,COLOR_SEC
20:42:37.379,593,litter_colour,44,399,13,324,75,474,COLOR_SEC
20:42:37.419,594,litter_colour,1094,660,1044,608,1144,712,COLOR_SEC
20:42:37.419,594,litter_colour,965,613,941,589,989,637,COLOR_SEC
20:42:37.419,594,litter_colour,1037,588,1017,571,1058,606,COLOR_SEC
20:42:37.419,594,litter_colour,1137,571,1069,517,1205,626,COLOR_SEC
20:42:37.419,594,litter_colour,911,459,872,424,950,494,COLOR_SEC
20:42:37.419,594,litter_colour,413,419,388,398,439,441,COLOR_SEC
20:42:37.419,594,litter_colour,1426,344,1371,324,1482,364,COLOR_SEC
20:42:37.419,594,litter_colour,797,339,757,324,838,355,COLOR_SEC
20:42:37.419,594,litter_colour,42,398,12,324,73,473,COLOR_SEC
20:42:37.459,595,litter_colour,1094,661,1044,609,1144,713,COLOR_SEC
20:42:37.460,595,litter_colour,964,613,940,589,988,637,COLOR_SEC
20:42:37.460,595,litter_colour,1038,588,1017,571,1059,606,COLOR_SEC
20:42:37.460,595,litter_colour,1137,565,1069,517,1205,614,COLOR_SEC
20:42:37.460,595,litter_colour,911,459,872,424,951,494,COLOR_SEC
20:42:37.460,595,litter_colour,412,419,387,397,438,441,COLOR_SEC
20:42:37.460,595,litter_colour,1426,344,1371,324,1481,364,COLOR_SEC
20:42:37.460,595,litter_colour,797,339,757,324,838,355,COLOR_SEC
20:42:37.460,595,litter_colour,41,399,10,324,72,474,COLOR_SEC
20:42:37.498,596,litter_colour,1093,661,1044,609,1143,714,COLOR_SEC
20:42:37.499,596,litter_colour,968,613,948,589,988,637,COLOR_SEC
20:42:37.499,596,litter_colour,1036,588,1014,571,1059,606,COLOR_SEC
20:42:37.499,596,litter_colour,1137,572,1069,517,1206,627,COLOR_SEC
20:42:37.499,596,litter_colour,911,460,872,426,950,494,COLOR_SEC
20:42:37.499,596,litter_colour,411,419,386,397,437,441,COLOR_SEC
20:42:37.499,596,litter_colour,1425,344,1370,324,1481,364,COLOR_SEC
20:42:37.499,596,litter_colour,40,399,9,324,71,474,COLOR_SEC
20:42:37.540,597,litter_colour,1105,661,1065,609,1145,714,COLOR_SEC
20:42:37.540,597,litter_colour,969,613,949,589,989,637,COLOR_SEC
20:42:37.540,597,litter_colour,1036,588,1014,571,1059,606,COLOR_SEC
20:42:37.540,597,litter_colour,1137,565,1069,517,1206,614,COLOR_SEC
20:42:37.540,597,litter_colour,911,461,872,429,951,494,COLOR_SEC
20:42:37.540,597,litter_colour,411,419,386,398,436,441,COLOR_SEC
20:42:37.540,597,litter_colour,1425,344,1370,324,1481,364,COLOR_SEC
20:42:37.581,598,litter_colour,1094,662,1044,610,1144,715,COLOR_SEC
20:42:37.581,598,litter_colour,964,614,940,589,988,639,COLOR_SEC
20:42:37.581,598,litter_colour,1036,588,1014,571,1059,606,COLOR_SEC
20:42:37.581,598,litter_colour,1137,571,1069,517,1206,626,COLOR_SEC
20:42:37.581,598,litter_colour,911,461,872,429,951,494,COLOR_SEC
20:42:37.581,598,litter_colour,410,419,385,397,436,441,COLOR_SEC
20:42:37.581,598,litter_colour,1425,344,1370,324,1481,364,COLOR_SEC
20:42:37.621,599,litter_colour,1094,676,1044,636,1145,716,COLOR_SEC
20:42:37.621,599,litter_colour,964,608,940,578,989,639,COLOR_SEC
20:42:37.621,599,litter_colour,1036,588,1013,571,1059,606,COLOR_SEC
20:42:37.621,599,litter_colour,1137,565,1068,515,1207,615,COLOR_SEC
20:42:37.621,599,litter_colour,909,460,871,427,948,494,COLOR_SEC
20:42:37.621,599,litter_colour,409,419,384,397,435,441,COLOR_SEC
20:42:37.621,599,litter_colour,1425,344,1370,324,1481,364,COLOR_SEC
20:42:37.621,599,litter_colour,795,339,755,324,836,355,COLOR_SEC
20:42:37.661,600,litter_colour,1095,676,1045,636,1145,716,COLOR_SEC
20:42:37.661,600,litter_colour,968,614,948,590,989,639,COLOR_SEC
20:42:37.661,600,litter_colour,1038,588,1017,571,1059,606,COLOR_SEC
20:42:37.661,600,litter_colour,1137,570,1068,515,1207,626,COLOR_SEC
20:42:37.661,600,litter_colour,906,454,871,425,942,484,COLOR_SEC
20:42:37.661,600,litter_colour,409,419,384,397,435,441,COLOR_SEC
20:42:37.661,600,litter_colour,1424,344,1369,324,1480,364,COLOR_SEC
20:42:37.702,601,litter_colour,1034,909,1007,887,1061,932,COLOR_SEC
20:42:37.702,601,litter_colour,1095,663,1045,610,1146,717,COLOR_SEC
20:42:37.702,601,litter_colour,968,614,948,590,988,639,COLOR_SEC
20:42:37.702,601,litter_colour,1038,588,1017,571,1059,606,COLOR_SEC
20:42:37.702,601,litter_colour,1137,563,1068,515,1207,612,COLOR_SEC
20:42:37.702,601,litter_colour,907,456,871,428,943,484,COLOR_SEC
20:42:37.702,601,litter_colour,408,419,383,397,434,441,COLOR_SEC
20:42:37.702,601,litter_colour,1425,344,1370,324,1480,364,COLOR_SEC
20:42:37.702,601,litter_colour,799,339,764,324,835,355,COLOR_SEC
20:42:37.741,602,litter_colour,1034,911,1006,889,1062,934,COLOR_SEC
20:42:37.741,602,litter_colour,1095,664,1045,611,1146,718,COLOR_SEC
20:42:37.741,602,litter_colour,1036,589,1014,572,1059,607,COLOR_SEC
20:42:37.741,602,litter_colour,1137,565,1067,515,1207,615,COLOR_SEC
20:42:37.741,602,litter_colour,908,461,870,428,947,495,COLOR_SEC
20:42:37.741,602,litter_colour,408,419,382,397,434,441,COLOR_SEC
20:42:37.741,602,litter_colour,1424,344,1369,324,1480,364,COLOR_SEC
20:42:37.741,602,litter_colour,794,339,754,324,835,355,COLOR_SEC
20:42:37.781,603,litter_colour,1035,913,1008,891,1063,936,COLOR_SEC
20:42:37.781,603,litter_colour,1096,665,1045,611,1147,719,COLOR_SEC
20:42:37.781,603,litter_colour,1037,589,1014,572,1060,607,COLOR_SEC
20:42:37.781,603,litter_colour,1137,566,1067,515,1207,617,COLOR_SEC
20:42:37.781,603,litter_colour,908,460,870,427,947,494,COLOR_SEC
20:42:37.781,603,litter_colour,407,419,382,398,433,441,COLOR_SEC
20:42:37.781,603,litter_colour,1424,344,1369,324,1479,364,COLOR_SEC
20:42:37.781,603,litter_colour,799,340,764,324,835,356,COLOR_SEC
20:42:37.821,604,litter_colour,1035,916,1008,893,1063,939,COLOR_SEC
20:42:37.821,604,litter_colour,1097,665,1048,611,1147,719,COLOR_SEC
20:42:37.821,604,litter_colour,1036,589,1013,572,1059,607,COLOR_SEC
20:42:37.821,604,litter_colour,964,606,939,572,989,640,COLOR_SEC
20:42:37.821,604,litter_colour,1138,573,1068,516,1208,631,COLOR_SEC
20:42:37.821,604,litter_colour,908,460,869,427,947,494,COLOR_SEC
20:42:37.821,604,litter_colour,406,419,381,397,432,441,COLOR_SEC
20:42:37.821,604,litter_colour,1423,344,1368,324,1479,364,COLOR_SEC
20:42:37.821,604,litter_colour,793,339,753,324,833,355,COLOR_SEC
20:42:37.863,605,litter_colour,1036,918,1009,895,1064,941,COLOR_SEC
20:42:37.863,605,litter_colour,1097,666,1046,612,1148,720,COLOR_SEC
20:42:37.863,605,litter_colour,963,609,939,578,988,641,COLOR_SEC
20:42:37.863,605,litter_colour,1030,590,1002,572,1059,608,COLOR_SEC
20:42:37.863,605,litter_colour,1138,567,1068,516,1208,618,COLOR_SEC
20:42:37.863,605,litter_colour,907,459,869,424,946,494,COLOR_SEC
20:42:37.863,605,litter_colour,1117,445,1017,404,1218,487,COLOR_SEC
20:42:37.863,605,litter_colour,405,419,379,397,431,441,COLOR_SEC
20:42:37.863,605,litter_colour,1423,344,1368,324,1478,364,COLOR_SEC
20:42:37.863,605,litter_colour,797,340,762,324,833,356,COLOR_SEC
20:42:37.905,606,litter_colour,1097,667,1045,612,1149,722,COLOR_SEC
20:42:37.905,606,litter_colour,963,609,939,578,988,641,COLOR_SEC
20:42:37.905,606,litter_colour,1029,590,1001,572,1058,608,COLOR_SEC
20:42:37.905,606,litter_colour,1137,573,1067,515,1208,631,COLOR_SEC
20:42:37.905,606,litter_colour,907,459,868,424,947,495,COLOR_SEC
20:42:37.905,606,litter_colour,1117,445,1016,404,1218,487,COLOR_SEC
20:42:37.905,606,litter_colour,404,419,378,397,430,441,COLOR_SEC
20:42:37.905,606,litter_colour,1422,344,1367,324,1477,364,COLOR_SEC
20:42:37.905,606,litter_colour,798,339,762,324,834,355,COLOR_SEC
20:42:37.946,607,litter_colour,1096,667,1044,612,1149,722,COLOR_SEC
20:42:37.946,607,litter_colour,963,608,938,573,988,643,COLOR_SEC
20:42:37.946,607,litter_colour,1027,590,996,572,1059,608,COLOR_SEC
20:42:37.946,607,litter_colour,1137,574,1067,515,1207,633,COLOR_SEC
20:42:37.946,607,litter_colour,906,459,867,424,946,494,COLOR_SEC
20:42:37.946,607,litter_colour,1096,441,1015,404,1177,479,COLOR_SEC
20:42:37.946,607,litter_colour,402,419,377,397,427,441,COLOR_SEC
20:42:37.947,607,litter_colour,1421,344,1366,324,1476,364,COLOR_SEC
20:42:37.947,607,litter_colour,791,339,751,324,832,355,COLOR_SEC
20:42:37.988,608,litter_colour,962,607,938,573,986,641,COLOR_SEC
20:42:37.988,608,litter_colour,1035,590,1012,572,1058,608,COLOR_SEC
20:42:37.988,608,litter_colour,1136,573,1066,515,1207,632,COLOR_SEC
20:42:37.988,608,litter_colour,909,459,867,424,951,494,COLOR_SEC
20:42:37.988,608,litter_colour,1115,445,1013,404,1218,487,COLOR_SEC
20:42:37.988,608,litter_colour,400,419,375,397,426,441,COLOR_SEC
20:42:37.988,608,litter_colour,1420,344,1365,324,1476,364,COLOR_SEC
20:42:37.988,608,litter_colour,790,339,750,324,831,355,COLOR_SEC
20:42:38.028,609,litter_colour,964,616,944,592,985,641,COLOR_SEC
20:42:38.028,609,litter_colour,1034,590,1012,572,1057,609,COLOR_SEC
20:42:38.028,609,litter_colour,1136,573,1066,515,1207,632,COLOR_SEC
20:42:38.028,609,litter_colour,906,459,865,424,947,494,COLOR_SEC
20:42:38.028,609,litter_colour,1096,441,1014,403,1178,479,COLOR_SEC
20:42:38.028,609,litter_colour,1420,343,1365,324,1475,363,COLOR_SEC
20:42:38.028,609,litter_colour,789,339,749,324,830,355,COLOR_SEC
20:42:38.069,610,litter_colour,961,611,935,578,987,645,COLOR_SEC
20:42:38.069,610,litter_colour,1034,590,1012,572,1057,608,COLOR_SEC
20:42:38.069,610,litter_colour,1136,573,1065,514,1207,632,COLOR_SEC
20:42:38.069,610,litter_colour,905,459,865,423,946,495,COLOR_SEC
20:42:38.069,610,litter_colour,1115,444,1013,403,1217,486,COLOR_SEC
20:42:38.069,610,litter_colour,1419,343,1364,324,1474,363,COLOR_SEC
20:42:38.069,610,litter_colour,789,339,748,324,831,355,COLOR_SEC
20:42:38.108,611,litter_colour,961,609,936,573,987,645,COLOR_SEC
20:42:38.108,611,litter_colour,1036,590,1015,572,1057,608,COLOR_SEC
20:42:38.108,611,litter_colour,1135,573,1064,514,1207,632,COLOR_SEC
20:42:38.108,611,litter_colour,903,458,864,422,942,495,COLOR_SEC
20:42:38.108,611,litter_colour,1094,440,1013,403,1175,478,COLOR_SEC
20:42:38.108,611,litter_colour,1431,349,1363,324,1500,374,COLOR_SEC
20:42:38.108,611,litter_colour,793,339,758,324,829,354,COLOR_SEC
20:42:38.108,611,litter_colour,22,399,0,324,45,474,COLOR_SEC
20:42:38.149,612,litter_colour,960,611,936,578,984,645,COLOR_SEC
20:42:38.149,612,litter_colour,1036,590,1015,572,1057,608,COLOR_SEC
20:42:38.149,612,litter_colour,1136,573,1065,514,1207,632,COLOR_SEC
20:42:38.149,612,litter_colour,903,458,864,422,942,495,COLOR_SEC
20:42:38.149,612,litter_colour,1093,440,1011,402,1175,478,COLOR_SEC
20:42:38.149,612,litter_colour,1431,349,1364,324,1499,374,COLOR_SEC
20:42:38.149,612,litter_colour,792,339,755,324,829,354,COLOR_SEC
20:42:38.149,612,litter_colour,21,399,0,324,43,474,COLOR_SEC
20:42:38.187,613,litter_colour,964,610,942,578,986,643,COLOR_SEC
20:42:38.187,613,litter_colour,1036,590,1015,572,1057,609,COLOR_SEC
20:42:38.187,613,litter_colour,1136,573,1065,514,1207,632,COLOR_SEC
20:42:38.187,613,litter_colour,904,458,862,423,946,493,COLOR_SEC
20:42:38.187,613,litter_colour,1092,440,1012,402,1172,478,COLOR_SEC
20:42:38.187,613,litter_colour,1435,349,1372,324,1498,374,COLOR_SEC
20:42:38.188,613,litter_colour,792,339,757,324,828,354,COLOR_SEC
20:42:38.188,613,litter_colour,21,399,0,324,42,474,COLOR_SEC
20:42:38.229,614,litter_colour,1098,677,1047,629,1150,726,COLOR_SEC
20:42:38.229,614,litter_colour,961,610,936,573,987,647,COLOR_SEC
20:42:38.229,614,litter_colour,1035,591,1015,571,1056,611,COLOR_SEC
20:42:38.229,614,litter_colour,1136,573,1065,514,1207,632,COLOR_SEC
20:42:38.229,614,litter_colour,905,457,862,421,948,494,COLOR_SEC
20:42:38.229,614,litter_colour,1113,443,1011,402,1216,485,COLOR_SEC
20:42:38.229,614,litter_colour,1434,348,1372,324,1497,373,COLOR_SEC
20:42:38.229,614,litter_colour,791,339,755,324,828,354,COLOR_SEC
20:42:38.229,614,litter_colour,20,398,0,324,40,473,COLOR_SEC
20:42:38.270,615,litter_colour,1098,670,1044,613,1152,727,COLOR_SEC
20:42:38.270,615,litter_colour,1035,591,1015,572,1056,611,COLOR_SEC
20:42:38.270,615,litter_colour,1136,573,1065,514,1208,633,COLOR_SEC
20:42:38.270,615,litter_colour,904,457,862,421,947,494,COLOR_SEC
20:42:38.270,615,litter_colour,1119,448,1011,402,1228,495,COLOR_SEC
20:42:38.270,615,litter_colour,1433,348,1371,324,1496,373,COLOR_SEC
20:42:38.270,615,litter_colour,791,338,755,324,828,353,COLOR_SEC
20:42:38.270,615,litter_colour,19,398,0,324,39,473,COLOR_SEC
20:42:38.310,616,litter_colour,1099,678,1046,630,1152,727,COLOR_SEC
20:42:38.310,616,litter_colour,1035,591,1015,572,1056,611,COLOR_SEC
20:42:38.310,616,litter_colour,1136,573,1064,514,1208,633,COLOR_SEC
20:42:38.310,616,litter_colour,905,457,863,421,947,494,COLOR_SEC
20:42:38.310,616,litter_colour,1433,349,1371,324,1496,374,COLOR_SEC
20:42:38.310,616,litter_colour,791,339,754,324,828,354,COLOR_SEC
20:42:38.310,616,litter_colour,18,398,0,324,37,472,COLOR_SEC
20:42:38.349,617,litter_colour,1033,592,1015,573,1051,612,COLOR_SEC
20:42:38.349,617,litter_colour,1136,574,1065,515,1208,634,COLOR_SEC
20:42:38.349,617,litter_colour,902,469,862,445,942,494,COLOR_SEC
20:42:38.349,617,litter_colour,1433,349,1371,324,1495,374,COLOR_SEC
20:42:38.349,617,litter_colour,791,339,754,324,828,354,COLOR_SEC
20:42:38.349,617,litter_colour,18,398,0,324,36,472,COLOR_SEC
20:42:38.390,618,litter_colour,1033,593,1015,574,1051,612,COLOR_SEC
20:42:38.390,618,litter_colour,1136,575,1064,515,1208,635,COLOR_SEC
20:42:38.390,618,litter_colour,903,461,862,422,945,501,COLOR_SEC
20:42:38.390,618,litter_colour,1428,349,1362,324,1494,374,COLOR_SEC
20:42:38.390,618,litter_colour,790,339,753,324,828,354,COLOR_SEC
20:42:38.390,618,litter_colour,17,398,0,324,34,473,COLOR_SEC
20:42:38.432,619,litter_colour,1033,594,1015,575,1051,613,COLOR_SEC
20:42:38.432,619,litter_colour,1136,575,1064,515,1209,636,COLOR_SEC
20:42:38.432,619,litter_colour,904,456,862,427,947,485,COLOR_SEC
20:42:38.432,619,litter_colour,1094,440,1011,403,1178,477,COLOR_SEC
20:42:38.432,619,litter_colour,1426,349,1360,324,1493,375,COLOR_SEC
20:42:38.432,619,litter_colour,786,339,745,324,827,355,COLOR_SEC
20:42:38.432,619,litter_colour,16,398,0,324,33,473,COLOR_SEC
20:42:38.474,620,litter_colour,1032,595,1014,576,1051,614,COLOR_SEC
20:42:38.474,620,litter_colour,903,454,861,423,945,486,COLOR_SEC
20:42:38.474,620,litter_colour,1088,440,1009,404,1168,477,COLOR_SEC
20:42:38.474,620,litter_colour,1426,350,1361,324,1491,376,COLOR_SEC
20:42:38.474,620,litter_colour,785,339,744,324,827,355,COLOR_SEC
20:42:38.474,620,litter_colour,15,399,0,324,31,474,COLOR_SEC
20:42:38.513,621,litter_colour,1022,596,993,577,1051,615,COLOR_SEC
20:42:38.513,621,litter_colour,894,466,861,446,928,486,COLOR_SEC
20:42:38.513,621,litter_colour,1090,441,1011,404,1169,478,COLOR_SEC
20:42:38.513,621,litter_colour,1425,350,1360,324,1490,376,COLOR_SEC
20:42:38.513,621,litter_colour,785,340,744,324,826,356,COLOR_SEC
20:42:38.513,621,litter_colour,15,399,0,324,30,475,COLOR_SEC
20:42:38.552,622,litter_colour,1032,596,1014,577,1050,616,COLOR_SEC
20:42:38.552,622,litter_colour,1136,577,1063,517,1209,638,COLOR_SEC
20:42:38.552,622,litter_colour,902,461,860,429,945,493,COLOR_SEC
20:42:38.552,622,litter_colour,1089,442,1009,404,1169,480,COLOR_SEC
20:42:38.552,622,litter_colour,1169,391,1146,363,1192,420,COLOR_SEC
20:42:38.552,622,litter_colour,1424,354,1360,324,1489,384,COLOR_SEC
20:42:38.552,622,litter_colour,784,340,743,324,826,356,COLOR_SEC
20:42:38.552,622,litter_colour,14,399,0,324,28,475,COLOR_SEC
20:42:38.594,623,litter_colour,1032,597,1014,578,1051,617,COLOR_SEC
20:42:38.594,623,litter_colour,902,458,860,429,945,487,COLOR_SEC
20:42:38.594,623,litter_colour,1089,442,1009,404,1169,480,COLOR_SEC
20:42:38.594,623,litter_colour,388,420,363,398,413,442,COLOR_SEC
20:42:38.594,623,litter_colour,1424,351,1360,324,1488,378,COLOR_SEC
20:42:38.594,623,litter_colour,784,340,743,324,825,356,COLOR_SEC
20:42:38.635,624,litter_colour,1033,598,1014,578,1052,618,COLOR_SEC
20:42:38.635,624,litter_colour,1136,579,1063,519,1209,639,COLOR_SEC
20:42:38.635,624,litter_colour,902,461,860,429,945,493,COLOR_SEC
20:42:38.635,624,litter_colour,1089,442,1010,404,1169,480,COLOR_SEC
20:42:38.635,624,litter_colour,388,420,363,399,413,442,COLOR_SEC
20:42:38.635,624,litter_colour,1424,354,1360,324,1488,384,COLOR_SEC
20:42:38.635,624,litter_colour,784,340,743,324,825,356,COLOR_SEC
20:42:38.674,625,litter_colour,1032,598,1014,578,1051,619,COLOR_SEC
20:42:38.674,625,litter_colour,902,458,860,429,945,488,COLOR_SEC
20:42:38.674,625,litter_colour,1093,442,1009,405,1177,480,COLOR_SEC
20:42:38.674,625,litter_colour,387,420,362,399,412,442,COLOR_SEC
20:42:38.674,625,litter_colour,1423,351,1360,324,1487,378,COLOR_SEC
20:42:38.674,625,litter_colour,784,340,743,324,825,356,COLOR_SEC
20:42:38.716,626,litter_colour,1033,598,1014,579,1053,618,COLOR_SEC
20:42:38.716,626,litter_colour,902,454,860,422,945,487,COLOR_SEC
20:42:38.716,626,litter_colour,1091,442,1007,404,1175,480,COLOR_SEC
20:42:38.716,626,litter_colour,386,420,361,398,412,442,COLOR_SEC
20:42:38.716,626,litter_colour,1422,351,1358,324,1486,378,COLOR_SEC
20:42:38.716,626,litter_colour,783,340,742,324,824,356,COLOR_SEC
20:42:38.755,627,litter_colour,1033,598,1014,579,1053,618,COLOR_SEC
20:42:38.755,627,litter_colour,1136,578,1063,517,1210,640,COLOR_SEC
20:42:38.755,627,litter_colour,902,457,860,428,944,487,COLOR_SEC
20:42:38.755,627,litter_colour,1081,441,992,404,1170,479,COLOR_SEC
20:42:38.755,627,litter_colour,386,420,361,398,411,442,COLOR_SEC
20:42:38.755,627,litter_colour,1422,353,1359,324,1486,383,COLOR_SEC
20:42:38.755,627,litter_colour,783,340,742,324,824,356,COLOR_SEC
20:42:38.797,628,litter_colour,1032,598,1014,578,1051,618,COLOR_SEC
20:42:38.797,628,litter_colour,901,456,859,425,944,487,COLOR_SEC
20:42:38.797,628,litter_colour,385,419,360,397,410,441,COLOR_SEC
20:42:38.797,628,litter_colour,1421,350,1358,324,1485,376,COLOR_SEC
20:42:38.797,628,litter_colour,783,339,742,324,824,355,COLOR_SEC
20:42:38.838,629,litter_colour,1032,598,1014,578,1051,618,COLOR_SEC
20:42:38.838,629,litter_colour,901,456,859,427,943,486,COLOR_SEC
20:42:38.838,629,litter_colour,1089,440,1011,403,1168,477,COLOR_SEC
20:42:38.838,629,litter_colour,384,419,360,397,409,441,COLOR_SEC
20:42:38.838,629,litter_colour,1421,349,1359,324,1484,375,COLOR_SEC
20:42:38.838,629,litter_colour,788,339,752,324,824,355,COLOR_SEC
20:42:38.880,630,litter_colour,1034,598,1014,578,1055,618,COLOR_SEC
20:42:38.880,630,litter_colour,900,455,858,424,943,486,COLOR_SEC
20:42:38.880,630,litter_colour,384,419,359,397,409,441,COLOR_SEC
20:42:38.880,630,litter_colour,1422,349,1360,324,1484,375,COLOR_SEC
20:42:38.880,630,litter_colour,787,339,752,324,823,354,COLOR_SEC
20:42:38.920,631,litter_colour,1112,695,1068,649,1157,741,COLOR_SEC
20:42:38.920,631,litter_colour,1034,598,1014,578,1055,618,COLOR_SEC
20:42:38.920,631,litter_colour,892,464,858,444,926,485,COLOR_SEC
20:42:38.920,631,litter_colour,383,418,359,396,408,440,COLOR_SEC
20:42:38.920,631,litter_colour,1424,349,1366,324,1483,374,COLOR_SEC
20:42:38.920,631,litter_colour,787,338,751,324,823,353,COLOR_SEC
20:42:38.960,632,litter_colour,1112,718,1069,695,1156,741,COLOR_SEC
20:42:38.960,632,litter_colour,1034,597,1014,578,1055,617,COLOR_SEC
20:42:38.960,632,litter_colour,1135,578,1061,518,1210,639,COLOR_SEC
20:42:38.960,632,litter_colour,900,454,858,423,943,485,COLOR_SEC
20:42:38.960,632,litter_colour,383,418,358,396,408,440,COLOR_SEC
20:42:38.960,632,litter_colour,1424,348,1367,324,1482,373,COLOR_SEC
20:42:38.960,632,litter_colour,787,338,751,324,823,353,COLOR_SEC
20:42:38.999,633,litter_colour,1112,719,1069,696,1156,742,COLOR_SEC
20:42:38.999,633,litter_colour,1033,597,1014,577,1053,617,COLOR_SEC
20:42:38.999,633,litter_colour,1136,578,1062,517,1211,639,COLOR_SEC
20:42:38.999,633,litter_colour,892,465,858,445,926,485,COLOR_SEC
20:42:38.999,633,litter_colour,382,418,358,396,407,440,COLOR_SEC
20:42:38.999,633,litter_colour,1424,348,1368,324,1481,373,COLOR_SEC
20:42:38.999,633,litter_colour,786,338,751,324,822,353,COLOR_SEC
20:42:39.039,634,litter_colour,1112,696,1069,651,1156,742,COLOR_SEC
20:42:39.039,634,litter_colour,1033,597,1014,577,1053,617,COLOR_SEC
20:42:39.039,634,litter_colour,1136,578,1062,517,1211,639,COLOR_SEC
20:42:39.039,634,litter_colour,900,453,858,421,942,485,COLOR_SEC
20:42:39.039,634,litter_colour,382,417,357,395,407,439,COLOR_SEC
20:42:39.039,634,litter_colour,1424,348,1368,324,1481,372,COLOR_SEC
20:42:39.039,634,litter_colour,786,338,751,324,822,353,COLOR_SEC
20:42:39.081,635,litter_colour,1114,697,1069,652,1159,743,COLOR_SEC
20:42:39.081,635,litter_colour,1033,597,1014,577,1053,617,COLOR_SEC
20:42:39.081,635,litter_colour,1136,578,1062,517,1211,639,COLOR_SEC
20:42:39.081,635,litter_colour,899,452,857,421,942,484,COLOR_SEC
20:42:39.081,635,litter_colour,382,417,357,395,407,439,COLOR_SEC
20:42:39.081,635,litter_colour,1424,348,1369,324,1480,372,COLOR_SEC
20:42:39.081,635,litter_colour,786,338,751,324,822,352,COLOR_SEC
20:42:39.123,636,litter_colour,1047,987,1016,958,1078,1017,COLOR_SEC
20:42:39.123,636,litter_colour,1113,697,1069,652,1158,743,COLOR_SEC
20:42:39.123,636,litter_colour,1033,597,1014,577,1053,617,COLOR_SEC
20:42:39.123,636,litter_colour,1136,577,1062,516,1211,639,COLOR_SEC
20:42:39.123,636,litter_colour,899,456,857,419,942,493,COLOR_SEC
20:42:39.123,636,litter_colour,381,417,356,395,406,439,COLOR_SEC
20:42:39.123,636,litter_colour,1424,348,1369,324,1480,372,COLOR_SEC
20:42:39.123,636,litter_colour,786,338,751,324,822,352,COLOR_SEC
20:42:39.163,637,litter_colour,1047,989,1016,960,1078,1019,COLOR_SEC
20:42:39.163,637,litter_colour,1110,696,1069,650,1152,743,COLOR_SEC
20:42:39.163,637,litter_colour,1033,597,1014,578,1052,617,COLOR_SEC
20:42:39.163,637,litter_colour,1137,578,1062,517,1212,639,COLOR_SEC
20:42:39.163,637,litter_colour,899,451,856,419,942,484,COLOR_SEC
20:42:39.163,637,litter_colour,381,417,356,395,406,439,COLOR_SEC
20:42:39.164,637,litter_colour,1424,348,1369,324,1479,372,COLOR_SEC
20:42:39.164,637,litter_colour,786,338,751,324,822,352,COLOR_SEC
20:42:39.205,638,litter_colour,1047,991,1016,962,1078,1020,COLOR_SEC
20:42:39.205,638,litter_colour,1113,697,1069,650,1157,744,COLOR_SEC
20:42:39.205,638,litter_colour,1032,597,1013,577,1052,617,COLOR_SEC
20:42:39.205,638,litter_colour,1136,577,1061,516,1212,639,COLOR_SEC
20:42:39.205,638,litter_colour,899,462,857,419,942,506,COLOR_SEC
20:42:39.205,638,litter_colour,380,417,355,395,405,439,COLOR_SEC
20:42:39.205,638,litter_colour,1424,348,1369,324,1479,372,COLOR_SEC
20:42:39.205,638,litter_colour,786,338,751,324,822,352,COLOR_SEC
20:42:39.246,639,litter_colour,1046,993,1015,964,1078,1022,COLOR_SEC
20:42:39.246,639,litter_colour,1032,597,1013,577,1052,617,COLOR_SEC
20:42:39.246,639,litter_colour,1136,577,1061,516,1212,639,COLOR_SEC
20:42:39.246,639,litter_colour,899,462,857,418,942,506,COLOR_SEC
20:42:39.246,639,litter_colour,380,417,355,395,405,439,COLOR_SEC
20:42:39.246,639,litter_colour,1424,348,1369,324,1479,372,COLOR_SEC
20:42:39.246,639,litter_colour,786,337,751,324,822,351,COLOR_SEC
20:42:39.289,640,litter_colour,1047,994,1016,965,1078,1024,COLOR_SEC
20:42:39.289,640,litter_colour,1032,597,1013,577,1052,617,COLOR_SEC
20:42:39.289,640,litter_colour,1136,577,1061,516,1212,639,COLOR_SEC
20:42:39.289,640,litter_colour,899,450,857,418,942,483,COLOR_SEC
20:42:39.289,640,litter_colour,379,416,354,394,405,439,COLOR_SEC
20:42:39.289,640,litter_colour,1424,348,1369,324,1479,372,COLOR_SEC
20:42:39.289,640,litter_colour,786,337,751,324,822,351,COLOR_SEC
20:42:39.329,641,litter_colour,1046,997,1015,967,1078,1027,COLOR_SEC
20:42:39.329,641,litter_colour,687,984,655,963,719,1006,COLOR_SEC
20:42:39.329,641,litter_colour,1032,597,1013,577,1052,617,COLOR_SEC
20:42:39.329,641,litter_colour,1136,577,1061,516,1212,639,COLOR_SEC
20:42:39.329,641,litter_colour,899,450,857,418,942,483,COLOR_SEC
20:42:39.329,641,litter_colour,379,416,354,394,405,439,COLOR_SEC
20:42:39.329,641,litter_colour,1417,341,1370,324,1465,358,COLOR_SEC
20:42:39.329,641,litter_colour,787,337,752,324,822,351,COLOR_SEC
20:42:39.368,642,litter_colour,1046,999,1015,969,1078,1029,COLOR_SEC
20:42:39.368,642,litter_colour,685,987,653,966,718,1008,COLOR_SEC
20:42:39.368,642,litter_colour,1112,699,1069,653,1155,745,COLOR_SEC
20:42:39.368,642,litter_colour,1032,597,1013,577,1052,617,COLOR_SEC
20:42:39.368,642,litter_colour,1136,577,1061,516,1212,639,COLOR_SEC
20:42:39.368,642,litter_colour,899,450,857,418,942,483,COLOR_SEC
20:42:39.368,642,litter_colour,379,416,354,394,404,438,COLOR_SEC
20:42:39.368,642,litter_colour,1417,341,1370,324,1465,358,COLOR_SEC
20:42:39.368,642,litter_colour,787,337,752,324,822,351,COLOR_SEC
20:42:39.407,643,litter_colour,684,988,652,967,716,1010,COLOR_SEC
20:42:39.407,643,litter_colour,1115,700,1070,654,1161,746,COLOR_SEC
20:42:39.407,643,litter_colour,1032,597,1013,578,1052,617,COLOR_SEC
20:42:39.407,643,litter_colour,1137,577,1061,516,1213,639,COLOR_SEC
20:42:39.407,643,litter_colour,900,451,858,419,942,483,COLOR_SEC
20:42:39.407,643,litter_colour,379,416,354,394,404,438,COLOR_SEC
20:42:39.407,643,litter_colour,1418,341,1370,324,1466,358,COLOR_SEC
20:42:39.407,643,litter_colour,786,337,752,324,821,351,COLOR_SEC
20:42:39.446,644,litter_colour,682,990,650,969,715,1012,COLOR_SEC
20:42:39.446,644,litter_colour,1032,597,1012,578,1052,617,COLOR_SEC
20:42:39.446,644,litter_colour,1138,577,1061,516,1215,639,COLOR_SEC
20:42:39.446,644,litter_colour,899,451,856,419,942,483,COLOR_SEC
20:42:39.446,644,litter_colour,378,416,353,394,403,438,COLOR_SEC
20:42:39.446,644,litter_colour,1417,340,1370,324,1465,357,COLOR_SEC
20:42:39.446,644,litter_colour,787,337,752,324,822,351,COLOR_SEC
20:42:39.487,645,litter_colour,680,993,648,971,713,1015,COLOR_SEC
20:42:39.487,645,litter_colour,1032,597,1012,577,1052,618,COLOR_SEC
20:42:39.487,645,litter_colour,1138,577,1062,516,1215,639,COLOR_SEC
20:42:39.487,645,litter_colour,899,451,856,419,942,483,COLOR_SEC
20:42:39.487,645,litter_colour,378,416,353,394,403,438,COLOR_SEC
20:42:39.487,645,litter_colour,1418,340,1371,324,1465,357,COLOR_SEC
20:42:39.487,645,litter_colour,787,337,752,324,822,351,COLOR_SEC
20:42:39.529,646,litter_colour,1032,597,1012,577,1053,618,COLOR_SEC
20:42:39.529,646,litter_colour,1138,577,1062,516,1215,639,COLOR_SEC
20:42:39.529,646,litter_colour,890,456,856,430,924,483,COLOR_SEC
20:42:39.529,646,litter_colour,378,415,353,393,403,438,COLOR_SEC
20:42:39.529,646,litter_colour,1418,340,1371,324,1465,357,COLOR_SEC
20:42:39.529,646,litter_colour,787,337,752,324,822,351,COLOR_SEC
20:42:39.570,647,litter_colour,1032,598,1012,578,1053,618,COLOR_SEC
20:42:39.570,647,litter_colour,898,453,856,423,941,483,COLOR_SEC
20:42:39.570,647,litter_colour,377,415,352,393,403,438,COLOR_SEC
20:42:39.570,647,litter_colour,1418,340,1371,324,1465,357,COLOR_SEC
20:42:39.570,647,litter_colour,786,337,752,324,821,351,COLOR_SEC
20:42:39.612,648,litter_colour,1033,598,1012,578,1055,618,COLOR_SEC
20:42:39.612,648,litter_colour,1138,577,1062,515,1214,640,COLOR_SEC
20:42:39.612,648,litter_colour,898,452,856,422,941,483,COLOR_SEC
20:42:39.612,648,litter_colour,377,415,352,393,402,438,COLOR_SEC
20:42:39.612,648,litter_colour,1418,340,1372,324,1465,357,COLOR_SEC
20:42:39.612,648,litter_colour,786,337,752,324,821,351,COLOR_SEC
20:42:39.651,649,litter_colour,1032,598,1012,578,1052,618,COLOR_SEC
20:42:39.651,649,litter_colour,1138,577,1062,515,1214,640,COLOR_SEC
20:42:39.651,649,litter_colour,898,452,856,422,941,482,COLOR_SEC
20:42:39.651,649,litter_colour,376,415,351,393,402,438,COLOR_SEC
20:42:39.651,649,litter_colour,1418,340,1372,324,1465,357,COLOR_SEC
20:42:39.651,649,litter_colour,786,337,752,324,821,351,COLOR_SEC
20:42:39.691,650,litter_colour,1031,598,1012,578,1051,618,COLOR_SEC
20:42:39.691,650,litter_colour,898,452,856,422,941,483,COLOR_SEC
20:42:39.691,650,litter_colour,1093,433,1007,393,1179,473,COLOR_SEC
20:42:39.691,650,litter_colour,376,415,351,393,402,438,COLOR_SEC
20:42:39.691,650,litter_colour,1418,340,1372,324,1465,356,COLOR_SEC
20:42:39.691,650,litter_colour,786,337,752,324,821,351,COLOR_SEC
20:42:39.731,651,litter_colour,1031,598,1012,578,1051,619,COLOR_SEC
20:42:39.731,651,litter_colour,899,452,856,422,943,483,COLOR_SEC
20:42:39.732,651,litter_colour,1084,433,990,393,1179,473,COLOR_SEC
20:42:39.732,651,litter_colour,376,415,350,393,402,438,COLOR_SEC
20:42:39.732,651,litter_colour,1419,340,1373,324,1465,356,COLOR_SEC
20:42:39.732,651,litter_colour,786,337,752,324,821,350,COLOR_SEC
20:42:39.770,652,litter_colour,1138,578,1062,515,1215,641,COLOR_SEC
20:42:39.770,652,litter_colour,900,464,857,422,943,506,COLOR_SEC
20:42:39.770,652,litter_colour,1084,433,990,398,1179,468,COLOR_SEC
20:42:39.770,652,litter_colour,376,415,350,393,402,438,COLOR_SEC
20:42:39.770,652,litter_colour,1423,352,1373,324,1473,380,COLOR_SEC
20:42:39.770,652,litter_colour,786,337,752,324,821,350,COLOR_SEC
20:42:39.810,653,litter_colour,1030,599,1011,579,1050,619,COLOR_SEC
20:42:39.810,653,litter_colour,1139,578,1062,515,1217,641,COLOR_SEC
20:42:39.810,653,litter_colour,900,464,857,422,943,506,COLOR_SEC
20:42:39.810,653,litter_colour,375,416,350,394,401,438,COLOR_SEC
20:42:39.810,653,litter_colour,1084,428,989,388,1180,469,COLOR_SEC
20:42:39.810,653,litter_colour,1423,352,1373,324,1473,380,COLOR_SEC
20:42:39.810,653,litter_colour,786,337,752,324,821,350,COLOR_SEC
20:42:39.852,654,litter_colour,1033,599,1011,579,1055,620,COLOR_SEC
20:42:39.852,654,litter_colour,900,463,857,422,943,505,COLOR_SEC
20:42:39.852,654,litter_colour,375,416,350,394,401,438,COLOR_SEC
20:42:39.852,654,litter_colour,1105,435,989,388,1222,482,COLOR_SEC
20:42:39.852,654,litter_colour,1422,352,1373,324,1472,380,COLOR_SEC
20:42:39.852,654,litter_colour,786,337,752,324,821,350,COLOR_SEC
20:42:39.894,655,litter_colour,899,464,856,423,942,506,COLOR_SEC
20:42:39.894,655,litter_colour,375,416,349,394,401,439,COLOR_SEC
20:42:39.894,655,litter_colour,1084,431,989,388,1180,474,COLOR_SEC
20:42:39.894,655,litter_colour,1422,352,1373,324,1472,380,COLOR_SEC
20:42:39.894,655,litter_colour,786,337,752,324,821,350,COLOR_SEC
20:42:39.934,656,litter_colour,898,452,855,422,942,483,COLOR_SEC
20:42:39.934,656,litter_colour,375,416,349,394,401,439,COLOR_SEC
20:42:39.934,656,litter_colour,1084,431,989,388,1180,474,COLOR_SEC
20:42:39.934,656,litter_colour,1781,366,1754,350,1809,382,COLOR_SEC
20:42:39.934,656,litter_colour,1422,352,1373,324,1472,381,COLOR_SEC
20:42:39.934,656,litter_colour,787,337,752,324,822,350,COLOR_SEC
20:42:39.976,657,litter_colour,1138,579,1062,516,1215,643,COLOR_SEC
20:42:39.976,657,litter_colour,898,452,855,422,942,483,COLOR_SEC
20:42:39.976,657,litter_colour,374,416,348,394,401,439,COLOR_SEC
20:42:39.976,657,litter_colour,1085,431,990,388,1180,474,COLOR_SEC
20:42:39.976,657,litter_colour,1782,365,1755,349,1810,382,COLOR_SEC
20:42:39.976,657,litter_colour,1422,347,1374,324,1471,371,COLOR_SEC
20:42:39.977,657,litter_colour,787,337,752,324,822,350,COLOR_SEC
20:42:40.018,658,litter_colour,898,452,855,422,942,483,COLOR_SEC
20:42:40.018,658,litter_colour,374,416,348,394,401,439,COLOR_SEC
20:42:40.018,658,litter_colour,1085,431,990,388,1180,474,COLOR_SEC
20:42:40.018,658,litter_colour,1782,365,1755,349,1809,381,COLOR_SEC
20:42:40.018,658,litter_colour,1422,352,1374,324,1471,381,COLOR_SEC
20:42:40.018,658,litter_colour,787,337,752,324,822,350,COLOR_SEC
20:42:40.058,659,litter_colour,899,452,856,422,943,483,COLOR_SEC
20:42:40.058,659,litter_colour,374,416,348,394,401,439,COLOR_SEC
20:42:40.058,659,litter_colour,1085,431,990,388,1181,474,COLOR_SEC
20:42:40.058,659,litter_colour,1782,365,1755,349,1809,381,COLOR_SEC
20:42:40.058,659,litter_colour,1422,353,1374,324,1470,382,COLOR_SEC
20:42:40.058,659,litter_colour,787,337,752,324,822,350,COLOR_SEC
20:42:40.100,660,litter_colour,1139,580,1062,515,1216,645,COLOR_SEC
20:42:40.100,660,litter_colour,898,453,855,423,941,484,COLOR_SEC
20:42:40.100,660,litter_colour,374,417,347,394,401,440,COLOR_SEC
20:42:40.100,660,litter_colour,1105,436,987,388,1223,484,COLOR_SEC
20:42:40.100,660,litter_colour,1782,365,1755,349,1809,381,COLOR_SEC
20:42:40.100,660,litter_colour,1422,352,1374,324,1470,381,COLOR_SEC
20:42:40.100,660,litter_colour,786,337,752,324,821,351,COLOR_SEC
20:42:40.139,661,litter_colour,1114,740,1067,714,1162,766,COLOR_SEC
20:42:40.139,661,litter_colour,897,453,854,423,940,484,COLOR_SEC
20:42:40.139,661,litter_colour,373,417,347,395,400,439,COLOR_SEC
20:42:40.139,661,litter_colour,1104,436,986,388,1223,484,COLOR_SEC
20:42:40.139,661,litter_colour,1782,365,1755,349,1809,381,COLOR_SEC
20:42:40.139,661,litter_colour,1422,347,1374,324,1470,370,COLOR_SEC
20:42:40.139,661,litter_colour,787,337,752,324,822,351,COLOR_SEC
20:42:40.180,662,litter_colour,1114,741,1066,715,1162,767,COLOR_SEC
20:42:40.180,662,litter_colour,1136,581,1057,516,1216,646,COLOR_SEC
20:42:40.180,662,litter_colour,898,465,854,423,942,507,COLOR_SEC
20:42:40.180,662,litter_colour,373,417,346,395,400,440,COLOR_SEC
20:42:40.180,662,litter_colour,1782,365,1755,349,1809,381,COLOR_SEC
20:42:40.180,662,litter_colour,1422,352,1374,324,1470,381,COLOR_SEC
20:42:40.180,662,litter_colour,786,337,752,324,821,351,COLOR_SEC
20:42:40.219,663,litter_colour,1114,742,1066,716,1162,769,COLOR_SEC
20:42:40.219,663,litter_colour,898,453,855,423,942,484,COLOR_SEC
20:42:40.219,663,litter_colour,1084,436,987,398,1181,474,COLOR_SEC
20:42:40.219,663,litter_colour,372,417,345,395,400,440,COLOR_SEC
20:42:40.219,663,litter_colour,1782,365,1755,349,1809,381,COLOR_SEC
20:42:40.219,663,litter_colour,1422,350,1374,324,1470,376,COLOR_SEC
20:42:40.219,663,litter_colour,786,337,751,324,821,350,COLOR_SEC
20:42:40.260,664,litter_colour,1113,745,1065,718,1161,773,COLOR_SEC
20:42:40.260,664,litter_colour,1138,581,1060,516,1216,647,COLOR_SEC
20:42:40.260,664,litter_colour,897,465,853,423,941,507,COLOR_SEC
20:42:40.260,664,litter_colour,1084,437,986,398,1182,476,COLOR_SEC
20:42:40.260,664,litter_colour,372,417,344,394,400,440,COLOR_SEC
20:42:40.260,664,litter_colour,1781,365,1755,349,1808,381,COLOR_SEC
20:42:40.260,664,litter_colour,1422,350,1374,324,1470,376,COLOR_SEC
20:42:40.260,664,litter_colour,786,337,751,324,821,350,COLOR_SEC
20:42:40.302,665,litter_colour,1113,745,1065,719,1161,772,COLOR_SEC
20:42:40.302,665,litter_colour,897,454,855,424,940,484,COLOR_SEC
20:42:40.302,665,litter_colour,1083,437,985,398,1181,476,COLOR_SEC
20:42:40.302,665,litter_colour,371,417,344,395,399,440,COLOR_SEC
20:42:40.302,665,litter_colour,1421,350,1373,324,1469,376,COLOR_SEC
20:42:40.302,665,litter_colour,785,337,751,324,820,350,COLOR_SEC
20:42:40.343,666,litter_colour,1112,748,1064,720,1160,777,COLOR_SEC
20:42:40.343,666,litter_colour,1138,582,1060,516,1216,648,COLOR_SEC
20:42:40.343,666,litter_colour,894,453,852,423,937,484,COLOR_SEC
20:42:40.343,666,litter_colour,371,417,343,395,399,440,COLOR_SEC
20:42:40.343,666,litter_colour,1083,431,985,388,1181,475,COLOR_SEC
20:42:40.343,666,litter_colour,1781,365,1754,349,1808,381,COLOR_SEC
20:42:40.343,666,litter_colour,1421,347,1374,324,1469,370,COLOR_SEC
20:42:40.343,666,litter_colour,785,337,751,324,820,351,COLOR_SEC
20:42:40.385,667,litter_colour,1112,749,1064,721,1160,777,COLOR_SEC
20:42:40.385,667,litter_colour,896,456,854,423,938,490,COLOR_SEC
20:42:40.385,667,litter_colour,370,417,342,395,398,440,COLOR_SEC
20:42:40.385,667,litter_colour,1083,432,985,388,1181,476,COLOR_SEC
20:42:40.385,667,litter_colour,1781,364,1754,349,1808,380,COLOR_SEC
20:42:40.385,667,litter_colour,1421,349,1373,324,1469,375,COLOR_SEC
20:42:40.385,667,litter_colour,785,337,750,324,820,350,COLOR_SEC
20:42:40.425,668,litter_colour,1111,749,1063,722,1160,777,COLOR_SEC
20:42:40.425,668,litter_colour,906,472,882,455,930,490,COLOR_SEC
20:42:40.425,668,litter_colour,895,449,853,423,938,475,COLOR_SEC
20:42:40.425,668,litter_colour,369,417,341,395,397,440,COLOR_SEC
20:42:40.425,668,litter_colour,1082,432,985,388,1180,476,COLOR_SEC
20:42:40.425,668,litter_colour,1420,350,1373,324,1468,376,COLOR_SEC
20:42:40.425,668,litter_colour,785,337,750,324,820,350,COLOR_SEC
20:42:40.464,669,litter_colour,1110,753,1062,727,1159,780,COLOR_SEC
20:42:40.464,669,litter_colour,1029,605,1008,580,1051,631,COLOR_SEC
20:42:40.464,669,litter_colour,1137,583,1059,517,1216,650,COLOR_SEC
20:42:40.464,669,litter_colour,1082,438,985,399,1179,477,COLOR_SEC
20:42:40.464,669,litter_colour,368,418,340,396,396,440,COLOR_SEC
20:42:40.464,669,litter_colour,1420,350,1373,324,1468,376,COLOR_SEC
20:42:40.464,669,litter_colour,784,337,749,324,819,351,COLOR_SEC
20:42:40.505,670,litter_colour,1109,754,1061,726,1158,783,COLOR_SEC
20:42:40.505,670,litter_colour,1098,696,1068,673,1129,720,COLOR_SEC
20:42:40.505,670,litter_colour,1027,609,1006,589,1049,630,COLOR_SEC
20:42:40.505,670,litter_colour,1136,583,1058,516,1215,650,COLOR_SEC
20:42:40.505,670,litter_colour,887,454,851,423,923,485,COLOR_SEC
20:42:40.505,670,litter_colour,1082,437,985,399,1179,476,COLOR_SEC
20:42:40.505,670,litter_colour,367,418,339,396,396,441,COLOR_SEC
20:42:40.505,670,litter_colour,1419,350,1372,324,1467,376,COLOR_SEC
20:42:40.505,670,litter_colour,783,337,749,324,818,351,COLOR_SEC
20:42:40.546,671,litter_colour,1107,755,1061,727,1154,783,COLOR_SEC
20:42:40.546,671,litter_colour,1097,697,1067,674,1128,721,COLOR_SEC
20:42:40.546,671,litter_colour,1027,610,1006,589,1049,631,COLOR_SEC
20:42:40.546,671,litter_colour,1137,585,1057,519,1217,651,COLOR_SEC
20:42:40.546,671,litter_colour,904,473,881,456,928,491,COLOR_SEC
20:42:40.546,671,litter_colour,1083,436,987,402,1179,471,COLOR_SEC
20:42:40.546,671,litter_colour,366,418,338,396,395,441,COLOR_SEC
20:42:40.546,671,litter_colour,1419,349,1372,324,1467,375,COLOR_SEC
20:42:40.546,671,litter_colour,783,337,748,324,818,350,COLOR_SEC
20:42:40.586,672,litter_colour,1108,756,1060,728,1157,784,COLOR_SEC
20:42:40.586,672,litter_colour,1096,698,1066,675,1127,722,COLOR_SEC
20:42:40.586,672,litter_colour,1027,610,1006,589,1048,632,COLOR_SEC
20:42:40.586,672,litter_colour,366,418,338,396,394,441,COLOR_SEC
20:42:40.586,672,litter_colour,1419,349,1372,324,1467,375,COLOR_SEC
20:42:40.586,672,litter_colour,783,337,748,324,818,351,COLOR_SEC
20:42:40.626,673,litter_colour,1107,757,1059,729,1155,786,COLOR_SEC
20:42:40.626,673,litter_colour,1101,702,1069,683,1134,722,COLOR_SEC
20:42:40.626,673,litter_colour,1027,611,1006,590,1048,632,COLOR_SEC
20:42:40.626,673,litter_colour,1136,574,1056,518,1216,631,COLOR_SEC
20:42:40.626,673,litter_colour,884,460,850,428,918,492,COLOR_SEC
20:42:40.626,673,litter_colour,365,418,337,396,393,441,COLOR_SEC
20:42:40.626,673,litter_colour,1419,347,1372,324,1466,370,COLOR_SEC
20:42:40.626,673,litter_colour,782,337,748,324,816,350,COLOR_SEC
20:42:40.667,674,litter_colour,1101,757,1058,730,1144,785,COLOR_SEC
20:42:40.667,674,litter_colour,1095,706,1065,688,1126,725,COLOR_SEC
20:42:40.667,674,litter_colour,1026,611,1005,590,1047,633,COLOR_SEC
20:42:40.667,674,litter_colour,1081,439,986,406,1177,472,COLOR_SEC
20:42:40.667,674,litter_colour,364,418,336,396,393,441,COLOR_SEC
20:42:40.667,674,litter_colour,1419,347,1372,324,1466,370,COLOR_SEC
20:42:40.667,674,litter_colour,782,337,747,324,817,350,COLOR_SEC
20:42:40.706,675,litter_colour,1095,704,1064,684,1126,725,COLOR_SEC
20:42:40.706,675,litter_colour,1025,611,1004,590,1046,633,COLOR_SEC
20:42:40.706,675,litter_colour,1135,584,1055,517,1215,652,COLOR_SEC
20:42:40.706,675,litter_colour,363,419,335,396,392,442,COLOR_SEC
20:42:40.706,675,litter_colour,1418,346,1371,324,1466,369,COLOR_SEC
20:42:40.706,675,litter_colour,781,337,747,324,816,351,COLOR_SEC
20:42:40.746,676,litter_colour,1095,705,1064,685,1126,725,COLOR_SEC
20:42:40.746,676,litter_colour,1025,612,1004,590,1046,634,COLOR_SEC
20:42:40.746,676,litter_colour,1081,439,985,406,1177,472,COLOR_SEC
20:42:40.746,676,litter_colour,362,419,334,396,391,442,COLOR_SEC
20:42:40.746,676,litter_colour,1418,347,1371,324,1465,370,COLOR_SEC
20:42:40.746,676,litter_colour,781,337,746,324,816,350,COLOR_SEC
20:42:40.787,677,litter_colour,1094,706,1063,686,1125,727,COLOR_SEC
20:42:40.787,677,litter_colour,1024,612,1003,590,1045,634,COLOR_SEC
20:42:40.787,677,litter_colour,1134,586,1055,521,1214,652,COLOR_SEC
20:42:40.787,677,litter_colour,882,461,848,430,916,492,COLOR_SEC
20:42:40.787,677,litter_colour,1081,439,985,406,1177,472,COLOR_SEC
20:42:40.787,677,litter_colour,361,419,333,396,390,442,COLOR_SEC
20:42:40.787,677,litter_colour,1417,347,1371,324,1464,370,COLOR_SEC
20:42:40.787,677,litter_colour,781,337,746,324,816,350,COLOR_SEC
20:42:40.828,678,litter_colour,1098,707,1063,687,1133,728,COLOR_SEC
20:42:40.828,678,litter_colour,1023,612,1002,590,1045,634,COLOR_SEC
20:42:40.828,678,litter_colour,884,458,847,424,922,492,COLOR_SEC
20:42:40.828,678,litter_colour,360,419,332,396,389,442,COLOR_SEC
20:42:40.828,678,litter_colour,1417,347,1370,324,1464,370,COLOR_SEC
20:42:40.828,678,litter_colour,780,337,745,324,816,350,COLOR_SEC
20:42:40.868,679,litter_colour,1825,917,1791,894,1859,940,COLOR_SEC
20:42:40.868,679,litter_colour,1093,709,1062,690,1124,729,COLOR_SEC
20:42:40.868,679,litter_colour,1020,613,1002,591,1039,635,COLOR_SEC
20:42:40.868,679,litter_colour,884,458,847,424,922,493,COLOR_SEC
20:42:40.868,679,litter_colour,1080,439,984,406,1177,473,COLOR_SEC
20:42:40.868,679,litter_colour,360,419,332,396,389,442,COLOR_SEC
20:42:40.868,679,litter_colour,1417,347,1370,324,1464,370,COLOR_SEC
20:42:40.868,679,litter_colour,780,337,745,324,815,350,COLOR_SEC
20:42:40.907,680,litter_colour,1828,918,1793,895,1864,942,COLOR_SEC
20:42:40.907,680,litter_colour,1092,711,1061,692,1124,730,COLOR_SEC
20:42:40.907,680,litter_colour,1008,613,976,591,1040,636,COLOR_SEC
20:42:40.907,680,litter_colour,884,449,847,424,921,474,COLOR_SEC
20:42:40.907,680,litter_colour,1417,347,1370,324,1464,371,COLOR_SEC
20:42:40.907,680,litter_colour,780,337,745,324,815,350,COLOR_SEC
20:42:40.948,681,litter_colour,1830,919,1795,897,1866,942,COLOR_SEC
20:42:40.948,681,litter_colour,1092,711,1061,693,1124,730,COLOR_SEC
20:42:40.948,681,litter_colour,1022,614,1002,592,1043,636,COLOR_SEC
20:42:40.948,681,litter_colour,1133,573,1053,513,1213,634,COLOR_SEC
20:42:40.948,681,litter_colour,883,457,846,423,921,492,COLOR_SEC
20:42:40.948,681,litter_colour,1417,347,1370,324,1464,371,COLOR_SEC
20:42:40.948,681,litter_colour,779,337,744,324,814,350,COLOR_SEC
20:42:40.987,682,litter_colour,1092,711,1061,692,1124,731,COLOR_SEC
20:42:40.987,682,litter_colour,1019,615,1000,592,1038,638,COLOR_SEC
20:42:40.987,682,litter_colour,887,457,853,423,921,492,COLOR_SEC
20:42:40.987,682,litter_colour,1416,347,1370,324,1463,371,COLOR_SEC
20:42:40.987,682,litter_colour,779,337,744,324,814,350,COLOR_SEC
20:42:41.027,683,litter_colour,1092,712,1060,692,1124,732,COLOR_SEC
20:42:41.027,683,litter_colour,1019,614,1000,592,1039,636,COLOR_SEC
20:42:41.027,683,litter_colour,885,446,851,423,920,470,COLOR_SEC
20:42:41.027,683,litter_colour,1416,347,1370,324,1463,371,COLOR_SEC
20:42:41.027,683,litter_colour,779,337,744,324,814,350,COLOR_SEC
20:42:41.067,684,litter_colour,1092,708,1060,683,1124,733,COLOR_SEC
20:42:41.067,684,litter_colour,1017,614,998,592,1037,636,COLOR_SEC
20:42:41.067,684,litter_colour,885,458,851,423,920,493,COLOR_SEC
20:42:41.067,684,litter_colour,1416,347,1370,324,1463,371,COLOR_SEC
20:42:41.067,684,litter_colour,779,337,744,324,814,350,COLOR_SEC
20:42:41.106,685,litter_colour,1088,713,1059,694,1117,733,COLOR_SEC
20:42:41.106,685,litter_colour,1017,614,998,593,1037,636,COLOR_SEC
20:42:41.106,685,litter_colour,1158,583,1052,513,1264,654,COLOR_SEC
20:42:41.106,685,litter_colour,884,460,851,429,917,492,COLOR_SEC
20:42:41.106,685,litter_colour,1416,347,1370,324,1462,371,COLOR_SEC
20:42:41.106,685,litter_colour,778,337,743,324,814,350,COLOR_SEC
20:42:41.147,686,litter_colour,1091,709,1059,684,1123,734,COLOR_SEC
20:42:41.147,686,litter_colour,1016,615,996,593,1036,637,COLOR_SEC
20:42:41.147,686,litter_colour,885,455,851,423,920,487,COLOR_SEC
20:42:41.147,686,litter_colour,1415,348,1369,324,1462,372,COLOR_SEC
20:42:41.147,686,litter_colour,778,337,743,324,813,350,COLOR_SEC
20:42:41.188,687,litter_colour,1091,715,1059,695,1123,735,COLOR_SEC
20:42:41.188,687,litter_colour,1019,615,997,593,1041,638,COLOR_SEC
20:42:41.188,687,litter_colour,889,474,866,457,912,492,COLOR_SEC
20:42:41.188,687,litter_colour,1413,347,1369,324,1457,371,COLOR_SEC
20:42:41.188,687,litter_colour,777,337,743,324,812,350,COLOR_SEC
20:42:41.228,688,litter_colour,1090,715,1058,695,1122,736,COLOR_SEC
20:42:41.228,688,litter_colour,1017,614,998,592,1037,637,COLOR_SEC
20:42:41.228,688,litter_colour,885,458,851,423,919,493,COLOR_SEC
20:42:41.228,688,litter_colour,1412,347,1369,324,1456,371,COLOR_SEC
20:42:41.228,688,litter_colour,777,337,743,324,812,351,COLOR_SEC
20:42:41.270,689,litter_colour,1095,773,1052,746,1139,801,COLOR_SEC
20:42:41.270,689,litter_colour,1090,716,1058,696,1123,736,COLOR_SEC
20:42:41.270,689,litter_colour,1019,612,995,585,1043,639,COLOR_SEC
20:42:41.270,689,litter_colour,1131,588,1051,521,1212,656,COLOR_SEC
20:42:41.270,689,litter_colour,1412,346,1369,324,1456,369,COLOR_SEC
20:42:41.270,689,litter_colour,777,337,742,324,812,351,COLOR_SEC
20:42:41.312,690,litter_colour,1095,774,1051,747,1139,802,COLOR_SEC
20:42:41.312,690,litter_colour,1087,711,1053,685,1122,737,COLOR_SEC
20:42:41.312,690,litter_colour,1014,616,994,593,1035,639,COLOR_SEC
20:42:41.312,690,litter_colour,888,442,851,423,925,461,COLOR_SEC
20:42:41.312,690,litter_colour,1414,347,1368,324,1461,370,COLOR_SEC
20:42:41.312,690,litter_colour,777,337,742,324,812,350,COLOR_SEC
20:42:41.351,691,litter_colour,1095,775,1051,747,1139,803,COLOR_SEC
20:42:41.352,691,litter_colour,1016,616,997,594,1036,638,COLOR_SEC
20:42:41.352,691,litter_colour,888,475,865,457,911,493,COLOR_SEC
20:42:41.352,691,litter_colour,890,442,851,423,929,462,COLOR_SEC
20:42:41.352,691,litter_colour,1412,347,1368,324,1456,371,COLOR_SEC
20:42:41.352,691,litter_colour,777,337,742,324,812,351,COLOR_SEC
20:42:41.391,692,litter_colour,1094,774,1050,745,1139,804,COLOR_SEC
20:42:41.391,692,litter_colour,1089,712,1057,686,1122,738,COLOR_SEC
20:42:41.391,692,litter_colour,1015,616,994,593,1036,640,COLOR_SEC
20:42:41.391,692,litter_colour,888,455,850,424,926,487,COLOR_SEC
20:42:41.391,692,litter_colour,1411,347,1368,324,1455,370,COLOR_SEC
20:42:41.391,692,litter_colour,777,337,742,324,812,351,COLOR_SEC
20:42:41.431,693,litter_colour,1094,775,1050,745,1139,805,COLOR_SEC
20:42:41.432,693,litter_colour,1016,617,996,594,1036,640,COLOR_SEC
20:42:41.432,693,litter_colour,1414,350,1368,324,1461,376,COLOR_SEC
20:42:41.432,693,litter_colour,776,337,741,324,811,351,COLOR_SEC
20:42:41.472,694,litter_colour,326,1033,266,986,387,1080,COLOR_SEC
20:42:41.472,694,litter_colour,446,902,419,877,473,928,COLOR_SEC
20:42:41.472,694,litter_colour,1094,777,1050,748,1139,806,COLOR_SEC
20:42:41.472,694,litter_colour,1013,616,993,594,1034,639,COLOR_SEC
20:42:41.473,694,litter_colour,886,442,849,422,923,462,COLOR_SEC
20:42:41.473,694,litter_colour,351,420,322,397,380,443,COLOR_SEC
20:42:41.473,694,litter_colour,1414,350,1368,324,1460,377,COLOR_SEC
20:42:41.473,694,litter_colour,776,337,741,324,811,351,COLOR_SEC
20:42:41.512,695,litter_colour,324,1034,265,988,384,1080,COLOR_SEC
20:42:41.512,695,litter_colour,443,904,416,879,471,930,COLOR_SEC
20:42:41.512,695,litter_colour,1094,777,1050,748,1139,807,COLOR_SEC
20:42:41.512,695,litter_colour,1014,616,993,594,1035,639,COLOR_SEC
20:42:41.512,695,litter_colour,886,454,849,422,923,487,COLOR_SEC
20:42:41.512,695,litter_colour,350,420,321,397,380,443,COLOR_SEC
20:42:41.512,695,litter_colour,1414,350,1368,324,1460,377,COLOR_SEC
20:42:41.512,695,litter_colour,775,337,741,324,810,350,COLOR_SEC
20:42:41.554,696,litter_colour,326,1035,271,990,381,1080,COLOR_SEC
20:42:41.554,696,litter_colour,441,906,414,881,468,931,COLOR_SEC
20:42:41.554,696,litter_colour,1093,779,1049,750,1138,808,COLOR_SEC
20:42:41.554,696,litter_colour,1014,617,993,594,1035,640,COLOR_SEC
20:42:41.554,696,litter_colour,888,455,853,423,923,487,COLOR_SEC
20:42:41.554,696,litter_colour,350,420,321,397,379,443,COLOR_SEC
20:42:41.554,696,litter_colour,1413,350,1367,324,1460,377,COLOR_SEC
20:42:41.554,696,litter_colour,775,337,741,324,810,350,COLOR_SEC
20:42:41.592,697,litter_colour,326,1038,276,997,377,1080,COLOR_SEC
20:42:41.592,697,litter_colour,1093,780,1048,751,1139,809,COLOR_SEC
20:42:41.592,697,litter_colour,1013,617,991,595,1035,640,COLOR_SEC
20:42:41.592,697,litter_colour,888,446,853,422,923,471,COLOR_SEC
20:42:41.592,697,litter_colour,349,420,320,397,379,443,COLOR_SEC
20:42:41.592,697,litter_colour,1411,350,1367,324,1455,377,COLOR_SEC
20:42:41.592,697,litter_colour,775,337,740,324,810,350,COLOR_SEC
20:42:41.632,698,litter_colour,1093,781,1048,752,1138,810,COLOR_SEC
20:42:41.632,698,litter_colour,1089,715,1057,689,1121,742,COLOR_SEC
20:42:41.632,698,litter_colour,1014,618,996,595,1033,641,COLOR_SEC
20:42:41.632,698,litter_colour,885,475,862,457,909,493,COLOR_SEC
20:42:41.632,698,litter_colour,885,442,848,422,923,462,COLOR_SEC
20:42:41.632,698,litter_colour,349,420,320,397,378,443,COLOR_SEC
20:42:41.632,698,litter_colour,1410,350,1367,324,1454,377,COLOR_SEC
20:42:41.632,698,litter_colour,775,337,740,324,810,350,COLOR_SEC
20:42:41.672,699,litter_colour,1093,782,1048,753,1139,811,COLOR_SEC
20:42:41.672,699,litter_colour,1089,716,1057,689,1121,743,COLOR_SEC
20:42:41.672,699,litter_colour,1016,618,995,596,1037,640,COLOR_SEC
20:42:41.672,699,litter_colour,884,442,848,422,921,462,COLOR_SEC
20:42:41.672,699,litter_colour,348,420,319,397,378,443,COLOR_SEC
20:42:41.672,699,litter_colour,1413,350,1367,324,1460,377,COLOR_SEC
20:42:41.672,699,litter_colour,775,337,740,324,810,351,COLOR_SEC
20:42:41.713,700,litter_colour,1876,951,1837,922,1916,980,COLOR_SEC
20:42:41.713,700,litter_colour,1093,782,1048,753,1139,811,COLOR_SEC
20:42:41.713,700,litter_colour,1088,717,1056,690,1121,744,COLOR_SEC
20:42:41.713,700,litter_colour,1012,619,991,596,1034,642,COLOR_SEC
20:42:41.713,700,litter_colour,886,442,848,423,924,462,COLOR_SEC
20:42:41.713,700,litter_colour,348,420,319,397,377,443,COLOR_SEC
20:42:41.713,700,litter_colour,1413,350,1367,324,1460,377,COLOR_SEC
20:42:41.713,700,litter_colour,775,337,740,324,810,351,COLOR_SEC
20:42:41.754,701,litter_colour,1093,783,1048,754,1139,812,COLOR_SEC
20:42:41.754,701,litter_colour,1088,717,1056,690,1121,744,COLOR_SEC
20:42:41.754,701,litter_colour,1014,618,995,595,1034,641,COLOR_SEC
20:42:41.754,701,litter_colour,884,442,848,422,921,462,COLOR_SEC
20:42:41.754,701,litter_colour,347,420,318,397,377,443,COLOR_SEC
20:42:41.754,701,litter_colour,1413,350,1367,324,1460,377,COLOR_SEC
20:42:41.754,701,litter_colour,775,337,740,324,810,350,COLOR_SEC
20:42:41.794,702,litter_colour,1093,784,1047,754,1139,814,COLOR_SEC
20:42:41.794,702,litter_colour,1088,718,1056,691,1120,745,COLOR_SEC
20:42:41.794,702,litter_colour,1013,619,990,597,1037,641,COLOR_SEC
20:42:41.794,702,litter_colour,884,454,848,422,921,487,COLOR_SEC
20:42:41.794,702,litter_colour,347,420,317,397,377,443,COLOR_SEC
20:42:41.794,702,litter_colour,1410,350,1367,324,1454,377,COLOR_SEC
20:42:41.794,702,litter_colour,775,337,740,324,810,350,COLOR_SEC
20:42:41.834,703,litter_colour,1092,785,1046,755,1139,815,COLOR_SEC
20:42:41.835,703,litter_colour,1089,718,1058,691,1120,746,COLOR_SEC
20:42:41.835,703,litter_colour,1011,618,990,595,1032,642,COLOR_SEC
20:42:41.835,703,litter_colour,885,442,848,422,923,462,COLOR_SEC
20:42:41.835,703,litter_colour,346,420,317,397,376,443,COLOR_SEC
20:42:41.835,703,litter_colour,1410,350,1367,324,1454,377,COLOR_SEC
20:42:41.835,703,litter_colour,774,337,739,324,809,351,COLOR_SEC
20:42:41.874,704,litter_colour,1092,786,1046,756,1138,816,COLOR_SEC
20:42:41.874,704,litter_colour,1087,719,1054,692,1120,747,COLOR_SEC
20:42:41.874,704,litter_colour,1013,618,990,595,1037,642,COLOR_SEC
20:42:41.874,704,litter_colour,884,475,860,457,908,493,COLOR_SEC
20:42:41.874,704,litter_colour,884,442,846,422,923,462,COLOR_SEC
20:42:41.874,704,litter_colour,345,420,316,397,375,443,COLOR_SEC
20:42:41.874,704,litter_colour,1409,350,1366,324,1453,377,COLOR_SEC
20:42:41.874,704,litter_colour,774,337,739,324,809,351,COLOR_SEC
20:42:41.915,705,litter_colour,1092,787,1046,757,1138,817,COLOR_SEC
20:42:41.915,705,litter_colour,1013,618,993,595,1033,642,COLOR_SEC
20:42:41.915,705,litter_colour,882,442,846,422,919,462,COLOR_SEC
20:42:41.915,705,litter_colour,345,420,315,397,375,443,COLOR_SEC
20:42:41.915,705,litter_colour,1412,350,1366,324,1459,377,COLOR_SEC
20:42:41.915,705,litter_colour,773,337,739,324,808,351,COLOR_SEC
20:42:41.954,706,litter_colour,1091,788,1045,758,1138,818,COLOR_SEC
20:42:41.954,706,litter_colour,1011,619,989,596,1033,643,COLOR_SEC
20:42:41.955,706,litter_colour,882,441,846,421,919,461,COLOR_SEC
20:42:41.955,706,litter_colour,344,419,314,396,374,443,COLOR_SEC
20:42:41.955,706,litter_colour,1412,350,1366,324,1459,377,COLOR_SEC
20:42:41.955,706,litter_colour,773,337,739,324,808,350,COLOR_SEC
20:42:41.996,707,litter_colour,1091,788,1045,758,1138,819,COLOR_SEC
20:42:41.996,707,litter_colour,1013,619,992,595,1035,644,COLOR_SEC
20:42:41.996,707,litter_colour,886,454,851,421,922,487,COLOR_SEC
20:42:41.996,707,litter_colour,344,419,314,396,374,443,COLOR_SEC
20:42:41.996,707,litter_colour,1409,350,1366,324,1453,377,COLOR_SEC
20:42:41.996,707,litter_colour,773,337,738,324,808,351,COLOR_SEC
20:42:42.036,708,litter_colour,1091,789,1045,759,1138,820,COLOR_SEC
20:42:42.036,708,litter_colour,1012,620,989,596,1035,644,COLOR_SEC
20:42:42.036,708,litter_colour,882,454,846,422,918,487,COLOR_SEC
20:42:42.036,708,litter_colour,343,419,313,396,373,443,COLOR_SEC
20:42:42.036,708,litter_colour,1412,350,1366,324,1458,377,COLOR_SEC
20:42:42.036,708,litter_colour,773,337,738,324,808,351,COLOR_SEC
20:42:42.077,709,litter_colour,1091,791,1044,761,1138,822,COLOR_SEC
20:42:42.077,709,litter_colour,1012,620,991,596,1034,644,COLOR_SEC
20:42:42.077,709,litter_colour,342,420,312,397,372,443,COLOR_SEC
20:42:42.077,709,litter_colour,1411,350,1365,324,1458,377,COLOR_SEC
20:42:42.077,709,litter_colour,771,337,737,324,806,351,COLOR_SEC
20:42:42.117,710,litter_colour,1091,791,1044,760,1138,823,COLOR_SEC
20:42:42.117,710,litter_colour,1009,620,988,596,1031,645,COLOR_SEC
20:42:42.117,710,litter_colour,882,454,846,421,918,487,COLOR_SEC
20:42:42.117,710,litter_colour,341,419,311,396,371,443,COLOR_SEC
20:42:42.117,710,litter_colour,1408,350,1365,324,1452,377,COLOR_SEC
20:42:42.117,710,litter_colour,771,337,737,324,806,350,COLOR_SEC
20:42:42.157,711,litter_colour,1090,793,1043,762,1138,824,COLOR_SEC
20:42:42.157,711,litter_colour,1009,620,987,597,1031,644,COLOR_SEC
20:42:42.157,711,litter_colour,885,454,854,421,917,487,COLOR_SEC
20:42:42.157,711,litter_colour,340,419,310,396,370,443,COLOR_SEC
20:42:42.157,711,litter_colour,1411,351,1365,324,1458,379,COLOR_SEC
20:42:42.157,711,litter_colour,771,337,737,324,806,350,COLOR_SEC
20:42:42.198,712,litter_colour,1090,796,1043,766,1137,826,COLOR_SEC
20:42:42.198,712,litter_colour,1010,621,987,597,1033,645,COLOR_SEC
20:42:42.198,712,litter_colour,885,454,854,421,917,487,COLOR_SEC
20:42:42.198,712,litter_colour,339,419,310,396,369,443,COLOR_SEC
20:42:42.198,712,litter_colour,1411,350,1365,324,1457,377,COLOR_SEC
20:42:42.198,712,litter_colour,771,337,736,324,806,351,COLOR_SEC
20:42:42.237,713,litter_colour,1090,796,1042,765,1138,828,COLOR_SEC
20:42:42.237,713,litter_colour,1007,622,987,599,1028,646,COLOR_SEC
20:42:42.237,713,litter_colour,887,454,854,421,920,487,COLOR_SEC
20:42:42.237,713,litter_colour,339,419,309,396,369,443,COLOR_SEC
20:42:42.237,713,litter_colour,1410,346,1364,324,1457,369,COLOR_SEC
20:42:42.237,713,litter_colour,771,337,736,324,806,351,COLOR_SEC
20:42:42.279,714,litter_colour,280,1062,251,1045,309,1080,COLOR_SEC
20:42:42.279,714,litter_colour,1089,797,1042,765,1137,829,COLOR_SEC
20:42:42.279,714,litter_colour,1007,622,987,598,1028,646,COLOR_SEC
20:42:42.279,714,litter_colour,886,455,854,422,919,488,COLOR_SEC
20:42:42.279,714,litter_colour,338,419,308,396,368,443,COLOR_SEC
20:42:42.279,714,litter_colour,1410,346,1364,324,1457,369,COLOR_SEC
20:42:42.279,714,litter_colour,771,337,736,324,806,350,COLOR_SEC
20:42:42.319,715,litter_colour,1090,799,1042,767,1138,831,COLOR_SEC
20:42:42.319,715,litter_colour,1010,622,987,598,1034,646,COLOR_SEC
20:42:42.319,715,litter_colour,884,454,853,422,916,487,COLOR_SEC
20:42:42.319,715,litter_colour,338,420,308,397,368,443,COLOR_SEC
20:42:42.319,715,litter_colour,1410,346,1364,324,1457,369,COLOR_SEC
20:42:42.319,715,litter_colour,771,337,736,324,806,350,COLOR_SEC
20:42:42.359,716,litter_colour,1008,623,987,598,1030,648,COLOR_SEC
20:42:42.359,716,litter_colour,337,420,308,397,367,443,COLOR_SEC
20:42:42.359,716,litter_colour,1410,346,1364,324,1457,369,COLOR_SEC
20:42:42.359,716,litter_colour,771,337,736,324,806,350,COLOR_SEC
20:42:42.401,717,litter_colour,1008,624,986,601,1030,648,COLOR_SEC
20:42:42.401,717,litter_colour,337,420,307,397,367,443,COLOR_SEC
20:42:42.401,717,litter_colour,1410,347,1364,324,1457,370,COLOR_SEC
20:42:42.401,717,litter_colour,771,337,736,324,806,350,COLOR_SEC
20:42:42.442,718,litter_colour,1008,624,986,599,1030,649,COLOR_SEC
20:42:42.442,718,litter_colour,884,455,852,422,916,488,COLOR_SEC
20:42:42.442,718,litter_colour,336,420,307,397,366,443,COLOR_SEC
20:42:42.442,718,litter_colour,1410,346,1364,324,1457,369,COLOR_SEC
20:42:42.442,718,litter_colour,770,337,735,324,806,350,COLOR_SEC
20:42:42.484,719,litter_colour,1008,625,986,602,1030,649,COLOR_SEC
20:42:42.484,719,litter_colour,884,455,852,422,916,488,COLOR_SEC
20:42:42.484,719,litter_colour,336,420,306,397,366,443,COLOR_SEC
20:42:42.484,719,litter_colour,1071,432,974,387,1169,478,COLOR_SEC
20:42:42.484,719,litter_colour,1410,346,1364,324,1457,368,COLOR_SEC
20:42:42.484,719,litter_colour,770,337,735,324,806,350,COLOR_SEC
20:42:42.525,720,litter_colour,1009,626,985,602,1034,650,COLOR_SEC
20:42:42.525,720,litter_colour,883,455,852,423,915,488,COLOR_SEC
20:42:42.525,720,litter_colour,336,420,306,397,366,443,COLOR_SEC
20:42:42.525,720,litter_colour,1072,433,974,387,1170,479,COLOR_SEC
20:42:42.525,720,litter_colour,1410,346,1364,324,1457,368,COLOR_SEC
20:42:42.525,720,litter_colour,770,337,735,324,806,350,COLOR_SEC
20:42:42.567,721,litter_colour,1010,626,986,603,1034,650,COLOR_SEC
20:42:42.567,721,litter_colour,883,455,852,422,915,488,COLOR_SEC
20:42:42.567,721,litter_colour,335,419,305,396,365,443,COLOR_SEC
20:42:42.567,721,litter_colour,1072,433,974,387,1170,479,COLOR_SEC
20:42:42.567,721,litter_colour,1410,346,1364,324,1457,368,COLOR_SEC
20:42:42.567,721,litter_colour,770,337,735,324,806,350,COLOR_SEC
20:42:42.605,722,litter_colour,1009,626,985,602,1034,651,COLOR_SEC
20:42:42.606,722,litter_colour,995,563,954,536,1036,591,COLOR_SEC
20:42:42.606,722,litter_colour,1388,450,1366,433,1410,467,COLOR_SEC
20:42:42.606,722,litter_colour,883,455,852,423,915,488,COLOR_SEC
20:42:42.606,722,litter_colour,334,419,305,396,363,443,COLOR_SEC
20:42:42.606,722,litter_colour,1065,433,974,387,1157,479,COLOR_SEC
20:42:42.606,722,litter_colour,1410,345,1364,324,1457,367,COLOR_SEC
20:42:42.606,722,litter_colour,770,337,735,324,806,350,COLOR_SEC
20:42:42.655,723,litter_colour,1009,626,985,602,1034,651,COLOR_SEC
20:42:42.655,723,litter_colour,1388,449,1367,433,1410,466,COLOR_SEC
20:42:42.655,723,litter_colour,883,455,852,423,915,488,COLOR_SEC
20:42:42.655,723,litter_colour,333,419,304,396,362,443,COLOR_SEC
20:42:42.655,723,litter_colour,1059,426,974,387,1144,466,COLOR_SEC
20:42:42.655,723,litter_colour,1411,345,1364,324,1458,367,COLOR_SEC
20:42:42.655,723,litter_colour,770,337,735,324,806,350,COLOR_SEC
20:42:42.696,724,litter_colour,1081,764,1042,733,1121,796,COLOR_SEC
20:42:42.696,724,litter_colour,1009,628,985,604,1034,652,COLOR_SEC
20:42:42.696,724,litter_colour,1387,449,1365,433,1410,466,COLOR_SEC
20:42:42.696,724,litter_colour,883,456,852,424,915,488,COLOR_SEC
20:42:42.696,724,litter_colour,333,419,304,396,362,443,COLOR_SEC
20:42:42.696,724,litter_colour,1059,426,975,387,1144,466,COLOR_SEC
20:42:42.696,724,litter_colour,1411,345,1364,324,1458,367,COLOR_SEC
20:42:42.696,724,litter_colour,770,337,735,324,806,350,COLOR_SEC
20:42:42.736,725,litter_colour,1010,628,986,605,1034,652,COLOR_SEC
20:42:42.736,725,litter_colour,1390,450,1368,434,1412,467,COLOR_SEC
20:42:42.737,725,litter_colour,333,419,304,396,362,443,COLOR_SEC
20:42:42.737,725,litter_colour,1064,432,975,387,1153,478,COLOR_SEC
20:42:42.737,725,litter_colour,1407,345,1364,324,1451,367,COLOR_SEC
20:42:42.737,725,litter_colour,770,337,735,324,806,350,COLOR_SEC
20:42:42.776,726,litter_colour,1009,628,985,603,1034,653,COLOR_SEC
20:42:42.777,726,litter_colour,1393,455,1369,434,1418,477,COLOR_SEC
20:42:42.777,726,litter_colour,332,420,303,396,362,444,COLOR_SEC
20:42:42.777,726,litter_colour,1065,432,975,386,1156,479,COLOR_SEC
20:42:42.777,726,litter_colour,1411,345,1364,324,1458,367,COLOR_SEC
20:42:42.777,726,litter_colour,770,337,735,324,806,350,COLOR_SEC
20:42:42.818,727,litter_colour,1009,628,985,603,1034,654,COLOR_SEC
20:42:42.818,727,litter_colour,1394,457,1367,435,1421,479,COLOR_SEC
20:42:42.818,727,litter_colour,332,420,303,397,362,444,COLOR_SEC
20:42:42.818,727,litter_colour,1074,433,975,386,1173,480,COLOR_SEC
20:42:42.818,727,litter_colour,1411,346,1364,324,1458,368,COLOR_SEC
20:42:42.818,727,litter_colour,770,337,735,324,806,350,COLOR_SEC
20:42:42.858,728,litter_colour,1082,760,1043,718,1122,803,COLOR_SEC
20:42:42.858,728,litter_colour,1011,631,988,607,1034,655,COLOR_SEC
20:42:42.858,728,litter_colour,1394,457,1367,434,1422,480,COLOR_SEC
20:42:42.858,728,litter_colour,332,420,303,397,361,444,COLOR_SEC
20:42:42.858,728,litter_colour,1074,433,975,387,1173,479,COLOR_SEC
20:42:42.858,728,litter_colour,1411,346,1364,324,1458,368,COLOR_SEC
20:42:42.858,728,litter_colour,770,337,735,324,806,351,COLOR_SEC
20:42:42.900,729,litter_colour,1083,763,1043,722,1123,805,COLOR_SEC
20:42:42.900,729,litter_colour,1011,632,988,608,1034,656,COLOR_SEC
20:42:42.900,729,litter_colour,1394,458,1366,435,1422,481,COLOR_SEC
20:42:42.900,729,litter_colour,332,421,303,398,361,445,COLOR_SEC
20:42:42.900,729,litter_colour,1410,346,1363,324,1458,369,COLOR_SEC
20:42:42.900,729,litter_colour,770,337,735,324,805,351,COLOR_SEC
20:42:42.942,730,litter_colour,1093,823,1042,789,1144,858,COLOR_SEC
20:42:42.942,730,litter_colour,1083,766,1043,725,1123,807,COLOR_SEC
20:42:42.942,730,litter_colour,1011,633,988,609,1034,657,COLOR_SEC
20:42:42.942,730,litter_colour,1394,459,1366,436,1423,482,COLOR_SEC
20:42:42.942,730,litter_colour,331,421,302,398,361,445,COLOR_SEC
20:42:42.942,730,litter_colour,1410,347,1362,324,1458,370,COLOR_SEC
20:42:42.942,730,litter_colour,769,338,734,324,804,352,COLOR_SEC
20:42:42.984,731,litter_colour,1094,826,1043,791,1145,861,COLOR_SEC
20:42:42.984,731,litter_colour,1083,767,1043,726,1124,808,COLOR_SEC
20:42:42.984,731,litter_colour,1011,634,988,610,1034,659,COLOR_SEC
20:42:42.984,731,litter_colour,1395,459,1366,436,1425,483,COLOR_SEC
20:42:42.984,731,litter_colour,331,422,302,399,361,446,COLOR_SEC
20:42:42.984,731,litter_colour,1409,347,1360,324,1458,370,COLOR_SEC
20:42:42.984,731,litter_colour,770,338,734,324,806,352,COLOR_SEC
20:42:43.025,732,litter_colour,1094,828,1043,793,1145,863,COLOR_SEC
20:42:43.025,732,litter_colour,1083,768,1043,727,1124,810,COLOR_SEC
20:42:43.025,732,litter_colour,1011,635,988,611,1034,660,COLOR_SEC
20:42:43.025,732,litter_colour,1395,460,1366,437,1425,484,COLOR_SEC
20:42:43.025,732,litter_colour,331,422,302,399,361,446,COLOR_SEC
20:42:43.025,732,litter_colour,1074,433,976,389,1173,478,COLOR_SEC
20:42:43.025,732,litter_colour,1409,347,1360,324,1458,371,COLOR_SEC
20:42:43.025,732,litter_colour,770,338,734,324,806,353,COLOR_SEC
20:42:43.067,733,litter_colour,1110,819,1079,794,1142,845,COLOR_SEC
20:42:43.067,733,litter_colour,1084,770,1043,729,1125,812,COLOR_SEC
20:42:43.067,733,litter_colour,1011,636,988,612,1034,661,COLOR_SEC
20:42:43.067,733,litter_colour,1398,461,1371,438,1425,484,COLOR_SEC
20:42:43.067,733,litter_colour,331,423,301,399,361,447,COLOR_SEC
20:42:43.067,733,litter_colour,1409,348,1360,324,1458,372,COLOR_SEC
20:42:43.067,733,litter_colour,769,338,733,324,805,353,COLOR_SEC
20:42:43.107,734,litter_colour,1095,832,1043,798,1147,867,COLOR_SEC
20:42:43.107,734,litter_colour,1011,637,988,612,1035,662,COLOR_SEC
20:42:43.107,734,litter_colour,994,571,952,542,1037,600,COLOR_SEC
20:42:43.107,734,litter_colour,1398,461,1371,438,1426,485,COLOR_SEC
20:42:43.107,734,litter_colour,331,423,301,400,361,447,COLOR_SEC
20:42:43.107,734,litter_colour,1061,430,975,390,1147,471,COLOR_SEC
20:42:43.107,734,litter_colour,1408,348,1359,324,1458,372,COLOR_SEC
20:42:43.107,734,litter_colour,769,338,734,324,805,353,COLOR_SEC
20:42:43.149,735,litter_colour,1113,823,1080,797,1147,849,COLOR_SEC
20:42:43.149,735,litter_colour,1011,638,988,613,1035,663,COLOR_SEC
20:42:43.149,735,litter_colour,994,572,952,543,1036,601,COLOR_SEC
20:42:43.149,735,litter_colour,1397,462,1368,438,1427,486,COLOR_SEC
20:42:43.149,735,litter_colour,331,423,301,400,361,447,COLOR_SEC
20:42:43.149,735,litter_colour,1061,431,975,391,1148,471,COLOR_SEC
20:42:43.149,735,litter_colour,1408,348,1358,324,1458,372,COLOR_SEC
20:42:43.149,735,litter_colour,769,338,733,324,806,353,COLOR_SEC
20:42:43.188,736,litter_colour,1096,835,1044,799,1148,871,COLOR_SEC
20:42:43.189,736,litter_colour,1011,638,988,613,1035,664,COLOR_SEC
20:42:43.189,736,litter_colour,995,572,953,543,1037,601,COLOR_SEC
20:42:43.189,736,litter_colour,1398,462,1368,438,1428,486,COLOR_SEC
20:42:43.189,736,litter_colour,331,423,301,400,361,447,COLOR_SEC
20:42:43.189,736,litter_colour,1061,428,975,390,1148,467,COLOR_SEC
20:42:43.189,736,litter_colour,1408,348,1358,324,1458,372,COLOR_SEC
20:42:43.189,736,litter_colour,769,339,733,324,806,354,COLOR_SEC
20:42:43.229,737,litter_colour,1096,836,1044,800,1149,872,COLOR_SEC
20:42:43.229,737,litter_colour,1011,638,988,613,1035,664,COLOR_SEC
20:42:43.229,737,litter_colour,994,572,953,544,1036,601,COLOR_SEC
20:42:43.229,737,litter_colour,1399,462,1370,439,1428,486,COLOR_SEC
20:42:43.229,737,litter_colour,331,424,301,400,361,448,COLOR_SEC
20:42:43.229,737,litter_colour,1061,429,975,391,1148,467,COLOR_SEC
20:42:43.229,737,litter_colour,1408,348,1358,324,1459,373,COLOR_SEC
20:42:43.229,737,litter_colour,769,339,733,324,806,354,COLOR_SEC
20:42:43.269,738,litter_colour,1096,837,1044,801,1148,874,COLOR_SEC
20:42:43.269,738,litter_colour,1011,639,988,613,1035,665,COLOR_SEC
20:42:43.269,738,litter_colour,994,573,952,544,1036,602,COLOR_SEC
20:42:43.269,738,litter_colour,1399,463,1370,440,1429,486,COLOR_SEC
20:42:43.269,738,litter_colour,331,423,301,400,361,447,COLOR_SEC
20:42:43.269,738,litter_colour,1068,428,975,390,1162,467,COLOR_SEC
20:42:43.269,738,litter_colour,1408,348,1358,324,1459,373,COLOR_SEC
20:42:43.269,738,litter_colour,769,338,733,324,806,353,COLOR_SEC
20:42:43.309,739,litter_colour,1093,838,1044,801,1143,875,COLOR_SEC
20:42:43.309,739,litter_colour,1011,639,988,614,1035,665,COLOR_SEC
20:42:43.309,739,litter_colour,994,572,952,543,1037,602,COLOR_SEC
20:42:43.309,739,litter_colour,872,462,842,430,902,494,COLOR_SEC
20:42:43.309,739,litter_colour,330,423,300,400,361,447,COLOR_SEC
20:42:43.309,739,litter_colour,1068,429,975,391,1162,467,COLOR_SEC
20:42:43.309,739,litter_colour,1408,348,1358,324,1459,373,COLOR_SEC
20:42:43.309,739,litter_colour,769,338,733,324,806,353,COLOR_SEC
20:42:43.350,740,litter_colour,1115,830,1081,803,1149,857,COLOR_SEC
20:42:43.350,740,litter_colour,1012,639,988,614,1036,665,COLOR_SEC
20:42:43.350,740,litter_colour,994,572,952,543,1037,602,COLOR_SEC
20:42:43.350,740,litter_colour,872,462,842,430,902,494,COLOR_SEC
20:42:43.350,740,litter_colour,330,423,300,400,361,447,COLOR_SEC
20:42:43.350,740,litter_colour,1068,428,975,390,1162,467,COLOR_SEC
20:42:43.350,740,litter_colour,1409,348,1359,324,1459,372,COLOR_SEC
20:42:43.350,740,litter_colour,769,338,733,324,806,353,COLOR_SEC
20:42:43.392,741,litter_colour,994,573,951,544,1038,602,COLOR_SEC
20:42:43.392,741,litter_colour,872,462,842,430,902,494,COLOR_SEC
20:42:43.392,741,litter_colour,330,423,300,400,360,447,COLOR_SEC
20:42:43.392,741,litter_colour,1068,428,975,390,1162,467,COLOR_SEC
20:42:43.392,741,litter_colour,1409,348,1359,324,1460,372,COLOR_SEC
20:42:43.392,741,litter_colour,769,338,733,324,806,353,COLOR_SEC
20:42:43.432,742,litter_colour,1116,832,1082,805,1150,860,COLOR_SEC
20:42:43.432,742,litter_colour,994,573,951,544,1038,603,COLOR_SEC
20:42:43.432,742,litter_colour,1398,463,1365,440,1432,487,COLOR_SEC
20:42:43.432,742,litter_colour,872,462,842,430,902,494,COLOR_SEC
20:42:43.432,742,litter_colour,330,423,300,400,360,447,COLOR_SEC
20:42:43.432,742,litter_colour,1068,431,975,390,1162,472,COLOR_SEC
20:42:43.432,742,litter_colour,1409,348,1359,324,1460,373,COLOR_SEC
20:42:43.432,742,litter_colour,769,338,733,324,806,353,COLOR_SEC
20:42:43.473,743,litter_colour,1117,833,1082,804,1152,862,COLOR_SEC
20:42:43.473,743,litter_colour,975,566,951,545,1000,588,COLOR_SEC
20:42:43.473,743,litter_colour,1398,463,1365,439,1432,487,COLOR_SEC
20:42:43.473,743,litter_colour,872,462,842,430,902,494,COLOR_SEC
20:42:43.473,743,litter_colour,330,423,300,400,360,447,COLOR_SEC
20:42:43.473,743,litter_colour,1061,431,975,391,1147,472,COLOR_SEC
20:42:43.473,743,litter_colour,1409,348,1359,324,1460,373,COLOR_SEC
20:42:43.473,743,litter_colour,769,339,733,324,806,354,COLOR_SEC
20:42:43.514,744,litter_colour,975,567,951,545,1000,589,COLOR_SEC
20:42:43.514,744,litter_colour,1396,463,1358,440,1434,487,COLOR_SEC
20:42:43.514,744,litter_colour,872,462,842,430,902,494,COLOR_SEC
20:42:43.514,744,litter_colour,330,423,300,400,360,447,COLOR_SEC
20:42:43.514,744,litter_colour,1069,429,976,391,1162,467,COLOR_SEC
20:42:43.514,744,litter_colour,1409,348,1359,324,1460,373,COLOR_SEC
20:42:43.514,744,litter_colour,769,339,733,324,806,354,COLOR_SEC
20:42:43.555,745,litter_colour,974,569,952,544,996,594,COLOR_SEC
20:42:43.555,745,litter_colour,1397,463,1360,439,1434,487,COLOR_SEC
20:42:43.556,745,litter_colour,872,462,843,430,902,494,COLOR_SEC
20:42:43.556,745,litter_colour,329,423,299,400,359,447,COLOR_SEC
20:42:43.556,745,litter_colour,1069,429,976,391,1162,467,COLOR_SEC
20:42:43.556,745,litter_colour,1410,348,1360,324,1460,373,COLOR_SEC
20:42:43.556,745,litter_colour,769,339,733,324,806,354,COLOR_SEC
20:42:43.596,746,litter_colour,976,566,952,544,1001,589,COLOR_SEC
20:42:43.596,746,litter_colour,1397,464,1360,440,1435,488,COLOR_SEC
20:42:43.596,746,litter_colour,872,462,842,430,902,494,COLOR_SEC
20:42:43.596,746,litter_colour,329,423,299,400,360,447,COLOR_SEC
20:42:43.596,746,litter_colour,1069,429,976,391,1163,468,COLOR_SEC
20:42:43.596,746,litter_colour,1410,349,1360,324,1460,374,COLOR_SEC
20:42:43.596,746,litter_colour,770,338,734,324,806,353,COLOR_SEC
20:42:43.637,747,litter_colour,973,567,951,545,996,589,COLOR_SEC
20:42:43.637,747,litter_colour,1398,464,1360,440,1436,488,COLOR_SEC
20:42:43.637,747,litter_colour,872,462,842,430,902,495,COLOR_SEC
20:42:43.637,747,litter_colour,329,423,299,400,360,447,COLOR_SEC
20:42:43.637,747,litter_colour,1069,429,976,391,1163,468,COLOR_SEC
20:42:43.637,747,litter_colour,1410,349,1360,324,1461,374,COLOR_SEC
20:42:43.637,747,litter_colour,770,338,735,324,806,353,COLOR_SEC
20:42:43.677,748,litter_colour,994,574,952,545,1037,604,COLOR_SEC
20:42:43.677,748,litter_colour,1398,464,1361,440,1436,488,COLOR_SEC
20:42:43.677,748,litter_colour,872,462,842,430,902,495,COLOR_SEC
20:42:43.677,748,litter_colour,329,424,299,400,360,448,COLOR_SEC
20:42:43.677,748,litter_colour,1069,430,976,392,1163,468,COLOR_SEC
20:42:43.677,748,litter_colour,1410,348,1360,324,1461,373,COLOR_SEC
20:42:43.677,748,litter_colour,770,338,734,324,806,353,COLOR_SEC
20:42:43.717,749,litter_colour,976,570,952,545,1000,595,COLOR_SEC
20:42:43.717,749,litter_colour,1399,464,1362,441,1437,488,COLOR_SEC
20:42:43.717,749,litter_colour,872,462,842,430,902,495,COLOR_SEC
20:42:43.717,749,litter_colour,329,424,299,400,360,448,COLOR_SEC
20:42:43.717,749,litter_colour,1069,429,976,391,1163,467,COLOR_SEC
20:42:43.717,749,litter_colour,1410,348,1360,324,1461,373,COLOR_SEC
20:42:43.717,749,litter_colour,770,339,734,324,806,354,COLOR_SEC
20:42:43.757,750,litter_colour,976,570,952,545,1000,595,COLOR_SEC
20:42:43.757,750,litter_colour,872,462,842,430,902,495,COLOR_SEC
20:42:43.757,750,litter_colour,329,424,299,400,360,448,COLOR_SEC
20:42:43.757,750,litter_colour,1069,429,976,391,1163,467,COLOR_SEC
20:42:43.757,750,litter_colour,1410,348,1360,324,1461,373,COLOR_SEC
20:42:43.757,750,litter_colour,770,339,734,324,806,354,COLOR_SEC
20:42:43.798,751,litter_colour,993,574,950,544,1037,605,COLOR_SEC
20:42:43.798,751,litter_colour,869,473,831,451,907,495,COLOR_SEC
20:42:43.798,751,litter_colour,329,424,299,401,360,448,COLOR_SEC
20:42:43.798,751,litter_colour,1073,438,979,391,1167,485,COLOR_SEC
20:42:43.798,751,litter_colour,1409,348,1360,324,1459,373,COLOR_SEC
20:42:43.798,751,litter_colour,771,339,735,324,807,354,COLOR_SEC
20:42:43.839,752,litter_colour,994,575,952,544,1037,606,COLOR_SEC
20:42:43.840,752,litter_colour,867,470,832,446,902,495,COLOR_SEC
20:42:43.840,752,litter_colour,329,424,299,401,360,448,COLOR_SEC
20:42:43.840,752,litter_colour,1073,438,977,392,1170,485,COLOR_SEC
20:42:43.840,752,litter_colour,1411,348,1360,324,1462,373,COLOR_SEC
20:42:43.840,752,litter_colour,771,339,735,324,808,354,COLOR_SEC
20:42:43.880,753,litter_colour,994,575,952,544,1037,606,COLOR_SEC
20:42:43.880,753,litter_colour,871,470,832,446,910,495,COLOR_SEC
20:42:43.880,753,litter_colour,329,424,299,401,360,448,COLOR_SEC
20:42:43.880,753,litter_colour,1073,438,976,392,1170,485,COLOR_SEC
20:42:43.880,753,litter_colour,1770,366,1749,351,1792,382,COLOR_SEC
20:42:43.880,753,litter_colour,1411,348,1360,324,1462,373,COLOR_SEC
20:42:43.880,753,litter_colour,771,339,735,324,808,354,COLOR_SEC
20:42:43.918,754,litter_colour,994,576,952,545,1037,607,COLOR_SEC
20:42:43.918,754,litter_colour,872,470,834,446,910,495,COLOR_SEC
20:42:43.918,754,litter_colour,329,424,299,401,360,448,COLOR_SEC
20:42:43.918,754,litter_colour,1074,436,976,392,1172,481,COLOR_SEC
20:42:43.918,754,litter_colour,1771,367,1750,351,1793,383,COLOR_SEC
20:42:43.918,754,litter_colour,1412,348,1361,324,1464,373,COLOR_SEC
20:42:43.918,754,litter_colour,770,339,733,324,808,354,COLOR_SEC
20:42:43.960,755,litter_colour,1011,646,987,620,1036,673,COLOR_SEC
20:42:43.960,755,litter_colour,994,576,952,545,1037,607,COLOR_SEC
20:42:43.960,755,litter_colour,871,473,834,451,909,495,COLOR_SEC
20:42:43.960,755,litter_colour,329,424,299,401,360,448,COLOR_SEC
20:42:43.960,755,litter_colour,1772,367,1750,351,1794,383,COLOR_SEC
20:42:43.960,755,litter_colour,1412,348,1361,324,1464,373,COLOR_SEC
20:42:43.960,755,litter_colour,771,339,734,324,808,354,COLOR_SEC
20:42:44.000,756,litter_colour,1008,646,985,619,1031,674,COLOR_SEC
20:42:44.000,756,litter_colour,995,576,952,545,1038,607,COLOR_SEC
20:42:44.000,756,litter_colour,871,473,834,451,908,495,COLOR_SEC
20:42:44.000,756,litter_colour,329,424,299,401,359,448,COLOR_SEC
20:42:44.000,756,litter_colour,1074,436,976,392,1172,481,COLOR_SEC
20:42:44.000,756,litter_colour,1772,367,1751,351,1794,383,COLOR_SEC
20:42:44.000,756,litter_colour,1412,348,1361,324,1464,373,COLOR_SEC
20:42:44.000,756,litter_colour,771,339,734,324,808,354,COLOR_SEC
20:42:44.040,757,litter_colour,1008,647,985,620,1031,674,COLOR_SEC
20:42:44.040,757,litter_colour,994,576,951,546,1038,607,COLOR_SEC
20:42:44.040,757,litter_colour,871,463,834,432,908,495,COLOR_SEC
20:42:44.040,757,litter_colour,328,424,298,401,359,448,COLOR_SEC
20:42:44.040,757,litter_colour,1074,436,977,392,1172,481,COLOR_SEC
20:42:44.040,757,litter_colour,1773,367,1751,351,1795,383,COLOR_SEC
20:42:44.040,757,litter_colour,1412,348,1361,324,1464,373,COLOR_SEC
20:42:44.040,757,litter_colour,772,339,736,324,808,354,COLOR_SEC
20:42:44.081,758,litter_colour,1096,864,1043,821,1149,907,COLOR_SEC
20:42:44.081,758,litter_colour,1010,648,985,621,1036,675,COLOR_SEC
20:42:44.081,758,litter_colour,994,577,951,546,1037,608,COLOR_SEC
20:42:44.081,758,litter_colour,870,463,834,432,907,495,COLOR_SEC
20:42:44.081,758,litter_colour,328,425,298,401,359,449,COLOR_SEC
20:42:44.081,758,litter_colour,1074,439,977,392,1172,486,COLOR_SEC
20:42:44.081,758,litter_colour,1773,367,1752,351,1795,383,COLOR_SEC
20:42:44.081,758,litter_colour,1412,348,1361,324,1464,373,COLOR_SEC
20:42:44.081,758,litter_colour,772,339,736,324,808,354,COLOR_SEC
20:42:44.121,759,litter_colour,1095,866,1042,823,1149,909,COLOR_SEC
20:42:44.121,759,litter_colour,1010,647,984,620,1036,675,COLOR_SEC
20:42:44.121,759,litter_colour,994,577,951,546,1037,608,COLOR_SEC
20:42:44.121,759,litter_colour,872,463,834,432,910,495,COLOR_SEC
20:42:44.121,759,litter_colour,328,425,298,401,359,449,COLOR_SEC
20:42:44.121,759,litter_colour,1774,367,1752,351,1796,383,COLOR_SEC
20:42:44.121,759,litter_colour,1412,348,1361,324,1464,373,COLOR_SEC
20:42:44.121,759,litter_colour,772,339,736,324,808,355,COLOR_SEC
20:42:44.163,760,litter_colour,1095,867,1042,824,1149,911,COLOR_SEC
20:42:44.163,760,litter_colour,1010,649,984,622,1036,676,COLOR_SEC
20:42:44.163,760,litter_colour,995,577,951,546,1039,609,COLOR_SEC
20:42:44.163,760,litter_colour,866,468,831,432,902,504,COLOR_SEC
20:42:44.163,760,litter_colour,328,425,298,402,359,449,COLOR_SEC
20:42:44.163,760,litter_colour,1774,367,1752,351,1796,383,COLOR_SEC
20:42:44.163,760,litter_colour,1412,349,1361,324,1464,374,COLOR_SEC
20:42:44.163,760,litter_colour,771,339,734,324,808,355,COLOR_SEC
20:42:44.205,761,litter_colour,1094,869,1040,826,1149,913,COLOR_SEC
20:42:44.205,761,litter_colour,1009,649,983,622,1036,677,COLOR_SEC
20:42:44.205,761,litter_colour,994,577,951,546,1037,609,COLOR_SEC
20:42:44.205,761,litter_colour,878,464,832,432,925,496,COLOR_SEC
20:42:44.205,761,litter_colour,328,425,297,401,359,449,COLOR_SEC
20:42:44.205,761,litter_colour,1774,368,1753,352,1796,384,COLOR_SEC
20:42:44.205,761,litter_colour,1412,349,1361,324,1464,374,COLOR_SEC
20:42:44.205,761,litter_colour,771,339,734,324,808,355,COLOR_SEC
20:42:44.245,762,litter_colour,1114,862,1081,828,1148,897,COLOR_SEC
20:42:44.245,762,litter_colour,1009,650,983,622,1035,678,COLOR_SEC
20:42:44.245,762,litter_colour,995,578,951,547,1039,610,COLOR_SEC
20:42:44.245,762,litter_colour,879,463,833,431,925,496,COLOR_SEC
20:42:44.245,762,litter_colour,328,425,297,402,359,449,COLOR_SEC
20:42:44.245,762,litter_colour,1775,368,1753,352,1797,384,COLOR_SEC
20:42:44.245,762,litter_colour,1412,349,1360,324,1464,374,COLOR_SEC
20:42:44.245,762,litter_colour,766,339,725,324,808,355,COLOR_SEC
20:42:44.286,763,litter_colour,1114,864,1081,829,1148,899,COLOR_SEC
20:42:44.286,763,litter_colour,1193,774,1162,757,1224,791,COLOR_SEC
20:42:44.286,763,litter_colour,1009,652,984,623,1035,681,COLOR_SEC
20:42:44.286,763,litter_colour,994,578,951,547,1037,610,COLOR_SEC
20:42:44.286,763,litter_colour,879,464,834,432,925,496,COLOR_SEC
20:42:44.286,763,litter_colour,328,425,297,402,359,449,COLOR_SEC
20:42:44.286,763,litter_colour,1775,368,1753,352,1797,384,COLOR_SEC
20:42:44.286,763,litter_colour,1412,349,1360,324,1465,374,COLOR_SEC
20:42:44.286,763,litter_colour,766,339,725,324,808,355,COLOR_SEC
20:42:44.327,764,litter_colour,1114,865,1081,831,1148,899,COLOR_SEC
20:42:44.327,764,litter_colour,1193,775,1163,758,1224,792,COLOR_SEC
20:42:44.327,764,litter_colour,1009,651,983,624,1035,679,COLOR_SEC
20:42:44.327,764,litter_colour,993,578,950,547,1037,610,COLOR_SEC
20:42:44.327,764,litter_colour,1416,461,1381,435,1451,488,COLOR_SEC
20:42:44.327,764,litter_colour,866,462,831,428,902,497,COLOR_SEC
20:42:44.327,764,litter_colour,328,425,297,402,359,449,COLOR_SEC
20:42:44.327,764,litter_colour,1776,368,1754,352,1798,384,COLOR_SEC
20:42:44.327,764,litter_colour,1413,349,1360,324,1467,375,COLOR_SEC
20:42:44.327,764,litter_colour,767,339,726,324,808,355,COLOR_SEC
20:42:44.368,765,litter_colour,1093,877,1039,833,1148,922,COLOR_SEC
20:42:44.368,765,litter_colour,1193,777,1162,760,1224,794,COLOR_SEC
20:42:44.368,765,litter_colour,1008,652,982,625,1035,680,COLOR_SEC
20:42:44.368,765,litter_colour,994,579,951,548,1037,611,COLOR_SEC
20:42:44.368,765,litter_colour,1416,462,1381,435,1452,489,COLOR_SEC
20:42:44.368,765,litter_colour,866,466,830,428,902,505,COLOR_SEC
20:42:44.368,765,litter_colour,328,425,297,402,359,449,COLOR_SEC
20:42:44.368,765,litter_colour,1776,368,1754,352,1799,385,COLOR_SEC
20:42:44.368,765,litter_colour,1411,349,1360,324,1463,375,COLOR_SEC
20:42:44.368,765,litter_colour,767,339,726,324,808,355,COLOR_SEC
20:42:44.407,766,litter_colour,1093,879,1038,834,1148,925,COLOR_SEC
20:42:44.407,766,litter_colour,1193,779,1163,761,1224,797,COLOR_SEC
20:42:44.407,766,litter_colour,1008,653,982,626,1035,681,COLOR_SEC
20:42:44.407,766,litter_colour,993,580,950,548,1037,612,COLOR_SEC
20:42:44.407,766,litter_colour,1416,462,1381,435,1452,489,COLOR_SEC
20:42:44.407,766,litter_colour,866,463,831,429,902,497,COLOR_SEC
20:42:44.407,766,litter_colour,327,426,297,403,358,450,COLOR_SEC
20:42:44.407,766,litter_colour,1777,368,1755,352,1799,384,COLOR_SEC
20:42:44.407,766,litter_colour,1413,349,1361,324,1466,375,COLOR_SEC
20:42:44.407,766,litter_colour,767,340,726,324,808,356,COLOR_SEC
20:42:44.447,767,litter_colour,1194,780,1163,763,1225,797,COLOR_SEC
20:42:44.447,767,litter_colour,993,580,949,549,1037,612,COLOR_SEC
20:42:44.447,767,litter_colour,1417,462,1382,435,1452,490,COLOR_SEC
20:42:44.447,767,litter_colour,869,462,832,428,907,497,COLOR_SEC
20:42:44.447,767,litter_colour,327,426,296,402,358,450,COLOR_SEC
20:42:44.447,767,litter_colour,1777,368,1755,352,1800,385,COLOR_SEC
20:42:44.447,767,litter_colour,1413,350,1361,324,1466,376,COLOR_SEC
20:42:44.447,767,litter_colour,772,340,735,324,809,356,COLOR_SEC
20:42:44.489,768,litter_colour,1194,782,1163,764,1225,801,COLOR_SEC
20:42:44.489,768,litter_colour,1008,654,981,627,1035,682,COLOR_SEC
20:42:44.489,768,litter_colour,993,581,950,549,1037,613,COLOR_SEC
20:42:44.489,768,litter_colour,1419,462,1383,435,1455,490,COLOR_SEC
20:42:44.489,768,litter_colour,878,467,830,428,926,506,COLOR_SEC
20:42:44.489,768,litter_colour,327,426,296,402,358,450,COLOR_SEC
20:42:44.489,768,litter_colour,1777,368,1755,352,1800,385,COLOR_SEC
20:42:44.489,768,litter_colour,1412,350,1361,324,1464,376,COLOR_SEC
20:42:44.489,768,litter_colour,767,340,726,324,809,356,COLOR_SEC
20:42:44.529,769,litter_colour,1112,876,1079,841,1145,911,COLOR_SEC
20:42:44.529,769,litter_colour,1193,783,1162,766,1225,801,COLOR_SEC
20:42:44.529,769,litter_colour,993,581,950,549,1037,614,COLOR_SEC
20:42:44.529,769,litter_colour,1419,462,1383,436,1455,489,COLOR_SEC
20:42:44.529,769,litter_colour,878,463,831,428,925,498,COLOR_SEC
20:42:44.529,769,litter_colour,326,426,296,403,357,450,COLOR_SEC
20:42:44.529,769,litter_colour,1778,369,1756,353,1801,385,COLOR_SEC
20:42:44.529,769,litter_colour,1414,350,1361,324,1467,377,COLOR_SEC
20:42:44.529,769,litter_colour,767,340,726,324,809,356,COLOR_SEC
20:42:44.570,770,litter_colour,1112,878,1079,842,1145,914,COLOR_SEC
20:42:44.570,770,litter_colour,1193,785,1162,767,1225,803,COLOR_SEC
20:42:44.570,770,litter_colour,1007,657,980,628,1034,687,COLOR_SEC
20:42:44.570,770,litter_colour,994,582,950,550,1038,615,COLOR_SEC
20:42:44.570,770,litter_colour,1415,463,1376,436,1455,490,COLOR_SEC
20:42:44.570,770,litter_colour,879,463,832,429,926,498,COLOR_SEC
20:42:44.570,770,litter_colour,326,426,295,402,357,450,COLOR_SEC
20:42:44.570,770,litter_colour,1778,369,1756,353,1801,385,COLOR_SEC
20:42:44.570,770,litter_colour,1413,350,1359,324,1467,377,COLOR_SEC
20:42:44.570,770,litter_colour,768,340,726,324,810,356,COLOR_SEC
20:42:44.610,771,litter_colour,1194,786,1163,769,1226,804,COLOR_SEC
20:42:44.610,771,litter_colour,1007,657,980,628,1034,686,COLOR_SEC
20:42:44.610,771,litter_colour,984,590,930,550,1038,630,COLOR_SEC
20:42:44.610,771,litter_colour,1419,464,1384,437,1454,492,COLOR_SEC
20:42:44.610,771,litter_colour,879,464,833,429,926,499,COLOR_SEC
20:42:44.610,771,litter_colour,326,427,295,403,357,451,COLOR_SEC
20:42:44.610,771,litter_colour,1779,369,1757,353,1802,386,COLOR_SEC
20:42:44.610,771,litter_colour,1412,351,1357,324,1467,378,COLOR_SEC
20:42:44.610,771,litter_colour,768,340,726,324,810,357,COLOR_SEC
20:42:44.649,772,litter_colour,1194,793,1163,770,1226,816,COLOR_SEC
20:42:44.649,772,litter_colour,984,591,930,551,1038,631,COLOR_SEC
20:42:44.649,772,litter_colour,1414,464,1373,437,1456,492,COLOR_SEC
20:42:44.649,772,litter_colour,886,449,847,430,925,469,COLOR_SEC
20:42:44.649,772,litter_colour,326,427,295,403,357,451,COLOR_SEC
20:42:44.649,772,litter_colour,1779,370,1757,354,1802,386,COLOR_SEC
20:42:44.649,772,litter_colour,1413,351,1358,324,1468,379,COLOR_SEC
20:42:44.649,772,litter_colour,768,340,726,324,810,357,COLOR_SEC
20:42:44.689,773,litter_colour,1194,796,1162,773,1226,820,COLOR_SEC
20:42:44.689,773,litter_colour,1006,659,979,631,1034,688,COLOR_SEC
20:42:44.689,773,litter_colour,993,584,949,552,1037,617,COLOR_SEC
20:42:44.689,773,litter_colour,1421,465,1385,438,1457,493,COLOR_SEC
20:42:44.689,773,litter_colour,879,465,832,431,926,500,COLOR_SEC
20:42:44.689,773,litter_colour,326,428,295,404,358,452,COLOR_SEC
20:42:44.689,773,litter_colour,1780,370,1758,354,1803,387,COLOR_SEC
20:42:44.689,773,litter_colour,1413,351,1358,324,1468,379,COLOR_SEC
20:42:44.689,773,litter_colour,768,341,726,324,810,358,COLOR_SEC
20:42:44.730,774,litter_colour,1194,793,1162,775,1227,811,COLOR_SEC
20:42:44.730,774,litter_colour,1006,661,979,633,1034,690,COLOR_SEC
20:42:44.730,774,litter_colour,994,586,950,553,1038,619,COLOR_SEC
20:42:44.730,774,litter_colour,1411,467,1363,439,1459,495,COLOR_SEC
20:42:44.730,774,litter_colour,887,451,848,432,926,471,COLOR_SEC
20:42:44.730,774,litter_colour,326,429,295,405,358,453,COLOR_SEC
20:42:44.730,774,litter_colour,1781,371,1758,355,1804,388,COLOR_SEC
20:42:44.730,774,litter_colour,1412,352,1357,324,1468,380,COLOR_SEC
20:42:44.730,774,litter_colour,768,341,727,324,810,359,COLOR_SEC
20:42:44.772,775,litter_colour,1194,795,1162,777,1227,813,COLOR_SEC
20:42:44.772,775,litter_colour,993,587,949,554,1037,620,COLOR_SEC
20:42:44.772,775,litter_colour,1423,467,1387,440,1460,495,COLOR_SEC
20:42:44.772,775,litter_colour,886,451,847,433,926,470,COLOR_SEC
20:42:44.772,775,litter_colour,326,429,295,405,358,453,COLOR_SEC
20:42:44.772,775,litter_colour,1781,372,1759,356,1804,389,COLOR_SEC
20:42:44.772,775,litter_colour,1413,352,1358,324,1469,381,COLOR_SEC
20:42:44.772,775,litter_colour,768,341,726,324,810,359,COLOR_SEC
20:42:44.811,776,litter_colour,1195,797,1162,779,1228,816,COLOR_SEC
20:42:44.811,776,litter_colour,1006,664,980,635,1033,693,COLOR_SEC
20:42:44.811,776,litter_colour,983,594,929,554,1037,635,COLOR_SEC
20:42:44.811,776,litter_colour,1424,468,1387,441,1462,496,COLOR_SEC
20:42:44.811,776,litter_colour,879,468,833,434,926,502,COLOR_SEC
20:42:44.811,776,litter_colour,327,430,296,407,359,454,COLOR_SEC
20:42:44.811,776,litter_colour,1782,373,1759,357,1805,389,COLOR_SEC
20:42:44.811,776,litter_colour,1414,353,1358,324,1470,382,COLOR_SEC
20:42:44.811,776,litter_colour,768,342,726,324,810,360,COLOR_SEC
20:42:44.852,777,litter_colour,1006,665,980,636,1033,694,COLOR_SEC
20:42:44.852,777,litter_colour,1014,605,992,588,1037,622,COLOR_SEC
20:42:44.852,777,litter_colour,974,582,949,555,999,610,COLOR_SEC
20:42:44.852,777,litter_colour,1425,469,1389,442,1462,497,COLOR_SEC
20:42:44.852,777,litter_colour,879,469,832,435,926,503,COLOR_SEC
20:42:44.852,777,litter_colour,327,431,296,407,359,455,COLOR_SEC
20:42:44.852,777,litter_colour,1783,373,1760,357,1806,390,COLOR_SEC
20:42:44.852,777,litter_colour,1413,353,1358,324,1469,382,COLOR_SEC
20:42:44.852,777,litter_colour,768,342,726,324,810,361,COLOR_SEC
20:42:44.891,778,litter_colour,1007,666,981,637,1033,695,COLOR_SEC
20:42:44.891,778,litter_colour,1014,606,991,589,1037,623,COLOR_SEC
20:42:44.891,778,litter_colour,975,583,950,556,1000,611,COLOR_SEC
20:42:44.891,778,litter_colour,1416,469,1369,442,1464,497,COLOR_SEC
20:42:44.891,778,litter_colour,886,453,847,434,926,472,COLOR_SEC
20:42:44.891,778,litter_colour,327,431,296,407,359,455,COLOR_SEC
20:42:44.891,778,litter_colour,1783,374,1761,358,1806,390,COLOR_SEC
20:42:44.891,778,litter_colour,1414,353,1359,324,1470,383,COLOR_SEC
20:42:44.891,778,litter_colour,767,342,725,324,810,361,COLOR_SEC
20:42:44.930,779,litter_colour,1007,666,981,637,1033,696,COLOR_SEC
20:42:44.930,779,litter_colour,1014,607,992,590,1037,624,COLOR_SEC
20:42:44.930,779,litter_colour,974,584,949,557,999,612,COLOR_SEC
20:42:44.930,779,litter_colour,1426,470,1389,443,1464,498,COLOR_SEC
20:42:44.930,779,litter_colour,879,470,833,436,926,504,COLOR_SEC
20:42:44.930,779,litter_colour,327,431,295,407,359,455,COLOR_SEC
20:42:44.930,779,litter_colour,1784,374,1761,358,1807,390,COLOR_SEC
20:42:44.930,779,litter_colour,1414,353,1359,324,1470,383,COLOR_SEC
20:42:44.930,779,litter_colour,768,342,724,324,812,361,COLOR_SEC
20:42:44.970,780,litter_colour,1006,667,980,638,1033,697,COLOR_SEC
20:42:44.970,780,litter_colour,1014,606,991,589,1037,624,COLOR_SEC
20:42:44.970,780,litter_colour,974,584,950,557,999,612,COLOR_SEC
20:42:44.970,780,litter_colour,1427,470,1389,443,1466,498,COLOR_SEC
20:42:44.970,780,litter_colour,886,454,847,436,926,472,COLOR_SEC
20:42:44.970,780,litter_colour,327,430,295,406,359,455,COLOR_SEC
20:42:44.970,780,litter_colour,1785,374,1762,358,1808,390,COLOR_SEC
20:42:44.970,780,litter_colour,1415,353,1360,324,1471,383,COLOR_SEC
20:42:44.970,780,litter_colour,769,342,726,324,812,361,COLOR_SEC
20:42:45.009,781,litter_colour,1005,667,978,637,1033,697,COLOR_SEC
20:42:45.010,781,litter_colour,993,590,950,557,1037,624,COLOR_SEC
20:42:45.010,781,litter_colour,1427,471,1389,443,1466,499,COLOR_SEC
20:42:45.010,781,litter_colour,879,469,833,434,926,504,COLOR_SEC
20:42:45.010,781,litter_colour,327,430,295,406,359,455,COLOR_SEC
20:42:45.010,781,litter_colour,1785,374,1763,358,1808,390,COLOR_SEC
20:42:45.010,781,litter_colour,1416,353,1360,324,1472,382,COLOR_SEC
20:42:45.010,781,litter_colour,769,342,726,324,812,361,COLOR_SEC
20:42:45.051,782,litter_colour,1006,667,979,637,1033,698,COLOR_SEC
20:42:45.051,782,litter_colour,993,590,949,556,1037,625,COLOR_SEC
20:42:45.051,782,litter_colour,1429,470,1390,442,1468,499,COLOR_SEC
20:42:45.051,782,litter_colour,886,454,847,435,926,473,COLOR_SEC
20:42:45.051,782,litter_colour,327,430,295,406,359,455,COLOR_SEC
20:42:45.051,782,litter_colour,1786,374,1763,358,1809,390,COLOR_SEC
20:42:45.051,782,litter_colour,1416,353,1360,324,1472,382,COLOR_SEC
20:42:45.051,782,litter_colour,769,342,727,324,812,361,COLOR_SEC
20:42:45.091,783,litter_colour,1005,667,977,637,1033,698,COLOR_SEC
20:42:45.092,783,litter_colour,1014,607,991,590,1037,625,COLOR_SEC
20:42:45.092,783,litter_colour,974,584,949,556,999,612,COLOR_SEC
20:42:45.092,783,litter_colour,1429,471,1391,443,1468,499,COLOR_SEC
20:42:45.092,783,litter_colour,886,454,847,435,926,473,COLOR_SEC
20:42:45.092,783,litter_colour,327,430,295,406,359,454,COLOR_SEC
20:42:45.092,783,litter_colour,1787,373,1764,357,1810,390,COLOR_SEC
20:42:45.092,783,litter_colour,1416,353,1361,324,1472,382,COLOR_SEC
20:42:45.092,783,litter_colour,769,342,727,324,812,360,COLOR_SEC
20:42:45.133,784,litter_colour,1072,875,1032,851,1112,900,COLOR_SEC
20:42:45.133,784,litter_colour,1001,668,979,637,1024,699,COLOR_SEC
20:42:45.133,784,litter_colour,1013,607,991,590,1036,625,COLOR_SEC
20:42:45.133,784,litter_colour,963,598,928,557,999,639,COLOR_SEC
20:42:45.133,784,litter_colour,1428,471,1391,443,1466,499,COLOR_SEC
20:42:45.133,784,litter_colour,886,454,847,435,926,473,COLOR_SEC
20:42:45.133,784,litter_colour,327,430,295,406,359,454,COLOR_SEC
20:42:45.133,784,litter_colour,1787,373,1764,357,1810,390,COLOR_SEC
20:42:45.133,784,litter_colour,1417,352,1362,324,1473,381,COLOR_SEC
20:42:45.133,784,litter_colour,770,342,728,324,812,360,COLOR_SEC
20:42:45.174,785,litter_colour,1108,917,1074,873,1143,961,COLOR_SEC
20:42:45.174,785,litter_colour,1071,877,1032,852,1111,902,COLOR_SEC
20:42:45.174,785,litter_colour,1001,668,978,638,1024,699,COLOR_SEC
20:42:45.174,785,litter_colour,982,597,927,556,1037,639,COLOR_SEC
20:42:45.174,785,litter_colour,1429,470,1392,443,1466,498,COLOR_SEC
20:42:45.174,785,litter_colour,886,454,846,436,926,473,COLOR_SEC
20:42:45.174,785,litter_colour,326,429,294,405,358,454,COLOR_SEC
20:42:45.174,785,litter_colour,1788,373,1765,357,1811,390,COLOR_SEC
20:42:45.174,785,litter_colour,1417,352,1362,324,1473,381,COLOR_SEC
20:42:45.174,785,litter_colour,770,342,728,324,812,360,COLOR_SEC
20:42:45.214,786,litter_colour,1108,919,1073,875,1143,963,COLOR_SEC
20:42:45.214,786,litter_colour,1071,878,1031,854,1111,903,COLOR_SEC
20:42:45.214,786,litter_colour,993,737,952,704,1035,771,COLOR_SEC
20:42:45.214,786,litter_colour,1000,669,978,638,1023,700,COLOR_SEC
20:42:45.214,786,litter_colour,982,598,927,557,1037,640,COLOR_SEC
20:42:45.214,786,litter_colour,1431,470,1392,443,1470,498,COLOR_SEC
20:42:45.214,786,litter_colour,886,453,846,436,926,471,COLOR_SEC
20:42:45.214,786,litter_colour,326,429,294,405,358,454,COLOR_SEC
20:42:45.214,786,litter_colour,1788,374,1765,358,1811,390,COLOR_SEC
20:42:45.214,786,litter_colour,1417,352,1362,324,1473,381,COLOR_SEC
20:42:45.214,786,litter_colour,770,342,728,324,812,360,COLOR_SEC
20:42:45.254,787,litter_colour,995,737,957,704,1033,770,COLOR_SEC
20:42:45.254,787,litter_colour,1000,669,978,639,1023,700,COLOR_SEC
20:42:45.254,787,litter_colour,963,598,927,557,999,640,COLOR_SEC
20:42:45.254,787,litter_colour,1431,468,1393,443,1470,494,COLOR_SEC
20:42:45.254,787,litter_colour,886,453,846,438,926,468,COLOR_SEC
20:42:45.254,787,litter_colour,326,429,294,405,358,454,COLOR_SEC
20:42:45.254,787,litter_colour,1788,374,1765,358,1812,390,COLOR_SEC
20:42:45.254,787,litter_colour,1418,352,1362,324,1474,381,COLOR_SEC
20:42:45.254,787,litter_colour,770,342,728,324,812,360,COLOR_SEC
20:42:45.294,788,litter_colour,995,738,958,705,1033,772,COLOR_SEC
20:42:45.294,788,litter_colour,1000,670,978,639,1023,701,COLOR_SEC
20:42:45.294,788,litter_colour,981,598,926,557,1037,640,COLOR_SEC
20:42:45.294,788,litter_colour,1432,469,1395,443,1470,496,COLOR_SEC
20:42:45.294,788,litter_colour,886,454,846,438,926,471,COLOR_SEC
20:42:45.294,788,litter_colour,326,430,294,406,358,454,COLOR_SEC
20:42:45.294,788,litter_colour,1789,374,1766,358,1812,390,COLOR_SEC
20:42:45.294,788,litter_colour,1418,352,1362,324,1474,381,COLOR_SEC
20:42:45.294,788,litter_colour,770,342,728,324,812,360,COLOR_SEC
20:42:45.333,789,litter_colour,992,739,951,705,1034,773,COLOR_SEC
20:42:45.333,789,litter_colour,1000,670,977,639,1024,702,COLOR_SEC
20:42:45.333,789,litter_colour,981,599,926,557,1036,641,COLOR_SEC
20:42:45.333,789,litter_colour,1432,469,1395,443,1470,495,COLOR_SEC
20:42:45.333,789,litter_colour,886,454,846,438,926,471,COLOR_SEC
20:42:45.333,789,litter_colour,326,430,294,406,358,454,COLOR_SEC
20:42:45.333,789,litter_colour,1789,374,1766,358,1813,390,COLOR_SEC
20:42:45.333,789,litter_colour,1418,352,1362,324,1474,381,COLOR_SEC
20:42:45.333,789,litter_colour,770,342,728,324,812,360,COLOR_SEC
20:42:45.372,790,litter_colour,994,739,956,706,1032,773,COLOR_SEC
20:42:45.372,790,litter_colour,1000,671,977,640,1023,702,COLOR_SEC
20:42:45.372,790,litter_colour,961,599,925,557,998,641,COLOR_SEC
20:42:45.372,790,litter_colour,1433,471,1394,443,1472,499,COLOR_SEC
20:42:45.372,790,litter_colour,886,453,846,436,926,471,COLOR_SEC
20:42:45.372,790,litter_colour,325,429,293,405,358,454,COLOR_SEC
20:42:45.372,790,litter_colour,1789,374,1766,358,1813,390,COLOR_SEC
20:42:45.372,790,litter_colour,1418,353,1363,324,1474,382,COLOR_SEC
20:42:45.372,790,litter_colour,770,342,728,324,812,360,COLOR_SEC
20:42:45.372,790,litter_colour,526,338,491,324,562,353,COLOR_SEC
20:42:45.412,791,litter_colour,1198,816,1165,796,1231,837,COLOR_SEC
20:42:45.412,791,litter_colour,994,740,957,706,1032,774,COLOR_SEC
20:42:45.412,791,litter_colour,961,599,925,558,998,641,COLOR_SEC
20:42:45.412,791,litter_colour,1433,469,1395,443,1472,496,COLOR_SEC
20:42:45.412,791,litter_colour,886,453,846,436,926,471,COLOR_SEC
20:42:45.412,791,litter_colour,325,429,293,405,358,454,COLOR_SEC
20:42:45.412,791,litter_colour,1790,374,1767,358,1813,391,COLOR_SEC
20:42:45.412,791,litter_colour,1418,353,1363,324,1474,382,COLOR_SEC
20:42:45.412,791,litter_colour,770,342,728,324,812,360,COLOR_SEC
20:42:45.412,791,litter_colour,526,338,491,324,562,353,COLOR_SEC
20:42:45.451,792,litter_colour,1197,817,1162,797,1232,837,COLOR_SEC
20:42:45.451,792,litter_colour,993,740,956,707,1031,774,COLOR_SEC
20:42:45.451,792,litter_colour,1434,471,1394,443,1474,499,COLOR_SEC
20:42:45.451,792,litter_colour,879,471,833,438,926,504,COLOR_SEC
20:42:45.451,792,litter_colour,325,429,293,405,358,454,COLOR_SEC
20:42:45.451,792,litter_colour,1790,374,1767,358,1814,391,COLOR_SEC
20:42:45.451,792,litter_colour,1418,353,1363,324,1474,382,COLOR_SEC
20:42:45.451,792,litter_colour,770,342,728,324,813,360,COLOR_SEC
20:42:45.451,792,litter_colour,526,338,491,324,562,353,COLOR_SEC
20:42:45.492,793,litter_colour,1199,817,1166,797,1232,838,COLOR_SEC
20:42:45.492,793,litter_colour,993,741,955,708,1032,775,COLOR_SEC
20:42:45.492,793,litter_colour,980,599,925,558,1036,641,COLOR_SEC
20:42:45.492,793,litter_colour,1434,470,1394,443,1474,497,COLOR_SEC
20:42:45.492,793,litter_colour,880,471,833,438,927,504,COLOR_SEC
20:42:45.492,793,litter_colour,325,429,293,405,358,454,COLOR_SEC
20:42:45.492,793,litter_colour,1791,375,1768,359,1814,391,COLOR_SEC
20:42:45.492,793,litter_colour,1419,353,1364,324,1474,382,COLOR_SEC
20:42:45.492,793,litter_colour,770,342,728,324,813,360,COLOR_SEC
20:42:45.492,793,litter_colour,526,338,491,324,562,353,COLOR_SEC
20:42:45.533,794,litter_colour,1197,819,1162,798,1232,840,COLOR_SEC
20:42:45.533,794,litter_colour,994,741,955,708,1033,775,COLOR_SEC
20:42:45.533,794,litter_colour,981,599,925,558,1037,641,COLOR_SEC
20:42:45.533,794,litter_colour,1436,471,1396,443,1476,499,COLOR_SEC
20:42:45.533,794,litter_colour,886,454,846,438,926,470,COLOR_SEC
20:42:45.533,794,litter_colour,325,429,293,405,358,454,COLOR_SEC
20:42:45.533,794,litter_colour,1791,374,1767,358,1815,391,COLOR_SEC
20:42:45.533,794,litter_colour,1419,353,1364,324,1474,382,COLOR_SEC
20:42:45.533,794,litter_colour,771,342,729,324,813,360,COLOR_SEC
20:42:45.533,794,litter_colour,526,338,490,324,562,353,COLOR_SEC
20:42:45.574,795,litter_colour,1197,820,1162,799,1233,841,COLOR_SEC
20:42:45.574,795,litter_colour,990,743,948,709,1032,777,COLOR_SEC
20:42:45.574,795,litter_colour,1436,470,1396,443,1476,497,COLOR_SEC
20:42:45.574,795,litter_colour,886,454,846,438,927,470,COLOR_SEC
20:42:45.574,795,litter_colour,325,429,293,405,358,454,COLOR_SEC
20:42:45.574,795,litter_colour,1791,375,1768,359,1815,391,COLOR_SEC
20:42:45.574,795,litter_colour,1419,353,1364,324,1475,382,COLOR_SEC
20:42:45.574,795,litter_colour,771,342,729,324,813,361,COLOR_SEC
20:42:45.574,795,litter_colour,526,338,490,324,563,353,COLOR_SEC
20:42:45.615,796,litter_colour,993,743,953,709,1033,777,COLOR_SEC
20:42:45.615,796,litter_colour,1436,470,1396,443,1476,497,COLOR_SEC
20:42:45.615,796,litter_colour,886,454,846,438,927,470,COLOR_SEC
20:42:45.615,796,litter_colour,325,429,293,405,358,454,COLOR_SEC
20:42:45.615,796,litter_colour,1792,375,1768,359,1816,391,COLOR_SEC
20:42:45.615,796,litter_colour,1419,353,1364,324,1475,382,COLOR_SEC
20:42:45.615,796,litter_colour,771,342,729,324,813,360,COLOR_SEC
20:42:45.615,796,litter_colour,526,338,490,324,563,352,COLOR_SEC
20:42:45.656,797,litter_colour,994,744,955,710,1034,778,COLOR_SEC
20:42:45.656,797,litter_colour,1436,470,1396,443,1476,497,COLOR_SEC
20:42:45.656,797,litter_colour,886,454,846,438,927,470,COLOR_SEC
20:42:45.656,797,litter_colour,1081,453,983,411,1179,496,COLOR_SEC
20:42:45.656,797,litter_colour,325,429,293,405,358,454,COLOR_SEC
20:42:45.656,797,litter_colour,1792,375,1769,359,1816,391,COLOR_SEC
20:42:45.656,797,litter_colour,1420,353,1364,324,1476,382,COLOR_SEC
20:42:45.656,797,litter_colour,771,342,729,324,813,360,COLOR_SEC
20:42:45.656,797,litter_colour,526,338,490,324,563,352,COLOR_SEC
20:42:45.697,798,litter_colour,993,745,954,712,1033,779,COLOR_SEC
20:42:45.697,798,litter_colour,1437,470,1396,443,1478,498,COLOR_SEC
20:42:45.697,798,litter_colour,886,453,846,438,927,469,COLOR_SEC
20:42:45.697,798,litter_colour,1080,453,983,411,1178,495,COLOR_SEC
20:42:45.697,798,litter_colour,325,429,292,405,358,454,COLOR_SEC
20:42:45.697,798,litter_colour,1792,375,1769,359,1816,391,COLOR_SEC
20:42:45.697,798,litter_colour,1420,353,1365,324,1476,382,COLOR_SEC
20:42:45.697,798,litter_colour,771,342,729,324,813,360,COLOR_SEC
20:42:45.697,798,litter_colour,526,338,490,324,563,352,COLOR_SEC
20:42:45.738,799,litter_colour,993,745,955,712,1032,779,COLOR_SEC
20:42:45.738,799,litter_colour,1438,470,1398,443,1478,497,COLOR_SEC
20:42:45.738,799,litter_colour,886,453,846,438,927,469,COLOR_SEC
20:42:45.738,799,litter_colour,1080,453,983,411,1178,495,COLOR_SEC
20:42:45.738,799,litter_colour,324,429,292,405,357,454,COLOR_SEC
20:42:45.738,799,litter_colour,1793,375,1769,359,1817,391,COLOR_SEC
20:42:45.738,799,litter_colour,1420,353,1365,324,1476,382,COLOR_SEC
20:42:45.738,799,litter_colour,771,342,729,324,813,360,COLOR_SEC
20:42:45.738,799,litter_colour,526,338,490,324,563,352,COLOR_SEC
20:42:45.779,800,litter_colour,993,745,953,712,1033,779,COLOR_SEC
20:42:45.779,800,litter_colour,1436,469,1393,442,1480,497,COLOR_SEC
20:42:45.780,800,litter_colour,886,453,846,438,926,469,COLOR_SEC
20:42:45.780,800,litter_colour,324,429,292,405,357,454,COLOR_SEC
20:42:45.780,800,litter_colour,1793,375,1770,359,1817,391,COLOR_SEC
20:42:45.780,800,litter_colour,1420,353,1364,324,1476,382,COLOR_SEC
20:42:45.780,800,litter_colour,771,342,729,324,813,360,COLOR_SEC
20:42:45.780,800,litter_colour,526,338,490,324,563,352,COLOR_SEC
20:42:45.821,801,litter_colour,1070,898,1027,871,1113,925,COLOR_SEC
20:42:45.821,801,litter_colour,993,746,954,713,1032,779,COLOR_SEC
20:42:45.821,801,litter_colour,1436,469,1393,442,1480,497,COLOR_SEC
20:42:45.821,801,litter_colour,886,453,846,438,926,468,COLOR_SEC
20:42:45.821,801,litter_colour,1082,453,984,411,1181,495,COLOR_SEC
20:42:45.821,801,litter_colour,324,429,291,404,357,454,COLOR_SEC
20:42:45.821,801,litter_colour,1793,375,1770,359,1817,391,COLOR_SEC
20:42:45.821,801,litter_colour,1420,353,1365,324,1476,383,COLOR_SEC
20:42:45.821,801,litter_colour,771,342,729,324,813,360,COLOR_SEC
20:42:45.821,801,litter_colour,526,338,490,324,562,352,COLOR_SEC
20:42:45.862,802,litter_colour,1070,899,1028,872,1113,926,COLOR_SEC
20:42:45.862,802,litter_colour,992,746,953,713,1032,780,COLOR_SEC
20:42:45.862,802,litter_colour,869,487,832,471,906,504,COLOR_SEC
20:42:45.862,802,litter_colour,1437,469,1393,442,1482,496,COLOR_SEC
20:42:45.862,802,litter_colour,886,454,846,438,927,470,COLOR_SEC
20:42:45.862,802,litter_colour,324,429,291,404,357,454,COLOR_SEC
20:42:45.862,802,litter_colour,1794,375,1770,359,1818,391,COLOR_SEC
20:42:45.862,802,litter_colour,1420,353,1365,324,1476,383,COLOR_SEC
20:42:45.862,802,litter_colour,771,342,729,324,813,360,COLOR_SEC
20:42:45.862,802,litter_colour,526,338,490,324,562,352,COLOR_SEC
20:42:45.903,803,litter_colour,1070,900,1028,873,1113,927,COLOR_SEC
20:42:45.903,803,litter_colour,993,747,954,714,1032,780,COLOR_SEC
20:42:45.903,803,litter_colour,869,487,832,471,906,504,COLOR_SEC
20:42:45.903,803,litter_colour,324,429,291,405,357,454,COLOR_SEC
20:42:45.903,803,litter_colour,1794,375,1770,359,1818,391,COLOR_SEC
20:42:45.903,803,litter_colour,1420,353,1365,324,1475,383,COLOR_SEC
20:42:45.903,803,litter_colour,771,342,729,324,813,360,COLOR_SEC
20:42:45.903,803,litter_colour,526,338,490,324,562,352,COLOR_SEC
20:42:45.944,804,litter_colour,1110,948,1073,898,1148,999,COLOR_SEC
20:42:45.944,804,litter_colour,1071,901,1028,874,1114,929,COLOR_SEC
20:42:45.944,804,litter_colour,992,747,954,714,1031,781,COLOR_SEC
20:42:45.944,804,litter_colour,869,487,832,471,906,504,COLOR_SEC
20:42:45.944,804,litter_colour,324,429,291,405,357,454,COLOR_SEC
20:42:45.944,804,litter_colour,1794,375,1770,359,1818,391,COLOR_SEC
20:42:45.944,804,litter_colour,1420,353,1365,324,1476,383,COLOR_SEC
20:42:45.944,804,litter_colour,771,342,729,324,813,360,COLOR_SEC
20:42:45.944,804,litter_colour,525,338,489,324,562,352,COLOR_SEC
20:42:45.986,805,litter_colour,1111,953,1074,905,1149,1002,COLOR_SEC
20:42:45.986,805,litter_colour,1071,902,1028,875,1115,930,COLOR_SEC
20:42:45.986,805,litter_colour,992,747,953,714,1032,781,COLOR_SEC
20:42:45.986,805,litter_colour,869,487,832,471,906,504,COLOR_SEC
20:42:45.986,805,litter_colour,323,429,291,405,356,454,COLOR_SEC
20:42:45.986,805,litter_colour,1795,375,1771,359,1819,391,COLOR_SEC
20:42:45.986,805,litter_colour,1420,353,1365,324,1476,383,COLOR_SEC
20:42:45.986,805,litter_colour,771,342,729,324,813,360,COLOR_SEC
20:42:45.986,805,litter_colour,526,338,489,324,563,352,COLOR_SEC
20:42:46.026,806,litter_colour,1112,954,1074,906,1150,1003,COLOR_SEC
20:42:46.026,806,litter_colour,1073,903,1029,876,1117,931,COLOR_SEC
20:42:46.026,806,litter_colour,993,748,953,714,1033,782,COLOR_SEC
20:42:46.026,806,litter_colour,323,429,290,404,356,454,COLOR_SEC
20:42:46.026,806,litter_colour,1795,375,1771,359,1819,391,COLOR_SEC
20:42:46.026,806,litter_colour,1420,353,1365,324,1476,383,COLOR_SEC
20:42:46.026,806,litter_colour,771,342,729,324,813,361,COLOR_SEC
20:42:46.026,806,litter_colour,526,338,489,324,563,352,COLOR_SEC
20:42:46.066,807,litter_colour,1112,956,1074,907,1151,1005,COLOR_SEC
20:42:46.066,807,litter_colour,1072,904,1029,877,1116,932,COLOR_SEC
20:42:46.066,807,litter_colour,992,748,953,714,1032,783,COLOR_SEC
20:42:46.066,807,litter_colour,323,428,290,404,357,453,COLOR_SEC
20:42:46.066,807,litter_colour,1795,375,1771,359,1820,391,COLOR_SEC
20:42:46.066,807,litter_colour,1421,353,1365,324,1477,383,COLOR_SEC
20:42:46.066,807,litter_colour,771,342,729,324,814,361,COLOR_SEC
20:42:46.066,807,litter_colour,526,338,489,324,563,352,COLOR_SEC
20:42:46.107,808,litter_colour,1073,906,1029,878,1117,934,COLOR_SEC
20:42:46.107,808,litter_colour,993,749,954,715,1033,784,COLOR_SEC
20:42:46.107,808,litter_colour,887,452,847,434,927,471,COLOR_SEC
20:42:46.107,808,litter_colour,323,428,290,404,356,453,COLOR_SEC
20:42:46.107,808,litter_colour,1796,375,1772,359,1820,391,COLOR_SEC
20:42:46.107,808,litter_colour,1421,353,1366,324,1476,383,COLOR_SEC
20:42:46.107,808,litter_colour,772,342,730,324,814,361,COLOR_SEC
20:42:46.107,808,litter_colour,526,338,489,324,563,352,COLOR_SEC
20:42:46.146,809,litter_colour,1114,959,1075,910,1153,1009,COLOR_SEC
20:42:46.146,809,litter_colour,1073,907,1030,879,1117,935,COLOR_SEC
20:42:46.146,809,litter_colour,993,749,954,714,1033,784,COLOR_SEC
20:42:46.146,809,litter_colour,1000,673,977,639,1023,708,COLOR_SEC
20:42:46.146,809,litter_colour,961,601,924,558,999,644,COLOR_SEC
20:42:46.146,809,litter_colour,887,458,847,434,927,482,COLOR_SEC
20:42:46.146,809,litter_colour,323,428,290,404,356,453,COLOR_SEC
20:42:46.146,809,litter_colour,1796,375,1772,359,1821,391,COLOR_SEC
20:42:46.146,809,litter_colour,1422,353,1366,324,1478,383,COLOR_SEC
20:42:46.146,809,litter_colour,772,342,730,324,814,361,COLOR_SEC
20:42:46.146,809,litter_colour,526,338,489,324,563,352,COLOR_SEC
20:42:46.187,810,litter_colour,1074,908,1030,880,1119,937,COLOR_SEC
20:42:46.187,810,litter_colour,1209,831,1175,809,1244,854,COLOR_SEC
20:42:46.187,810,litter_colour,993,749,953,714,1033,784,COLOR_SEC
20:42:46.187,810,litter_colour,1001,673,978,637,1024,709,COLOR_SEC
20:42:46.187,810,litter_colour,961,601,923,558,999,644,COLOR_SEC
20:42:46.187,810,litter_colour,887,458,847,434,927,482,COLOR_SEC
20:42:46.187,810,litter_colour,323,428,290,404,356,453,COLOR_SEC
20:42:46.187,810,litter_colour,1796,375,1772,359,1821,391,COLOR_SEC
20:42:46.187,810,litter_colour,1422,353,1366,324,1478,383,COLOR_SEC
20:42:46.187,810,litter_colour,772,342,730,324,814,361,COLOR_SEC
20:42:46.187,810,litter_colour,525,338,488,324,563,352,COLOR_SEC
20:42:46.228,811,litter_colour,1075,909,1031,881,1119,938,COLOR_SEC
20:42:46.228,811,litter_colour,1211,832,1176,810,1246,855,COLOR_SEC
20:42:46.228,811,litter_colour,990,749,946,714,1034,784,COLOR_SEC
20:42:46.228,811,litter_colour,1001,673,977,637,1025,709,COLOR_SEC
20:42:46.228,811,litter_colour,961,601,923,558,999,644,COLOR_SEC
20:42:46.228,811,litter_colour,1353,541,1324,524,1382,559,COLOR_SEC
20:42:46.228,811,litter_colour,867,487,832,471,902,503,COLOR_SEC
20:42:46.228,811,litter_colour,887,457,847,433,927,482,COLOR_SEC
20:42:46.228,811,litter_colour,323,428,290,404,356,453,COLOR_SEC
20:42:46.228,811,litter_colour,1797,375,1773,358,1821,392,COLOR_SEC
20:42:46.228,811,litter_colour,1421,353,1366,324,1477,383,COLOR_SEC
20:42:46.228,811,litter_colour,772,342,730,324,814,360,COLOR_SEC
20:42:46.228,811,litter_colour,525,338,489,324,562,352,COLOR_SEC
20:42:46.268,812,litter_colour,1076,911,1031,882,1121,940,COLOR_SEC
20:42:46.268,812,litter_colour,1210,833,1173,811,1247,856,COLOR_SEC
20:42:46.268,812,litter_colour,994,749,954,714,1034,785,COLOR_SEC
20:42:46.268,812,litter_colour,1005,674,977,638,1034,710,COLOR_SEC
20:42:46.268,812,litter_colour,961,601,923,558,999,645,COLOR_SEC
20:42:46.268,812,litter_colour,1332,544,1280,524,1384,564,COLOR_SEC
20:42:46.268,812,litter_colour,322,428,289,404,356,453,COLOR_SEC
20:42:46.268,812,litter_colour,1797,375,1773,358,1821,392,COLOR_SEC
20:42:46.268,812,litter_colour,1422,353,1366,324,1478,383,COLOR_SEC
20:42:46.268,812,litter_colour,772,342,730,324,814,361,COLOR_SEC
20:42:46.268,812,litter_colour,525,338,488,324,562,352,COLOR_SEC
20:42:46.309,813,litter_colour,1076,912,1031,883,1121,941,COLOR_SEC
20:42:46.309,813,litter_colour,1211,834,1174,812,1248,857,COLOR_SEC
20:42:46.309,813,litter_colour,991,751,947,716,1035,786,COLOR_SEC
20:42:46.309,813,litter_colour,1002,674,978,638,1026,711,COLOR_SEC
20:42:46.309,813,litter_colour,962,601,924,558,1000,645,COLOR_SEC
20:42:46.309,813,litter_colour,1355,543,1326,524,1384,562,COLOR_SEC
20:42:46.309,813,litter_colour,322,428,289,404,355,453,COLOR_SEC
20:42:46.309,813,litter_colour,1797,375,1773,359,1822,392,COLOR_SEC
20:42:46.309,813,litter_colour,1422,353,1366,324,1478,383,COLOR_SEC
20:42:46.309,813,litter_colour,771,342,729,324,814,361,COLOR_SEC
20:42:46.309,813,litter_colour,525,338,488,324,562,352,COLOR_SEC
20:42:46.350,814,litter_colour,1077,913,1032,884,1123,943,COLOR_SEC
20:42:46.350,814,litter_colour,1212,835,1175,812,1249,858,COLOR_SEC
20:42:46.350,814,litter_colour,994,751,953,715,1035,788,COLOR_SEC
20:42:46.350,814,litter_colour,1002,676,978,638,1026,714,COLOR_SEC
20:42:46.350,814,litter_colour,961,602,923,559,1000,645,COLOR_SEC
20:42:46.350,814,litter_colour,1355,545,1326,523,1385,567,COLOR_SEC
20:42:46.350,814,litter_colour,886,458,846,434,927,482,COLOR_SEC
20:42:46.350,814,litter_colour,321,429,288,405,355,453,COLOR_SEC
20:42:46.350,814,litter_colour,1797,375,1773,359,1822,392,COLOR_SEC
20:42:46.350,814,litter_colour,1422,353,1366,324,1478,383,COLOR_SEC
20:42:46.351,814,litter_colour,771,342,729,324,814,361,COLOR_SEC
20:42:46.351,814,litter_colour,525,338,488,324,562,352,COLOR_SEC
20:42:46.390,815,litter_colour,1074,915,1025,886,1123,944,COLOR_SEC
20:42:46.390,815,litter_colour,1214,836,1179,813,1250,859,COLOR_SEC
20:42:46.391,815,litter_colour,991,752,947,717,1035,787,COLOR_SEC
20:42:46.391,815,litter_colour,1001,676,978,639,1024,713,COLOR_SEC
20:42:46.391,815,litter_colour,961,602,923,559,1000,646,COLOR_SEC
20:42:46.391,815,litter_colour,1356,542,1327,524,1386,560,COLOR_SEC
20:42:46.391,815,litter_colour,886,458,846,434,927,482,COLOR_SEC
20:42:46.391,815,litter_colour,321,429,288,405,354,453,COLOR_SEC
20:42:46.391,815,litter_colour,1797,375,1773,359,1822,392,COLOR_SEC
20:42:46.391,815,litter_colour,1421,353,1366,324,1477,383,COLOR_SEC
20:42:46.391,815,litter_colour,771,342,729,324,814,361,COLOR_SEC
20:42:46.391,815,litter_colour,525,338,488,324,562,352,COLOR_SEC
20:42:46.431,816,litter_colour,1075,916,1026,887,1124,946,COLOR_SEC
20:42:46.431,816,litter_colour,1216,837,1180,814,1252,860,COLOR_SEC
20:42:46.431,816,litter_colour,994,752,953,716,1036,788,COLOR_SEC
20:42:46.431,816,litter_colour,1001,675,978,639,1025,712,COLOR_SEC
20:42:46.431,816,litter_colour,981,611,923,559,1039,664,COLOR_SEC
20:42:46.431,816,litter_colour,1358,543,1328,526,1388,561,COLOR_SEC
20:42:46.431,816,litter_colour,886,458,846,434,927,482,COLOR_SEC
20:42:46.431,816,litter_colour,1078,453,984,412,1172,495,COLOR_SEC
20:42:46.431,816,litter_colour,321,429,288,405,355,453,COLOR_SEC
20:42:46.431,816,litter_colour,1797,375,1773,359,1822,392,COLOR_SEC
20:42:46.431,816,litter_colour,1422,353,1366,324,1478,383,COLOR_SEC
20:42:46.431,816,litter_colour,771,342,729,324,813,361,COLOR_SEC
20:42:46.431,816,litter_colour,524,338,487,324,562,352,COLOR_SEC
20:42:46.473,817,litter_colour,1076,918,1026,888,1126,948,COLOR_SEC
20:42:46.473,817,litter_colour,1217,838,1182,815,1253,861,COLOR_SEC
20:42:46.473,817,litter_colour,991,753,947,718,1036,789,COLOR_SEC
20:42:46.473,817,litter_colour,1005,676,978,640,1032,712,COLOR_SEC
20:42:46.473,817,litter_colour,981,602,923,559,1039,646,COLOR_SEC
20:42:46.473,817,litter_colour,1336,545,1285,525,1388,565,COLOR_SEC
20:42:46.473,817,litter_colour,1449,468,1401,441,1498,495,COLOR_SEC
20:42:46.473,817,litter_colour,886,469,846,434,927,504,COLOR_SEC
20:42:46.473,817,litter_colour,320,428,287,404,354,453,COLOR_SEC
20:42:46.473,817,litter_colour,1798,375,1773,359,1823,392,COLOR_SEC
20:42:46.473,817,litter_colour,1421,353,1366,324,1477,383,COLOR_SEC
20:42:46.473,817,litter_colour,771,342,729,324,813,361,COLOR_SEC
20:42:46.473,817,litter_colour,524,338,487,324,562,352,COLOR_SEC
20:42:46.516,818,litter_colour,1076,919,1027,889,1126,950,COLOR_SEC
20:42:46.516,818,litter_colour,1216,838,1179,815,1254,862,COLOR_SEC
20:42:46.516,818,litter_colour,991,753,947,717,1036,789,COLOR_SEC
20:42:46.516,818,litter_colour,981,602,923,559,1039,646,COLOR_SEC
20:42:46.516,818,litter_colour,1337,547,1285,525,1389,569,COLOR_SEC
20:42:46.516,818,litter_colour,1450,467,1401,441,1499,494,COLOR_SEC
20:42:46.516,818,litter_colour,320,429,287,405,354,453,COLOR_SEC
20:42:46.516,818,litter_colour,1798,375,1773,359,1823,392,COLOR_SEC
20:42:46.516,818,litter_colour,1422,353,1366,324,1478,383,COLOR_SEC
20:42:46.516,818,litter_colour,771,342,729,324,813,361,COLOR_SEC
20:42:46.516,818,litter_colour,524,338,487,324,561,352,COLOR_SEC
20:42:46.558,819,litter_colour,992,754,948,718,1037,790,COLOR_SEC
20:42:46.559,819,litter_colour,961,603,922,559,1000,647,COLOR_SEC
20:42:46.559,819,litter_colour,1451,467,1403,440,1500,494,COLOR_SEC
20:42:46.559,819,litter_colour,886,469,846,434,927,504,COLOR_SEC
20:42:46.559,819,litter_colour,320,429,287,405,353,453,COLOR_SEC
20:42:46.559,819,litter_colour,1798,376,1774,359,1823,393,COLOR_SEC
20:42:46.559,819,litter_colour,1422,354,1366,324,1478,384,COLOR_SEC
20:42:46.559,819,litter_colour,771,343,729,324,813,362,COLOR_SEC
20:42:46.598,820,litter_colour,996,754,955,718,1037,791,COLOR_SEC
20:42:46.598,820,litter_colour,1006,677,978,640,1035,714,COLOR_SEC
20:42:46.598,820,litter_colour,981,603,923,559,1040,647,COLOR_SEC
20:42:46.598,820,litter_colour,1357,544,1330,526,1384,563,COLOR_SEC
20:42:46.599,820,litter_colour,1452,468,1403,441,1502,495,COLOR_SEC
20:42:46.599,820,litter_colour,1798,376,1774,359,1823,393,COLOR_SEC
20:42:46.599,820,litter_colour,1422,354,1366,324,1478,384,COLOR_SEC
20:42:46.599,820,litter_colour,771,343,729,324,813,362,COLOR_SEC
20:42:46.599,820,litter_colour,523,338,486,324,561,352,COLOR_SEC
20:42:46.637,821,litter_colour,996,755,954,719,1038,792,COLOR_SEC
20:42:46.638,821,litter_colour,1007,679,978,644,1036,714,COLOR_SEC
20:42:46.638,821,litter_colour,982,603,924,559,1040,647,COLOR_SEC
20:42:46.638,821,litter_colour,1355,544,1331,526,1379,563,COLOR_SEC
20:42:46.638,821,litter_colour,1454,468,1405,441,1504,495,COLOR_SEC
20:42:46.638,821,litter_colour,1798,376,1774,359,1823,393,COLOR_SEC
20:42:46.638,821,litter_colour,1422,354,1366,324,1478,384,COLOR_SEC
20:42:46.638,821,litter_colour,770,343,728,324,813,362,COLOR_SEC
20:42:46.638,821,litter_colour,524,338,486,324,562,353,COLOR_SEC
20:42:46.677,822,litter_colour,996,756,955,720,1038,793,COLOR_SEC
20:42:46.679,822,litter_colour,1006,678,976,641,1036,715,COLOR_SEC
20:42:46.679,822,litter_colour,981,603,922,560,1040,647,COLOR_SEC
20:42:46.679,822,litter_colour,1334,544,1288,524,1380,565,COLOR_SEC
20:42:46.679,822,litter_colour,1455,468,1405,441,1505,495,COLOR_SEC
20:42:46.679,822,litter_colour,1079,454,984,412,1174,496,COLOR_SEC
20:42:46.679,822,litter_colour,1798,376,1774,359,1823,393,COLOR_SEC
20:42:46.680,822,litter_colour,1422,354,1366,324,1478,384,COLOR_SEC
20:42:46.680,822,litter_colour,770,343,728,324,813,362,COLOR_SEC
20:42:46.680,822,litter_colour,524,338,486,324,562,353,COLOR_SEC
20:42:46.718,823,litter_colour,996,757,954,721,1039,794,COLOR_SEC
20:42:46.718,823,litter_colour,1007,678,977,641,1037,716,COLOR_SEC
20:42:46.718,823,litter_colour,962,604,923,560,1001,648,COLOR_SEC
20:42:46.718,823,litter_colour,1343,544,1306,527,1381,562,COLOR_SEC
20:42:46.718,823,litter_colour,1456,468,1407,441,1506,495,COLOR_SEC
20:42:46.718,823,litter_colour,1079,453,984,412,1174,494,COLOR_SEC
20:42:46.718,823,litter_colour,1798,376,1774,360,1823,393,COLOR_SEC
20:42:46.718,823,litter_colour,1422,354,1366,324,1478,384,COLOR_SEC
20:42:46.718,823,litter_colour,770,343,727,324,813,363,COLOR_SEC
20:42:46.718,823,litter_colour,523,338,485,324,562,353,COLOR_SEC
20:42:46.760,824,litter_colour,993,759,947,720,1039,799,COLOR_SEC
20:42:46.760,824,litter_colour,1006,679,976,643,1037,716,COLOR_SEC
20:42:46.760,824,litter_colour,982,604,922,561,1042,648,COLOR_SEC
20:42:46.760,824,litter_colour,1459,467,1409,440,1510,495,COLOR_SEC
20:42:46.760,824,litter_colour,1079,454,984,412,1174,496,COLOR_SEC
20:42:46.760,824,litter_colour,1799,377,1774,360,1824,394,COLOR_SEC
20:42:46.760,824,litter_colour,1422,354,1366,324,1478,385,COLOR_SEC
20:42:46.760,824,litter_colour,770,343,727,324,813,363,COLOR_SEC
20:42:46.760,824,litter_colour,523,338,485,324,562,353,COLOR_SEC
20:42:46.799,825,litter_colour,996,758,954,721,1039,796,COLOR_SEC
20:42:46.799,825,litter_colour,982,605,923,561,1041,649,COLOR_SEC
20:42:46.799,825,litter_colour,1459,467,1409,440,1510,494,COLOR_SEC
20:42:46.799,825,litter_colour,1079,454,985,413,1174,496,COLOR_SEC
20:42:46.799,825,litter_colour,1799,377,1774,360,1824,394,COLOR_SEC
20:42:46.799,825,litter_colour,1422,354,1367,324,1478,385,COLOR_SEC
20:42:46.799,825,litter_colour,770,343,727,324,814,363,COLOR_SEC
20:42:46.799,825,litter_colour,523,338,485,324,561,353,COLOR_SEC
20:42:46.838,826,litter_colour,1459,466,1409,440,1510,492,COLOR_SEC
20:42:46.838,826,litter_colour,1799,377,1775,360,1824,394,COLOR_SEC
20:42:46.838,826,litter_colour,1422,354,1367,324,1478,385,COLOR_SEC
20:42:46.838,826,litter_colour,770,343,727,324,814,363,COLOR_SEC
20:42:46.838,826,litter_colour,523,338,485,324,561,353,COLOR_SEC
20:42:46.878,827,litter_colour,962,605,923,561,1001,649,COLOR_SEC
20:42:46.878,827,litter_colour,1461,466,1411,440,1512,493,COLOR_SEC
20:42:46.878,827,litter_colour,1799,377,1775,361,1824,394,COLOR_SEC
20:42:46.878,827,litter_colour,1422,354,1367,324,1478,385,COLOR_SEC
20:42:46.878,827,litter_colour,770,343,727,324,814,363,COLOR_SEC
20:42:46.878,827,litter_colour,522,338,484,324,561,353,COLOR_SEC
20:42:46.917,828,litter_colour,962,605,923,561,1001,649,COLOR_SEC
20:42:46.917,828,litter_colour,1457,468,1401,440,1513,497,COLOR_SEC
20:42:46.917,828,litter_colour,1799,376,1775,360,1824,393,COLOR_SEC
20:42:46.917,828,litter_colour,1423,354,1367,324,1479,385,COLOR_SEC
20:42:46.917,828,litter_colour,771,343,729,324,814,362,COLOR_SEC
20:42:46.957,829,litter_colour,962,604,923,560,1001,649,COLOR_SEC
20:42:46.957,829,litter_colour,1458,468,1403,440,1514,497,COLOR_SEC
20:42:46.957,829,litter_colour,1423,354,1367,324,1479,384,COLOR_SEC
20:42:46.957,829,litter_colour,771,343,729,324,814,362,COLOR_SEC
20:42:46.957,829,litter_colour,522,338,484,324,561,352,COLOR_SEC
20:42:46.999,830,litter_colour,962,604,922,559,1002,649,COLOR_SEC
20:42:46.999,830,litter_colour,1465,468,1415,439,1516,497,COLOR_SEC
20:42:46.999,830,litter_colour,1423,354,1367,324,1479,384,COLOR_SEC
20:42:46.999,830,litter_colour,771,342,730,324,813,361,COLOR_SEC
20:42:46.999,830,litter_colour,522,337,484,324,560,351,COLOR_SEC
20:42:47.039,831,litter_colour,962,604,922,560,1002,648,COLOR_SEC
20:42:47.039,831,litter_colour,1465,467,1415,438,1516,496,COLOR_SEC
20:42:47.039,831,litter_colour,1423,353,1367,324,1479,383,COLOR_SEC
20:42:47.039,831,litter_colour,771,342,730,324,813,360,COLOR_SEC
20:42:47.081,832,litter_colour,962,603,922,559,1002,648,COLOR_SEC
20:42:47.081,832,litter_colour,1467,466,1417,437,1517,496,COLOR_SEC
20:42:47.081,832,litter_colour,890,457,854,434,927,481,COLOR_SEC
20:42:47.081,832,litter_colour,1423,353,1367,324,1479,383,COLOR_SEC
20:42:47.081,832,litter_colour,771,342,729,324,813,360,COLOR_SEC
20:42:47.123,833,litter_colour,1236,857,1198,831,1274,883,COLOR_SEC
20:42:47.123,833,litter_colour,962,603,922,559,1002,648,COLOR_SEC
20:42:47.123,833,litter_colour,1467,466,1417,437,1518,496,COLOR_SEC
20:42:47.123,833,litter_colour,1423,353,1367,324,1479,382,COLOR_SEC
20:42:47.123,833,litter_colour,771,341,729,324,814,359,COLOR_SEC
20:42:47.162,834,litter_colour,1230,857,1185,831,1275,884,COLOR_SEC
20:42:47.162,834,litter_colour,961,603,922,558,1001,648,COLOR_SEC
20:42:47.162,834,litter_colour,1467,465,1415,436,1519,495,COLOR_SEC
20:42:47.162,834,litter_colour,314,426,280,401,348,451,COLOR_SEC
20:42:47.162,834,litter_colour,1799,373,1775,357,1824,390,COLOR_SEC
20:42:47.163,834,litter_colour,1422,353,1366,324,1479,382,COLOR_SEC
20:42:47.163,834,litter_colour,771,341,729,324,813,359,COLOR_SEC
20:42:47.203,835,litter_colour,1229,858,1184,832,1275,885,COLOR_SEC
20:42:47.203,835,litter_colour,961,603,922,558,1001,648,COLOR_SEC
20:42:47.203,835,litter_colour,1468,465,1417,436,1520,494,COLOR_SEC
20:42:47.203,835,litter_colour,313,425,279,401,347,450,COLOR_SEC
20:42:47.203,835,litter_colour,1423,353,1367,324,1479,382,COLOR_SEC
20:42:47.203,835,litter_colour,770,341,729,324,812,358,COLOR_SEC
20:42:47.244,836,litter_colour,1232,859,1187,832,1277,886,COLOR_SEC
20:42:47.244,836,litter_colour,962,603,922,558,1002,648,COLOR_SEC
20:42:47.244,836,litter_colour,1465,464,1409,435,1521,494,COLOR_SEC
20:42:47.244,836,litter_colour,889,455,853,432,926,479,COLOR_SEC
20:42:47.244,836,litter_colour,312,425,278,400,346,450,COLOR_SEC
20:42:47.244,836,litter_colour,1799,372,1775,356,1824,389,COLOR_SEC
20:42:47.244,836,litter_colour,1423,352,1367,324,1479,381,COLOR_SEC
20:42:47.244,836,litter_colour,775,341,739,324,812,358,COLOR_SEC
20:42:47.284,837,litter_colour,1232,860,1188,833,1277,887,COLOR_SEC
20:42:47.284,837,litter_colour,961,602,921,557,1001,647,COLOR_SEC
20:42:47.284,837,litter_colour,1471,464,1419,435,1523,494,COLOR_SEC
20:42:47.284,837,litter_colour,312,424,278,400,346,449,COLOR_SEC
20:42:47.284,837,litter_colour,1422,352,1366,324,1479,381,COLOR_SEC
20:42:47.284,837,litter_colour,775,340,739,324,812,357,COLOR_SEC
20:42:47.325,838,litter_colour,1234,860,1190,833,1278,887,COLOR_SEC
20:42:47.325,838,litter_colour,962,601,922,556,1002,647,COLOR_SEC
20:42:47.325,838,litter_colour,1462,463,1400,433,1524,493,COLOR_SEC
20:42:47.325,838,litter_colour,310,423,277,398,344,448,COLOR_SEC
20:42:47.325,838,litter_colour,1423,352,1368,324,1479,380,COLOR_SEC
20:42:47.325,838,litter_colour,776,340,740,324,812,356,COLOR_SEC
20:42:47.365,839,litter_colour,999,756,955,724,1043,789,COLOR_SEC
20:42:47.365,839,litter_colour,961,601,921,556,1002,646,COLOR_SEC
20:42:47.365,839,litter_colour,1473,462,1421,433,1525,492,COLOR_SEC
20:42:47.365,839,litter_colour,891,446,856,430,926,463,COLOR_SEC
20:42:47.365,839,litter_colour,310,422,277,398,343,447,COLOR_SEC
20:42:47.365,839,litter_colour,1424,351,1369,324,1479,379,COLOR_SEC
20:42:47.365,839,litter_colour,776,339,741,324,812,355,COLOR_SEC
20:42:47.405,840,litter_colour,1235,861,1190,834,1280,889,COLOR_SEC
20:42:47.405,840,litter_colour,1018,610,993,591,1043,630,COLOR_SEC
20:42:47.405,840,litter_colour,962,600,922,555,1002,646,COLOR_SEC
20:42:47.405,840,litter_colour,865,478,826,460,905,497,COLOR_SEC
20:42:47.405,840,litter_colour,1464,462,1402,432,1526,492,COLOR_SEC
20:42:47.405,840,litter_colour,887,445,848,428,926,462,COLOR_SEC
20:42:47.405,840,litter_colour,309,421,276,396,343,446,COLOR_SEC
20:42:47.405,840,litter_colour,1423,350,1370,324,1477,377,COLOR_SEC
20:42:47.405,840,litter_colour,776,339,741,324,811,354,COLOR_SEC
20:42:47.447,841,litter_colour,1018,609,994,590,1042,629,COLOR_SEC
20:42:47.447,841,litter_colour,960,600,920,554,1001,646,COLOR_SEC
20:42:47.447,841,litter_colour,866,478,827,459,905,497,COLOR_SEC
20:42:47.447,841,litter_colour,1464,461,1404,432,1524,491,COLOR_SEC
20:42:47.447,841,litter_colour,889,444,853,428,926,461,COLOR_SEC
20:42:47.447,841,litter_colour,309,420,276,396,343,445,COLOR_SEC
20:42:47.447,841,litter_colour,1424,350,1371,324,1477,376,COLOR_SEC
20:42:47.447,841,litter_colour,776,339,741,324,811,354,COLOR_SEC
20:42:47.489,842,litter_colour,1237,863,1193,836,1282,890,COLOR_SEC
20:42:47.489,842,litter_colour,1011,610,981,590,1042,631,COLOR_SEC
20:42:47.489,842,litter_colour,866,479,828,459,905,500,COLOR_SEC
20:42:47.489,842,litter_colour,1465,460,1406,431,1525,490,COLOR_SEC
20:42:47.489,842,litter_colour,888,443,850,425,926,461,COLOR_SEC
20:42:47.489,842,litter_colour,308,420,275,395,342,445,COLOR_SEC
20:42:47.489,842,litter_colour,1423,350,1370,324,1477,376,COLOR_SEC
20:42:47.489,842,litter_colour,776,338,741,324,811,353,COLOR_SEC
20:42:47.530,843,litter_colour,998,766,954,724,1043,808,COLOR_SEC
20:42:47.530,843,litter_colour,1017,609,992,590,1042,629,COLOR_SEC
20:42:47.530,843,litter_colour,866,477,828,458,905,496,COLOR_SEC
20:42:47.530,843,litter_colour,1473,460,1421,431,1526,490,COLOR_SEC
20:42:47.530,843,litter_colour,308,419,275,395,342,444,COLOR_SEC
20:42:47.530,843,litter_colour,1424,349,1370,324,1479,375,COLOR_SEC
20:42:47.530,843,litter_colour,776,338,742,324,811,352,COLOR_SEC
20:42:47.573,844,litter_colour,998,767,954,724,1043,811,COLOR_SEC
20:42:47.573,844,litter_colour,1466,459,1404,429,1528,490,COLOR_SEC
20:42:47.573,844,litter_colour,866,461,827,423,905,499,COLOR_SEC
20:42:47.573,844,litter_colour,308,419,274,394,342,444,COLOR_SEC
20:42:47.573,844,litter_colour,1424,349,1370,324,1479,374,COLOR_SEC
20:42:47.573,844,litter_colour,776,338,742,324,811,352,COLOR_SEC
20:42:47.616,845,litter_colour,999,766,954,724,1044,808,COLOR_SEC
20:42:47.616,845,litter_colour,866,477,827,457,905,498,COLOR_SEC
20:42:47.616,845,litter_colour,1467,459,1406,429,1528,489,COLOR_SEC
20:42:47.616,845,litter_colour,887,441,850,423,925,459,COLOR_SEC
20:42:47.616,845,litter_colour,307,419,274,394,341,444,COLOR_SEC
20:42:47.616,845,litter_colour,1424,349,1369,324,1480,374,COLOR_SEC
20:42:47.616,845,litter_colour,776,338,742,324,810,352,COLOR_SEC
20:42:47.657,846,litter_colour,998,766,954,725,1043,808,COLOR_SEC
20:42:47.657,846,litter_colour,865,478,827,459,904,498,COLOR_SEC
20:42:47.657,846,litter_colour,1468,459,1407,429,1530,489,COLOR_SEC
20:42:47.657,846,litter_colour,307,418,273,393,341,443,COLOR_SEC
20:42:47.657,846,litter_colour,1422,348,1369,324,1476,373,COLOR_SEC
20:42:47.657,846,litter_colour,776,338,742,324,810,352,COLOR_SEC
20:42:47.699,847,litter_colour,998,766,953,725,1044,808,COLOR_SEC
20:42:47.699,847,litter_colour,865,478,826,459,905,497,COLOR_SEC
20:42:47.699,847,litter_colour,1476,458,1423,429,1530,488,COLOR_SEC
20:42:47.699,847,litter_colour,307,418,273,393,341,443,COLOR_SEC
20:42:47.699,847,litter_colour,1422,348,1368,324,1476,373,COLOR_SEC
20:42:47.699,847,litter_colour,776,337,742,324,811,351,COLOR_SEC
20:42:47.739,848,litter_colour,1083,1057,1041,1035,1125,1080,COLOR_SEC
20:42:47.739,848,litter_colour,998,767,953,725,1044,809,COLOR_SEC
20:42:47.739,848,litter_colour,864,476,825,456,904,497,COLOR_SEC
20:42:47.739,848,litter_colour,1468,457,1405,427,1532,488,COLOR_SEC
20:42:47.739,848,litter_colour,900,450,872,424,929,476,COLOR_SEC
20:42:47.739,848,litter_colour,306,418,273,393,340,443,COLOR_SEC
20:42:47.739,848,litter_colour,1424,348,1368,324,1480,372,COLOR_SEC
20:42:47.739,848,litter_colour,776,337,743,324,810,351,COLOR_SEC
20:42:47.780,849,litter_colour,1083,1058,1041,1037,1125,1080,COLOR_SEC
20:42:47.780,849,litter_colour,999,768,953,725,1045,811,COLOR_SEC
20:42:47.780,849,litter_colour,1010,610,979,588,1042,632,COLOR_SEC
20:42:47.780,849,litter_colour,864,476,825,455,904,497,COLOR_SEC
20:42:47.780,849,litter_colour,1469,457,1406,427,1532,487,COLOR_SEC
20:42:47.780,849,litter_colour,306,417,272,392,340,442,COLOR_SEC
20:42:47.780,849,litter_colour,1802,363,1778,347,1827,380,COLOR_SEC
20:42:47.780,849,litter_colour,1424,348,1368,324,1481,372,COLOR_SEC
20:42:47.780,849,litter_colour,776,337,743,324,810,350,COLOR_SEC
20:42:47.821,850,litter_colour,1083,1060,1041,1040,1126,1080,COLOR_SEC
20:42:47.821,850,litter_colour,996,768,949,725,1043,811,COLOR_SEC
20:42:47.821,850,litter_colour,864,476,825,455,904,497,COLOR_SEC
20:42:47.821,850,litter_colour,1470,455,1406,427,1534,484,COLOR_SEC
20:42:47.821,850,litter_colour,306,417,272,392,340,442,COLOR_SEC
20:42:47.821,850,litter_colour,1803,363,1778,346,1828,380,COLOR_SEC
20:42:47.821,850,litter_colour,1424,347,1367,324,1481,371,COLOR_SEC
20:42:47.821,850,litter_colour,777,337,743,324,811,350,COLOR_SEC
20:42:47.863,851,litter_colour,1083,1061,1041,1042,1126,1080,COLOR_SEC
20:42:47.863,851,litter_colour,998,768,953,726,1044,811,COLOR_SEC
20:42:47.863,851,litter_colour,864,474,825,452,904,496,COLOR_SEC
20:42:47.863,851,litter_colour,1471,456,1408,427,1534,486,COLOR_SEC
20:42:47.863,851,litter_colour,306,417,272,392,340,442,COLOR_SEC
20:42:47.863,851,litter_colour,1803,362,1779,346,1828,379,COLOR_SEC
20:42:47.863,851,litter_colour,1421,347,1367,324,1476,371,COLOR_SEC
20:42:47.863,851,litter_colour,776,336,743,324,810,349,COLOR_SEC
20:42:47.905,852,litter_colour,1084,1062,1041,1044,1127,1080,COLOR_SEC
20:42:47.905,852,litter_colour,996,769,948,726,1044,813,COLOR_SEC
20:42:47.905,852,litter_colour,865,474,826,452,904,496,COLOR_SEC
20:42:47.905,852,litter_colour,1471,455,1407,425,1536,486,COLOR_SEC
20:42:47.905,852,litter_colour,305,416,271,391,340,442,COLOR_SEC
20:42:47.905,852,litter_colour,1803,362,1779,346,1828,379,COLOR_SEC
20:42:47.905,852,litter_colour,1420,347,1366,324,1475,371,COLOR_SEC
20:42:47.905,852,litter_colour,776,336,743,324,810,349,COLOR_SEC
20:42:47.946,853,litter_colour,1084,1063,1041,1047,1128,1080,COLOR_SEC
20:42:47.946,853,litter_colour,996,769,948,726,1044,813,COLOR_SEC
20:42:47.946,853,litter_colour,864,474,824,454,904,495,COLOR_SEC
20:42:47.946,853,litter_colour,1472,455,1408,425,1536,486,COLOR_SEC
20:42:47.946,853,litter_colour,890,448,852,422,929,474,COLOR_SEC
20:42:47.946,853,litter_colour,305,416,271,391,339,441,COLOR_SEC
20:42:47.946,853,litter_colour,1803,362,1779,346,1828,379,COLOR_SEC
20:42:47.946,853,litter_colour,1430,339,1380,324,1481,354,COLOR_SEC
20:42:47.946,853,litter_colour,777,336,743,324,811,349,COLOR_SEC
20:42:47.985,854,litter_colour,1084,1065,1041,1050,1127,1080,COLOR_SEC
20:42:47.985,854,litter_colour,996,770,948,726,1044,814,COLOR_SEC
20:42:47.985,854,litter_colour,865,474,826,454,904,495,COLOR_SEC
20:42:47.985,854,litter_colour,1473,455,1408,425,1538,486,COLOR_SEC
20:42:47.985,854,litter_colour,889,448,849,422,929,474,COLOR_SEC
20:42:47.985,854,litter_colour,304,415,270,390,339,441,COLOR_SEC
20:42:47.985,854,litter_colour,1804,361,1780,345,1829,378,COLOR_SEC
20:42:47.985,854,litter_colour,1089,406,983,330,1196,483,COLOR_SEC
20:42:47.985,854,litter_colour,1431,339,1381,324,1481,354,COLOR_SEC
20:42:47.985,854,litter_colour,777,336,744,324,810,349,COLOR_SEC
20:42:48.026,855,litter_colour,1083,1066,1041,1052,1125,1080,COLOR_SEC
20:42:48.026,855,litter_colour,998,771,952,727,1044,815,COLOR_SEC
20:42:48.026,855,litter_colour,865,474,826,453,904,495,COLOR_SEC
20:42:48.026,855,litter_colour,1474,454,1410,425,1538,484,COLOR_SEC
20:42:48.026,855,litter_colour,304,415,270,390,339,441,COLOR_SEC
20:42:48.026,855,litter_colour,1089,415,983,348,1196,482,COLOR_SEC
20:42:48.026,855,litter_colour,1804,361,1780,345,1829,377,COLOR_SEC
20:42:48.026,855,litter_colour,1431,339,1381,324,1482,354,COLOR_SEC
20:42:48.026,855,litter_colour,777,336,744,324,810,348,COLOR_SEC
20:42:48.066,856,litter_colour,1081,1068,1040,1056,1123,1080,COLOR_SEC
20:42:48.066,856,litter_colour,998,773,952,727,1044,819,COLOR_SEC
20:42:48.066,856,litter_colour,981,597,919,549,1043,646,COLOR_SEC
20:42:48.066,856,litter_colour,865,474,826,453,904,495,COLOR_SEC
20:42:48.067,856,litter_colour,1475,453,1410,423,1540,484,COLOR_SEC
20:42:48.067,856,litter_colour,888,445,851,421,925,469,COLOR_SEC
20:42:48.067,856,litter_colour,303,411,268,382,339,441,COLOR_SEC
20:42:48.067,856,litter_colour,1093,414,983,346,1203,482,COLOR_SEC
20:42:48.067,856,litter_colour,1804,360,1780,344,1829,377,COLOR_SEC
20:42:48.067,856,litter_colour,1428,338,1381,324,1475,353,COLOR_SEC
20:42:48.067,856,litter_colour,777,336,744,324,811,348,COLOR_SEC
20:42:48.106,857,litter_colour,1080,1069,1040,1059,1121,1080,COLOR_SEC
20:42:48.106,857,litter_colour,1254,879,1212,849,1297,909,COLOR_SEC
20:42:48.106,857,litter_colour,997,773,951,727,1044,820,COLOR_SEC
20:42:48.106,857,litter_colour,981,597,919,549,1043,646,COLOR_SEC
20:42:48.106,857,litter_colour,1475,453,1410,423,1540,484,COLOR_SEC
20:42:48.106,857,litter_colour,900,447,871,420,929,474,COLOR_SEC
20:42:48.106,857,litter_colour,865,457,824,420,907,495,COLOR_SEC
20:42:48.106,857,litter_colour,304,415,269,390,339,440,COLOR_SEC
20:42:48.106,857,litter_colour,1093,411,983,346,1203,477,COLOR_SEC
20:42:48.106,857,litter_colour,1805,360,1781,344,1829,377,COLOR_SEC
20:42:48.106,857,litter_colour,1428,338,1381,324,1475,353,COLOR_SEC
20:42:48.106,857,litter_colour,778,336,746,324,810,348,COLOR_SEC
20:42:48.147,858,litter_colour,1098,985,1045,947,1152,1023,COLOR_SEC
20:42:48.147,858,litter_colour,997,772,951,728,1044,817,COLOR_SEC
20:42:48.147,858,litter_colour,976,597,909,549,1043,646,COLOR_SEC
20:42:48.147,858,litter_colour,865,473,826,452,904,495,COLOR_SEC
20:42:48.147,858,litter_colour,1476,453,1410,423,1542,484,COLOR_SEC
20:42:48.147,858,litter_colour,304,415,269,390,339,440,COLOR_SEC
20:42:48.147,858,litter_colour,1093,403,983,325,1203,481,COLOR_SEC
20:42:48.147,858,litter_colour,1431,338,1381,324,1482,352,COLOR_SEC
20:42:48.147,858,litter_colour,778,335,746,324,811,347,COLOR_SEC
20:42:48.189,859,litter_colour,1098,987,1045,949,1152,1025,COLOR_SEC
20:42:48.189,859,litter_colour,997,773,951,728,1043,818,COLOR_SEC
20:42:48.189,859,litter_colour,864,473,824,452,904,494,COLOR_SEC
20:42:48.189,859,litter_colour,1479,453,1412,423,1546,483,COLOR_SEC
20:42:48.189,859,litter_colour,303,415,268,390,338,440,COLOR_SEC
20:42:48.189,859,litter_colour,1090,401,983,326,1197,476,COLOR_SEC
20:42:48.189,859,litter_colour,1431,338,1381,324,1482,352,COLOR_SEC
20:42:48.189,859,litter_colour,779,335,748,324,810,347,COLOR_SEC
20:42:48.229,860,litter_colour,1098,989,1044,951,1152,1028,COLOR_SEC
20:42:48.229,860,litter_colour,996,773,949,728,1043,819,COLOR_SEC
20:42:48.229,860,litter_colour,980,597,908,548,1052,646,COLOR_SEC
20:42:48.229,860,litter_colour,863,473,824,452,903,494,COLOR_SEC
20:42:48.229,860,litter_colour,1477,452,1411,421,1544,483,COLOR_SEC
20:42:48.229,860,litter_colour,302,409,266,380,338,439,COLOR_SEC
20:42:48.229,860,litter_colour,1090,402,983,325,1198,480,COLOR_SEC
20:42:48.229,860,litter_colour,1427,337,1381,324,1474,351,COLOR_SEC
20:42:48.229,860,litter_colour,779,335,748,324,810,347,COLOR_SEC
20:42:48.271,861,litter_colour,1098,992,1044,953,1152,1031,COLOR_SEC
20:42:48.271,861,litter_colour,997,774,950,729,1044,820,COLOR_SEC
20:42:48.271,861,litter_colour,976,597,907,548,1045,646,COLOR_SEC
20:42:48.271,861,litter_colour,1478,451,1412,421,1544,482,COLOR_SEC
20:42:48.271,861,litter_colour,873,456,824,419,922,493,COLOR_SEC
20:42:48.271,861,litter_colour,302,409,266,380,338,439,COLOR_SEC
20:42:48.271,861,litter_colour,1424,337,1382,324,1467,351,COLOR_SEC
20:42:48.271,861,litter_colour,1090,402,983,324,1197,480,COLOR_SEC
20:42:48.271,861,litter_colour,779,335,748,324,811,346,COLOR_SEC
20:42:48.312,862,litter_colour,1103,997,1044,955,1163,1039,COLOR_SEC
20:42:48.312,862,litter_colour,989,775,936,729,1043,821,COLOR_SEC
20:42:48.312,862,litter_colour,974,597,907,548,1042,646,COLOR_SEC
20:42:48.312,862,litter_colour,863,472,823,451,903,493,COLOR_SEC
20:42:48.312,862,litter_colour,1479,451,1414,421,1545,482,COLOR_SEC
20:42:48.312,862,litter_colour,302,414,267,389,337,439,COLOR_SEC
20:42:48.312,862,litter_colour,1425,337,1382,324,1468,350,COLOR_SEC
20:42:48.312,862,litter_colour,1093,401,983,324,1204,479,COLOR_SEC
20:42:48.312,862,litter_colour,779,335,749,324,810,346,COLOR_SEC
20:42:48.351,863,litter_colour,1098,996,1043,957,1154,1036,COLOR_SEC
20:42:48.351,863,litter_colour,995,776,948,730,1043,822,COLOR_SEC
20:42:48.351,863,litter_colour,979,596,917,547,1042,646,COLOR_SEC
20:42:48.351,863,litter_colour,861,473,824,455,898,492,COLOR_SEC
20:42:48.351,863,litter_colour,302,414,267,389,337,439,COLOR_SEC
20:42:48.351,863,litter_colour,1425,337,1382,324,1468,350,COLOR_SEC
20:42:48.351,863,litter_colour,1090,401,983,324,1197,479,COLOR_SEC
20:42:48.391,864,litter_colour,1103,999,1043,959,1163,1040,COLOR_SEC
20:42:48.391,864,litter_colour,989,779,936,730,1043,828,COLOR_SEC
20:42:48.391,864,litter_colour,860,458,824,424,897,492,COLOR_SEC
20:42:48.391,864,litter_colour,301,413,266,388,337,438,COLOR_SEC
20:42:48.391,864,litter_colour,1094,411,983,343,1205,479,COLOR_SEC
20:42:48.391,864,litter_colour,1425,336,1382,324,1468,349,COLOR_SEC
20:42:48.433,865,litter_colour,995,780,947,731,1043,829,COLOR_SEC
20:42:48.434,865,litter_colour,859,473,823,455,896,492,COLOR_SEC
20:42:48.434,865,litter_colour,301,408,264,379,338,438,COLOR_SEC
20:42:48.434,865,litter_colour,1425,336,1382,324,1468,349,COLOR_SEC
20:42:48.434,865,litter_colour,1094,401,983,324,1205,478,COLOR_SEC
20:42:48.473,866,litter_colour,988,778,934,731,1042,826,COLOR_SEC
20:42:48.473,866,litter_colour,860,473,824,454,896,492,COLOR_SEC
20:42:48.473,866,litter_colour,575,403,552,392,598,415,COLOR_SEC
20:42:48.473,866,litter_colour,302,412,265,387,339,438,COLOR_SEC
20:42:48.473,866,litter_colour,1425,336,1383,324,1467,348,COLOR_SEC
20:42:48.473,866,litter_colour,1096,403,983,324,1209,483,COLOR_SEC
20:42:48.513,867,litter_colour,994,779,947,732,1042,827,COLOR_SEC
20:42:48.513,867,litter_colour,872,453,823,417,921,489,COLOR_SEC
20:42:48.513,867,litter_colour,574,403,551,392,597,414,COLOR_SEC
20:42:48.513,867,litter_colour,1089,429,983,381,1196,477,COLOR_SEC
20:42:48.513,867,litter_colour,300,407,263,378,338,437,COLOR_SEC
20:42:48.513,867,litter_colour,1424,336,1383,324,1466,348,COLOR_SEC
20:42:48.553,868,litter_colour,987,784,933,733,1041,835,COLOR_SEC
20:42:48.554,868,litter_colour,860,453,824,418,896,489,COLOR_SEC
20:42:48.554,868,litter_colour,574,402,551,391,598,414,COLOR_SEC
20:42:48.554,868,litter_colour,300,407,263,378,338,437,COLOR_SEC
20:42:48.554,868,litter_colour,1425,336,1383,324,1467,348,COLOR_SEC
20:42:48.554,868,litter_colour,1089,401,983,324,1196,478,COLOR_SEC
20:42:48.594,869,litter_colour,986,783,932,723,1041,843,COLOR_SEC
20:42:48.594,869,litter_colour,859,453,823,418,896,489,COLOR_SEC
20:42:48.594,869,litter_colour,574,402,550,391,598,414,COLOR_SEC
20:42:48.594,869,litter_colour,300,407,262,377,338,437,COLOR_SEC
20:42:48.594,869,litter_colour,1425,335,1383,324,1467,347,COLOR_SEC
20:42:48.594,869,litter_colour,1089,400,982,324,1196,477,COLOR_SEC
20:42:48.633,870,litter_colour,985,784,931,723,1040,845,COLOR_SEC
20:42:48.633,870,litter_colour,872,452,823,416,921,489,COLOR_SEC
20:42:48.633,870,litter_colour,573,402,550,391,597,414,COLOR_SEC
20:42:48.633,870,litter_colour,300,407,262,377,338,437,COLOR_SEC
20:42:48.633,870,litter_colour,1425,335,1383,324,1467,347,COLOR_SEC
20:42:48.633,870,litter_colour,1089,400,982,324,1197,477,COLOR_SEC
20:42:48.674,871,litter_colour,992,790,944,735,1040,846,COLOR_SEC
20:42:48.674,871,litter_colour,860,469,825,450,896,489,COLOR_SEC
20:42:48.674,871,litter_colour,573,402,550,391,596,414,COLOR_SEC
20:42:48.674,871,litter_colour,299,407,261,377,338,437,COLOR_SEC
20:42:48.674,871,litter_colour,1425,335,1383,324,1468,347,COLOR_SEC
20:42:48.674,871,litter_colour,1090,400,983,324,1197,477,COLOR_SEC
20:42:48.715,872,litter_colour,1256,904,1204,870,1308,939,COLOR_SEC
20:42:48.715,872,litter_colour,985,792,930,736,1040,848,COLOR_SEC
20:42:48.715,872,litter_colour,858,472,822,453,895,491,COLOR_SEC
20:42:48.715,872,litter_colour,573,401,550,390,597,413,COLOR_SEC
20:42:48.715,872,litter_colour,299,407,261,377,337,437,COLOR_SEC
20:42:48.715,872,litter_colour,1810,352,1786,336,1834,369,COLOR_SEC
20:42:48.715,872,litter_colour,1425,335,1384,324,1467,346,COLOR_SEC
20:42:48.715,872,litter_colour,1089,400,983,324,1196,477,COLOR_SEC
20:42:48.756,873,litter_colour,1256,907,1204,873,1309,941,COLOR_SEC
20:42:48.756,873,litter_colour,984,788,929,737,1039,840,COLOR_SEC
20:42:48.756,873,litter_colour,858,459,821,428,895,490,COLOR_SEC
20:42:48.756,873,litter_colour,573,401,550,390,597,413,COLOR_SEC
20:42:48.756,873,litter_colour,298,406,260,377,337,436,COLOR_SEC
20:42:48.756,873,litter_colour,1810,352,1786,336,1834,369,COLOR_SEC
20:42:48.756,873,litter_colour,1426,335,1384,324,1468,346,COLOR_SEC
20:42:48.756,873,litter_colour,1089,400,983,324,1196,477,COLOR_SEC
20:42:48.797,874,litter_colour,1256,908,1204,874,1309,943,COLOR_SEC
20:42:48.797,874,litter_colour,983,795,928,738,1039,852,COLOR_SEC
20:42:48.797,874,litter_colour,858,454,821,417,895,491,COLOR_SEC
20:42:48.797,874,litter_colour,573,401,550,390,596,413,COLOR_SEC
20:42:48.797,874,litter_colour,297,406,259,376,336,436,COLOR_SEC
20:42:48.797,874,litter_colour,1810,352,1786,335,1834,369,COLOR_SEC
20:42:48.797,874,litter_colour,1426,335,1385,324,1468,346,COLOR_SEC
20:42:48.797,874,litter_colour,1092,400,984,324,1201,477,COLOR_SEC
20:42:48.839,875,litter_colour,1263,911,1216,876,1310,946,COLOR_SEC
20:42:48.839,875,litter_colour,983,795,928,738,1038,853,COLOR_SEC
20:42:48.839,875,litter_colour,858,451,821,416,895,487,COLOR_SEC
20:42:48.839,875,litter_colour,573,401,550,389,596,413,COLOR_SEC
20:42:48.839,875,litter_colour,297,406,259,376,336,436,COLOR_SEC
20:42:48.839,875,litter_colour,1810,351,1787,335,1834,368,COLOR_SEC
20:42:48.839,875,litter_colour,1426,334,1385,324,1468,345,COLOR_SEC
20:42:48.839,875,litter_colour,1092,400,987,324,1197,477,COLOR_SEC
20:42:48.881,876,litter_colour,1258,912,1205,877,1311,948,COLOR_SEC
20:42:48.881,876,litter_colour,983,797,928,739,1039,855,COLOR_SEC
20:42:48.881,876,litter_colour,870,451,821,414,920,489,COLOR_SEC
20:42:48.881,876,litter_colour,573,400,550,389,596,412,COLOR_SEC
20:42:48.881,876,litter_colour,297,406,259,376,336,436,COLOR_SEC
20:42:48.881,876,litter_colour,1811,351,1787,334,1835,368,COLOR_SEC
20:42:48.881,876,litter_colour,1427,334,1386,324,1468,344,COLOR_SEC
20:42:48.881,876,litter_colour,1092,400,984,324,1201,477,COLOR_SEC
20:42:48.921,877,litter_colour,1258,915,1205,879,1311,951,COLOR_SEC
20:42:48.921,877,litter_colour,984,798,927,740,1041,856,COLOR_SEC
20:42:48.921,877,litter_colour,1490,447,1420,417,1560,478,COLOR_SEC
20:42:48.921,877,litter_colour,870,451,821,414,920,489,COLOR_SEC
20:42:48.921,877,litter_colour,572,400,549,389,596,412,COLOR_SEC
20:42:48.921,877,litter_colour,297,406,259,376,336,436,COLOR_SEC
20:42:48.921,877,litter_colour,1812,350,1788,334,1836,367,COLOR_SEC
20:42:48.921,877,litter_colour,1428,334,1387,324,1469,344,COLOR_SEC
20:42:48.921,877,litter_colour,1092,400,984,324,1201,476,COLOR_SEC
20:42:48.961,878,litter_colour,1259,917,1206,881,1312,954,COLOR_SEC
20:42:48.961,878,litter_colour,983,799,926,740,1041,859,COLOR_SEC
20:42:48.961,878,litter_colour,956,599,901,546,1011,652,COLOR_SEC
20:42:48.961,878,litter_colour,1491,447,1420,417,1562,478,COLOR_SEC
20:42:48.961,878,litter_colour,870,451,821,413,920,489,COLOR_SEC
20:42:48.961,878,litter_colour,572,400,549,389,596,412,COLOR_SEC
20:42:48.961,878,litter_colour,297,405,258,375,336,435,COLOR_SEC
20:42:48.961,878,litter_colour,1812,350,1788,333,1836,367,COLOR_SEC
20:42:48.961,878,litter_colour,1428,334,1387,324,1469,344,COLOR_SEC
20:42:48.961,878,litter_colour,1098,400,989,324,1207,476,COLOR_SEC
20:42:49.003,879,litter_colour,949,599,900,547,999,652,COLOR_SEC
20:42:49.003,879,litter_colour,1492,447,1422,417,1562,478,COLOR_SEC
20:42:49.003,879,litter_colour,871,450,822,414,920,487,COLOR_SEC
20:42:49.003,879,litter_colour,572,400,549,388,596,412,COLOR_SEC
20:42:49.003,879,litter_colour,297,405,258,375,336,435,COLOR_SEC
20:42:49.003,879,litter_colour,1813,349,1789,333,1837,366,COLOR_SEC
20:42:49.003,879,litter_colour,1429,333,1389,324,1469,343,COLOR_SEC
20:42:49.003,879,litter_colour,1098,400,989,324,1207,476,COLOR_SEC
20:42:49.043,880,litter_colour,858,457,822,427,894,487,COLOR_SEC
20:42:49.043,880,litter_colour,1493,447,1422,417,1564,478,COLOR_SEC
20:42:49.043,880,litter_colour,297,405,258,375,337,435,COLOR_SEC
20:42:49.043,880,litter_colour,1813,349,1789,332,1837,366,COLOR_SEC
20:42:49.043,880,litter_colour,1429,333,1389,324,1470,343,COLOR_SEC
20:42:49.043,880,litter_colour,1092,400,984,324,1200,476,COLOR_SEC
20:42:49.084,881,litter_colour,858,469,822,451,894,487,COLOR_SEC
20:42:49.084,881,litter_colour,1493,447,1422,417,1564,478,COLOR_SEC
20:42:49.084,881,litter_colour,298,405,258,375,339,435,COLOR_SEC
20:42:49.084,881,litter_colour,1813,348,1790,332,1837,365,COLOR_SEC
20:42:49.084,881,litter_colour,1429,333,1389,324,1469,343,COLOR_SEC
20:42:49.084,881,litter_colour,1096,400,985,324,1207,476,COLOR_SEC
20:42:49.125,882,litter_colour,858,469,822,451,894,487,COLOR_SEC
20:42:49.125,882,litter_colour,1493,447,1422,417,1564,478,COLOR_SEC
20:42:49.125,882,litter_colour,297,404,257,374,338,435,COLOR_SEC
20:42:49.125,882,litter_colour,1814,348,1790,332,1838,365,COLOR_SEC
20:42:49.125,882,litter_colour,1429,333,1389,324,1470,342,COLOR_SEC
20:42:49.164,883,litter_colour,858,468,822,450,894,486,COLOR_SEC
20:42:49.164,883,litter_colour,1495,447,1424,417,1566,478,COLOR_SEC
20:42:49.164,883,litter_colour,297,404,257,374,338,435,COLOR_SEC
20:42:49.164,883,litter_colour,1814,348,1790,331,1838,365,COLOR_SEC
20:42:49.164,883,litter_colour,1429,333,1389,324,1470,342,COLOR_SEC
20:42:49.205,884,litter_colour,988,713,967,687,1010,740,COLOR_SEC
20:42:49.205,884,litter_colour,858,467,822,448,894,486,COLOR_SEC
20:42:49.205,884,litter_colour,1496,446,1425,415,1568,478,COLOR_SEC
20:42:49.205,884,litter_colour,297,404,257,374,338,435,COLOR_SEC
20:42:49.205,884,litter_colour,1815,347,1791,331,1839,364,COLOR_SEC
20:42:49.205,884,litter_colour,1430,332,1390,324,1471,341,COLOR_SEC
20:42:49.246,885,litter_colour,988,713,966,687,1010,740,COLOR_SEC
20:42:49.246,885,litter_colour,857,468,821,450,894,486,COLOR_SEC
20:42:49.246,885,litter_colour,1497,447,1425,415,1570,480,COLOR_SEC
20:42:49.246,885,litter_colour,297,403,256,373,338,434,COLOR_SEC
20:42:49.246,885,litter_colour,1815,346,1791,330,1839,363,COLOR_SEC
20:42:49.246,885,litter_colour,1431,332,1391,324,1471,341,COLOR_SEC
20:42:49.288,886,litter_colour,988,713,966,687,1011,740,COLOR_SEC
20:42:49.288,886,litter_colour,858,467,822,449,894,486,COLOR_SEC
20:42:49.288,886,litter_colour,1499,446,1426,415,1572,478,COLOR_SEC
20:42:49.288,886,litter_colour,297,403,256,373,338,434,COLOR_SEC
20:42:49.288,886,litter_colour,1816,346,1792,330,1840,363,COLOR_SEC
20:42:49.330,887,litter_colour,989,715,967,690,1011,741,COLOR_SEC
20:42:49.330,887,litter_colour,858,467,822,449,895,485,COLOR_SEC
20:42:49.330,887,litter_colour,1499,447,1427,415,1572,479,COLOR_SEC
20:42:49.330,887,litter_colour,1094,424,987,374,1202,474,COLOR_SEC
20:42:49.330,887,litter_colour,297,402,256,372,338,433,COLOR_SEC
20:42:49.330,887,litter_colour,1816,345,1792,329,1840,362,COLOR_SEC
20:42:49.372,888,litter_colour,989,714,966,687,1012,742,COLOR_SEC
20:42:49.372,888,litter_colour,859,467,822,449,896,485,COLOR_SEC
20:42:49.372,888,litter_colour,1501,447,1429,415,1574,480,COLOR_SEC
20:42:49.372,888,litter_colour,297,402,256,372,338,433,COLOR_SEC
20:42:49.372,888,litter_colour,1817,345,1793,328,1841,362,COLOR_SEC
20:42:49.413,889,litter_colour,370,828,332,802,408,854,COLOR_SEC
20:42:49.413,889,litter_colour,989,716,966,690,1012,742,COLOR_SEC
20:42:49.413,889,litter_colour,859,466,822,448,896,485,COLOR_SEC
20:42:49.413,889,litter_colour,1501,447,1429,415,1574,479,COLOR_SEC
20:42:49.413,889,litter_colour,297,402,256,372,338,433,COLOR_SEC
20:42:49.413,889,litter_colour,1817,344,1794,328,1841,361,COLOR_SEC
20:42:49.453,890,litter_colour,371,828,330,800,413,856,COLOR_SEC
20:42:49.453,890,litter_colour,859,466,822,448,896,485,COLOR_SEC
20:42:49.453,890,litter_colour,1502,447,1429,415,1576,480,COLOR_SEC
20:42:49.453,890,litter_colour,1094,423,986,373,1203,474,COLOR_SEC
20:42:49.453,890,litter_colour,297,402,256,372,338,433,COLOR_SEC
20:42:49.453,890,litter_colour,1818,344,1794,328,1842,361,COLOR_SEC
20:42:49.495,891,litter_colour,367,831,329,805,406,857,COLOR_SEC
20:42:49.495,891,litter_colour,858,466,820,448,896,485,COLOR_SEC
20:42:49.495,891,litter_colour,1504,446,1431,415,1578,478,COLOR_SEC
20:42:49.495,891,litter_colour,1095,423,987,373,1204,474,COLOR_SEC
20:42:49.495,891,litter_colour,297,402,256,372,338,433,COLOR_SEC
20:42:49.495,891,litter_colour,1819,344,1795,327,1843,361,COLOR_SEC
20:42:49.542,892,litter_colour,365,832,327,806,404,859,COLOR_SEC
20:42:49.542,892,litter_colour,858,466,820,448,896,485,COLOR_SEC
20:42:49.542,892,litter_colour,1506,446,1431,415,1582,478,COLOR_SEC
20:42:49.542,892,litter_colour,1095,423,986,373,1204,474,COLOR_SEC
20:42:49.542,892,litter_colour,297,402,256,372,338,433,COLOR_SEC
20:42:49.542,892,litter_colour,1819,344,1795,327,1843,361,COLOR_SEC
20:42:49.599,893,litter_colour,363,834,324,807,403,861,COLOR_SEC
20:42:49.599,893,litter_colour,982,811,922,739,1042,884,COLOR_SEC
20:42:49.599,893,litter_colour,858,466,820,448,896,485,COLOR_SEC
20:42:49.599,893,litter_colour,1508,443,1433,415,1583,472,COLOR_SEC
20:42:49.599,893,litter_colour,1095,423,987,373,1203,474,COLOR_SEC
20:42:49.599,893,litter_colour,297,402,256,372,338,433,COLOR_SEC
20:42:49.599,893,litter_colour,1820,343,1796,327,1844,360,COLOR_SEC
20:42:49.642,894,litter_colour,981,820,923,754,1040,886,COLOR_SEC
20:42:49.642,894,litter_colour,858,466,820,448,896,485,COLOR_SEC
20:42:49.642,894,litter_colour,1509,443,1435,415,1583,472,COLOR_SEC
20:42:49.642,894,litter_colour,573,396,550,385,596,408,COLOR_SEC
20:42:49.642,894,litter_colour,1095,423,987,373,1203,474,COLOR_SEC
20:42:49.642,894,litter_colour,1820,343,1796,327,1844,360,COLOR_SEC
20:42:49.685,895,litter_colour,361,837,323,810,400,864,COLOR_SEC
20:42:49.685,895,litter_colour,983,821,924,755,1042,888,COLOR_SEC
20:42:49.685,895,litter_colour,858,466,820,448,896,485,COLOR_SEC
20:42:49.685,895,litter_colour,574,396,551,385,597,408,COLOR_SEC
20:42:49.685,895,litter_colour,296,402,255,371,338,433,COLOR_SEC
20:42:49.685,895,litter_colour,1820,343,1797,327,1844,360,COLOR_SEC
20:42:49.724,896,litter_colour,983,819,923,756,1044,882,COLOR_SEC
20:42:49.724,896,litter_colour,858,466,820,448,896,485,COLOR_SEC
20:42:49.724,896,litter_colour,573,396,550,385,597,408,COLOR_SEC
20:42:49.724,896,litter_colour,1098,423,991,372,1205,474,COLOR_SEC
20:42:49.724,896,litter_colour,1821,343,1797,327,1845,360,COLOR_SEC
20:42:49.764,897,litter_colour,984,820,924,756,1044,884,COLOR_SEC
20:42:49.764,897,litter_colour,858,466,820,448,896,485,COLOR_SEC
20:42:49.764,897,litter_colour,573,396,550,385,597,408,COLOR_SEC
20:42:49.764,897,litter_colour,296,402,255,371,338,433,COLOR_SEC
20:42:49.764,897,litter_colour,1821,343,1798,327,1845,360,COLOR_SEC
20:42:49.803,898,litter_colour,984,822,924,757,1045,887,COLOR_SEC
20:42:49.803,898,litter_colour,858,466,820,448,896,485,COLOR_SEC
20:42:49.803,898,litter_colour,580,390,550,372,611,408,COLOR_SEC
20:42:49.803,898,litter_colour,289,402,242,372,337,432,COLOR_SEC
20:42:49.803,898,litter_colour,1822,343,1798,326,1846,360,COLOR_SEC
20:42:49.843,899,litter_colour,984,823,924,759,1044,888,COLOR_SEC
20:42:49.843,899,litter_colour,858,466,820,448,896,485,COLOR_SEC
20:42:49.843,899,litter_colour,573,396,550,384,597,408,COLOR_SEC
20:42:49.843,899,litter_colour,292,402,248,372,337,432,COLOR_SEC
20:42:49.843,899,litter_colour,1096,402,988,331,1205,474,COLOR_SEC
20:42:49.843,899,litter_colour,1822,343,1798,326,1846,360,COLOR_SEC
20:42:49.884,900,litter_colour,985,825,924,759,1046,891,COLOR_SEC
20:42:49.884,900,litter_colour,860,466,825,448,896,485,COLOR_SEC
20:42:49.884,900,litter_colour,574,395,550,384,598,407,COLOR_SEC
20:42:49.884,900,litter_colour,296,401,255,372,337,431,COLOR_SEC
20:42:49.884,900,litter_colour,1822,342,1799,326,1846,359,COLOR_SEC
20:42:49.925,901,litter_colour,985,825,924,760,1047,891,COLOR_SEC
20:42:49.925,901,litter_colour,860,466,824,448,896,485,COLOR_SEC
20:42:49.925,901,litter_colour,573,395,550,384,597,407,COLOR_SEC
20:42:49.925,901,litter_colour,295,400,254,371,337,430,COLOR_SEC
20:42:49.925,901,litter_colour,1823,342,1799,325,1847,359,COLOR_SEC
20:42:49.966,902,litter_colour,985,818,924,743,1047,894,COLOR_SEC
20:42:49.966,902,litter_colour,864,464,824,445,904,484,COLOR_SEC
20:42:49.966,902,litter_colour,1518,440,1441,414,1596,467,COLOR_SEC
20:42:49.966,902,litter_colour,573,395,550,384,597,407,COLOR_SEC
20:42:49.966,902,litter_colour,295,400,254,371,337,430,COLOR_SEC
20:42:49.966,902,litter_colour,1823,342,1799,325,1847,359,COLOR_SEC
20:42:50.006,903,litter_colour,986,820,925,744,1048,896,COLOR_SEC
20:42:50.006,903,litter_colour,858,465,820,447,896,484,COLOR_SEC
20:42:50.006,903,litter_colour,573,395,550,384,597,407,COLOR_SEC
20:42:50.006,903,litter_colour,1097,419,988,371,1207,467,COLOR_SEC
20:42:50.006,903,litter_colour,1823,342,1800,325,1847,359,COLOR_SEC
20:42:50.045,904,litter_colour,986,820,922,744,1051,897,COLOR_SEC
20:42:50.045,904,litter_colour,858,465,820,447,896,484,COLOR_SEC
20:42:50.045,904,litter_colour,573,395,550,384,597,407,COLOR_SEC
20:42:50.045,904,litter_colour,1824,341,1800,324,1848,358,COLOR_SEC
20:42:50.085,905,litter_colour,987,823,924,746,1050,900,COLOR_SEC
20:42:50.085,905,litter_colour,861,464,820,445,902,484,COLOR_SEC
20:42:50.085,905,litter_colour,573,395,550,383,597,407,COLOR_SEC
20:42:50.085,905,litter_colour,1824,341,1800,324,1848,358,COLOR_SEC
20:42:50.125,906,litter_colour,988,834,925,766,1052,902,COLOR_SEC
20:42:50.125,906,litter_colour,858,465,820,447,896,484,COLOR_SEC
20:42:50.125,906,litter_colour,573,395,550,383,597,407,COLOR_SEC
20:42:50.125,906,litter_colour,1825,341,1801,324,1849,358,COLOR_SEC
20:42:50.166,907,litter_colour,988,833,926,767,1051,900,COLOR_SEC
20:42:50.166,907,litter_colour,859,465,821,447,897,484,COLOR_SEC
20:42:50.166,907,litter_colour,573,395,550,383,597,407,COLOR_SEC
20:42:50.166,907,litter_colour,1825,341,1801,324,1849,358,COLOR_SEC
20:42:50.205,908,litter_colour,988,825,923,748,1054,902,COLOR_SEC
20:42:50.205,908,litter_colour,862,464,821,445,903,484,COLOR_SEC
20:42:50.205,908,litter_colour,573,395,550,383,597,407,COLOR_SEC
20:42:50.205,908,litter_colour,1825,341,1801,324,1849,358,COLOR_SEC
20:42:50.246,909,litter_colour,991,836,927,768,1055,904,COLOR_SEC
20:42:50.246,909,litter_colour,979,606,896,547,1062,666,COLOR_SEC
20:42:50.246,909,litter_colour,859,465,821,447,897,484,COLOR_SEC
20:42:50.246,909,litter_colour,573,395,550,383,597,407,COLOR_SEC
20:42:50.246,909,litter_colour,303,401,271,381,335,422,COLOR_SEC
20:42:50.246,909,litter_colour,1825,340,1801,324,1849,357,COLOR_SEC
20:42:50.287,910,litter_colour,988,830,923,750,1054,911,COLOR_SEC
20:42:50.287,910,litter_colour,859,465,821,447,897,484,COLOR_SEC
20:42:50.287,910,litter_colour,573,394,550,383,596,406,COLOR_SEC
20:42:50.287,910,litter_colour,306,400,278,380,335,421,COLOR_SEC
20:42:50.287,910,litter_colour,1825,340,1801,324,1850,357,COLOR_SEC
20:42:50.327,911,litter_colour,990,832,927,751,1054,913,COLOR_SEC
20:42:50.327,911,litter_colour,862,464,821,445,903,484,COLOR_SEC
20:42:50.327,911,litter_colour,573,394,549,383,597,406,COLOR_SEC
20:42:50.327,911,litter_colour,308,400,282,380,335,420,COLOR_SEC
20:42:50.327,911,litter_colour,1826,340,1802,324,1850,357,COLOR_SEC
20:42:50.367,912,litter_colour,326,866,273,829,379,904,COLOR_SEC
20:42:50.367,912,litter_colour,991,834,925,752,1057,917,COLOR_SEC
20:42:50.367,912,litter_colour,861,464,820,445,903,484,COLOR_SEC
20:42:50.367,912,litter_colour,573,394,549,382,597,406,COLOR_SEC
20:42:50.367,912,litter_colour,315,400,290,380,340,420,COLOR_SEC
20:42:50.367,912,litter_colour,1826,340,1802,324,1850,357,COLOR_SEC
20:42:50.408,913,litter_colour,321,868,272,831,370,906,COLOR_SEC
20:42:50.408,913,litter_colour,859,465,821,446,897,484,COLOR_SEC
20:42:50.408,913,litter_colour,573,394,549,382,597,406,COLOR_SEC
20:42:50.408,913,litter_colour,1826,340,1802,324,1850,356,COLOR_SEC
20:42:50.446,914,litter_colour,860,465,823,446,898,484,COLOR_SEC
20:42:50.446,914,litter_colour,572,393,548,382,596,405,COLOR_SEC
20:42:50.446,914,litter_colour,1826,340,1802,324,1850,356,COLOR_SEC
20:42:50.487,915,litter_colour,323,868,280,834,367,902,COLOR_SEC
20:42:50.487,915,litter_colour,860,464,823,446,898,483,COLOR_SEC
20:42:50.487,915,litter_colour,1515,437,1456,414,1575,460,COLOR_SEC
20:42:50.487,915,litter_colour,571,393,548,382,595,405,COLOR_SEC
20:42:50.487,915,litter_colour,1826,340,1802,324,1850,356,COLOR_SEC
20:42:50.528,916,litter_colour,321,870,277,835,365,905,COLOR_SEC
20:42:50.528,916,litter_colour,1118,701,1090,664,1147,739,COLOR_SEC
20:42:50.528,916,litter_colour,860,464,823,446,898,483,COLOR_SEC
20:42:50.528,916,litter_colour,571,393,548,382,595,405,COLOR_SEC
20:42:50.528,916,litter_colour,1826,340,1803,324,1850,356,COLOR_SEC
20:42:50.570,917,litter_colour,320,872,276,837,364,907,COLOR_SEC
20:42:50.570,917,litter_colour,1118,702,1090,665,1147,739,COLOR_SEC
20:42:50.570,917,litter_colour,860,464,823,446,898,483,COLOR_SEC
20:42:50.570,917,litter_colour,572,393,548,381,596,405,COLOR_SEC
20:42:50.570,917,litter_colour,1826,339,1803,324,1850,355,COLOR_SEC
20:42:50.609,918,litter_colour,983,608,899,547,1067,670,COLOR_SEC
20:42:50.609,918,litter_colour,861,464,824,446,898,483,COLOR_SEC
20:42:50.609,918,litter_colour,572,393,548,381,596,405,COLOR_SEC
20:42:50.609,918,litter_colour,1827,339,1803,324,1851,355,COLOR_SEC
20:42:50.649,919,litter_colour,983,609,898,548,1068,670,COLOR_SEC
20:42:50.649,919,litter_colour,861,464,825,446,898,483,COLOR_SEC
20:42:50.649,919,litter_colour,572,393,548,381,596,405,COLOR_SEC
20:42:50.649,919,litter_colour,1827,339,1803,324,1851,355,COLOR_SEC
20:42:50.689,920,litter_colour,983,601,898,531,1069,671,COLOR_SEC
20:42:50.689,920,litter_colour,861,464,825,446,898,483,COLOR_SEC
20:42:50.689,920,litter_colour,572,393,548,381,596,405,COLOR_SEC
20:42:50.689,920,litter_colour,1827,339,1804,324,1851,355,COLOR_SEC
20:42:50.689,920,litter_colour,1097,378,989,324,1206,432,COLOR_SEC
20:42:50.731,921,litter_colour,984,610,899,548,1069,672,COLOR_SEC
20:42:50.731,921,litter_colour,861,464,825,446,898,483,COLOR_SEC
20:42:50.731,921,litter_colour,571,393,548,381,595,405,COLOR_SEC
20:42:50.731,921,litter_colour,1827,339,1804,324,1851,355,COLOR_SEC
20:42:50.731,921,litter_colour,1096,378,989,324,1204,433,COLOR_SEC
20:42:50.771,922,litter_colour,984,610,899,548,1070,673,COLOR_SEC
20:42:50.771,922,litter_colour,861,463,825,444,898,483,COLOR_SEC
20:42:50.771,922,litter_colour,572,393,548,381,596,405,COLOR_SEC
20:42:50.771,922,litter_colour,1828,339,1804,324,1852,355,COLOR_SEC
20:42:50.771,922,litter_colour,1109,399,990,324,1229,474,COLOR_SEC
20:42:50.813,923,litter_colour,985,611,899,549,1071,674,COLOR_SEC
20:42:50.813,923,litter_colour,861,465,825,446,898,484,COLOR_SEC
20:42:50.813,923,litter_colour,572,393,548,381,596,405,COLOR_SEC
20:42:50.813,923,litter_colour,1828,339,1805,324,1852,355,COLOR_SEC
20:42:50.813,923,litter_colour,1109,399,990,324,1229,474,COLOR_SEC
20:42:50.855,924,litter_colour,985,612,899,549,1071,675,COLOR_SEC
20:42:50.855,924,litter_colour,862,465,825,446,899,484,COLOR_SEC
20:42:50.855,924,litter_colour,572,393,548,381,596,405,COLOR_SEC
20:42:50.855,924,litter_colour,1828,339,1805,324,1852,355,COLOR_SEC
20:42:50.855,924,litter_colour,1111,399,990,324,1233,475,COLOR_SEC
20:42:50.894,925,litter_colour,1067,650,1030,632,1105,669,COLOR_SEC
20:42:50.894,925,litter_colour,986,604,900,533,1072,676,COLOR_SEC
20:42:50.894,925,litter_colour,862,465,825,447,899,484,COLOR_SEC
20:42:50.894,925,litter_colour,571,393,548,382,595,405,COLOR_SEC
20:42:50.894,925,litter_colour,1829,339,1805,324,1853,355,COLOR_SEC
20:42:50.894,925,litter_colour,1110,399,990,324,1231,475,COLOR_SEC
20:42:50.934,926,litter_colour,1068,651,1032,633,1104,670,COLOR_SEC
20:42:50.934,926,litter_colour,986,605,900,533,1073,678,COLOR_SEC
20:42:50.935,926,litter_colour,862,465,825,445,900,485,COLOR_SEC
20:42:50.935,926,litter_colour,572,394,548,382,596,406,COLOR_SEC
20:42:50.935,926,litter_colour,1829,339,1806,324,1853,355,COLOR_SEC
20:42:50.975,927,litter_colour,862,467,825,448,900,486,COLOR_SEC
20:42:50.975,927,litter_colour,572,394,548,382,596,406,COLOR_SEC
20:42:50.975,927,litter_colour,1829,340,1806,324,1853,356,COLOR_SEC
20:42:51.017,928,litter_colour,862,467,825,449,900,486,COLOR_SEC
20:42:51.017,928,litter_colour,572,395,548,383,596,407,COLOR_SEC
20:42:51.017,928,litter_colour,1829,340,1806,324,1853,356,COLOR_SEC
20:42:51.058,929,litter_colour,862,468,825,450,900,487,COLOR_SEC
20:42:51.058,929,litter_colour,572,395,548,383,596,407,COLOR_SEC
20:42:51.058,929,litter_colour,1830,340,1806,324,1854,357,COLOR_SEC
20:42:51.100,930,litter_colour,863,468,826,450,900,487,COLOR_SEC
20:42:51.100,930,litter_colour,572,395,548,383,596,407,COLOR_SEC
20:42:51.100,930,litter_colour,1830,340,1806,324,1854,357,COLOR_SEC
20:42:51.141,931,litter_colour,863,469,826,450,900,488,COLOR_SEC
20:42:51.141,931,litter_colour,571,395,548,383,595,407,COLOR_SEC
20:42:51.141,931,litter_colour,1830,340,1806,324,1854,357,COLOR_SEC
20:42:51.181,932,litter_colour,1121,706,1101,679,1141,733,COLOR_SEC
20:42:51.181,932,litter_colour,862,469,825,450,900,488,COLOR_SEC
20:42:51.181,932,litter_colour,571,395,548,384,595,407,COLOR_SEC
20:42:51.181,932,litter_colour,1830,341,1807,324,1854,358,COLOR_SEC
20:42:51.222,933,litter_colour,1121,707,1101,680,1142,735,COLOR_SEC
20:42:51.222,933,litter_colour,865,468,825,448,906,488,COLOR_SEC
20:42:51.222,933,litter_colour,571,395,548,384,595,407,COLOR_SEC
20:42:51.222,933,litter_colour,1830,341,1807,324,1854,358,COLOR_SEC
20:42:51.263,934,litter_colour,866,468,825,448,907,488,COLOR_SEC
20:42:51.263,934,litter_colour,571,395,548,384,595,407,COLOR_SEC
20:42:51.263,934,litter_colour,1830,341,1807,324,1854,358,COLOR_SEC
20:42:51.304,935,litter_colour,1132,715,1103,682,1162,749,COLOR_SEC
20:42:51.304,935,litter_colour,866,468,826,448,907,488,COLOR_SEC
20:42:51.304,935,litter_colour,571,395,548,384,595,407,COLOR_SEC
20:42:51.304,935,litter_colour,1831,341,1808,324,1855,358,COLOR_SEC
20:42:51.344,936,litter_colour,1133,716,1103,682,1163,750,COLOR_SEC
20:42:51.345,936,litter_colour,872,467,826,447,918,488,COLOR_SEC
20:42:51.345,936,litter_colour,571,395,548,384,595,407,COLOR_SEC
20:42:51.345,936,litter_colour,1831,341,1808,324,1855,358,COLOR_SEC
20:42:51.385,937,litter_colour,1134,716,1104,682,1164,750,COLOR_SEC
20:42:51.385,937,litter_colour,871,467,825,446,918,488,COLOR_SEC
20:42:51.385,937,litter_colour,571,395,548,384,595,407,COLOR_SEC
20:42:51.385,937,litter_colour,1831,341,1808,324,1855,358,COLOR_SEC
20:42:51.427,938,litter_colour,1134,717,1104,683,1165,752,COLOR_SEC
20:42:51.427,938,litter_colour,874,467,825,446,923,488,COLOR_SEC
20:42:51.427,938,litter_colour,571,395,548,384,595,407,COLOR_SEC
20:42:51.427,938,litter_colour,1831,341,1808,324,1855,358,COLOR_SEC
20:42:51.467,939,litter_colour,1135,718,1105,684,1165,753,COLOR_SEC
20:42:51.467,939,litter_colour,866,467,825,446,907,489,COLOR_SEC
20:42:51.467,939,litter_colour,571,395,548,384,595,407,COLOR_SEC
20:42:51.467,939,litter_colour,1832,341,1809,324,1856,358,COLOR_SEC
20:42:51.510,940,litter_colour,1135,719,1105,684,1166,754,COLOR_SEC
20:42:51.510,940,litter_colour,874,467,825,446,924,489,COLOR_SEC
20:42:51.510,940,litter_colour,571,395,548,384,595,407,COLOR_SEC
20:42:51.510,940,litter_colour,1832,341,1809,324,1856,358,COLOR_SEC
20:42:51.551,941,litter_colour,874,467,825,446,924,489,COLOR_SEC
20:42:51.551,941,litter_colour,571,395,548,384,595,407,COLOR_SEC
20:42:51.551,941,litter_colour,1832,341,1809,324,1856,358,COLOR_SEC
20:42:51.593,942,litter_colour,874,467,825,446,924,489,COLOR_SEC
20:42:51.593,942,litter_colour,571,395,548,384,595,407,COLOR_SEC
20:42:51.593,942,litter_colour,1833,341,1810,324,1857,358,COLOR_SEC
20:42:51.634,943,litter_colour,875,467,826,446,924,489,COLOR_SEC
20:42:51.634,943,litter_colour,571,395,548,384,595,407,COLOR_SEC
20:42:51.634,943,litter_colour,1833,341,1810,324,1857,358,COLOR_SEC
20:42:51.634,943,litter_colour,1116,402,992,324,1240,481,COLOR_SEC
20:42:51.675,944,litter_colour,453,795,414,769,493,822,COLOR_SEC
20:42:51.675,944,litter_colour,1127,715,1107,686,1148,745,COLOR_SEC
20:42:51.675,944,litter_colour,875,467,826,446,924,489,COLOR_SEC
20:42:51.675,944,litter_colour,571,395,548,384,595,407,COLOR_SEC
20:42:51.675,944,litter_colour,1833,341,1810,324,1857,358,COLOR_SEC
20:42:51.675,944,litter_colour,1116,402,992,324,1240,481,COLOR_SEC
20:42:51.714,945,litter_colour,453,796,413,770,493,823,COLOR_SEC
20:42:51.714,945,litter_colour,875,467,826,446,924,489,COLOR_SEC
20:42:51.714,945,litter_colour,571,395,548,384,595,407,COLOR_SEC
20:42:51.714,945,litter_colour,1833,341,1810,324,1857,358,COLOR_SEC
20:42:51.714,945,litter_colour,1116,402,992,324,1241,481,COLOR_SEC
20:42:51.755,946,litter_colour,451,797,411,771,491,824,COLOR_SEC
20:42:51.755,946,litter_colour,875,467,826,446,924,489,COLOR_SEC
20:42:51.755,946,litter_colour,571,395,548,384,595,407,COLOR_SEC
20:42:51.755,946,litter_colour,1833,341,1810,324,1857,358,COLOR_SEC
20:42:51.755,946,litter_colour,1116,402,992,324,1241,481,COLOR_SEC
20:42:51.797,947,litter_colour,449,797,409,772,489,822,COLOR_SEC
20:42:51.797,947,litter_colour,875,468,826,447,924,489,COLOR_SEC
20:42:51.797,947,litter_colour,571,395,547,384,595,407,COLOR_SEC
20:42:51.797,947,litter_colour,1117,425,992,370,1243,481,COLOR_SEC
20:42:51.797,947,litter_colour,1833,341,1810,324,1857,358,COLOR_SEC
20:42:51.837,948,litter_colour,448,798,407,773,489,823,COLOR_SEC
20:42:51.837,948,litter_colour,875,467,826,446,924,489,COLOR_SEC
20:42:51.837,948,litter_colour,570,395,547,384,594,407,COLOR_SEC
20:42:51.837,948,litter_colour,1118,423,992,366,1245,481,COLOR_SEC
20:42:51.837,948,litter_colour,1833,341,1810,324,1857,358,COLOR_SEC
20:42:51.877,949,litter_colour,875,467,826,446,925,489,COLOR_SEC
20:42:51.877,949,litter_colour,570,395,547,384,594,407,COLOR_SEC
20:42:51.877,949,litter_colour,1117,423,992,366,1242,480,COLOR_SEC
20:42:51.877,949,litter_colour,1834,341,1811,324,1857,358,COLOR_SEC
20:42:51.918,950,litter_colour,1013,905,936,799,1091,1012,COLOR_SEC
20:42:51.918,950,litter_colour,877,468,826,447,929,489,COLOR_SEC
20:42:51.918,950,litter_colour,571,395,547,384,595,407,COLOR_SEC
20:42:51.918,950,litter_colour,1117,423,992,366,1243,480,COLOR_SEC
20:42:51.918,950,litter_colour,1834,341,1811,324,1857,358,COLOR_SEC
20:42:51.958,951,litter_colour,1014,894,936,800,1092,989,COLOR_SEC
20:42:51.958,951,litter_colour,866,467,826,446,907,489,COLOR_SEC
20:42:51.958,951,litter_colour,570,395,546,383,595,407,COLOR_SEC
20:42:51.958,951,litter_colour,1117,423,992,367,1243,480,COLOR_SEC
20:42:51.958,951,litter_colour,1834,341,1811,324,1857,358,COLOR_SEC
20:42:51.999,952,litter_colour,1018,909,944,801,1092,1017,COLOR_SEC
20:42:51.999,952,litter_colour,866,467,825,446,907,489,COLOR_SEC
20:42:51.999,952,litter_colour,570,395,546,383,594,407,COLOR_SEC
20:42:51.999,952,litter_colour,1117,424,992,367,1243,481,COLOR_SEC
20:42:51.999,952,litter_colour,1834,341,1811,324,1857,358,COLOR_SEC
20:42:52.040,953,litter_colour,1017,901,944,811,1090,992,COLOR_SEC
20:42:52.040,953,litter_colour,866,467,826,445,907,489,COLOR_SEC
20:42:52.041,953,litter_colour,570,395,546,383,594,407,COLOR_SEC
20:42:52.041,953,litter_colour,1117,424,992,367,1242,481,COLOR_SEC
20:42:52.041,953,litter_colour,1834,340,1811,324,1857,357,COLOR_SEC
20:42:52.082,954,litter_colour,1015,896,940,811,1090,982,COLOR_SEC
20:42:52.082,954,litter_colour,873,467,825,445,922,489,COLOR_SEC
20:42:52.082,954,litter_colour,569,395,546,383,593,407,COLOR_SEC
20:42:52.082,954,litter_colour,1116,425,992,369,1241,481,COLOR_SEC
20:42:52.082,954,litter_colour,1834,340,1811,324,1858,357,COLOR_SEC
20:42:52.123,955,litter_colour,1015,900,940,804,1090,997,COLOR_SEC
20:42:52.123,955,litter_colour,865,467,825,445,906,489,COLOR_SEC
20:42:52.123,955,litter_colour,569,395,546,383,593,407,COLOR_SEC
20:42:52.123,955,litter_colour,1112,425,992,370,1232,480,COLOR_SEC
20:42:52.123,955,litter_colour,1834,340,1811,324,1858,357,COLOR_SEC
20:42:52.163,956,litter_colour,1014,902,943,805,1085,1000,COLOR_SEC
20:42:52.164,956,litter_colour,865,467,824,445,906,489,COLOR_SEC
20:42:52.164,956,litter_colour,569,395,545,383,593,407,COLOR_SEC
20:42:52.164,956,litter_colour,1113,424,992,369,1234,480,COLOR_SEC
20:42:52.164,956,litter_colour,1834,340,1811,324,1858,357,COLOR_SEC
20:42:52.202,957,litter_colour,1012,904,934,806,1091,1003,COLOR_SEC
20:42:52.202,957,litter_colour,865,467,824,445,906,489,COLOR_SEC
20:42:52.202,957,litter_colour,569,394,545,383,593,406,COLOR_SEC
20:42:52.202,957,litter_colour,1117,424,992,369,1243,480,COLOR_SEC
20:42:52.202,957,litter_colour,1834,340,1811,324,1858,357,COLOR_SEC
20:42:52.243,958,litter_colour,864,467,823,445,906,489,COLOR_SEC
20:42:52.243,958,litter_colour,569,394,545,383,593,406,COLOR_SEC
20:42:52.243,958,litter_colour,1117,424,992,369,1242,480,COLOR_SEC
20:42:52.244,958,litter_colour,1834,340,1811,324,1858,357,COLOR_SEC
20:42:52.285,959,litter_colour,1016,908,938,809,1094,1008,COLOR_SEC
20:42:52.285,959,litter_colour,864,467,823,445,905,489,COLOR_SEC
20:42:52.285,959,litter_colour,568,394,544,383,593,406,COLOR_SEC
20:42:52.285,959,litter_colour,1117,425,992,369,1242,481,COLOR_SEC
20:42:52.285,959,litter_colour,1834,340,1811,324,1858,357,COLOR_SEC
20:42:52.326,960,litter_colour,862,457,819,426,905,489,COLOR_SEC
20:42:52.326,960,litter_colour,568,394,544,383,593,406,COLOR_SEC
20:42:52.326,960,litter_colour,1118,425,992,369,1244,481,COLOR_SEC
20:42:52.326,960,litter_colour,1834,340,1811,324,1858,357,COLOR_SEC
20:42:52.367,961,litter_colour,873,467,819,445,928,489,COLOR_SEC
20:42:52.367,961,litter_colour,568,394,544,383,592,406,COLOR_SEC
20:42:52.367,961,litter_colour,1118,423,992,366,1244,481,COLOR_SEC
20:42:52.367,961,litter_colour,1834,340,1811,324,1858,357,COLOR_SEC
20:42:52.408,962,litter_colour,861,467,818,446,905,489,COLOR_SEC
20:42:52.408,962,litter_colour,568,394,544,382,592,406,COLOR_SEC
20:42:52.408,962,litter_colour,1118,423,992,366,1244,481,COLOR_SEC
20:42:52.408,962,litter_colour,1834,340,1811,324,1857,357,COLOR_SEC
20:42:52.449,963,litter_colour,861,467,819,445,904,489,COLOR_SEC
20:42:52.449,963,litter_colour,567,394,543,383,591,406,COLOR_SEC
20:42:52.449,963,litter_colour,1112,423,991,366,1233,481,COLOR_SEC
20:42:52.449,963,litter_colour,1834,340,1811,324,1857,357,COLOR_SEC
20:42:52.488,964,litter_colour,861,467,818,445,904,489,COLOR_SEC
20:42:52.489,964,litter_colour,566,394,542,382,591,406,COLOR_SEC
20:42:52.489,964,litter_colour,1111,424,990,368,1233,481,COLOR_SEC
20:42:52.489,964,litter_colour,1834,340,1811,324,1857,357,COLOR_SEC
20:42:52.529,965,litter_colour,1010,917,929,818,1092,1016,COLOR_SEC
20:42:52.529,965,litter_colour,862,467,821,445,904,489,COLOR_SEC
20:42:52.529,965,litter_colour,566,394,542,382,590,406,COLOR_SEC
20:42:52.529,965,litter_colour,1111,424,990,368,1233,481,COLOR_SEC
20:42:52.529,965,litter_colour,1834,340,1811,324,1857,357,COLOR_SEC
20:42:52.570,966,litter_colour,860,457,817,426,904,489,COLOR_SEC
20:42:52.570,966,litter_colour,566,394,542,382,590,406,COLOR_SEC
20:42:52.570,966,litter_colour,1111,425,990,369,1233,481,COLOR_SEC
20:42:52.570,966,litter_colour,1834,340,1811,324,1857,357,COLOR_SEC
20:42:52.610,967,litter_colour,1113,876,1084,856,1143,896,COLOR_SEC
20:42:52.610,967,litter_colour,872,467,840,446,904,489,COLOR_SEC
20:42:52.610,967,litter_colour,566,394,542,382,590,406,COLOR_SEC
20:42:52.610,967,litter_colour,1112,424,990,368,1234,481,COLOR_SEC
20:42:52.610,967,litter_colour,1834,340,1811,324,1857,356,COLOR_SEC
20:42:52.649,968,litter_colour,1113,878,1083,858,1143,898,COLOR_SEC
20:42:52.649,968,litter_colour,404,829,358,799,450,860,COLOR_SEC
20:42:52.649,968,litter_colour,871,467,839,445,903,489,COLOR_SEC
20:42:52.649,968,litter_colour,565,394,541,382,589,406,COLOR_SEC
20:42:52.649,968,litter_colour,1111,425,990,368,1233,482,COLOR_SEC
20:42:52.649,968,litter_colour,1833,340,1811,324,1856,356,COLOR_SEC
20:42:52.688,969,litter_colour,1112,873,1083,846,1141,901,COLOR_SEC
20:42:52.688,969,litter_colour,400,831,353,801,447,862,COLOR_SEC
20:42:52.688,969,litter_colour,861,467,819,446,903,489,COLOR_SEC
20:42:52.688,969,litter_colour,565,394,540,382,590,406,COLOR_SEC
20:42:52.688,969,litter_colour,1111,425,990,368,1233,482,COLOR_SEC
20:42:52.729,970,litter_colour,860,467,817,445,903,489,COLOR_SEC
20:42:52.729,970,litter_colour,564,393,540,381,589,405,COLOR_SEC
20:42:52.729,970,litter_colour,1111,424,990,368,1233,481,COLOR_SEC
20:42:52.729,970,litter_colour,1833,340,1811,324,1856,356,COLOR_SEC
20:42:52.769,971,litter_colour,859,467,817,445,902,489,COLOR_SEC
20:42:52.770,971,litter_colour,564,393,540,381,588,405,COLOR_SEC
20:42:52.770,971,litter_colour,1112,424,990,368,1234,481,COLOR_SEC
20:42:52.770,971,litter_colour,1834,340,1811,324,1857,356,COLOR_SEC
20:42:52.809,972,litter_colour,859,467,817,445,902,489,COLOR_SEC
20:42:52.809,972,litter_colour,564,393,541,381,588,405,COLOR_SEC
20:42:52.809,972,litter_colour,1112,424,990,368,1234,481,COLOR_SEC
20:42:52.851,973,litter_colour,865,467,817,445,914,489,COLOR_SEC
20:42:52.851,973,litter_colour,564,393,540,381,588,405,COLOR_SEC
20:42:52.851,973,litter_colour,1116,424,990,368,1243,481,COLOR_SEC
20:42:52.893,974,litter_colour,865,468,817,447,914,489,COLOR_SEC
20:42:52.893,974,litter_colour,564,393,541,381,588,405,COLOR_SEC
20:42:52.893,974,litter_colour,1119,425,990,368,1248,482,COLOR_SEC
20:42:52.934,975,litter_colour,858,469,815,448,902,490,COLOR_SEC
20:42:52.934,975,litter_colour,565,393,543,381,587,405,COLOR_SEC
20:42:52.934,975,litter_colour,1117,426,990,369,1245,483,COLOR_SEC
20:42:52.976,976,litter_colour,859,469,816,448,902,490,COLOR_SEC
20:42:52.976,976,litter_colour,1119,426,990,369,1249,483,COLOR_SEC
20:42:53.015,977,litter_colour,872,469,844,448,901,490,COLOR_SEC
20:42:53.015,977,litter_colour,1605,450,1520,423,1690,478,COLOR_SEC
20:42:53.015,977,litter_colour,1112,426,990,369,1234,483,COLOR_SEC
20:42:53.054,978,litter_colour,859,469,817,448,901,491,COLOR_SEC
20:42:53.054,978,litter_colour,1605,451,1520,423,1691,479,COLOR_SEC
20:42:53.054,978,litter_colour,1118,426,990,369,1246,484,COLOR_SEC
20:42:53.096,979,litter_colour,868,470,836,449,901,491,COLOR_SEC
20:42:53.096,979,litter_colour,1608,451,1522,423,1694,479,COLOR_SEC
20:42:53.096,979,litter_colour,1115,426,997,369,1234,484,COLOR_SEC
20:42:53.134,980,litter_colour,859,458,817,426,901,491,COLOR_SEC
20:42:53.134,980,litter_colour,1607,451,1522,423,1692,480,COLOR_SEC
20:42:53.134,980,litter_colour,1111,427,989,369,1234,485,COLOR_SEC
20:42:53.175,981,litter_colour,857,458,814,426,901,491,COLOR_SEC
20:42:53.176,981,litter_colour,1609,451,1526,423,1693,480,COLOR_SEC
20:42:53.176,981,litter_colour,1119,428,989,372,1249,485,COLOR_SEC
20:42:53.216,982,litter_colour,857,458,814,426,900,491,COLOR_SEC
20:42:53.216,982,litter_colour,1600,452,1506,423,1695,481,COLOR_SEC
20:42:53.216,982,litter_colour,1118,428,989,372,1247,485,COLOR_SEC
20:42:53.254,983,litter_colour,858,470,816,449,900,491,COLOR_SEC
20:42:53.254,983,litter_colour,1604,452,1512,423,1696,481,COLOR_SEC
20:42:53.254,983,litter_colour,1111,427,988,369,1234,485,COLOR_SEC
20:42:53.293,984,litter_colour,1118,909,1087,877,1150,942,COLOR_SEC
20:42:53.293,984,litter_colour,871,469,842,448,900,491,COLOR_SEC
20:42:53.293,984,litter_colour,1603,452,1508,423,1698,481,COLOR_SEC
20:42:53.293,984,litter_colour,1111,426,988,368,1234,485,COLOR_SEC
20:42:53.333,985,litter_colour,1118,911,1088,879,1149,944,COLOR_SEC
20:42:53.333,985,litter_colour,858,470,816,448,900,492,COLOR_SEC
20:42:53.333,985,litter_colour,1607,452,1514,423,1700,481,COLOR_SEC
20:42:53.333,985,litter_colour,1111,426,988,368,1234,485,COLOR_SEC
20:42:53.374,986,litter_colour,1118,914,1088,880,1149,948,COLOR_SEC
20:42:53.374,986,litter_colour,857,468,815,446,900,491,COLOR_SEC
20:42:53.374,986,litter_colour,1410,452,1387,435,1433,470,COLOR_SEC
20:42:53.374,986,litter_colour,1619,452,1530,423,1708,481,COLOR_SEC
20:42:53.374,986,litter_colour,1111,431,988,377,1234,485,COLOR_SEC
20:42:53.412,987,litter_colour,1115,915,1080,882,1150,949,COLOR_SEC
20:42:53.412,987,litter_colour,856,468,813,445,900,491,COLOR_SEC
20:42:53.412,987,litter_colour,1410,452,1388,435,1433,470,COLOR_SEC
20:42:53.412,987,litter_colour,1609,452,1516,423,1702,481,COLOR_SEC
20:42:53.412,987,litter_colour,1111,426,988,367,1234,485,COLOR_SEC
20:42:53.452,988,litter_colour,1412,452,1389,434,1435,470,COLOR_SEC
20:42:53.452,988,litter_colour,856,458,813,425,900,491,COLOR_SEC
20:42:53.452,988,litter_colour,1620,451,1530,421,1711,481,COLOR_SEC
20:42:53.452,988,litter_colour,1111,426,988,367,1235,485,COLOR_SEC
20:42:53.492,989,litter_colour,855,467,812,444,899,491,COLOR_SEC
20:42:53.492,989,litter_colour,1412,452,1389,434,1435,470,COLOR_SEC
20:42:53.492,989,litter_colour,1615,451,1518,421,1713,481,COLOR_SEC
20:42:53.492,989,litter_colour,1111,425,988,366,1235,484,COLOR_SEC
20:42:53.532,990,litter_colour,1414,701,1392,678,1436,725,COLOR_SEC
20:42:53.532,990,litter_colour,855,467,812,445,899,490,COLOR_SEC
20:42:53.532,990,litter_colour,1413,451,1390,433,1436,470,COLOR_SEC
20:42:53.532,990,litter_colour,1616,450,1518,421,1714,480,COLOR_SEC
20:42:53.532,990,litter_colour,1112,425,988,366,1236,484,COLOR_SEC
20:42:53.574,991,litter_colour,1468,759,1412,710,1524,808,COLOR_SEC
20:42:53.574,991,litter_colour,1415,702,1393,679,1437,726,COLOR_SEC
20:42:53.574,991,litter_colour,864,467,829,444,899,490,COLOR_SEC
20:42:53.574,991,litter_colour,1413,451,1391,433,1436,469,COLOR_SEC
20:42:53.574,991,litter_colour,1625,450,1534,421,1716,479,COLOR_SEC
20:42:53.574,991,litter_colour,1112,425,988,366,1236,484,COLOR_SEC
20:42:53.615,992,litter_colour,1013,977,923,875,1104,1080,COLOR_SEC
20:42:53.615,992,litter_colour,1416,702,1394,679,1438,726,COLOR_SEC
20:42:53.615,992,litter_colour,863,467,828,445,899,490,COLOR_SEC
20:42:53.615,992,litter_colour,1413,451,1391,433,1436,470,COLOR_SEC
20:42:53.615,992,litter_colour,1616,449,1514,419,1718,480,COLOR_SEC
20:42:53.615,992,litter_colour,1111,424,986,365,1236,484,COLOR_SEC
20:42:53.656,993,litter_colour,1013,978,922,876,1104,1080,COLOR_SEC
20:42:53.656,993,litter_colour,1417,703,1395,679,1440,727,COLOR_SEC
20:42:53.656,993,litter_colour,856,467,814,444,898,490,COLOR_SEC
20:42:53.656,993,litter_colour,1414,450,1392,432,1436,469,COLOR_SEC
20:42:53.656,993,litter_colour,1618,449,1518,419,1718,480,COLOR_SEC
20:42:53.656,993,litter_colour,1111,424,986,365,1236,484,COLOR_SEC
20:42:53.697,994,litter_colour,1014,992,923,905,1105,1080,COLOR_SEC
20:42:53.697,994,litter_colour,1419,703,1397,679,1441,727,COLOR_SEC
20:42:53.697,994,litter_colour,1416,450,1394,432,1438,469,COLOR_SEC
20:42:53.697,994,litter_colour,1629,449,1536,419,1722,479,COLOR_SEC
20:42:53.697,994,litter_colour,865,444,812,399,918,489,COLOR_SEC
20:42:53.697,994,litter_colour,1111,424,986,365,1236,483,COLOR_SEC
20:42:53.738,995,litter_colour,1011,993,923,906,1100,1080,COLOR_SEC
20:42:53.738,995,litter_colour,1420,703,1398,679,1442,727,COLOR_SEC
20:42:53.739,995,litter_colour,854,463,811,438,898,489,COLOR_SEC
20:42:53.739,995,litter_colour,1630,448,1538,419,1723,478,COLOR_SEC
20:42:53.739,995,litter_colour,1118,423,986,364,1251,483,COLOR_SEC
20:42:53.778,996,litter_colour,1014,994,923,908,1105,1080,COLOR_SEC
20:42:53.778,996,litter_colour,1421,703,1399,679,1443,727,COLOR_SEC
20:42:53.778,996,litter_colour,855,465,812,442,898,488,COLOR_SEC
20:42:53.778,996,litter_colour,1416,449,1395,431,1438,467,COLOR_SEC
20:42:53.778,996,litter_colour,1632,447,1539,417,1726,478,COLOR_SEC
20:42:53.778,996,litter_colour,1118,423,986,364,1250,482,COLOR_SEC
20:42:53.818,997,litter_colour,1716,958,1687,932,1746,985,COLOR_SEC
20:42:53.818,997,litter_colour,1415,706,1400,686,1430,727,COLOR_SEC
20:42:53.818,997,litter_colour,1416,449,1395,431,1438,467,COLOR_SEC
20:42:53.818,997,litter_colour,862,442,812,398,912,487,COLOR_SEC
20:42:53.818,997,litter_colour,1118,422,986,363,1251,482,COLOR_SEC
20:42:53.861,998,litter_colour,1012,995,923,910,1102,1080,COLOR_SEC
20:42:53.861,998,litter_colour,1423,703,1401,679,1445,727,COLOR_SEC
20:42:53.861,998,litter_colour,854,464,812,441,897,487,COLOR_SEC
20:42:53.861,998,litter_colour,1418,448,1396,430,1440,467,COLOR_SEC
20:42:53.861,998,litter_colour,1627,449,1522,417,1733,482,COLOR_SEC
20:42:53.861,998,litter_colour,1117,422,984,363,1251,481,COLOR_SEC
20:42:53.902,999,litter_colour,1015,995,923,911,1108,1080,COLOR_SEC
20:42:53.902,999,litter_colour,1417,707,1402,686,1432,728,COLOR_SEC
20:42:53.902,999,litter_colour,854,464,810,443,899,486,COLOR_SEC
20:42:53.902,999,litter_colour,1630,446,1528,417,1732,476,COLOR_SEC
20:42:53.902,999,litter_colour,1110,421,984,362,1236,481,COLOR_SEC
20:42:53.943,1000,litter_colour,1016,996,923,913,1109,1080,COLOR_SEC
20:42:53.943,1000,litter_colour,1418,707,1403,686,1434,728,COLOR_SEC
20:42:53.943,1000,litter_colour,857,464,819,442,896,486,COLOR_SEC
20:42:53.943,1000,litter_colour,1110,420,983,361,1238,480,COLOR_SEC
20:42:53.983,1001,litter_colour,1024,998,937,917,1111,1080,COLOR_SEC
20:42:53.983,1001,litter_colour,1419,708,1404,688,1435,728,COLOR_SEC
20:42:53.983,1001,litter_colour,852,465,810,443,895,487,COLOR_SEC
20:42:53.983,1001,litter_colour,1416,441,1390,415,1442,467,COLOR_SEC
20:42:53.983,1001,litter_colour,1115,423,985,372,1246,475,COLOR_SEC
20:42:54.024,1002,litter_colour,1421,708,1406,688,1436,728,COLOR_SEC
20:42:54.024,1002,litter_colour,867,464,809,441,925,487,COLOR_SEC
20:42:54.024,1002,litter_colour,1416,440,1390,414,1443,467,COLOR_SEC
20:42:54.024,1002,litter_colour,1115,404,983,331,1248,477,COLOR_SEC
20:42:54.066,1003,litter_colour,1422,708,1407,688,1438,729,COLOR_SEC
20:42:54.066,1003,litter_colour,864,463,809,440,920,486,COLOR_SEC
20:42:54.066,1003,litter_colour,1115,422,983,369,1248,475,COLOR_SEC
20:42:54.108,1004,litter_colour,1133,943,1094,905,1173,982,COLOR_SEC
20:42:54.108,1004,litter_colour,1018,980,922,881,1114,1080,COLOR_SEC
20:42:54.108,1004,litter_colour,1423,708,1408,688,1439,729,COLOR_SEC
20:42:54.108,1004,litter_colour,851,463,807,440,895,486,COLOR_SEC
20:42:54.108,1004,litter_colour,1115,422,984,368,1247,476,COLOR_SEC
20:42:54.148,1005,litter_colour,1143,943,1111,906,1175,980,COLOR_SEC
20:42:54.148,1005,litter_colour,1424,709,1409,689,1440,729,COLOR_SEC
20:42:54.148,1005,litter_colour,850,462,807,440,894,485,COLOR_SEC
20:42:54.148,1005,litter_colour,1115,420,983,367,1247,474,COLOR_SEC
20:42:54.189,1006,litter_colour,1146,944,1115,907,1178,982,COLOR_SEC
20:42:54.189,1006,litter_colour,1425,709,1410,689,1441,729,COLOR_SEC
20:42:54.189,1006,litter_colour,850,461,806,437,894,485,COLOR_SEC
20:42:54.189,1006,litter_colour,1114,419,982,364,1247,474,COLOR_SEC
20:42:54.230,1007,litter_colour,1146,946,1113,909,1180,984,COLOR_SEC
20:42:54.230,1007,litter_colour,1427,709,1411,689,1443,730,COLOR_SEC
20:42:54.230,1007,litter_colour,849,459,806,437,893,482,COLOR_SEC
20:42:54.230,1007,litter_colour,1113,422,981,370,1245,474,COLOR_SEC
20:42:54.271,1008,litter_colour,1148,948,1117,910,1180,986,COLOR_SEC
20:42:54.271,1008,litter_colour,1428,709,1413,689,1444,730,COLOR_SEC
20:42:54.271,1008,litter_colour,849,458,806,436,893,481,COLOR_SEC
20:42:54.271,1008,litter_colour,1114,421,981,370,1247,473,COLOR_SEC
20:42:54.313,1009,litter_colour,1144,950,1115,912,1174,988,COLOR_SEC
20:42:54.313,1009,litter_colour,1429,710,1414,690,1445,730,COLOR_SEC
20:42:54.313,1009,litter_colour,846,458,801,436,892,481,COLOR_SEC
20:42:54.313,1009,litter_colour,1113,421,981,369,1245,473,COLOR_SEC
20:42:54.351,1010,litter_colour,1149,951,1119,913,1180,990,COLOR_SEC
20:42:54.351,1010,litter_colour,1430,708,1415,687,1446,730,COLOR_SEC
20:42:54.351,1010,litter_colour,848,457,805,434,892,481,COLOR_SEC
20:42:54.351,1010,litter_colour,1112,421,980,368,1245,475,COLOR_SEC
20:42:54.390,1011,litter_colour,1153,954,1120,915,1186,993,COLOR_SEC
20:42:54.390,1011,litter_colour,1432,709,1416,687,1448,731,COLOR_SEC
20:42:54.390,1011,litter_colour,848,456,805,433,892,480,COLOR_SEC
20:42:54.390,1011,litter_colour,1112,419,980,368,1245,471,COLOR_SEC
20:42:54.431,1012,litter_colour,1153,956,1120,917,1187,995,COLOR_SEC
20:42:54.431,1012,litter_colour,1433,710,1418,690,1449,731,COLOR_SEC
20:42:54.431,1012,litter_colour,846,456,801,434,891,479,COLOR_SEC
20:42:54.431,1012,litter_colour,1113,420,980,367,1247,474,COLOR_SEC
20:42:54.470,1013,litter_colour,1152,958,1122,918,1183,998,COLOR_SEC
20:42:54.470,1013,litter_colour,1505,771,1444,717,1566,825,COLOR_SEC
20:42:54.470,1013,litter_colour,1435,711,1419,690,1451,732,COLOR_SEC
20:42:54.470,1013,litter_colour,984,647,880,559,1088,736,COLOR_SEC
20:42:54.470,1013,litter_colour,847,456,804,434,891,479,COLOR_SEC
20:42:54.470,1013,litter_colour,1112,419,980,367,1245,471,COLOR_SEC
20:42:54.509,1014,litter_colour,1507,772,1446,718,1569,826,COLOR_SEC
20:42:54.509,1014,litter_colour,1436,710,1421,689,1452,732,COLOR_SEC
20:42:54.509,1014,litter_colour,983,668,878,559,1088,777,COLOR_SEC
20:42:54.509,1014,litter_colour,847,455,804,432,891,478,COLOR_SEC
20:42:54.509,1014,litter_colour,1114,420,979,366,1249,474,COLOR_SEC
20:42:54.549,1015,litter_colour,1509,772,1447,718,1572,827,COLOR_SEC
20:42:54.549,1015,litter_colour,1438,712,1422,691,1454,733,COLOR_SEC
20:42:54.549,1015,litter_colour,984,668,879,559,1089,777,COLOR_SEC
20:42:54.549,1015,litter_colour,845,454,800,431,891,478,COLOR_SEC
20:42:54.549,1015,litter_colour,1114,419,980,366,1249,473,COLOR_SEC
20:42:54.588,1016,litter_colour,294,888,261,871,328,905,COLOR_SEC
20:42:54.588,1016,litter_colour,1511,773,1449,719,1574,828,COLOR_SEC
20:42:54.588,1016,litter_colour,983,667,878,558,1089,776,COLOR_SEC
20:42:54.588,1016,litter_colour,847,454,804,430,891,478,COLOR_SEC
20:42:54.588,1016,litter_colour,1711,443,1657,418,1765,468,COLOR_SEC
20:42:54.588,1016,litter_colour,1113,419,979,365,1247,473,COLOR_SEC
20:42:54.626,1017,litter_colour,1513,775,1451,720,1576,830,COLOR_SEC
20:42:54.626,1017,litter_colour,984,667,879,558,1090,777,COLOR_SEC
20:42:54.626,1017,litter_colour,846,453,803,430,890,477,COLOR_SEC
20:42:54.626,1017,litter_colour,1714,443,1660,419,1768,468,COLOR_SEC
20:42:54.626,1017,litter_colour,1427,432,1400,404,1454,460,COLOR_SEC
20:42:54.626,1017,litter_colour,478,382,453,370,504,395,COLOR_SEC
20:42:54.626,1017,litter_colour,1112,416,979,365,1246,468,COLOR_SEC
20:42:54.665,1018,litter_colour,985,667,878,558,1092,777,COLOR_SEC
20:42:54.665,1018,litter_colour,846,453,803,429,890,477,COLOR_SEC
20:42:54.665,1018,litter_colour,1716,443,1662,418,1770,469,COLOR_SEC
20:42:54.665,1018,litter_colour,1428,431,1400,403,1456,460,COLOR_SEC
20:42:54.665,1018,litter_colour,470,382,432,369,508,395,COLOR_SEC
20:42:54.665,1018,litter_colour,1112,417,979,364,1246,470,COLOR_SEC
20:42:54.705,1019,litter_colour,1010,1013,935,946,1086,1080,COLOR_SEC
20:42:54.705,1019,litter_colour,1517,777,1454,722,1581,833,COLOR_SEC
20:42:54.705,1019,litter_colour,984,670,878,559,1091,782,COLOR_SEC
20:42:54.705,1019,litter_colour,846,453,802,429,890,477,COLOR_SEC
20:42:54.705,1019,litter_colour,1718,445,1664,418,1772,473,COLOR_SEC
20:42:54.705,1019,litter_colour,1429,431,1401,403,1458,460,COLOR_SEC
20:42:54.705,1019,litter_colour,466,381,424,369,509,394,COLOR_SEC
20:42:54.705,1019,litter_colour,1112,418,978,364,1246,472,COLOR_SEC
20:42:54.705,1019,litter_colour,225,383,183,352,267,415,COLOR_SEC
20:42:54.745,1020,litter_colour,1008,1014,930,949,1087,1080,COLOR_SEC
20:42:54.745,1020,litter_colour,983,669,877,559,1090,779,COLOR_SEC
20:42:54.745,1020,litter_colour,844,453,798,429,890,477,COLOR_SEC
20:42:54.745,1020,litter_colour,1429,431,1401,403,1458,460,COLOR_SEC
20:42:54.745,1020,litter_colour,474,381,438,369,511,394,COLOR_SEC
20:42:54.745,1020,litter_colour,1112,418,978,364,1246,472,COLOR_SEC
20:42:54.745,1020,litter_colour,224,383,182,351,266,415,COLOR_SEC
20:42:54.787,1021,litter_colour,1010,1016,934,952,1087,1080,COLOR_SEC
20:42:54.787,1021,litter_colour,983,672,877,559,1090,785,COLOR_SEC
20:42:54.787,1021,litter_colour,846,453,802,429,890,477,COLOR_SEC
20:42:54.787,1021,litter_colour,1430,431,1402,403,1458,460,COLOR_SEC
20:42:54.787,1021,litter_colour,477,380,441,368,514,393,COLOR_SEC
20:42:54.787,1021,litter_colour,1112,418,978,364,1246,472,COLOR_SEC
20:42:54.787,1021,litter_colour,222,382,180,350,265,415,COLOR_SEC
20:42:54.829,1022,litter_colour,1011,1017,934,954,1089,1080,COLOR_SEC
20:42:54.829,1022,litter_colour,984,670,876,559,1092,782,COLOR_SEC
20:42:54.829,1022,litter_colour,844,453,801,429,888,477,COLOR_SEC
20:42:54.829,1022,litter_colour,1430,432,1401,403,1460,461,COLOR_SEC
20:42:54.829,1022,litter_colour,473,380,431,368,515,393,COLOR_SEC
20:42:54.829,1022,litter_colour,1113,418,978,364,1249,472,COLOR_SEC
20:42:54.829,1022,litter_colour,221,382,179,351,264,414,COLOR_SEC
20:42:54.869,1023,litter_colour,1003,1018,917,957,1089,1080,COLOR_SEC
20:42:54.869,1023,litter_colour,983,671,875,559,1092,784,COLOR_SEC
20:42:54.869,1023,litter_colour,844,453,801,429,888,477,COLOR_SEC
20:42:54.869,1023,litter_colour,1430,432,1401,403,1460,461,COLOR_SEC
20:42:54.869,1023,litter_colour,1114,409,981,363,1247,456,COLOR_SEC
20:42:54.869,1023,litter_colour,220,382,178,351,262,414,COLOR_SEC
20:42:54.908,1024,litter_colour,1004,1019,916,959,1092,1080,COLOR_SEC
20:42:54.908,1024,litter_colour,982,671,874,559,1090,783,COLOR_SEC
20:42:54.908,1024,litter_colour,844,453,800,429,888,477,COLOR_SEC
20:42:54.908,1024,litter_colour,1430,432,1400,403,1460,461,COLOR_SEC
20:42:54.908,1024,litter_colour,1114,409,981,363,1247,456,COLOR_SEC
20:42:54.908,1024,litter_colour,218,381,176,349,261,414,COLOR_SEC
20:42:54.948,1025,litter_colour,1009,1020,931,961,1088,1080,COLOR_SEC
20:42:54.948,1025,litter_colour,983,674,874,559,1092,790,COLOR_SEC
20:42:54.948,1025,litter_colour,843,452,800,428,887,476,COLOR_SEC
20:42:54.948,1025,litter_colour,1430,431,1400,402,1460,460,COLOR_SEC
20:42:54.948,1025,litter_colour,1115,408,983,362,1247,455,COLOR_SEC
20:42:54.948,1025,litter_colour,217,381,175,349,260,413,COLOR_SEC
20:42:54.948,1025,litter_colour,474,339,418,324,531,355,COLOR_SEC
20:42:54.988,1026,litter_colour,1008,1021,930,963,1087,1080,COLOR_SEC
20:42:54.988,1026,litter_colour,982,672,873,559,1092,786,COLOR_SEC
20:42:54.988,1026,litter_colour,842,453,799,430,886,476,COLOR_SEC
20:42:54.988,1026,litter_colour,1431,430,1400,401,1462,460,COLOR_SEC
20:42:54.988,1026,litter_colour,1114,408,982,362,1247,454,COLOR_SEC
20:42:54.988,1026,litter_colour,216,381,174,349,258,413,COLOR_SEC
20:42:54.988,1026,litter_colour,476,339,421,324,531,354,COLOR_SEC
20:42:55.029,1027,litter_colour,1007,1022,929,965,1086,1080,COLOR_SEC
20:42:55.029,1027,litter_colour,981,672,872,558,1090,786,COLOR_SEC
20:42:55.029,1027,litter_colour,1500,418,1472,402,1529,435,COLOR_SEC
20:42:55.029,1027,litter_colour,1430,429,1400,400,1461,459,COLOR_SEC
20:42:55.029,1027,litter_colour,1112,407,979,361,1246,454,COLOR_SEC
20:42:55.029,1027,litter_colour,214,380,172,348,257,412,COLOR_SEC
20:42:55.029,1027,litter_colour,478,338,423,324,533,353,COLOR_SEC
20:42:55.070,1028,litter_colour,1007,1023,928,967,1086,1080,COLOR_SEC
20:42:55.070,1028,litter_colour,944,820,919,802,969,839,COLOR_SEC
20:42:55.070,1028,litter_colour,980,675,872,558,1089,792,COLOR_SEC
20:42:55.070,1028,litter_colour,1500,418,1472,401,1529,435,COLOR_SEC
20:42:55.070,1028,litter_colour,1431,429,1400,399,1462,459,COLOR_SEC
20:42:55.070,1028,litter_colour,1114,401,979,348,1249,454,COLOR_SEC
20:42:55.070,1028,litter_colour,213,379,171,347,256,411,COLOR_SEC
20:42:55.070,1028,litter_colour,479,338,425,324,534,353,COLOR_SEC
20:42:55.110,1029,litter_colour,1007,1024,929,969,1086,1080,COLOR_SEC
20:42:55.110,1029,litter_colour,944,822,919,804,969,840,COLOR_SEC
20:42:55.110,1029,litter_colour,786,656,759,642,813,671,COLOR_SEC
20:42:55.110,1029,litter_colour,980,668,871,557,1089,780,COLOR_SEC
20:42:55.110,1029,litter_colour,851,449,816,425,886,474,COLOR_SEC
20:42:55.110,1029,litter_colour,1502,417,1474,401,1530,433,COLOR_SEC
20:42:55.110,1029,litter_colour,1431,428,1401,399,1462,458,COLOR_SEC
20:42:55.110,1029,litter_colour,1112,414,979,360,1246,469,COLOR_SEC
20:42:55.110,1029,litter_colour,212,378,169,346,255,410,COLOR_SEC
20:42:55.151,1030,litter_colour,1004,1025,923,971,1085,1080,COLOR_SEC
20:42:55.151,1030,litter_colour,943,817,918,793,969,841,COLOR_SEC
20:42:55.151,1030,litter_colour,1453,719,1437,696,1470,742,COLOR_SEC
20:42:55.151,1030,litter_colour,785,657,758,643,812,671,COLOR_SEC
20:42:55.151,1030,litter_colour,980,675,870,557,1091,793,COLOR_SEC
20:42:55.151,1030,litter_colour,1502,416,1474,400,1530,433,COLOR_SEC
20:42:55.151,1030,litter_colour,1432,428,1400,398,1464,458,COLOR_SEC
20:42:55.151,1030,litter_colour,1112,411,978,359,1247,464,COLOR_SEC
20:42:55.151,1030,litter_colour,211,377,168,345,254,410,COLOR_SEC
20:42:55.193,1031,litter_colour,1003,1026,922,973,1084,1080,COLOR_SEC
20:42:55.193,1031,litter_colour,942,818,917,794,967,842,COLOR_SEC
20:42:55.193,1031,litter_colour,1454,719,1438,696,1471,743,COLOR_SEC
20:42:55.193,1031,litter_colour,784,657,757,642,811,672,COLOR_SEC
20:42:55.193,1031,litter_colour,980,675,869,557,1091,794,COLOR_SEC
20:42:55.193,1031,litter_colour,1432,427,1401,397,1463,457,COLOR_SEC
20:42:55.193,1031,litter_colour,1113,405,979,358,1247,452,COLOR_SEC
20:42:55.193,1031,litter_colour,210,377,167,345,253,409,COLOR_SEC
20:42:55.233,1032,litter_colour,1001,1027,921,975,1082,1080,COLOR_SEC
20:42:55.233,1032,litter_colour,940,825,916,807,964,843,COLOR_SEC
20:42:55.233,1032,litter_colour,1455,719,1439,696,1472,743,COLOR_SEC
20:42:55.233,1032,litter_colour,783,657,756,642,810,672,COLOR_SEC
20:42:55.233,1032,litter_colour,979,676,868,557,1091,795,COLOR_SEC
20:42:55.233,1032,litter_colour,1433,427,1403,397,1464,457,COLOR_SEC
20:42:55.233,1032,litter_colour,1112,412,978,358,1247,467,COLOR_SEC
20:42:55.233,1032,litter_colour,209,376,166,344,252,409,COLOR_SEC
20:42:55.273,1033,litter_colour,1003,1028,924,976,1082,1080,COLOR_SEC
20:42:55.273,1033,litter_colour,938,826,915,808,962,844,COLOR_SEC
20:42:55.273,1033,litter_colour,1456,719,1440,696,1473,743,COLOR_SEC
20:42:55.273,1033,litter_colour,782,657,755,642,809,672,COLOR_SEC
20:42:55.273,1033,litter_colour,976,653,868,557,1085,749,COLOR_SEC
20:42:55.273,1033,litter_colour,1433,426,1403,396,1464,456,COLOR_SEC
20:42:55.273,1033,litter_colour,1113,403,980,357,1246,450,COLOR_SEC
20:42:55.273,1033,litter_colour,208,376,165,344,251,408,COLOR_SEC
20:42:55.313,1034,litter_colour,938,826,915,809,962,844,COLOR_SEC
20:42:55.313,1034,litter_colour,1466,716,1441,688,1491,744,COLOR_SEC
20:42:55.313,1034,litter_colour,781,657,754,642,808,672,COLOR_SEC
20:42:55.313,1034,litter_colour,978,677,866,557,1091,797,COLOR_SEC
20:42:55.313,1034,litter_colour,1434,425,1402,395,1466,455,COLOR_SEC
20:42:55.313,1034,litter_colour,1114,403,980,357,1249,450,COLOR_SEC
20:42:55.313,1034,litter_colour,207,375,164,343,250,408,COLOR_SEC
20:42:55.352,1035,litter_colour,1000,1030,922,981,1079,1080,COLOR_SEC
20:42:55.352,1035,litter_colour,938,828,914,810,962,847,COLOR_SEC
20:42:55.352,1035,litter_colour,780,657,753,643,807,672,COLOR_SEC
20:42:55.352,1035,litter_colour,978,653,866,556,1091,750,COLOR_SEC
20:42:55.352,1035,litter_colour,1434,425,1403,395,1466,455,COLOR_SEC
20:42:55.352,1035,litter_colour,1113,402,979,355,1247,449,COLOR_SEC
20:42:55.352,1035,litter_colour,206,375,163,343,249,407,COLOR_SEC
20:42:55.394,1036,litter_colour,937,829,913,811,961,848,COLOR_SEC
20:42:55.394,1036,litter_colour,779,658,752,643,807,673,COLOR_SEC
20:42:55.394,1036,litter_colour,977,677,865,556,1090,799,COLOR_SEC
20:42:55.394,1036,litter_colour,1435,424,1404,394,1467,455,COLOR_SEC
20:42:55.394,1036,litter_colour,1112,402,978,356,1247,449,COLOR_SEC
20:42:55.394,1036,litter_colour,205,374,162,342,248,407,COLOR_SEC
20:42:55.434,1037,litter_colour,934,830,911,812,958,848,COLOR_SEC
20:42:55.434,1037,litter_colour,778,658,751,643,806,673,COLOR_SEC
20:42:55.434,1037,litter_colour,974,653,864,556,1085,751,COLOR_SEC
20:42:55.434,1037,litter_colour,848,446,788,421,909,471,COLOR_SEC
20:42:55.434,1037,litter_colour,1435,424,1404,394,1467,454,COLOR_SEC
20:42:55.434,1037,litter_colour,505,368,467,357,543,380,COLOR_SEC
20:42:55.434,1037,litter_colour,1112,402,977,355,1247,449,COLOR_SEC
20:42:55.434,1037,litter_colour,204,374,161,342,248,406,COLOR_SEC
20:42:55.474,1038,litter_colour,934,831,910,813,959,850,COLOR_SEC
20:42:55.474,1038,litter_colour,777,658,749,643,805,673,COLOR_SEC
20:42:55.474,1038,litter_colour,976,654,863,556,1090,752,COLOR_SEC
20:42:55.474,1038,litter_colour,1436,423,1405,393,1468,454,COLOR_SEC
20:42:55.474,1038,litter_colour,505,368,466,357,544,379,COLOR_SEC
20:42:55.474,1038,litter_colour,1113,401,977,354,1249,448,COLOR_SEC
20:42:55.474,1038,litter_colour,204,377,161,349,247,406,COLOR_SEC
20:42:55.515,1039,litter_colour,934,832,910,814,958,851,COLOR_SEC
20:42:55.515,1039,litter_colour,776,658,749,643,804,673,COLOR_SEC
20:42:55.515,1039,litter_colour,973,654,862,556,1084,753,COLOR_SEC
20:42:55.515,1039,litter_colour,845,446,810,423,881,470,COLOR_SEC
20:42:55.515,1039,litter_colour,1438,423,1407,393,1470,453,COLOR_SEC
20:42:55.515,1039,litter_colour,508,367,471,356,546,379,COLOR_SEC
20:42:55.515,1039,litter_colour,1111,401,976,354,1247,448,COLOR_SEC
20:42:55.515,1039,litter_colour,202,373,159,341,246,405,COLOR_SEC
20:42:55.556,1040,litter_colour,933,834,908,816,958,853,COLOR_SEC
20:42:55.556,1040,litter_colour,775,659,747,644,803,674,COLOR_SEC
20:42:55.556,1040,litter_colour,972,655,861,555,1084,755,COLOR_SEC
20:42:55.556,1040,litter_colour,1114,400,981,354,1247,447,COLOR_SEC
20:42:55.556,1040,litter_colour,201,372,157,340,246,405,COLOR_SEC
20:42:55.595,1041,litter_colour,932,835,908,817,956,854,COLOR_SEC
20:42:55.595,1041,litter_colour,774,659,746,644,802,674,COLOR_SEC
20:42:55.595,1041,litter_colour,972,655,860,556,1084,754,COLOR_SEC
20:42:55.595,1041,litter_colour,512,366,475,355,549,377,COLOR_SEC
20:42:55.595,1041,litter_colour,200,372,156,339,245,405,COLOR_SEC
20:42:55.635,1042,litter_colour,931,837,907,818,955,857,COLOR_SEC
20:42:55.635,1042,litter_colour,773,660,745,645,801,675,COLOR_SEC
20:42:55.635,1042,litter_colour,971,656,859,555,1083,757,COLOR_SEC
20:42:55.635,1042,litter_colour,845,445,809,422,881,469,COLOR_SEC
20:42:55.635,1042,litter_colour,1114,403,976,342,1252,464,COLOR_SEC
20:42:55.675,1043,litter_colour,941,832,907,806,975,858,COLOR_SEC
20:42:55.675,1043,litter_colour,772,660,744,645,800,676,COLOR_SEC
20:42:55.675,1043,litter_colour,971,656,858,554,1084,758,COLOR_SEC
20:42:55.675,1043,litter_colour,514,365,477,354,552,376,COLOR_SEC
20:42:55.675,1043,litter_colour,1114,401,977,339,1252,463,COLOR_SEC
20:42:55.675,1043,litter_colour,508,334,460,324,557,344,COLOR_SEC
20:42:55.717,1044,litter_colour,770,660,742,645,799,676,COLOR_SEC
20:42:55.717,1044,litter_colour,969,657,856,555,1083,759,COLOR_SEC
20:42:55.717,1044,litter_colour,841,443,804,419,879,468,COLOR_SEC
20:42:55.717,1044,litter_colour,497,364,440,353,554,376,COLOR_SEC
20:42:55.717,1044,litter_colour,510,333,462,324,558,343,COLOR_SEC
20:42:55.757,1045,litter_colour,770,661,742,646,798,677,COLOR_SEC
20:42:55.757,1045,litter_colour,970,658,856,555,1084,761,COLOR_SEC
20:42:55.757,1045,litter_colour,1116,403,978,351,1254,456,COLOR_SEC
20:42:55.757,1045,litter_colour,512,333,464,324,560,343,COLOR_SEC
20:42:55.797,1046,litter_colour,948,917,915,897,981,938,COLOR_SEC
20:42:55.797,1046,litter_colour,768,662,740,647,797,678,COLOR_SEC
20:42:55.797,1046,litter_colour,969,658,855,555,1083,762,COLOR_SEC
20:42:55.797,1046,litter_colour,1618,429,1570,408,1666,450,COLOR_SEC
20:42:55.797,1046,litter_colour,513,333,466,324,561,343,COLOR_SEC
20:42:55.836,1047,litter_colour,767,662,739,647,796,678,COLOR_SEC
20:42:55.836,1047,litter_colour,968,658,854,554,1083,763,COLOR_SEC
20:42:55.836,1047,litter_colour,843,443,807,418,879,468,COLOR_SEC
20:42:55.836,1047,litter_colour,1618,428,1571,408,1666,449,COLOR_SEC
20:42:55.836,1047,litter_colour,516,333,469,324,563,342,COLOR_SEC
20:42:55.877,1048,litter_colour,766,663,738,648,795,679,COLOR_SEC
20:42:55.877,1048,litter_colour,969,660,854,556,1084,765,COLOR_SEC
20:42:55.877,1048,litter_colour,1621,429,1574,409,1668,449,COLOR_SEC
20:42:55.877,1048,litter_colour,1516,406,1484,386,1549,427,COLOR_SEC
20:42:55.877,1048,litter_colour,1112,400,975,337,1250,463,COLOR_SEC
20:42:55.877,1048,litter_colour,517,333,470,324,564,342,COLOR_SEC
20:42:55.917,1049,litter_colour,765,664,737,649,794,680,COLOR_SEC
20:42:55.917,1049,litter_colour,968,660,852,557,1084,764,COLOR_SEC
20:42:55.917,1049,litter_colour,1518,406,1487,386,1550,427,COLOR_SEC
20:42:55.917,1049,litter_colour,1114,400,978,337,1250,463,COLOR_SEC
20:42:55.917,1049,litter_colour,519,333,473,324,565,342,COLOR_SEC
20:42:55.958,1050,litter_colour,765,665,736,650,794,681,COLOR_SEC
20:42:55.958,1050,litter_colour,968,661,852,557,1084,766,COLOR_SEC
20:42:55.958,1050,litter_colour,1519,407,1487,386,1552,428,COLOR_SEC
20:42:55.999,1051,litter_colour,764,666,735,651,793,682,COLOR_SEC
20:42:55.999,1051,litter_colour,967,662,851,557,1084,768,COLOR_SEC
20:42:55.999,1051,litter_colour,1116,400,978,337,1255,464,COLOR_SEC
20:42:56.039,1052,litter_colour,763,668,734,652,792,684,COLOR_SEC
20:42:56.039,1052,litter_colour,967,663,850,557,1084,770,COLOR_SEC
20:42:56.039,1052,litter_colour,512,361,458,351,567,372,COLOR_SEC
20:42:56.039,1052,litter_colour,1116,400,978,337,1255,464,COLOR_SEC
20:42:56.080,1053,litter_colour,762,669,733,653,792,685,COLOR_SEC
20:42:56.080,1053,litter_colour,967,664,850,558,1084,771,COLOR_SEC
20:42:56.080,1053,litter_colour,840,442,803,417,878,468,COLOR_SEC
20:42:56.080,1053,litter_colour,515,361,460,350,570,372,COLOR_SEC
20:42:56.080,1053,litter_colour,1116,400,977,336,1255,464,COLOR_SEC
20:42:56.121,1054,litter_colour,1015,785,990,764,1041,807,COLOR_SEC
20:42:56.121,1054,litter_colour,761,669,732,654,791,685,COLOR_SEC
20:42:56.121,1054,litter_colour,966,665,849,558,1084,773,COLOR_SEC
20:42:56.121,1054,litter_colour,1456,423,1429,391,1483,455,COLOR_SEC
20:42:56.121,1054,litter_colour,515,361,461,350,570,372,COLOR_SEC
20:42:56.121,1054,litter_colour,1114,400,971,336,1257,464,COLOR_SEC
20:42:56.163,1055,litter_colour,1016,788,988,766,1044,811,COLOR_SEC
20:42:56.163,1055,litter_colour,761,670,731,654,791,687,COLOR_SEC
20:42:56.163,1055,litter_colour,966,666,848,558,1084,774,COLOR_SEC
20:42:56.163,1055,litter_colour,1456,422,1429,391,1483,454,COLOR_SEC
20:42:56.163,1055,litter_colour,1114,400,971,336,1257,464,COLOR_SEC
20:42:56.202,1056,litter_colour,1016,790,988,767,1044,813,COLOR_SEC
20:42:56.202,1056,litter_colour,760,671,730,655,790,688,COLOR_SEC
20:42:56.202,1056,litter_colour,966,667,848,559,1084,776,COLOR_SEC
20:42:56.202,1056,litter_colour,1457,423,1430,391,1484,455,COLOR_SEC
20:42:56.202,1056,litter_colour,190,369,144,336,236,402,COLOR_SEC
20:42:56.242,1057,litter_colour,1014,790,987,767,1041,814,COLOR_SEC
20:42:56.242,1057,litter_colour,965,668,847,559,1084,777,COLOR_SEC
20:42:56.242,1057,litter_colour,1457,422,1431,391,1484,454,COLOR_SEC
20:42:56.242,1057,litter_colour,188,366,142,331,235,402,COLOR_SEC
20:42:56.284,1058,litter_colour,924,864,893,835,956,894,COLOR_SEC
20:42:56.284,1058,litter_colour,1014,792,987,768,1041,816,COLOR_SEC
20:42:56.284,1058,litter_colour,1788,436,1718,407,1859,465,COLOR_SEC
20:42:56.284,1058,litter_colour,1458,422,1431,390,1486,455,COLOR_SEC
20:42:56.284,1058,litter_colour,189,369,143,336,235,402,COLOR_SEC
20:42:56.325,1059,litter_colour,923,866,892,836,955,896,COLOR_SEC
20:42:56.325,1059,litter_colour,1014,792,988,770,1041,815,COLOR_SEC
20:42:56.325,1059,litter_colour,964,669,845,559,1084,780,COLOR_SEC
20:42:56.325,1059,litter_colour,1791,436,1720,407,1862,465,COLOR_SEC
20:42:56.325,1059,litter_colour,1459,422,1432,390,1486,455,COLOR_SEC
20:42:56.325,1059,litter_colour,188,368,142,336,234,401,COLOR_SEC
20:42:56.367,1060,litter_colour,929,868,892,838,967,898,COLOR_SEC
20:42:56.367,1060,litter_colour,1014,794,988,771,1040,817,COLOR_SEC
20:42:56.367,1060,litter_colour,964,670,844,559,1085,781,COLOR_SEC
20:42:56.367,1060,litter_colour,1793,436,1722,407,1864,465,COLOR_SEC
20:42:56.367,1060,litter_colour,1460,422,1433,389,1488,455,COLOR_SEC
20:42:56.367,1060,litter_colour,187,368,141,335,234,401,COLOR_SEC
20:42:56.407,1061,litter_colour,929,870,891,840,967,900,COLOR_SEC
20:42:56.407,1061,litter_colour,1013,796,987,772,1040,820,COLOR_SEC
20:42:56.407,1061,litter_colour,964,668,844,560,1084,776,COLOR_SEC
20:42:56.407,1061,litter_colour,1639,430,1590,408,1688,452,COLOR_SEC
20:42:56.407,1061,litter_colour,1795,436,1724,407,1866,466,COLOR_SEC
20:42:56.407,1061,litter_colour,1460,422,1433,389,1488,455,COLOR_SEC
20:42:56.407,1061,litter_colour,185,362,137,324,233,401,COLOR_SEC
20:42:56.448,1062,litter_colour,928,872,890,841,966,903,COLOR_SEC
20:42:56.449,1062,litter_colour,841,441,780,416,902,467,COLOR_SEC
20:42:56.449,1062,litter_colour,1781,436,1693,406,1870,466,COLOR_SEC
20:42:56.449,1062,litter_colour,1462,422,1434,389,1490,455,COLOR_SEC
20:42:56.449,1062,litter_colour,859,398,815,377,904,419,COLOR_SEC
20:42:56.449,1062,litter_colour,184,362,136,324,232,400,COLOR_SEC
20:42:56.491,1063,litter_colour,929,874,890,843,969,905,COLOR_SEC
20:42:56.491,1063,litter_colour,841,441,779,415,904,467,COLOR_SEC
20:42:56.491,1063,litter_colour,1782,436,1693,406,1872,466,COLOR_SEC
20:42:56.491,1063,litter_colour,1462,422,1434,390,1490,455,COLOR_SEC
20:42:56.491,1063,litter_colour,859,398,815,377,904,419,COLOR_SEC
20:42:56.491,1063,litter_colour,185,367,139,334,232,400,COLOR_SEC
20:42:56.529,1064,litter_colour,928,875,888,844,968,907,COLOR_SEC
20:42:56.529,1064,litter_colour,1784,436,1694,406,1874,466,COLOR_SEC
20:42:56.529,1064,litter_colour,1463,422,1435,390,1492,455,COLOR_SEC
20:42:56.530,1064,litter_colour,858,397,814,376,903,418,COLOR_SEC
20:42:56.530,1064,litter_colour,184,367,138,334,231,400,COLOR_SEC
20:42:56.570,1065,litter_colour,925,878,888,846,962,910,COLOR_SEC
20:42:56.570,1065,litter_colour,1047,751,1002,730,1092,772,COLOR_SEC
20:42:56.570,1065,litter_colour,963,673,841,560,1085,786,COLOR_SEC
20:42:56.570,1065,litter_colour,1464,422,1436,389,1492,455,COLOR_SEC
20:42:56.570,1065,litter_colour,1532,408,1498,387,1567,429,COLOR_SEC
20:42:56.570,1065,litter_colour,183,367,137,334,230,400,COLOR_SEC
20:42:56.611,1066,litter_colour,927,879,887,847,968,912,COLOR_SEC
20:42:56.611,1066,litter_colour,1499,757,1480,731,1518,783,COLOR_SEC
20:42:56.611,1066,litter_colour,1047,752,1002,731,1093,773,COLOR_SEC
20:42:56.611,1066,litter_colour,1465,422,1436,389,1494,455,COLOR_SEC
20:42:56.611,1066,litter_colour,1533,408,1498,386,1569,430,COLOR_SEC
20:42:56.611,1066,litter_colour,181,363,134,327,229,399,COLOR_SEC
20:42:56.651,1067,litter_colour,1500,758,1481,732,1519,785,COLOR_SEC
20:42:56.651,1067,litter_colour,1047,753,1002,732,1093,774,COLOR_SEC
20:42:56.651,1067,litter_colour,1465,422,1436,389,1494,455,COLOR_SEC
20:42:56.651,1067,litter_colour,1534,408,1500,386,1569,430,COLOR_SEC
20:42:56.651,1067,litter_colour,181,365,135,332,228,399,COLOR_SEC
20:42:56.690,1068,litter_colour,1047,754,1002,733,1092,775,COLOR_SEC
20:42:56.690,1068,litter_colour,1465,421,1437,388,1494,455,COLOR_SEC
20:42:56.690,1068,litter_colour,1535,408,1499,386,1571,430,COLOR_SEC
20:42:56.690,1068,litter_colour,181,365,134,332,228,399,COLOR_SEC
20:42:56.730,1069,litter_colour,1466,422,1437,389,1496,455,COLOR_SEC
20:42:56.730,1069,litter_colour,1535,408,1500,386,1571,430,COLOR_SEC
20:42:56.730,1069,litter_colour,179,361,131,324,227,398,COLOR_SEC
20:42:56.771,1070,litter_colour,1047,756,1002,734,1092,778,COLOR_SEC
20:42:56.771,1070,litter_colour,1467,421,1437,388,1498,455,COLOR_SEC
20:42:56.771,1070,litter_colour,1536,408,1500,386,1572,430,COLOR_SEC
20:42:56.771,1070,litter_colour,1115,390,969,333,1261,448,COLOR_SEC
20:42:56.771,1070,litter_colour,178,361,130,325,227,398,COLOR_SEC
20:42:56.811,1071,litter_colour,1464,422,1430,389,1498,455,COLOR_SEC
20:42:56.811,1071,litter_colour,1537,408,1501,386,1573,430,COLOR_SEC
20:42:56.811,1071,litter_colour,1114,389,968,331,1261,448,COLOR_SEC
20:42:56.811,1071,litter_colour,177,361,129,324,226,398,COLOR_SEC
20:42:56.850,1072,litter_colour,1464,421,1429,388,1499,455,COLOR_SEC
20:42:56.850,1072,litter_colour,1539,408,1503,386,1575,430,COLOR_SEC
20:42:56.850,1072,litter_colour,1115,390,969,332,1261,448,COLOR_SEC
20:42:56.850,1072,litter_colour,177,362,129,326,226,398,COLOR_SEC
20:42:56.889,1073,litter_colour,1464,421,1429,388,1499,455,COLOR_SEC
20:42:56.889,1073,litter_colour,1539,408,1504,387,1575,430,COLOR_SEC
20:42:56.889,1073,litter_colour,1115,389,969,330,1261,448,COLOR_SEC
20:42:56.889,1073,litter_colour,175,361,127,324,224,398,COLOR_SEC
20:42:56.929,1074,litter_colour,1466,421,1430,388,1502,455,COLOR_SEC
20:42:56.929,1074,litter_colour,1540,405,1504,384,1576,426,COLOR_SEC
20:42:56.929,1074,litter_colour,1115,389,968,332,1263,447,COLOR_SEC
20:42:56.929,1074,litter_colour,175,361,127,325,224,397,COLOR_SEC
20:42:56.971,1075,litter_colour,1467,421,1431,388,1503,455,COLOR_SEC
20:42:56.971,1075,litter_colour,1541,404,1505,384,1577,424,COLOR_SEC
20:42:56.971,1075,litter_colour,1114,389,967,331,1262,447,COLOR_SEC
20:42:56.971,1075,litter_colour,174,360,126,324,223,397,COLOR_SEC
20:42:57.011,1076,litter_colour,1467,421,1432,388,1502,455,COLOR_SEC
20:42:57.012,1076,litter_colour,1542,404,1506,384,1579,424,COLOR_SEC
20:42:57.012,1076,litter_colour,1115,389,967,331,1263,447,COLOR_SEC
20:42:57.012,1076,litter_colour,174,360,125,324,224,396,COLOR_SEC
20:42:57.051,1077,litter_colour,1467,421,1432,387,1503,455,COLOR_SEC
20:42:57.051,1077,litter_colour,1116,388,968,331,1264,446,COLOR_SEC
20:42:57.051,1077,litter_colour,172,360,124,324,221,396,COLOR_SEC
20:42:57.092,1078,litter_colour,1469,420,1434,386,1505,455,COLOR_SEC
20:42:57.092,1078,litter_colour,1545,403,1508,383,1582,424,COLOR_SEC
20:42:57.092,1078,litter_colour,1115,389,967,330,1264,448,COLOR_SEC
20:42:57.133,1079,litter_colour,1470,420,1434,386,1507,455,COLOR_SEC
20:42:57.133,1079,litter_colour,1546,403,1509,383,1583,423,COLOR_SEC
20:42:57.133,1079,litter_colour,1115,386,967,327,1264,446,COLOR_SEC
20:42:57.175,1080,litter_colour,1635,872,1549,795,1722,950,COLOR_SEC
20:42:57.175,1080,litter_colour,1471,420,1435,385,1507,455,COLOR_SEC
20:42:57.175,1080,litter_colour,1547,402,1510,382,1585,422,COLOR_SEC
20:42:57.175,1080,litter_colour,1115,387,966,329,1265,446,COLOR_SEC
20:42:57.215,1081,litter_colour,1638,875,1551,797,1726,953,COLOR_SEC
20:42:57.215,1081,litter_colour,1471,419,1436,385,1507,453,COLOR_SEC
20:42:57.215,1081,litter_colour,1549,402,1512,382,1586,422,COLOR_SEC
20:42:57.215,1081,litter_colour,1115,387,967,329,1264,445,COLOR_SEC
20:42:57.256,1082,litter_colour,742,686,710,668,775,704,COLOR_SEC
20:42:57.256,1082,litter_colour,1473,418,1437,384,1509,453,COLOR_SEC
20:42:57.256,1082,litter_colour,1550,401,1512,381,1588,422,COLOR_SEC
20:42:57.256,1082,litter_colour,1114,386,966,328,1263,445,COLOR_SEC
20:42:57.298,1083,litter_colour,742,687,710,669,775,705,COLOR_SEC
20:42:57.298,1083,litter_colour,1474,418,1438,384,1511,453,COLOR_SEC
20:42:57.298,1083,litter_colour,1114,385,965,326,1264,445,COLOR_SEC
20:42:57.338,1084,litter_colour,742,687,709,669,775,706,COLOR_SEC
20:42:57.338,1084,litter_colour,1475,418,1438,384,1512,453,COLOR_SEC
20:42:57.338,1084,litter_colour,1552,401,1515,381,1590,422,COLOR_SEC
20:42:57.338,1084,litter_colour,1114,385,965,326,1263,445,COLOR_SEC
20:42:57.378,1085,litter_colour,741,688,708,670,774,706,COLOR_SEC
20:42:57.379,1085,litter_colour,1476,418,1439,384,1513,453,COLOR_SEC
20:42:57.379,1085,litter_colour,1114,385,965,325,1263,445,COLOR_SEC
20:42:57.420,1086,litter_colour,741,689,708,671,774,707,COLOR_SEC
20:42:57.420,1086,litter_colour,1474,418,1436,384,1513,453,COLOR_SEC
20:42:57.420,1086,litter_colour,1556,401,1516,380,1596,422,COLOR_SEC
20:42:57.420,1086,litter_colour,1115,386,965,327,1266,445,COLOR_SEC
20:42:57.461,1087,litter_colour,741,690,708,672,774,708,COLOR_SEC
20:42:57.461,1087,litter_colour,1476,418,1436,384,1516,453,COLOR_SEC
20:42:57.461,1087,litter_colour,1558,401,1518,380,1598,422,COLOR_SEC
20:42:57.461,1087,litter_colour,1115,385,965,326,1265,445,COLOR_SEC
20:42:57.503,1088,litter_colour,740,691,707,673,773,709,COLOR_SEC
20:42:57.503,1088,litter_colour,1477,418,1436,384,1518,453,COLOR_SEC
20:42:57.503,1088,litter_colour,1559,401,1518,380,1600,422,COLOR_SEC
20:42:57.503,1088,litter_colour,834,415,770,369,899,462,COLOR_SEC
20:42:57.503,1088,litter_colour,1115,385,965,325,1265,445,COLOR_SEC
20:42:57.542,1089,litter_colour,739,692,706,674,773,710,COLOR_SEC
20:42:57.542,1089,litter_colour,1478,418,1438,384,1518,453,COLOR_SEC
20:42:57.542,1089,litter_colour,831,415,770,369,892,462,COLOR_SEC
20:42:57.542,1089,litter_colour,1115,385,965,326,1266,445,COLOR_SEC
20:42:57.581,1090,litter_colour,739,693,706,675,772,711,COLOR_SEC
20:42:57.581,1090,litter_colour,1478,418,1438,384,1519,453,COLOR_SEC
20:42:57.581,1090,litter_colour,831,415,770,368,892,462,COLOR_SEC
20:42:57.581,1090,litter_colour,1116,385,965,324,1267,446,COLOR_SEC
20:42:57.622,1091,litter_colour,738,693,705,675,772,712,COLOR_SEC
20:42:57.622,1091,litter_colour,1479,418,1438,384,1520,453,COLOR_SEC
20:42:57.622,1091,litter_colour,831,415,769,368,893,462,COLOR_SEC
20:42:57.622,1091,litter_colour,1115,385,964,324,1267,446,COLOR_SEC
20:42:57.661,1092,litter_colour,738,694,705,676,772,713,COLOR_SEC
20:42:57.661,1092,litter_colour,830,414,768,367,893,462,COLOR_SEC
20:42:57.661,1092,litter_colour,1115,385,963,324,1267,446,COLOR_SEC
20:42:57.661,1092,litter_colour,161,358,111,324,211,392,COLOR_SEC
20:42:57.700,1093,litter_colour,737,696,704,677,771,715,COLOR_SEC
20:42:57.700,1093,litter_colour,825,430,768,399,883,462,COLOR_SEC
20:42:57.700,1093,litter_colour,1706,423,1632,395,1780,452,COLOR_SEC
20:42:57.700,1093,litter_colour,1115,384,964,324,1267,445,COLOR_SEC
20:42:57.700,1093,litter_colour,160,357,110,324,210,391,COLOR_SEC
20:42:57.742,1094,litter_colour,1552,790,1532,760,1573,820,COLOR_SEC
20:42:57.742,1094,litter_colour,737,696,704,678,771,715,COLOR_SEC
20:42:57.742,1094,litter_colour,818,430,768,399,869,462,COLOR_SEC
20:42:57.742,1094,litter_colour,1858,433,1797,397,1920,470,COLOR_SEC
20:42:57.742,1094,litter_colour,1707,423,1632,395,1783,452,COLOR_SEC
20:42:57.742,1094,litter_colour,1115,385,964,324,1267,447,COLOR_SEC
20:42:57.742,1094,litter_colour,160,357,110,324,210,391,COLOR_SEC
20:42:57.784,1095,litter_colour,1555,792,1534,762,1576,822,COLOR_SEC
20:42:57.784,1095,litter_colour,737,698,703,679,771,717,COLOR_SEC
20:42:57.785,1095,litter_colour,818,431,768,399,869,463,COLOR_SEC
20:42:57.785,1095,litter_colour,1860,433,1801,397,1920,470,COLOR_SEC
20:42:57.785,1095,litter_colour,1709,424,1634,395,1785,453,COLOR_SEC
20:42:57.785,1095,litter_colour,1115,385,964,324,1267,446,COLOR_SEC
20:42:57.825,1096,litter_colour,1557,796,1537,768,1578,824,COLOR_SEC
20:42:57.825,1096,litter_colour,737,699,703,680,771,718,COLOR_SEC
20:42:57.825,1096,litter_colour,818,431,768,399,869,463,COLOR_SEC
20:42:57.825,1096,litter_colour,1862,431,1805,397,1920,466,COLOR_SEC
20:42:57.825,1096,litter_colour,1712,424,1636,395,1788,453,COLOR_SEC
20:42:57.825,1096,litter_colour,1116,385,964,324,1269,446,COLOR_SEC
20:42:57.865,1097,litter_colour,736,700,702,681,770,719,COLOR_SEC
20:42:57.865,1097,litter_colour,818,431,768,400,868,463,COLOR_SEC
20:42:57.865,1097,litter_colour,1864,431,1809,397,1920,465,COLOR_SEC
20:42:57.865,1097,litter_colour,1714,424,1639,395,1790,454,COLOR_SEC
20:42:57.865,1097,litter_colour,1116,385,964,324,1269,447,COLOR_SEC
20:42:57.908,1098,litter_colour,736,701,702,682,770,720,COLOR_SEC
20:42:57.908,1098,litter_colour,1865,431,1811,397,1920,466,COLOR_SEC
20:42:57.908,1098,litter_colour,1715,424,1640,395,1791,454,COLOR_SEC
20:42:57.908,1098,litter_colour,829,414,768,366,891,463,COLOR_SEC
20:42:57.908,1098,litter_colour,1116,386,964,324,1269,448,COLOR_SEC
20:42:57.949,1099,litter_colour,1133,752,1103,730,1164,775,COLOR_SEC
20:42:57.949,1099,litter_colour,736,702,702,683,770,721,COLOR_SEC
20:42:57.949,1099,litter_colour,1866,432,1813,397,1920,467,COLOR_SEC
20:42:57.949,1099,litter_colour,1718,424,1642,395,1795,454,COLOR_SEC
20:42:57.949,1099,litter_colour,830,415,768,367,892,463,COLOR_SEC
20:42:57.949,1099,litter_colour,1116,385,964,324,1269,447,COLOR_SEC
20:42:57.990,1100,litter_colour,1136,753,1107,731,1165,776,COLOR_SEC
20:42:57.990,1100,litter_colour,736,703,702,684,770,722,COLOR_SEC
20:42:57.990,1100,litter_colour,1867,432,1815,398,1920,467,COLOR_SEC
20:42:57.990,1100,litter_colour,818,429,768,395,868,463,COLOR_SEC
20:42:57.990,1100,litter_colour,1117,386,964,324,1271,448,COLOR_SEC
20:42:58.029,1101,litter_colour,1137,755,1108,733,1166,778,COLOR_SEC
20:42:58.029,1101,litter_colour,735,704,701,685,770,723,COLOR_SEC
20:42:58.029,1101,litter_colour,1869,432,1819,397,1920,467,COLOR_SEC
20:42:58.029,1101,litter_colour,818,428,768,394,868,463,COLOR_SEC
20:42:58.029,1101,litter_colour,1117,386,964,324,1271,448,COLOR_SEC
20:42:58.068,1102,litter_colour,1138,756,1109,733,1167,780,COLOR_SEC
20:42:58.068,1102,litter_colour,735,704,701,685,770,724,COLOR_SEC
20:42:58.068,1102,litter_colour,1870,436,1820,407,1920,466,COLOR_SEC
20:42:58.068,1102,litter_colour,818,425,768,387,868,463,COLOR_SEC
20:42:58.068,1102,litter_colour,1118,385,964,324,1273,447,COLOR_SEC
20:42:58.108,1103,litter_colour,1137,757,1106,734,1168,781,COLOR_SEC
20:42:58.108,1103,litter_colour,735,705,701,686,770,725,COLOR_SEC
20:42:58.108,1103,litter_colour,1872,437,1824,407,1920,468,COLOR_SEC
20:42:58.108,1103,litter_colour,818,425,768,387,868,463,COLOR_SEC
20:42:58.108,1103,litter_colour,1118,386,964,324,1273,448,COLOR_SEC
20:42:58.148,1104,litter_colour,1137,759,1105,736,1170,783,COLOR_SEC
20:42:58.148,1104,litter_colour,735,706,701,687,770,726,COLOR_SEC
20:42:58.148,1104,litter_colour,1873,432,1826,408,1920,456,COLOR_SEC
20:42:58.148,1104,litter_colour,817,425,767,387,868,463,COLOR_SEC
20:42:58.148,1104,litter_colour,1119,394,964,324,1275,464,COLOR_SEC
20:42:58.188,1105,litter_colour,735,708,700,688,770,728,COLOR_SEC
20:42:58.188,1105,litter_colour,1874,433,1829,409,1920,457,COLOR_SEC
20:42:58.188,1105,litter_colour,817,425,767,387,868,463,COLOR_SEC
20:42:58.188,1105,litter_colour,1119,386,964,324,1275,448,COLOR_SEC
20:42:58.229,1106,litter_colour,735,709,700,690,770,729,COLOR_SEC
20:42:58.229,1106,litter_colour,1876,433,1833,411,1920,456,COLOR_SEC
20:42:58.229,1106,litter_colour,817,425,766,388,868,463,COLOR_SEC
20:42:58.229,1106,litter_colour,1500,421,1456,384,1544,459,COLOR_SEC
20:42:58.229,1106,litter_colour,1119,386,964,324,1275,449,COLOR_SEC
20:42:58.267,1107,litter_colour,735,710,700,691,770,730,COLOR_SEC
20:42:58.267,1107,litter_colour,1877,432,1835,406,1920,458,COLOR_SEC
20:42:58.267,1107,litter_colour,817,429,767,395,868,463,COLOR_SEC
20:42:58.268,1107,litter_colour,1500,422,1456,385,1544,459,COLOR_SEC
20:42:58.268,1107,litter_colour,1119,386,964,324,1275,449,COLOR_SEC
20:42:58.309,1108,litter_colour,735,712,700,692,770,732,COLOR_SEC
20:42:58.309,1108,litter_colour,1878,433,1837,406,1920,460,COLOR_SEC
20:42:58.309,1108,litter_colour,817,431,766,399,868,464,COLOR_SEC
20:42:58.309,1108,litter_colour,1504,422,1462,385,1546,459,COLOR_SEC
20:42:58.309,1108,litter_colour,1587,405,1542,384,1632,427,COLOR_SEC
20:42:58.348,1109,litter_colour,734,713,699,693,770,733,COLOR_SEC
20:42:58.348,1109,litter_colour,1879,435,1839,412,1920,459,COLOR_SEC
20:42:58.348,1109,litter_colour,817,429,766,395,868,464,COLOR_SEC
20:42:58.348,1109,litter_colour,1504,423,1463,387,1545,459,COLOR_SEC
20:42:58.348,1109,litter_colour,1590,406,1544,384,1636,428,COLOR_SEC
20:42:58.348,1109,litter_colour,504,348,478,335,531,361,COLOR_SEC
20:42:58.348,1109,litter_colour,151,357,101,324,202,391,COLOR_SEC
20:42:58.389,1110,litter_colour,734,714,699,694,769,734,COLOR_SEC
20:42:58.389,1110,litter_colour,1879,436,1838,412,1920,461,COLOR_SEC
20:42:58.389,1110,litter_colour,1503,423,1460,386,1547,461,COLOR_SEC
20:42:58.389,1110,litter_colour,1589,406,1544,384,1635,428,COLOR_SEC
20:42:58.389,1110,litter_colour,829,416,766,368,893,464,COLOR_SEC
20:42:58.389,1110,litter_colour,504,347,477,335,531,360,COLOR_SEC
20:42:58.389,1110,litter_colour,151,357,100,324,202,391,COLOR_SEC
20:42:58.431,1111,litter_colour,734,715,699,695,769,735,COLOR_SEC
20:42:58.431,1111,litter_colour,1505,423,1462,386,1548,461,COLOR_SEC
20:42:58.431,1111,litter_colour,1593,406,1546,384,1640,429,COLOR_SEC
20:42:58.431,1111,litter_colour,829,415,766,367,893,464,COLOR_SEC
20:42:58.431,1111,litter_colour,503,347,477,335,530,360,COLOR_SEC
20:42:58.431,1111,litter_colour,150,357,99,324,201,390,COLOR_SEC
20:42:58.471,1112,litter_colour,733,716,698,696,769,736,COLOR_SEC
20:42:58.471,1112,litter_colour,1505,423,1462,386,1549,461,COLOR_SEC
20:42:58.471,1112,litter_colour,1594,406,1546,384,1642,429,COLOR_SEC
20:42:58.471,1112,litter_colour,829,415,766,367,893,464,COLOR_SEC
20:42:58.471,1112,litter_colour,503,347,477,334,530,360,COLOR_SEC
20:42:58.471,1112,litter_colour,149,357,99,324,200,390,COLOR_SEC
20:42:58.511,1113,litter_colour,733,717,698,697,769,737,COLOR_SEC
20:42:58.511,1113,litter_colour,817,436,766,409,868,464,COLOR_SEC
20:42:58.511,1113,litter_colour,1507,423,1464,386,1550,461,COLOR_SEC
20:42:58.511,1113,litter_colour,1595,406,1548,384,1642,429,COLOR_SEC
20:42:58.511,1113,litter_colour,504,347,477,334,531,360,COLOR_SEC
20:42:58.511,1113,litter_colour,148,357,98,324,199,390,COLOR_SEC
20:42:58.551,1114,litter_colour,733,717,698,697,768,738,COLOR_SEC
20:42:58.551,1114,litter_colour,1749,430,1667,398,1831,462,COLOR_SEC
20:42:58.551,1114,litter_colour,816,426,766,388,867,464,COLOR_SEC
20:42:58.551,1114,litter_colour,1509,423,1467,386,1551,461,COLOR_SEC
20:42:58.551,1114,litter_colour,1596,406,1548,384,1644,429,COLOR_SEC
20:42:58.551,1114,litter_colour,503,346,477,334,530,359,COLOR_SEC
20:42:58.551,1114,litter_colour,147,357,97,324,198,390,COLOR_SEC
20:42:58.593,1115,litter_colour,732,718,697,698,768,739,COLOR_SEC
20:42:58.593,1115,litter_colour,1751,430,1669,398,1833,462,COLOR_SEC
20:42:58.593,1115,litter_colour,816,426,766,388,867,464,COLOR_SEC
20:42:58.593,1115,litter_colour,1510,423,1467,386,1553,461,COLOR_SEC
20:42:58.593,1115,litter_colour,1597,406,1550,384,1645,429,COLOR_SEC
20:42:58.593,1115,litter_colour,502,346,476,333,529,359,COLOR_SEC
20:42:58.593,1115,litter_colour,147,357,97,324,198,390,COLOR_SEC
20:42:58.633,1116,litter_colour,732,719,696,699,768,740,COLOR_SEC
20:42:58.633,1116,litter_colour,1753,430,1671,398,1835,462,COLOR_SEC
20:42:58.633,1116,litter_colour,1509,423,1466,386,1553,461,COLOR_SEC
20:42:58.633,1116,litter_colour,1598,406,1551,384,1646,428,COLOR_SEC
20:42:58.633,1116,litter_colour,829,415,765,366,893,464,COLOR_SEC
20:42:58.633,1116,litter_colour,503,346,476,333,530,359,COLOR_SEC
20:42:58.633,1116,litter_colour,146,356,96,324,197,389,COLOR_SEC
20:42:58.674,1117,litter_colour,732,719,696,699,768,740,COLOR_SEC
20:42:58.674,1117,litter_colour,1755,430,1673,398,1837,462,COLOR_SEC
20:42:58.674,1117,litter_colour,816,427,765,392,867,463,COLOR_SEC
20:42:58.674,1117,litter_colour,1512,423,1470,386,1555,461,COLOR_SEC
20:42:58.674,1117,litter_colour,1599,406,1553,384,1646,429,COLOR_SEC
20:42:58.674,1117,litter_colour,503,346,476,333,530,359,COLOR_SEC
20:42:58.674,1117,litter_colour,146,356,96,324,197,389,COLOR_SEC
20:42:58.714,1118,litter_colour,1756,430,1674,398,1839,462,COLOR_SEC
20:42:58.715,1118,litter_colour,816,427,765,392,867,463,COLOR_SEC
20:42:58.715,1118,litter_colour,1512,423,1468,386,1557,461,COLOR_SEC
20:42:58.715,1118,litter_colour,503,345,476,333,530,358,COLOR_SEC
20:42:58.715,1118,litter_colour,145,356,95,324,196,389,COLOR_SEC
20:42:58.754,1119,litter_colour,1154,778,1126,753,1183,804,COLOR_SEC
20:42:58.754,1119,litter_colour,1758,430,1676,398,1841,463,COLOR_SEC
20:42:58.754,1119,litter_colour,1514,423,1470,386,1559,461,COLOR_SEC
20:42:58.754,1119,litter_colour,816,425,765,386,867,464,COLOR_SEC
20:42:58.754,1119,litter_colour,1584,406,1557,384,1612,429,COLOR_SEC
20:42:58.754,1119,litter_colour,502,345,475,333,529,358,COLOR_SEC
20:42:58.754,1119,litter_colour,145,356,95,324,196,389,COLOR_SEC
20:42:58.795,1120,litter_colour,1153,782,1123,759,1184,805,COLOR_SEC
20:42:58.795,1120,litter_colour,1757,430,1669,398,1845,463,COLOR_SEC
20:42:58.795,1120,litter_colour,816,428,765,392,867,464,COLOR_SEC
20:42:58.795,1120,litter_colour,1517,423,1472,386,1562,461,COLOR_SEC
20:42:58.795,1120,litter_colour,502,345,476,333,529,358,COLOR_SEC
20:42:58.795,1120,litter_colour,145,356,95,324,196,389,COLOR_SEC
20:42:58.834,1121,litter_colour,1159,781,1134,760,1185,803,COLOR_SEC
20:42:58.834,1121,litter_colour,1756,431,1666,398,1847,464,COLOR_SEC
20:42:58.834,1121,litter_colour,816,428,765,392,867,464,COLOR_SEC
20:42:58.834,1121,litter_colour,1517,423,1474,386,1561,461,COLOR_SEC
20:42:58.834,1121,litter_colour,502,345,476,333,528,358,COLOR_SEC
20:42:58.834,1121,litter_colour,145,356,94,324,196,389,COLOR_SEC
20:42:58.876,1122,litter_colour,1758,431,1666,398,1851,464,COLOR_SEC
20:42:58.876,1122,litter_colour,830,428,765,392,895,464,COLOR_SEC
20:42:58.876,1122,litter_colour,1518,423,1474,386,1563,461,COLOR_SEC
20:42:58.876,1122,litter_colour,501,345,475,332,528,358,COLOR_SEC
20:42:58.876,1122,litter_colour,1128,384,972,324,1285,444,COLOR_SEC
20:42:58.876,1122,litter_colour,145,356,94,324,196,388,COLOR_SEC
20:42:58.916,1123,litter_colour,829,427,764,392,895,463,COLOR_SEC
20:42:58.916,1123,litter_colour,501,345,475,332,528,358,COLOR_SEC
20:42:58.916,1123,litter_colour,1128,384,971,324,1285,444,COLOR_SEC
20:42:58.916,1123,litter_colour,145,356,94,324,196,388,COLOR_SEC
20:42:58.956,1124,litter_colour,829,427,764,392,895,463,COLOR_SEC
20:42:58.956,1124,litter_colour,502,345,475,332,529,358,COLOR_SEC
20:42:58.956,1124,litter_colour,1128,384,971,324,1285,444,COLOR_SEC
20:42:58.956,1124,litter_colour,144,356,93,324,195,388,COLOR_SEC
20:42:58.996,1125,litter_colour,829,427,764,392,895,463,COLOR_SEC
20:42:58.996,1125,litter_colour,501,344,475,332,528,357,COLOR_SEC
20:42:58.996,1125,litter_colour,1128,386,971,324,1285,448,COLOR_SEC
20:42:58.996,1125,litter_colour,144,356,93,324,195,388,COLOR_SEC
20:42:59.036,1126,litter_colour,829,427,764,392,895,463,COLOR_SEC
20:42:59.036,1126,litter_colour,501,344,474,332,528,357,COLOR_SEC
20:42:59.036,1126,litter_colour,1129,383,971,324,1287,443,COLOR_SEC
20:42:59.036,1126,litter_colour,143,356,92,324,195,388,COLOR_SEC
20:42:59.076,1127,litter_colour,926,1037,886,1001,966,1074,COLOR_SEC
20:42:59.076,1127,litter_colour,829,427,764,392,895,463,COLOR_SEC
20:42:59.076,1127,litter_colour,501,344,474,331,528,357,COLOR_SEC
20:42:59.076,1127,litter_colour,1129,383,971,324,1287,443,COLOR_SEC
20:42:59.076,1127,litter_colour,143,355,92,324,194,387,COLOR_SEC
20:42:59.118,1128,litter_colour,822,427,764,392,880,463,COLOR_SEC
20:42:59.118,1128,litter_colour,500,344,474,331,527,357,COLOR_SEC
20:42:59.118,1128,litter_colour,1131,383,972,324,1291,443,COLOR_SEC
20:42:59.118,1128,litter_colour,143,355,92,324,194,387,COLOR_SEC
20:42:59.156,1129,litter_colour,815,427,764,392,867,463,COLOR_SEC
20:42:59.156,1129,litter_colour,501,344,474,331,528,357,COLOR_SEC
20:42:59.156,1129,litter_colour,1131,383,972,324,1291,443,COLOR_SEC
20:42:59.156,1129,litter_colour,142,355,91,324,193,387,COLOR_SEC
20:42:59.197,1130,litter_colour,828,413,764,364,893,463,COLOR_SEC
20:42:59.198,1130,litter_colour,501,343,474,331,528,356,COLOR_SEC
20:42:59.198,1130,litter_colour,1131,383,972,324,1291,443,COLOR_SEC
20:42:59.198,1130,litter_colour,142,355,91,324,193,387,COLOR_SEC
20:42:59.238,1131,litter_colour,822,436,764,410,880,463,COLOR_SEC
20:42:59.238,1131,litter_colour,500,343,474,330,527,356,COLOR_SEC
20:42:59.238,1131,litter_colour,1131,383,971,324,1292,443,COLOR_SEC
20:42:59.238,1131,litter_colour,141,355,90,324,192,387,COLOR_SEC
20:42:59.280,1132,litter_colour,726,731,690,709,763,754,COLOR_SEC
20:42:59.280,1132,litter_colour,824,436,764,410,884,463,COLOR_SEC
20:42:59.280,1132,litter_colour,500,343,473,330,527,356,COLOR_SEC
20:42:59.280,1132,litter_colour,1131,383,970,324,1293,443,COLOR_SEC
20:42:59.280,1132,litter_colour,141,355,90,324,192,386,COLOR_SEC
20:42:59.321,1133,litter_colour,726,732,689,710,763,754,COLOR_SEC
20:42:59.321,1133,litter_colour,829,436,764,409,894,463,COLOR_SEC
20:42:59.321,1133,litter_colour,499,343,473,330,526,356,COLOR_SEC
20:42:59.321,1133,litter_colour,1132,383,972,324,1293,443,COLOR_SEC
20:42:59.321,1133,litter_colour,140,355,89,324,191,386,COLOR_SEC
20:42:59.361,1134,litter_colour,725,733,688,711,762,755,COLOR_SEC
20:42:59.361,1134,litter_colour,832,412,770,363,894,462,COLOR_SEC
20:42:59.361,1134,litter_colour,500,343,473,330,527,356,COLOR_SEC
20:42:59.361,1134,litter_colour,1133,383,971,324,1295,442,COLOR_SEC
20:42:59.361,1134,litter_colour,140,355,89,324,191,386,COLOR_SEC
20:42:59.400,1135,litter_colour,725,733,688,711,762,756,COLOR_SEC
20:42:59.400,1135,litter_colour,825,422,769,383,881,462,COLOR_SEC
20:42:59.400,1135,litter_colour,499,342,473,329,526,355,COLOR_SEC
20:42:59.400,1135,litter_colour,1132,383,971,324,1294,442,COLOR_SEC
20:42:59.400,1135,litter_colour,139,355,88,324,190,386,COLOR_SEC
20:42:59.441,1136,litter_colour,724,734,687,712,762,757,COLOR_SEC
20:42:59.441,1136,litter_colour,829,412,764,362,894,462,COLOR_SEC
20:42:59.441,1136,litter_colour,499,342,473,329,526,355,COLOR_SEC
20:42:59.441,1136,litter_colour,1130,385,965,324,1295,447,COLOR_SEC
20:42:59.441,1136,litter_colour,139,354,88,324,190,385,COLOR_SEC
20:42:59.479,1137,litter_colour,724,734,686,712,762,757,COLOR_SEC
20:42:59.479,1137,litter_colour,1636,405,1583,382,1690,429,COLOR_SEC
20:42:59.479,1137,litter_colour,1540,421,1494,382,1587,461,COLOR_SEC
20:42:59.479,1137,litter_colour,828,411,764,362,893,461,COLOR_SEC
20:42:59.479,1137,litter_colour,500,342,473,329,527,355,COLOR_SEC
20:42:59.479,1137,litter_colour,1130,383,965,324,1295,442,COLOR_SEC
20:42:59.479,1137,litter_colour,138,354,87,324,189,385,COLOR_SEC
20:42:59.521,1138,litter_colour,723,735,685,713,761,758,COLOR_SEC
20:42:59.521,1138,litter_colour,1637,405,1582,382,1692,429,COLOR_SEC
20:42:59.521,1138,litter_colour,1540,421,1492,382,1589,461,COLOR_SEC
20:42:59.521,1138,litter_colour,831,411,769,361,893,461,COLOR_SEC
20:42:59.521,1138,litter_colour,499,341,472,328,526,355,COLOR_SEC
20:42:59.521,1138,litter_colour,1131,383,965,324,1297,442,COLOR_SEC
20:42:59.521,1138,litter_colour,138,354,87,324,189,385,COLOR_SEC
20:42:59.561,1139,litter_colour,722,736,684,714,761,759,COLOR_SEC
20:42:59.561,1139,litter_colour,1639,405,1585,382,1694,429,COLOR_SEC
20:42:59.561,1139,litter_colour,1542,421,1494,381,1591,461,COLOR_SEC
20:42:59.561,1139,litter_colour,831,411,769,361,893,461,COLOR_SEC
20:42:59.561,1139,litter_colour,499,341,472,328,526,354,COLOR_SEC
20:42:59.561,1139,litter_colour,1131,383,965,324,1297,442,COLOR_SEC
20:42:59.561,1139,litter_colour,137,354,86,324,188,384,COLOR_SEC
20:42:59.601,1140,litter_colour,722,738,684,715,760,761,COLOR_SEC
20:42:59.601,1140,litter_colour,1543,421,1494,382,1593,461,COLOR_SEC
20:42:59.601,1140,litter_colour,831,411,769,361,893,461,COLOR_SEC
20:42:59.601,1140,litter_colour,499,341,473,328,525,354,COLOR_SEC
20:42:59.601,1140,litter_colour,1131,383,965,324,1297,442,COLOR_SEC
20:42:59.601,1140,litter_colour,136,354,85,324,188,384,COLOR_SEC
20:42:59.642,1141,litter_colour,721,739,683,716,759,762,COLOR_SEC
20:42:59.642,1141,litter_colour,1546,421,1496,382,1596,461,COLOR_SEC
20:42:59.642,1141,litter_colour,831,411,769,361,893,462,COLOR_SEC
20:42:59.642,1141,litter_colour,499,341,473,328,525,354,COLOR_SEC
20:42:59.642,1141,litter_colour,1131,383,965,324,1297,442,COLOR_SEC
20:42:59.642,1141,litter_colour,136,354,85,324,187,384,COLOR_SEC
20:42:59.682,1142,litter_colour,925,1062,891,1045,960,1080,COLOR_SEC
20:42:59.682,1142,litter_colour,720,740,682,717,759,763,COLOR_SEC
20:42:59.682,1142,litter_colour,1548,421,1498,382,1598,461,COLOR_SEC
20:42:59.682,1142,litter_colour,830,411,768,361,893,461,COLOR_SEC
20:42:59.682,1142,litter_colour,498,341,471,328,526,354,COLOR_SEC
20:42:59.682,1142,litter_colour,1131,385,965,324,1297,447,COLOR_SEC
20:42:59.682,1142,litter_colour,135,354,84,324,187,384,COLOR_SEC
20:42:59.723,1143,litter_colour,927,1064,894,1048,961,1080,COLOR_SEC
20:42:59.723,1143,litter_colour,1549,421,1498,382,1600,461,COLOR_SEC
20:42:59.723,1143,litter_colour,830,411,768,361,893,461,COLOR_SEC
20:42:59.723,1143,litter_colour,498,340,472,327,525,354,COLOR_SEC
20:42:59.723,1143,litter_colour,1131,382,965,324,1297,441,COLOR_SEC
20:42:59.723,1143,litter_colour,135,354,84,324,186,384,COLOR_SEC
20:42:59.763,1144,litter_colour,927,1065,894,1051,960,1080,COLOR_SEC
20:42:59.764,1144,litter_colour,1550,421,1499,381,1602,461,COLOR_SEC
20:42:59.764,1144,litter_colour,830,411,768,361,892,461,COLOR_SEC
20:42:59.764,1144,litter_colour,497,340,471,327,524,353,COLOR_SEC
20:42:59.764,1144,litter_colour,1132,382,966,324,1299,441,COLOR_SEC
20:42:59.764,1144,litter_colour,134,354,83,324,186,384,COLOR_SEC
20:42:59.804,1145,litter_colour,927,1067,894,1054,961,1080,COLOR_SEC
20:42:59.804,1145,litter_colour,1553,421,1503,381,1604,462,COLOR_SEC
20:42:59.804,1145,litter_colour,833,411,768,362,899,461,COLOR_SEC
20:42:59.804,1145,litter_colour,499,340,472,327,526,353,COLOR_SEC
20:42:59.804,1145,litter_colour,1132,385,965,324,1299,446,COLOR_SEC
20:42:59.804,1145,litter_colour,133,354,82,324,185,384,COLOR_SEC
20:42:59.845,1146,litter_colour,927,1069,895,1058,960,1080,COLOR_SEC
20:42:59.845,1146,litter_colour,1555,422,1504,381,1606,463,COLOR_SEC
20:42:59.845,1146,litter_colour,830,411,768,361,892,461,COLOR_SEC
20:42:59.845,1146,litter_colour,498,340,471,327,525,353,COLOR_SEC
20:42:59.845,1146,litter_colour,1132,383,965,324,1299,442,COLOR_SEC
20:42:59.845,1146,litter_colour,133,353,81,324,185,383,COLOR_SEC
20:42:59.885,1147,litter_colour,1556,422,1504,382,1608,463,COLOR_SEC
20:42:59.885,1147,litter_colour,827,411,762,362,892,461,COLOR_SEC
20:42:59.885,1147,litter_colour,498,339,471,326,525,353,COLOR_SEC
20:42:59.885,1147,litter_colour,1133,383,965,324,1301,442,COLOR_SEC
20:42:59.885,1147,litter_colour,132,353,81,324,184,383,COLOR_SEC
20:42:59.923,1148,litter_colour,1557,422,1504,382,1610,463,COLOR_SEC
20:42:59.923,1148,litter_colour,829,411,767,362,892,461,COLOR_SEC
20:42:59.923,1148,litter_colour,497,340,470,327,524,353,COLOR_SEC
20:42:59.923,1148,litter_colour,1133,383,965,324,1301,442,COLOR_SEC
20:42:59.923,1148,litter_colour,132,353,80,324,184,383,COLOR_SEC
20:42:59.965,1149,litter_colour,829,411,767,362,892,461,COLOR_SEC
20:42:59.965,1149,litter_colour,496,339,469,326,524,353,COLOR_SEC
20:42:59.965,1149,litter_colour,1133,382,965,324,1302,441,COLOR_SEC
20:42:59.965,1149,litter_colour,131,353,79,324,183,383,COLOR_SEC
20:43:00.006,1150,litter_colour,1183,823,1151,795,1215,851,COLOR_SEC
20:43:00.006,1150,litter_colour,826,411,761,361,892,461,COLOR_SEC
20:43:00.006,1150,litter_colour,496,339,469,327,523,352,COLOR_SEC
20:43:00.006,1150,litter_colour,1134,383,965,324,1303,442,COLOR_SEC
20:43:00.006,1150,litter_colour,130,353,78,324,182,383,COLOR_SEC
20:43:00.048,1151,litter_colour,1184,824,1152,797,1216,852,COLOR_SEC
20:43:00.048,1151,litter_colour,813,422,761,384,866,461,COLOR_SEC
20:43:00.048,1151,litter_colour,496,339,470,326,522,353,COLOR_SEC
20:43:00.048,1151,litter_colour,1133,383,964,324,1303,442,COLOR_SEC
20:43:00.048,1151,litter_colour,129,353,77,324,181,383,COLOR_SEC
20:43:00.088,1152,litter_colour,1185,827,1154,799,1217,855,COLOR_SEC
20:43:00.088,1152,litter_colour,813,423,761,384,866,462,COLOR_SEC
20:43:00.088,1152,litter_colour,496,338,469,325,523,352,COLOR_SEC
20:43:00.088,1152,litter_colour,1134,386,965,324,1303,448,COLOR_SEC
20:43:00.088,1152,litter_colour,129,353,77,324,181,383,COLOR_SEC
20:43:00.129,1153,litter_colour,1190,827,1162,801,1218,854,COLOR_SEC
20:43:00.129,1153,litter_colour,813,423,760,385,866,461,COLOR_SEC
20:43:00.129,1153,litter_colour,495,338,469,325,522,351,COLOR_SEC
20:43:00.129,1153,litter_colour,1134,383,964,324,1304,442,COLOR_SEC
20:43:00.129,1153,litter_colour,128,353,76,324,180,382,COLOR_SEC
20:43:00.167,1154,litter_colour,1187,831,1156,803,1219,859,COLOR_SEC
20:43:00.167,1154,litter_colour,812,423,760,385,865,461,COLOR_SEC
20:43:00.167,1154,litter_colour,1667,408,1608,380,1726,436,COLOR_SEC
20:43:00.167,1154,litter_colour,495,338,469,325,522,352,COLOR_SEC
20:43:00.167,1154,litter_colour,1133,386,964,324,1303,448,COLOR_SEC
20:43:00.167,1154,litter_colour,127,353,75,324,179,382,COLOR_SEC
20:43:00.208,1155,litter_colour,1188,833,1157,804,1219,862,COLOR_SEC
20:43:00.208,1155,litter_colour,1668,408,1609,381,1728,436,COLOR_SEC
20:43:00.208,1155,litter_colour,825,411,760,361,891,461,COLOR_SEC
20:43:00.208,1155,litter_colour,496,338,469,325,523,351,COLOR_SEC
20:43:00.208,1155,litter_colour,1134,386,965,324,1303,448,COLOR_SEC
20:43:00.208,1155,litter_colour,126,353,75,324,178,382,COLOR_SEC
20:43:00.249,1156,litter_colour,1189,835,1158,806,1221,864,COLOR_SEC
20:43:00.249,1156,litter_colour,812,434,759,408,865,461,COLOR_SEC
20:43:00.249,1156,litter_colour,1671,408,1611,380,1731,436,COLOR_SEC
20:43:00.249,1156,litter_colour,1134,386,964,324,1305,448,COLOR_SEC
20:43:00.249,1156,litter_colour,495,337,468,324,522,351,COLOR_SEC
20:43:00.249,1156,litter_colour,126,352,74,324,178,381,COLOR_SEC
20:43:00.289,1157,litter_colour,1190,837,1159,808,1222,866,COLOR_SEC
20:43:00.289,1157,litter_colour,811,434,758,407,865,461,COLOR_SEC
20:43:00.289,1157,litter_colour,1673,408,1614,381,1733,436,COLOR_SEC
20:43:00.289,1157,litter_colour,1134,382,964,324,1305,441,COLOR_SEC
20:43:00.289,1157,litter_colour,494,337,468,324,521,350,COLOR_SEC
20:43:00.289,1157,litter_colour,125,352,73,324,177,381,COLOR_SEC
20:43:00.330,1158,litter_colour,1191,839,1160,810,1223,869,COLOR_SEC
20:43:00.330,1158,litter_colour,811,433,758,406,865,461,COLOR_SEC
20:43:00.330,1158,litter_colour,1674,410,1614,383,1734,437,COLOR_SEC
20:43:00.330,1158,litter_colour,1134,383,964,324,1305,442,COLOR_SEC
20:43:00.330,1158,litter_colour,495,337,467,324,523,350,COLOR_SEC
20:43:00.330,1158,litter_colour,124,352,72,324,177,381,COLOR_SEC
20:43:00.370,1159,litter_colour,824,434,759,407,890,461,COLOR_SEC
20:43:00.370,1159,litter_colour,1677,410,1616,383,1738,437,COLOR_SEC
20:43:00.370,1159,litter_colour,1134,386,964,324,1305,449,COLOR_SEC
20:43:00.370,1159,litter_colour,494,337,467,324,522,350,COLOR_SEC
20:43:00.370,1159,litter_colour,124,352,72,324,176,381,COLOR_SEC
20:43:00.411,1160,litter_colour,811,435,758,409,865,461,COLOR_SEC
20:43:00.412,1160,litter_colour,1679,410,1618,383,1740,437,COLOR_SEC
20:43:00.412,1160,litter_colour,1135,387,964,324,1307,450,COLOR_SEC
20:43:00.412,1160,litter_colour,494,337,467,324,521,350,COLOR_SEC
20:43:00.412,1160,litter_colour,123,352,71,324,176,381,COLOR_SEC
20:43:00.454,1161,litter_colour,811,435,758,409,865,462,COLOR_SEC
20:43:00.454,1161,litter_colour,1677,410,1620,383,1735,437,COLOR_SEC
20:43:00.454,1161,litter_colour,1135,383,964,324,1307,443,COLOR_SEC
20:43:00.454,1161,litter_colour,494,337,467,324,521,350,COLOR_SEC
20:43:00.454,1161,litter_colour,122,352,70,324,175,381,COLOR_SEC
20:43:00.495,1162,litter_colour,824,423,758,384,891,462,COLOR_SEC
20:43:00.495,1162,litter_colour,493,337,466,324,521,350,COLOR_SEC
20:43:00.495,1162,litter_colour,122,352,70,324,175,381,COLOR_SEC
20:43:00.537,1163,litter_colour,811,423,758,384,864,462,COLOR_SEC
20:43:00.537,1163,litter_colour,1583,426,1527,382,1640,471,COLOR_SEC
20:43:00.537,1163,litter_colour,493,337,466,324,521,350,COLOR_SEC
20:43:00.537,1163,litter_colour,121,352,69,324,174,381,COLOR_SEC
20:43:00.578,1164,litter_colour,811,423,758,384,864,462,COLOR_SEC
20:43:00.578,1164,litter_colour,1585,428,1528,383,1642,473,COLOR_SEC
20:43:00.578,1164,litter_colour,493,337,465,324,522,350,COLOR_SEC
20:43:00.578,1164,litter_colour,121,352,68,324,174,381,COLOR_SEC
20:43:00.619,1165,litter_colour,813,424,762,385,864,463,COLOR_SEC
20:43:00.619,1165,litter_colour,1586,428,1530,384,1643,473,COLOR_SEC
20:43:00.619,1165,litter_colour,493,337,465,324,522,350,COLOR_SEC
20:43:00.619,1165,litter_colour,120,352,67,324,173,381,COLOR_SEC
20:43:00.659,1166,litter_colour,824,424,758,385,891,463,COLOR_SEC
20:43:00.659,1166,litter_colour,1585,428,1528,384,1643,473,COLOR_SEC
20:43:00.659,1166,litter_colour,492,337,465,324,520,351,COLOR_SEC
20:43:00.698,1167,litter_colour,811,436,758,408,865,464,COLOR_SEC
20:43:00.698,1167,litter_colour,1588,429,1532,384,1644,475,COLOR_SEC
20:43:00.698,1167,litter_colour,492,338,464,325,520,351,COLOR_SEC
20:43:00.737,1168,litter_colour,811,437,758,410,864,464,COLOR_SEC
20:43:00.737,1168,litter_colour,1592,430,1534,384,1650,477,COLOR_SEC
20:43:00.737,1168,litter_colour,841,375,816,361,866,390,COLOR_SEC
20:43:00.737,1168,litter_colour,492,338,464,325,521,352,COLOR_SEC
20:43:00.777,1169,litter_colour,811,437,758,409,864,465,COLOR_SEC
20:43:00.777,1169,litter_colour,1591,430,1536,386,1646,475,COLOR_SEC
20:43:00.777,1169,litter_colour,493,338,464,325,522,351,COLOR_SEC
20:43:00.818,1170,litter_colour,814,437,763,410,865,465,COLOR_SEC
20:43:00.818,1170,litter_colour,492,338,464,325,521,352,COLOR_SEC
20:43:00.859,1171,litter_colour,701,787,658,760,745,814,COLOR_SEC
20:43:00.859,1171,litter_colour,1426,668,1385,650,1467,687,COLOR_SEC
20:43:00.859,1171,litter_colour,811,438,758,410,865,466,COLOR_SEC
20:43:00.859,1171,litter_colour,493,339,465,326,521,352,COLOR_SEC
20:43:00.900,1172,litter_colour,700,788,657,761,744,815,COLOR_SEC
20:43:00.900,1172,litter_colour,811,438,758,410,865,466,COLOR_SEC
20:43:00.900,1172,litter_colour,493,339,465,326,521,352,COLOR_SEC
20:43:00.941,1173,litter_colour,700,790,656,763,744,818,COLOR_SEC
20:43:00.941,1173,litter_colour,811,439,758,411,865,467,COLOR_SEC
20:43:00.941,1173,litter_colour,493,339,464,326,522,352,COLOR_SEC
20:43:00.982,1174,litter_colour,700,792,656,764,744,820,COLOR_SEC
20:43:00.982,1174,litter_colour,811,427,757,388,865,467,COLOR_SEC
20:43:00.983,1174,litter_colour,493,339,464,326,522,352,COLOR_SEC
20:43:01.021,1175,litter_colour,699,794,655,766,744,822,COLOR_SEC
20:43:01.021,1175,litter_colour,811,439,758,411,865,467,COLOR_SEC
20:43:01.021,1175,litter_colour,492,339,464,326,520,353,COLOR_SEC
20:43:01.061,1176,litter_colour,698,795,654,767,743,823,COLOR_SEC
20:43:01.061,1176,litter_colour,814,439,764,411,865,467,COLOR_SEC
20:43:01.061,1176,litter_colour,1715,418,1648,389,1782,447,COLOR_SEC
20:43:01.061,1176,litter_colour,492,339,464,326,520,353,COLOR_SEC
20:43:01.103,1177,litter_colour,697,797,653,769,742,825,COLOR_SEC
20:43:01.103,1177,litter_colour,1717,418,1650,389,1784,447,COLOR_SEC
20:43:01.103,1177,litter_colour,810,428,757,389,864,467,COLOR_SEC
20:43:01.103,1177,litter_colour,491,339,464,326,519,353,COLOR_SEC
20:43:01.144,1178,litter_colour,697,798,653,770,742,827,COLOR_SEC
20:43:01.144,1178,litter_colour,810,439,757,411,864,468,COLOR_SEC
20:43:01.144,1178,litter_colour,1719,418,1651,388,1788,448,COLOR_SEC
20:43:01.144,1178,litter_colour,491,339,463,326,519,353,COLOR_SEC
20:43:01.185,1179,litter_colour,810,439,756,411,864,468,COLOR_SEC
20:43:01.186,1179,litter_colour,491,339,463,326,519,353,COLOR_SEC
20:43:01.226,1180,litter_colour,797,580,758,564,836,596,COLOR_SEC
20:43:01.226,1180,litter_colour,810,439,756,411,864,468,COLOR_SEC
20:43:01.226,1180,litter_colour,491,339,463,326,519,353,COLOR_SEC
20:43:01.226,1180,litter_colour,113,353,60,324,167,383,COLOR_SEC
20:43:01.266,1181,litter_colour,797,580,758,563,836,597,COLOR_SEC
20:43:01.266,1181,litter_colour,810,439,756,411,864,468,COLOR_SEC
20:43:01.266,1181,litter_colour,491,339,463,326,519,353,COLOR_SEC
20:43:01.266,1181,litter_colour,113,353,59,324,167,383,COLOR_SEC
20:43:01.307,1182,litter_colour,796,580,757,564,836,597,COLOR_SEC
20:43:01.307,1182,litter_colour,490,340,462,327,519,353,COLOR_SEC
20:43:01.307,1182,litter_colour,112,353,58,324,166,383,COLOR_SEC
20:43:01.348,1183,litter_colour,797,580,760,563,834,598,COLOR_SEC
20:43:01.348,1183,litter_colour,490,339,462,326,519,353,COLOR_SEC
20:43:01.348,1183,litter_colour,111,354,57,324,166,384,COLOR_SEC
20:43:01.390,1184,litter_colour,795,581,756,564,835,598,COLOR_SEC
20:43:01.390,1184,litter_colour,1628,434,1576,388,1680,480,COLOR_SEC
20:43:01.390,1184,litter_colour,490,340,462,327,519,353,COLOR_SEC
20:43:01.390,1184,litter_colour,110,354,56,324,165,384,COLOR_SEC
20:43:01.430,1185,litter_colour,795,581,757,565,834,598,COLOR_SEC
20:43:01.431,1185,litter_colour,1632,434,1582,389,1682,480,COLOR_SEC
20:43:01.431,1185,litter_colour,489,341,461,328,517,354,COLOR_SEC
20:43:01.431,1185,litter_colour,110,354,56,324,164,384,COLOR_SEC
20:43:01.471,1186,litter_colour,795,582,756,565,835,600,COLOR_SEC
20:43:01.471,1186,litter_colour,1630,435,1574,389,1686,481,COLOR_SEC
20:43:01.471,1186,litter_colour,489,340,461,327,517,354,COLOR_SEC
20:43:01.471,1186,litter_colour,109,354,55,324,164,384,COLOR_SEC
20:43:01.511,1187,litter_colour,794,583,755,566,833,601,COLOR_SEC
20:43:01.511,1187,litter_colour,1631,435,1575,389,1688,481,COLOR_SEC
20:43:01.511,1187,litter_colour,488,340,460,327,516,354,COLOR_SEC
20:43:01.511,1187,litter_colour,108,354,53,324,163,384,COLOR_SEC
20:43:01.551,1188,litter_colour,795,583,756,566,834,601,COLOR_SEC
20:43:01.551,1188,litter_colour,1637,435,1586,388,1689,482,COLOR_SEC
20:43:01.551,1188,litter_colour,488,341,460,327,516,355,COLOR_SEC
20:43:01.551,1188,litter_colour,106,354,52,324,161,385,COLOR_SEC
20:43:01.591,1189,litter_colour,793,585,754,567,833,603,COLOR_SEC
20:43:01.591,1189,litter_colour,1636,436,1581,391,1691,482,COLOR_SEC
20:43:01.591,1189,litter_colour,487,341,459,327,516,355,COLOR_SEC
20:43:01.591,1189,litter_colour,105,354,50,324,160,385,COLOR_SEC
20:43:01.633,1190,litter_colour,791,585,752,567,831,603,COLOR_SEC
20:43:01.633,1190,litter_colour,1637,437,1579,391,1696,483,COLOR_SEC
20:43:01.633,1190,litter_colour,486,340,458,327,515,354,COLOR_SEC
20:43:01.633,1190,litter_colour,104,354,49,324,159,385,COLOR_SEC
20:43:01.674,1191,litter_colour,792,585,753,568,832,603,COLOR_SEC
20:43:01.674,1191,litter_colour,706,472,670,446,742,498,COLOR_SEC
20:43:01.674,1191,litter_colour,1639,437,1580,391,1698,483,COLOR_SEC
20:43:01.674,1191,litter_colour,807,430,753,390,862,471,COLOR_SEC
20:43:01.674,1191,litter_colour,485,340,457,327,514,354,COLOR_SEC
20:43:01.674,1191,litter_colour,102,354,47,324,157,385,COLOR_SEC
20:43:01.714,1192,litter_colour,791,586,752,568,831,605,COLOR_SEC
20:43:01.714,1192,litter_colour,485,341,456,328,514,354,COLOR_SEC
20:43:01.714,1192,litter_colour,101,354,46,324,156,385,COLOR_SEC
20:43:01.752,1193,litter_colour,684,827,636,796,733,859,COLOR_SEC
20:43:01.752,1193,litter_colour,791,587,752,569,831,605,COLOR_SEC
20:43:01.752,1193,litter_colour,1756,423,1680,393,1832,453,COLOR_SEC
20:43:01.752,1193,litter_colour,484,341,456,327,513,355,COLOR_SEC
20:43:01.752,1193,litter_colour,99,354,44,324,155,385,COLOR_SEC
20:43:01.793,1194,litter_colour,684,830,635,798,733,862,COLOR_SEC
20:43:01.793,1194,litter_colour,790,587,750,569,831,606,COLOR_SEC
20:43:01.793,1194,litter_colour,1759,423,1682,393,1836,453,COLOR_SEC
20:43:01.793,1194,litter_colour,483,340,455,327,512,354,COLOR_SEC
20:43:01.793,1194,litter_colour,98,354,43,324,154,385,COLOR_SEC
20:43:01.835,1195,litter_colour,683,832,634,800,732,864,COLOR_SEC
20:43:01.835,1195,litter_colour,791,588,752,570,830,607,COLOR_SEC
20:43:01.835,1195,litter_colour,483,341,455,327,512,355,COLOR_SEC
20:43:01.835,1195,litter_colour,97,354,42,324,153,385,COLOR_SEC
20:43:01.874,1196,litter_colour,681,834,632,802,731,867,COLOR_SEC
20:43:01.874,1196,litter_colour,789,589,749,570,830,608,COLOR_SEC
20:43:01.874,1196,litter_colour,483,340,454,327,512,354,COLOR_SEC
20:43:01.874,1196,litter_colour,96,354,41,324,152,384,COLOR_SEC
20:43:01.916,1197,litter_colour,681,836,632,803,731,869,COLOR_SEC
20:43:01.916,1197,litter_colour,790,588,750,570,831,606,COLOR_SEC
20:43:01.916,1197,litter_colour,805,431,750,390,860,473,COLOR_SEC
20:43:01.916,1197,litter_colour,483,340,454,327,512,354,COLOR_SEC
20:43:01.916,1197,litter_colour,96,354,40,324,152,384,COLOR_SEC
20:43:01.958,1198,litter_colour,680,838,630,805,730,871,COLOR_SEC
20:43:01.958,1198,litter_colour,789,589,748,571,831,608,COLOR_SEC
20:43:01.958,1198,litter_colour,805,431,750,390,860,473,COLOR_SEC
20:43:01.958,1198,litter_colour,482,341,453,327,511,355,COLOR_SEC
20:43:01.958,1198,litter_colour,96,354,39,324,153,384,COLOR_SEC
20:43:01.999,1199,litter_colour,790,589,750,571,831,608,COLOR_SEC
20:43:01.999,1199,litter_colour,805,431,750,390,860,473,COLOR_SEC
20:43:01.999,1199,litter_colour,482,341,453,327,511,355,COLOR_SEC
20:43:01.999,1199,litter_colour,95,354,39,324,152,384,COLOR_SEC
20:43:02.041,1200,litter_colour,789,591,748,572,831,610,COLOR_SEC
20:43:02.041,1200,litter_colour,700,477,665,447,736,508,COLOR_SEC
20:43:02.041,1200,litter_colour,805,431,750,390,860,473,COLOR_SEC
20:43:02.041,1200,litter_colour,482,341,453,327,511,355,COLOR_SEC
20:43:02.041,1200,litter_colour,94,354,38,324,150,384,COLOR_SEC
20:43:02.082,1201,litter_colour,789,591,748,572,831,610,COLOR_SEC
20:43:02.082,1201,litter_colour,805,431,750,390,860,473,COLOR_SEC
20:43:02.082,1201,litter_colour,482,341,453,328,511,355,COLOR_SEC
20:43:02.082,1201,litter_colour,93,354,37,324,149,385,COLOR_SEC
20:43:02.124,1202,litter_colour,788,593,745,573,831,614,COLOR_SEC
20:43:02.124,1202,litter_colour,482,341,452,328,512,355,COLOR_SEC
20:43:02.124,1202,litter_colour,93,354,36,324,150,385,COLOR_SEC
20:43:02.166,1203,litter_colour,789,593,748,574,830,612,COLOR_SEC
20:43:02.166,1203,litter_colour,701,478,664,447,739,509,COLOR_SEC
20:43:02.166,1203,litter_colour,480,341,452,328,509,355,COLOR_SEC
20:43:02.166,1203,litter_colour,92,354,36,324,149,385,COLOR_SEC
20:43:02.207,1204,litter_colour,788,594,746,575,831,613,COLOR_SEC
20:43:02.207,1204,litter_colour,699,479,664,448,734,510,COLOR_SEC
20:43:02.207,1204,litter_colour,481,342,452,328,510,356,COLOR_SEC
20:43:02.207,1204,litter_colour,91,354,35,324,148,385,COLOR_SEC
20:43:02.249,1205,litter_colour,788,594,746,576,830,613,COLOR_SEC
20:43:02.249,1205,litter_colour,481,342,452,329,510,356,COLOR_SEC
20:43:02.249,1205,litter_colour,91,355,34,324,148,386,COLOR_SEC
20:43:02.289,1206,litter_colour,786,597,744,576,829,618,COLOR_SEC
20:43:02.289,1206,litter_colour,481,342,452,328,511,356,COLOR_SEC
20:43:02.289,1206,litter_colour,91,355,34,324,148,386,COLOR_SEC
20:43:02.330,1207,litter_colour,786,599,744,579,829,619,COLOR_SEC
20:43:02.330,1207,litter_colour,480,342,452,329,509,356,COLOR_SEC
20:43:02.330,1207,litter_colour,90,355,33,324,148,386,COLOR_SEC
20:43:02.370,1208,litter_colour,788,598,746,580,830,616,COLOR_SEC
20:43:02.370,1208,litter_colour,480,343,452,329,509,357,COLOR_SEC
20:43:02.370,1208,litter_colour,90,355,32,324,148,386,COLOR_SEC
20:43:02.409,1209,litter_colour,787,599,746,581,829,617,COLOR_SEC
20:43:02.409,1209,litter_colour,804,434,749,392,860,477,COLOR_SEC
20:43:02.409,1209,litter_colour,480,343,451,330,510,357,COLOR_SEC
20:43:02.409,1209,litter_colour,88,355,31,324,146,387,COLOR_SEC
20:43:02.450,1210,litter_colour,788,599,746,581,830,618,COLOR_SEC
20:43:02.451,1210,litter_colour,804,434,748,392,860,477,COLOR_SEC
20:43:02.451,1210,litter_colour,480,343,451,329,510,357,COLOR_SEC
20:43:02.451,1210,litter_colour,88,355,30,324,147,387,COLOR_SEC
20:43:02.489,1211,litter_colour,804,434,749,392,860,477,COLOR_SEC
20:43:02.489,1211,litter_colour,87,355,29,324,146,387,COLOR_SEC
20:43:02.529,1212,litter_colour,1622,648,1588,627,1657,670,COLOR_SEC
20:43:02.529,1212,litter_colour,804,435,749,392,860,478,COLOR_SEC
20:43:02.529,1212,litter_colour,86,355,29,324,144,387,COLOR_SEC
20:43:02.570,1213,litter_colour,1625,649,1591,628,1660,671,COLOR_SEC
20:43:02.570,1213,litter_colour,804,435,748,392,860,478,COLOR_SEC
20:43:02.570,1213,litter_colour,85,355,28,324,143,387,COLOR_SEC
20:43:02.610,1214,litter_colour,669,878,615,841,723,916,COLOR_SEC
20:43:02.610,1214,litter_colour,1628,651,1593,630,1663,672,COLOR_SEC
20:43:02.610,1214,litter_colour,803,435,748,392,859,478,COLOR_SEC
20:43:02.610,1214,litter_colour,85,355,27,324,144,387,COLOR_SEC
20:43:02.651,1215,litter_colour,1630,658,1595,631,1666,686,COLOR_SEC
20:43:02.651,1215,litter_colour,803,435,748,392,859,478,COLOR_SEC
20:43:02.651,1215,litter_colour,83,355,26,324,140,387,COLOR_SEC
20:43:02.692,1216,litter_colour,1631,653,1594,632,1669,675,COLOR_SEC
20:43:02.692,1216,litter_colour,803,435,747,392,859,478,COLOR_SEC
20:43:02.692,1216,litter_colour,83,355,26,324,141,387,COLOR_SEC
20:43:02.732,1217,litter_colour,1636,654,1600,633,1673,676,COLOR_SEC
20:43:02.732,1217,litter_colour,803,435,747,392,860,479,COLOR_SEC
20:43:02.732,1217,litter_colour,83,355,25,324,141,387,COLOR_SEC
20:43:02.772,1218,litter_colour,1638,658,1603,634,1674,683,COLOR_SEC
20:43:02.772,1218,litter_colour,803,435,747,392,859,479,COLOR_SEC
20:43:02.772,1218,litter_colour,83,355,24,324,142,387,COLOR_SEC
20:43:02.814,1219,litter_colour,81,355,24,324,139,387,COLOR_SEC
20:43:02.853,1220,litter_colour,1514,656,1481,634,1547,679,COLOR_SEC
20:43:02.853,1220,litter_colour,80,355,23,324,138,387,COLOR_SEC
20:43:02.893,1221,litter_colour,1516,658,1483,636,1549,680,COLOR_SEC
20:43:02.935,1222,litter_colour,1517,659,1485,637,1550,682,COLOR_SEC
20:43:02.935,1222,litter_colour,806,436,754,392,859,480,COLOR_SEC
20:43:02.935,1222,litter_colour,80,355,22,324,139,387,COLOR_SEC
20:43:02.975,1223,litter_colour,1519,660,1487,638,1552,683,COLOR_SEC
20:43:02.975,1223,litter_colour,686,486,640,453,732,519,COLOR_SEC
20:43:02.975,1223,litter_colour,805,436,751,391,859,481,COLOR_SEC
20:43:03.014,1224,litter_colour,802,437,746,393,859,481,COLOR_SEC
20:43:03.055,1225,litter_colour,804,437,750,393,859,481,COLOR_SEC
20:43:03.055,1225,litter_colour,475,345,447,331,504,359,COLOR_SEC
20:43:03.096,1226,litter_colour,686,487,638,453,734,521,COLOR_SEC
20:43:03.096,1226,litter_colour,475,345,447,331,504,359,COLOR_SEC
20:43:03.135,1227,litter_colour,686,487,638,453,734,521,COLOR_SEC
20:43:03.135,1227,litter_colour,475,345,447,331,504,359,COLOR_SEC
20:43:03.175,1228,litter_colour,683,487,637,453,730,521,COLOR_SEC
20:43:03.176,1228,litter_colour,802,437,745,393,859,482,COLOR_SEC
20:43:03.176,1228,litter_colour,475,345,446,331,504,359,COLOR_SEC
20:43:03.216,1229,litter_colour,914,1030,843,980,985,1080,COLOR_SEC
20:43:03.216,1229,litter_colour,654,913,596,871,712,956,COLOR_SEC
20:43:03.216,1229,litter_colour,683,487,637,453,730,521,COLOR_SEC
20:43:03.216,1229,litter_colour,805,437,752,393,859,482,COLOR_SEC
20:43:03.216,1229,litter_colour,475,345,446,331,504,359,COLOR_SEC
20:43:03.257,1230,litter_colour,914,1031,843,983,985,1080,COLOR_SEC
20:43:03.257,1230,litter_colour,850,953,811,926,890,980,COLOR_SEC
20:43:03.257,1230,litter_colour,652,916,594,874,711,959,COLOR_SEC
20:43:03.257,1230,litter_colour,701,488,669,454,734,522,COLOR_SEC
20:43:03.257,1230,litter_colour,801,437,744,393,858,482,COLOR_SEC
20:43:03.257,1230,litter_colour,475,345,446,331,504,359,COLOR_SEC
20:43:03.296,1231,litter_colour,914,1033,843,986,986,1080,COLOR_SEC
20:43:03.296,1231,litter_colour,850,958,811,929,890,988,COLOR_SEC
20:43:03.296,1231,litter_colour,651,918,592,876,710,961,COLOR_SEC
20:43:03.296,1231,litter_colour,691,487,641,453,741,522,COLOR_SEC
20:43:03.296,1231,litter_colour,801,437,744,392,858,482,COLOR_SEC
20:43:03.296,1231,litter_colour,474,345,446,332,502,359,COLOR_SEC
20:43:03.338,1232,litter_colour,913,1034,842,989,985,1080,COLOR_SEC
20:43:03.338,1232,litter_colour,849,959,811,928,887,990,COLOR_SEC
20:43:03.338,1232,litter_colour,705,488,670,454,741,523,COLOR_SEC
20:43:03.338,1232,litter_colour,800,438,744,393,857,483,COLOR_SEC
20:43:03.338,1232,litter_colour,473,345,445,332,501,359,COLOR_SEC
20:43:03.378,1233,litter_colour,913,1036,843,992,984,1080,COLOR_SEC
20:43:03.378,1233,litter_colour,848,959,811,933,886,986,COLOR_SEC
20:43:03.378,1233,litter_colour,702,488,670,454,734,523,COLOR_SEC
20:43:03.378,1233,litter_colour,800,438,743,393,857,483,COLOR_SEC
20:43:03.378,1233,litter_colour,473,345,445,332,501,359,COLOR_SEC
20:43:03.418,1234,litter_colour,913,1037,842,995,985,1080,COLOR_SEC
20:43:03.418,1234,litter_colour,701,488,669,454,734,523,COLOR_SEC
20:43:03.418,1234,litter_colour,800,438,743,393,858,483,COLOR_SEC
20:43:03.418,1234,litter_colour,473,345,445,332,501,359,COLOR_SEC
20:43:03.458,1235,litter_colour,913,1038,841,997,985,1080,COLOR_SEC
20:43:03.458,1235,litter_colour,704,488,669,454,740,523,COLOR_SEC
20:43:03.458,1235,litter_colour,800,438,743,393,857,483,COLOR_SEC
20:43:03.458,1235,litter_colour,472,345,444,332,501,359,COLOR_SEC
20:43:03.500,1236,litter_colour,704,488,668,454,740,523,COLOR_SEC
20:43:03.500,1236,litter_colour,800,438,743,393,857,483,COLOR_SEC
20:43:03.500,1236,litter_colour,473,345,444,332,502,359,COLOR_SEC
20:43:03.542,1237,litter_colour,700,488,668,454,732,523,COLOR_SEC
20:43:03.542,1237,litter_colour,473,346,444,332,502,360,COLOR_SEC
20:43:03.542,1237,litter_colour,69,356,10,324,129,389,COLOR_SEC
20:43:03.583,1238,litter_colour,702,489,665,454,739,524,COLOR_SEC
20:43:03.583,1238,litter_colour,800,438,742,393,858,483,COLOR_SEC
20:43:03.583,1238,litter_colour,472,346,444,332,501,360,COLOR_SEC
20:43:03.583,1238,litter_colour,69,356,10,324,129,389,COLOR_SEC
20:43:03.624,1239,litter_colour,703,489,668,455,739,524,COLOR_SEC
20:43:03.624,1239,litter_colour,472,346,444,333,501,360,COLOR_SEC
20:43:03.624,1239,litter_colour,70,356,10,324,130,389,COLOR_SEC
20:43:03.664,1240,litter_colour,800,439,742,394,858,484,COLOR_SEC
20:43:03.664,1240,litter_colour,473,346,445,333,502,360,COLOR_SEC
20:43:03.664,1240,litter_colour,69,356,9,324,130,389,COLOR_SEC
20:43:03.705,1241,litter_colour,1557,677,1523,653,1592,702,COLOR_SEC
20:43:03.705,1241,litter_colour,703,490,667,456,739,525,COLOR_SEC
20:43:03.705,1241,litter_colour,473,347,445,334,501,361,COLOR_SEC
20:43:03.705,1241,litter_colour,68,357,9,324,128,390,COLOR_SEC
20:43:03.745,1242,litter_colour,701,491,663,457,739,525,COLOR_SEC
20:43:03.745,1242,litter_colour,473,347,445,334,501,361,COLOR_SEC
20:43:03.745,1242,litter_colour,68,357,8,324,128,390,COLOR_SEC
20:43:03.787,1243,litter_colour,702,491,665,457,739,526,COLOR_SEC
20:43:03.787,1243,litter_colour,473,348,444,334,502,362,COLOR_SEC
20:43:03.787,1243,litter_colour,67,357,8,324,126,391,COLOR_SEC
20:43:03.827,1244,litter_colour,701,491,663,457,739,526,COLOR_SEC
20:43:03.827,1244,litter_colour,472,348,444,335,500,362,COLOR_SEC
20:43:03.827,1244,litter_colour,66,357,7,324,126,391,COLOR_SEC
20:43:03.867,1245,litter_colour,702,492,666,458,739,526,COLOR_SEC
20:43:03.867,1245,litter_colour,473,348,445,335,501,362,COLOR_SEC
20:43:03.867,1245,litter_colour,66,357,7,324,125,391,COLOR_SEC
20:43:03.906,1246,litter_colour,694,492,663,458,725,526,COLOR_SEC
20:43:03.906,1246,litter_colour,473,349,444,335,502,363,COLOR_SEC
20:43:03.906,1246,litter_colour,65,357,6,324,125,391,COLOR_SEC
20:43:03.946,1247,litter_colour,692,492,661,459,724,525,COLOR_SEC
20:43:03.946,1247,litter_colour,473,349,445,335,502,363,COLOR_SEC
20:43:03.946,1247,litter_colour,65,358,6,324,125,392,COLOR_SEC
20:43:03.987,1248,litter_colour,692,493,661,459,723,527,COLOR_SEC
20:43:03.987,1248,litter_colour,472,349,445,335,500,363,COLOR_SEC
20:43:03.987,1248,litter_colour,65,358,5,324,125,392,COLOR_SEC
20:43:04.028,1249,litter_colour,692,492,661,459,723,526,COLOR_SEC
20:43:04.028,1249,litter_colour,473,349,445,335,501,363,COLOR_SEC
20:43:04.029,1249,litter_colour,65,358,5,324,125,392,COLOR_SEC
20:43:04.069,1250,litter_colour,693,492,663,459,723,526,COLOR_SEC
20:43:04.069,1250,litter_colour,473,349,445,336,501,363,COLOR_SEC
20:43:04.069,1250,litter_colour,64,358,4,324,125,392,COLOR_SEC
20:43:04.112,1251,litter_colour,472,350,443,337,501,364,COLOR_SEC
20:43:04.112,1251,litter_colour,64,358,4,324,124,392,COLOR_SEC
20:43:04.153,1252,litter_colour,472,350,443,337,502,363,COLOR_SEC
20:43:04.153,1252,litter_colour,61,358,1,324,122,392,COLOR_SEC
20:43:04.194,1253,litter_colour,472,349,443,336,502,363,COLOR_SEC
20:43:04.194,1253,litter_colour,61,358,0,324,123,393,COLOR_SEC
20:43:04.234,1254,litter_colour,472,349,443,336,502,363,COLOR_SEC
20:43:04.234,1254,litter_colour,61,358,0,324,123,393,COLOR_SEC
20:43:04.274,1255,litter_colour,472,349,443,336,501,363,COLOR_SEC
20:43:04.274,1255,litter_colour,61,358,0,324,122,392,COLOR_SEC
20:43:04.316,1256,litter_colour,473,349,443,335,503,363,COLOR_SEC
20:43:04.316,1256,litter_colour,59,358,0,324,119,392,COLOR_SEC
20:43:04.356,1257,litter_colour,471,348,442,334,501,362,COLOR_SEC
20:43:04.356,1257,litter_colour,59,357,0,324,119,391,COLOR_SEC
20:43:04.396,1258,litter_colour,1036,606,1006,588,1067,624,COLOR_SEC
20:43:04.396,1258,litter_colour,471,347,442,334,501,361,COLOR_SEC
20:43:04.396,1258,litter_colour,59,357,0,324,118,390,COLOR_SEC
20:43:04.435,1259,litter_colour,1036,605,1006,587,1067,623,COLOR_SEC
20:43:04.435,1259,litter_colour,471,346,442,333,501,360,COLOR_SEC
20:43:04.435,1259,litter_colour,59,356,0,324,118,389,COLOR_SEC
20:43:04.474,1260,litter_colour,1037,604,1007,586,1068,623,COLOR_SEC
20:43:04.474,1260,litter_colour,471,345,442,332,501,359,COLOR_SEC
20:43:04.474,1260,litter_colour,58,356,0,324,117,388,COLOR_SEC
20:43:04.513,1261,litter_colour,1038,604,1008,586,1068,622,COLOR_SEC
20:43:04.513,1261,litter_colour,471,344,442,331,501,358,COLOR_SEC
20:43:04.513,1261,litter_colour,58,355,0,324,117,387,COLOR_SEC
20:43:04.553,1262,litter_colour,1038,604,1008,586,1069,623,COLOR_SEC
20:43:04.553,1262,litter_colour,471,344,442,330,500,358,COLOR_SEC
20:43:04.553,1262,litter_colour,58,355,0,324,117,387,COLOR_SEC
20:43:04.594,1263,litter_colour,1039,604,1008,586,1070,623,COLOR_SEC
20:43:04.594,1263,litter_colour,471,343,442,330,500,357,COLOR_SEC
20:43:04.594,1263,litter_colour,59,355,0,324,118,386,COLOR_SEC
20:43:04.634,1264,litter_colour,1039,604,1009,585,1070,623,COLOR_SEC
20:43:04.634,1264,litter_colour,471,343,442,330,500,357,COLOR_SEC
20:43:04.634,1264,litter_colour,58,354,0,324,117,385,COLOR_SEC
20:43:04.676,1265,litter_colour,743,627,711,600,776,654,COLOR_SEC
20:43:04.676,1265,litter_colour,816,446,774,402,859,490,COLOR_SEC
20:43:04.676,1265,litter_colour,470,342,441,329,500,356,COLOR_SEC
20:43:04.676,1265,litter_colour,58,354,0,324,116,385,COLOR_SEC
20:43:04.715,1266,litter_colour,742,626,709,600,776,652,COLOR_SEC
20:43:04.715,1266,litter_colour,816,447,774,404,859,490,COLOR_SEC
20:43:04.715,1266,litter_colour,470,342,441,329,499,356,COLOR_SEC
20:43:04.715,1266,litter_colour,57,354,0,324,115,385,COLOR_SEC
20:43:04.754,1267,litter_colour,745,624,714,600,776,649,COLOR_SEC
20:43:04.754,1267,litter_colour,816,445,774,401,859,489,COLOR_SEC
20:43:04.754,1267,litter_colour,470,341,441,328,500,355,COLOR_SEC
20:43:04.754,1267,litter_colour,57,354,0,324,114,384,COLOR_SEC
20:43:04.796,1268,litter_colour,742,626,709,600,776,652,COLOR_SEC
20:43:04.796,1268,litter_colour,815,441,772,401,859,482,COLOR_SEC
20:43:04.796,1268,litter_colour,469,341,440,328,499,355,COLOR_SEC
20:43:04.796,1268,litter_colour,57,354,0,324,114,384,COLOR_SEC
20:43:04.835,1269,litter_colour,744,624,713,599,775,650,COLOR_SEC
20:43:04.835,1269,litter_colour,810,441,772,401,848,482,COLOR_SEC
20:43:04.835,1269,litter_colour,469,341,440,327,498,355,COLOR_SEC
20:43:04.835,1269,litter_colour,56,354,0,324,112,384,COLOR_SEC
20:43:04.875,1270,litter_colour,1349,823,1317,808,1381,839,COLOR_SEC
20:43:04.875,1270,litter_colour,741,626,707,600,775,653,COLOR_SEC
20:43:04.875,1270,litter_colour,815,440,772,400,858,481,COLOR_SEC
20:43:04.875,1270,litter_colour,469,341,440,327,499,355,COLOR_SEC
20:43:04.875,1270,litter_colour,56,353,0,324,112,383,COLOR_SEC
20:43:04.915,1271,litter_colour,1346,824,1318,809,1375,840,COLOR_SEC
20:43:04.915,1271,litter_colour,741,627,711,601,771,654,COLOR_SEC
20:43:04.915,1271,litter_colour,815,441,772,401,858,481,COLOR_SEC
20:43:04.915,1271,litter_colour,468,340,439,327,498,354,COLOR_SEC
20:43:04.915,1271,litter_colour,55,353,0,324,110,383,COLOR_SEC
20:43:04.955,1272,litter_colour,739,627,706,600,773,655,COLOR_SEC
20:43:04.956,1272,litter_colour,812,440,769,399,855,481,COLOR_SEC
20:43:04.956,1272,litter_colour,467,340,438,326,497,354,COLOR_SEC
20:43:04.956,1272,litter_colour,54,353,0,324,109,383,COLOR_SEC
20:43:04.996,1273,litter_colour,738,628,706,602,771,655,COLOR_SEC
20:43:04.996,1273,litter_colour,808,440,770,400,846,481,COLOR_SEC
20:43:04.996,1273,litter_colour,466,340,437,327,496,354,COLOR_SEC
20:43:04.996,1273,litter_colour,54,353,0,324,108,382,COLOR_SEC
20:43:05.036,1274,litter_colour,573,1032,494,985,653,1080,COLOR_SEC
20:43:05.036,1274,litter_colour,741,629,711,602,771,656,COLOR_SEC
20:43:05.036,1274,litter_colour,808,440,771,399,846,482,COLOR_SEC
20:43:05.036,1274,litter_colour,467,340,437,327,497,354,COLOR_SEC
20:43:05.036,1274,litter_colour,53,353,0,324,107,382,COLOR_SEC
20:43:05.076,1275,litter_colour,571,1034,491,988,652,1080,COLOR_SEC
20:43:05.076,1275,litter_colour,737,629,705,603,769,656,COLOR_SEC
20:43:05.076,1275,litter_colour,808,451,771,422,846,481,COLOR_SEC
20:43:05.076,1275,litter_colour,466,340,436,326,497,354,COLOR_SEC
20:43:05.076,1275,litter_colour,53,353,0,324,106,382,COLOR_SEC
20:43:05.118,1276,litter_colour,569,1036,488,992,650,1080,COLOR_SEC
20:43:05.118,1276,litter_colour,1180,837,1152,813,1209,862,COLOR_SEC
20:43:05.118,1276,litter_colour,737,629,705,602,769,656,COLOR_SEC
20:43:05.118,1276,litter_colour,808,445,770,401,846,489,COLOR_SEC
20:43:05.118,1276,litter_colour,466,340,436,326,496,354,COLOR_SEC
20:43:05.118,1276,litter_colour,52,353,0,324,105,382,COLOR_SEC
20:43:05.158,1277,litter_colour,567,1038,486,996,649,1080,COLOR_SEC
20:43:05.158,1277,litter_colour,1182,839,1154,815,1211,864,COLOR_SEC
20:43:05.158,1277,litter_colour,735,631,702,604,769,658,COLOR_SEC
20:43:05.158,1277,litter_colour,819,444,768,399,871,489,COLOR_SEC
20:43:05.158,1277,litter_colour,465,340,435,326,496,354,COLOR_SEC
20:43:05.158,1277,litter_colour,52,353,0,324,104,382,COLOR_SEC
20:43:05.198,1278,litter_colour,735,632,702,607,769,658,COLOR_SEC
20:43:05.198,1278,litter_colour,813,452,770,416,857,489,COLOR_SEC
20:43:05.198,1278,litter_colour,465,340,435,326,495,354,COLOR_SEC
20:43:05.198,1278,litter_colour,52,353,0,324,104,382,COLOR_SEC
20:43:05.239,1279,litter_colour,733,631,701,607,766,656,COLOR_SEC
20:43:05.239,1279,litter_colour,1044,608,1012,588,1076,628,COLOR_SEC
20:43:05.239,1279,litter_colour,813,445,770,402,856,489,COLOR_SEC
20:43:05.239,1279,litter_colour,464,340,434,326,495,354,COLOR_SEC
20:43:05.239,1279,litter_colour,51,353,0,324,103,382,COLOR_SEC
20:43:05.279,1280,litter_colour,734,633,701,608,768,659,COLOR_SEC
20:43:05.279,1280,litter_colour,1044,609,1012,589,1076,629,COLOR_SEC
20:43:05.279,1280,litter_colour,812,441,768,401,856,482,COLOR_SEC
20:43:05.279,1280,litter_colour,464,340,434,326,495,354,COLOR_SEC
20:43:05.279,1280,litter_colour,51,353,0,324,102,382,COLOR_SEC
20:43:05.320,1281,litter_colour,734,632,701,606,767,658,COLOR_SEC
20:43:05.320,1281,litter_colour,1044,609,1012,590,1077,629,COLOR_SEC
20:43:05.320,1281,litter_colour,811,441,766,401,856,482,COLOR_SEC
20:43:05.320,1281,litter_colour,464,340,434,326,495,354,COLOR_SEC
20:43:05.320,1281,litter_colour,50,353,0,324,101,382,COLOR_SEC
20:43:05.359,1282,litter_colour,735,634,701,607,770,662,COLOR_SEC
20:43:05.359,1282,litter_colour,1045,610,1013,590,1077,630,COLOR_SEC
20:43:05.359,1282,litter_colour,811,442,766,401,856,483,COLOR_SEC
20:43:05.359,1282,litter_colour,463,340,433,326,493,354,COLOR_SEC
20:43:05.359,1282,litter_colour,50,353,0,324,100,382,COLOR_SEC
20:43:05.400,1283,litter_colour,792,917,763,888,821,947,COLOR_SEC
20:43:05.400,1283,litter_colour,727,633,686,607,769,660,COLOR_SEC
20:43:05.400,1283,litter_colour,1045,611,1013,591,1078,631,COLOR_SEC
20:43:05.400,1283,litter_colour,811,442,766,402,856,483,COLOR_SEC
20:43:05.400,1283,litter_colour,463,340,433,326,494,354,COLOR_SEC
20:43:05.400,1283,litter_colour,49,353,0,324,99,383,COLOR_SEC
20:43:05.441,1284,litter_colour,732,634,697,607,768,661,COLOR_SEC
20:43:05.441,1284,litter_colour,1040,611,1002,591,1078,631,COLOR_SEC
20:43:05.441,1284,litter_colour,810,441,764,399,856,483,COLOR_SEC
20:43:05.441,1284,litter_colour,462,339,432,325,493,354,COLOR_SEC
20:43:05.441,1284,litter_colour,49,353,0,324,98,382,COLOR_SEC
20:43:05.480,1285,litter_colour,727,634,685,608,769,661,COLOR_SEC
20:43:05.480,1285,litter_colour,1040,611,1002,591,1079,632,COLOR_SEC
20:43:05.480,1285,litter_colour,819,442,768,401,871,483,COLOR_SEC
20:43:05.480,1285,litter_colour,461,339,432,325,491,353,COLOR_SEC
20:43:05.480,1285,litter_colour,48,353,0,324,97,382,COLOR_SEC
20:43:05.520,1286,litter_colour,739,636,708,608,770,665,COLOR_SEC
20:43:05.520,1286,litter_colour,1041,612,1003,592,1079,632,COLOR_SEC
20:43:05.520,1286,litter_colour,801,440,732,398,871,483,COLOR_SEC
20:43:05.520,1286,litter_colour,461,339,431,325,492,353,COLOR_SEC
20:43:05.520,1286,litter_colour,47,353,0,324,95,382,COLOR_SEC
20:43:05.559,1287,litter_colour,736,636,706,609,766,663,COLOR_SEC
20:43:05.559,1287,litter_colour,1047,612,1014,592,1080,633,COLOR_SEC
20:43:05.559,1287,litter_colour,809,441,763,400,855,483,COLOR_SEC
20:43:05.559,1287,litter_colour,460,338,430,325,490,352,COLOR_SEC
20:43:05.559,1287,litter_colour,47,352,0,324,94,381,COLOR_SEC
20:43:05.599,1288,litter_colour,737,637,710,610,765,664,COLOR_SEC
20:43:05.599,1288,litter_colour,1043,613,1007,593,1080,633,COLOR_SEC
20:43:05.599,1288,litter_colour,809,441,763,400,855,483,COLOR_SEC
20:43:05.599,1288,litter_colour,460,338,430,324,490,352,COLOR_SEC
20:43:05.599,1288,litter_colour,46,352,0,324,93,381,COLOR_SEC
20:43:05.640,1289,litter_colour,736,637,707,610,765,665,COLOR_SEC
20:43:05.640,1289,litter_colour,1048,614,1015,594,1081,634,COLOR_SEC
20:43:05.640,1289,litter_colour,809,441,764,400,855,483,COLOR_SEC
20:43:05.641,1289,litter_colour,459,338,430,324,488,352,COLOR_SEC
20:43:05.641,1289,litter_colour,46,352,0,324,92,381,COLOR_SEC
20:43:05.681,1290,litter_colour,734,638,705,611,764,666,COLOR_SEC
20:43:05.681,1290,litter_colour,1045,614,1008,594,1082,635,COLOR_SEC
20:43:05.681,1290,litter_colour,809,441,764,400,855,483,COLOR_SEC
20:43:05.681,1290,litter_colour,459,338,429,324,490,352,COLOR_SEC
20:43:05.681,1290,litter_colour,45,352,0,324,91,380,COLOR_SEC
20:43:05.721,1291,litter_colour,1049,615,1016,595,1082,635,COLOR_SEC
20:43:05.721,1291,litter_colour,809,441,764,400,855,483,COLOR_SEC
20:43:05.721,1291,litter_colour,459,338,429,324,489,352,COLOR_SEC
20:43:05.721,1291,litter_colour,45,352,0,324,91,380,COLOR_SEC
20:43:05.760,1292,litter_colour,1046,615,1009,595,1083,636,COLOR_SEC
20:43:05.760,1292,litter_colour,809,441,764,400,855,483,COLOR_SEC
20:43:05.760,1292,litter_colour,459,337,429,324,489,351,COLOR_SEC
20:43:05.760,1292,litter_colour,45,352,0,324,90,380,COLOR_SEC
20:43:05.801,1293,litter_colour,1047,617,1010,596,1084,638,COLOR_SEC
20:43:05.801,1293,litter_colour,817,441,764,400,871,483,COLOR_SEC
20:43:05.801,1293,litter_colour,459,337,429,324,489,351,COLOR_SEC
20:43:05.801,1293,litter_colour,45,352,0,324,90,380,COLOR_SEC
20:43:05.843,1294,litter_colour,1047,618,1009,597,1085,639,COLOR_SEC
20:43:05.843,1294,litter_colour,809,442,764,401,855,484,COLOR_SEC
20:43:05.843,1294,litter_colour,459,337,429,324,489,351,COLOR_SEC
20:43:05.843,1294,litter_colour,45,352,0,324,90,380,COLOR_SEC
20:43:05.883,1295,litter_colour,1048,619,1010,598,1086,640,COLOR_SEC
20:43:05.883,1295,litter_colour,459,338,429,324,489,352,COLOR_SEC
20:43:05.883,1295,litter_colour,44,352,0,324,89,381,COLOR_SEC
20:43:05.924,1296,litter_colour,1049,620,1011,599,1087,642,COLOR_SEC
20:43:05.924,1296,litter_colour,458,338,428,324,488,352,COLOR_SEC
20:43:05.924,1296,litter_colour,45,352,0,324,90,381,COLOR_SEC
20:43:05.966,1297,litter_colour,1049,622,1011,601,1088,643,COLOR_SEC
20:43:05.966,1297,litter_colour,458,339,428,325,489,353,COLOR_SEC
20:43:05.966,1297,litter_colour,45,353,0,324,90,382,COLOR_SEC
20:43:06.006,1298,litter_colour,1050,623,1011,602,1089,645,COLOR_SEC
20:43:06.006,1298,litter_colour,458,339,428,325,488,353,COLOR_SEC
20:43:06.006,1298,litter_colour,45,353,0,324,90,382,COLOR_SEC
20:43:06.046,1299,litter_colour,1051,625,1013,603,1090,647,COLOR_SEC
20:43:06.046,1299,litter_colour,459,340,428,326,490,354,COLOR_SEC
20:43:06.046,1299,litter_colour,44,353,0,324,89,383,COLOR_SEC
20:43:06.085,1300,litter_colour,1053,627,1016,605,1091,649,COLOR_SEC
20:43:06.085,1300,litter_colour,458,341,428,327,489,355,COLOR_SEC
20:43:06.085,1300,litter_colour,44,353,0,324,89,383,COLOR_SEC
20:43:06.125,1301,litter_colour,1053,628,1015,606,1092,650,COLOR_SEC
20:43:06.125,1301,litter_colour,810,456,764,422,856,490,COLOR_SEC
20:43:06.125,1301,litter_colour,459,341,429,327,490,355,COLOR_SEC
20:43:06.125,1301,litter_colour,44,354,0,324,89,384,COLOR_SEC
20:43:06.167,1302,litter_colour,1054,629,1015,607,1093,652,COLOR_SEC
20:43:06.167,1302,litter_colour,810,456,764,423,857,490,COLOR_SEC
20:43:06.167,1302,litter_colour,459,341,429,328,489,355,COLOR_SEC
20:43:06.167,1302,litter_colour,44,354,0,324,89,385,COLOR_SEC
20:43:06.208,1303,litter_colour,1262,1037,1202,995,1322,1080,COLOR_SEC
20:43:06.208,1303,litter_colour,1059,630,1024,608,1094,653,COLOR_SEC
20:43:06.208,1303,litter_colour,811,457,765,423,858,491,COLOR_SEC
20:43:06.208,1303,litter_colour,459,341,429,328,489,355,COLOR_SEC
20:43:06.208,1303,litter_colour,44,354,0,324,89,385,COLOR_SEC
20:43:06.250,1304,litter_colour,1056,631,1017,609,1095,654,COLOR_SEC
20:43:06.250,1304,litter_colour,811,457,764,423,858,491,COLOR_SEC
20:43:06.250,1304,litter_colour,459,342,429,328,489,356,COLOR_SEC
20:43:06.250,1304,litter_colour,44,354,0,324,89,385,COLOR_SEC
20:43:06.289,1305,litter_colour,735,661,701,631,769,692,COLOR_SEC
20:43:06.289,1305,litter_colour,1061,632,1027,609,1096,655,COLOR_SEC
20:43:06.289,1305,litter_colour,811,457,764,424,858,491,COLOR_SEC
20:43:06.289,1305,litter_colour,459,342,429,328,490,356,COLOR_SEC
20:43:06.289,1305,litter_colour,44,354,0,324,89,385,COLOR_SEC
20:43:06.328,1306,litter_colour,735,660,702,632,768,688,COLOR_SEC
20:43:06.328,1306,litter_colour,1058,632,1019,610,1097,655,COLOR_SEC
20:43:06.328,1306,litter_colour,811,457,764,423,858,491,COLOR_SEC
20:43:06.328,1306,litter_colour,459,341,429,327,489,356,COLOR_SEC
20:43:06.328,1306,litter_colour,44,354,0,324,89,385,COLOR_SEC
20:43:06.370,1307,litter_colour,734,662,702,632,767,692,COLOR_SEC
20:43:06.370,1307,litter_colour,1058,633,1019,610,1098,656,COLOR_SEC
20:43:06.370,1307,litter_colour,812,457,766,423,859,491,COLOR_SEC
20:43:06.370,1307,litter_colour,460,341,429,327,491,355,COLOR_SEC
20:43:06.370,1307,litter_colour,44,354,0,324,88,384,COLOR_SEC
20:43:06.410,1308,litter_colour,735,663,702,633,769,694,COLOR_SEC
20:43:06.410,1308,litter_colour,1059,633,1019,611,1099,656,COLOR_SEC
20:43:06.410,1308,litter_colour,812,456,766,422,859,491,COLOR_SEC
20:43:06.410,1308,litter_colour,459,341,429,327,490,355,COLOR_SEC
20:43:06.410,1308,litter_colour,44,354,0,324,89,384,COLOR_SEC
20:43:06.449,1309,litter_colour,1060,634,1021,611,1100,657,COLOR_SEC
20:43:06.449,1309,litter_colour,812,457,766,423,859,491,COLOR_SEC
20:43:06.449,1309,litter_colour,460,340,429,326,491,354,COLOR_SEC
20:43:06.449,1309,litter_colour,44,354,0,324,89,384,COLOR_SEC
20:43:06.490,1310,litter_colour,725,664,681,633,770,696,COLOR_SEC
20:43:06.490,1310,litter_colour,1060,634,1020,611,1101,658,COLOR_SEC
20:43:06.490,1310,litter_colour,813,456,766,422,860,491,COLOR_SEC
20:43:06.490,1310,litter_colour,460,339,430,325,491,354,COLOR_SEC
20:43:06.490,1310,litter_colour,44,354,0,324,89,384,COLOR_SEC
20:43:06.530,1311,litter_colour,1061,635,1021,612,1102,658,COLOR_SEC
20:43:06.530,1311,litter_colour,813,457,766,423,860,491,COLOR_SEC
20:43:06.530,1311,litter_colour,460,339,430,325,491,354,COLOR_SEC
20:43:06.530,1311,litter_colour,44,354,0,324,89,384,COLOR_SEC
20:43:06.570,1312,litter_colour,723,662,678,634,769,691,COLOR_SEC
20:43:06.570,1312,litter_colour,1062,636,1022,613,1103,659,COLOR_SEC
20:43:06.570,1312,litter_colour,813,456,766,421,860,492,COLOR_SEC
20:43:06.570,1312,litter_colour,460,339,430,325,491,354,COLOR_SEC
20:43:06.570,1312,litter_colour,44,354,0,324,89,384,COLOR_SEC
20:43:06.611,1313,litter_colour,723,666,680,638,767,695,COLOR_SEC
20:43:06.611,1313,litter_colour,1063,637,1023,614,1104,660,COLOR_SEC
20:43:06.611,1313,litter_colour,813,457,766,423,860,492,COLOR_SEC
20:43:06.611,1313,litter_colour,460,340,430,326,491,354,COLOR_SEC
20:43:06.611,1313,litter_colour,44,354,0,324,89,384,COLOR_SEC
20:43:06.651,1314,litter_colour,730,667,694,639,767,695,COLOR_SEC
20:43:06.651,1314,litter_colour,1064,637,1023,614,1105,661,COLOR_SEC
20:43:06.651,1314,litter_colour,813,448,766,404,861,493,COLOR_SEC
20:43:06.651,1314,litter_colour,460,340,430,326,490,354,COLOR_SEC
20:43:06.651,1314,litter_colour,44,354,0,324,89,384,COLOR_SEC
20:43:06.691,1315,litter_colour,730,666,694,640,767,693,COLOR_SEC
20:43:06.691,1315,litter_colour,1065,639,1024,615,1106,663,COLOR_SEC
20:43:06.691,1315,litter_colour,814,458,767,424,861,493,COLOR_SEC
20:43:06.691,1315,litter_colour,460,340,430,326,490,354,COLOR_SEC
20:43:06.691,1315,litter_colour,44,354,0,324,89,384,COLOR_SEC
20:43:06.731,1316,litter_colour,44,955,0,926,89,984,COLOR_SEC
20:43:06.731,1316,litter_colour,730,672,694,641,767,703,COLOR_SEC
20:43:06.731,1316,litter_colour,1066,639,1025,616,1107,663,COLOR_SEC
20:43:06.731,1316,litter_colour,813,461,767,429,860,493,COLOR_SEC
20:43:06.731,1316,litter_colour,460,341,430,327,491,355,COLOR_SEC
20:43:06.731,1316,litter_colour,44,354,0,324,89,384,COLOR_SEC
20:43:06.773,1317,litter_colour,42,959,0,929,85,989,COLOR_SEC
20:43:06.773,1317,litter_colour,733,671,699,642,767,700,COLOR_SEC
20:43:06.773,1317,litter_colour,813,461,767,429,860,493,COLOR_SEC
20:43:06.773,1317,litter_colour,460,341,430,327,491,355,COLOR_SEC
20:43:06.773,1317,litter_colour,44,354,0,324,89,385,COLOR_SEC
20:43:06.812,1318,litter_colour,732,671,698,643,767,700,COLOR_SEC
20:43:06.812,1318,litter_colour,813,456,767,418,860,494,COLOR_SEC
20:43:06.812,1318,litter_colour,460,341,430,327,491,355,COLOR_SEC
20:43:06.812,1318,litter_colour,44,354,0,324,89,385,COLOR_SEC
20:43:06.851,1319,litter_colour,733,673,702,644,765,702,COLOR_SEC
20:43:06.851,1319,litter_colour,814,459,767,424,862,494,COLOR_SEC
20:43:06.851,1319,litter_colour,460,340,430,326,491,355,COLOR_SEC
20:43:06.851,1319,litter_colour,44,354,0,324,89,385,COLOR_SEC
20:43:06.890,1320,litter_colour,732,673,698,644,766,703,COLOR_SEC
20:43:06.891,1320,litter_colour,814,458,767,424,862,493,COLOR_SEC
20:43:06.891,1320,litter_colour,460,340,430,326,491,355,COLOR_SEC
20:43:06.891,1320,litter_colour,44,354,0,324,88,385,COLOR_SEC
20:43:06.930,1321,litter_colour,733,673,699,643,767,703,COLOR_SEC
20:43:06.930,1321,litter_colour,814,458,767,424,862,493,COLOR_SEC
20:43:06.930,1321,litter_colour,460,340,430,326,490,354,COLOR_SEC
20:43:06.930,1321,litter_colour,44,354,0,324,88,384,COLOR_SEC
20:43:06.972,1322,litter_colour,734,672,702,641,766,704,COLOR_SEC
20:43:06.972,1322,litter_colour,1094,549,1052,527,1136,571,COLOR_SEC
20:43:06.972,1322,litter_colour,814,458,767,423,862,493,COLOR_SEC
20:43:06.972,1322,litter_colour,846,381,810,363,883,400,COLOR_SEC
20:43:06.972,1322,litter_colour,462,340,431,326,493,354,COLOR_SEC
20:43:06.972,1322,litter_colour,43,354,0,324,87,384,COLOR_SEC
20:43:07.013,1323,litter_colour,727,673,699,642,756,705,COLOR_SEC
20:43:07.013,1323,litter_colour,1095,552,1053,533,1137,571,COLOR_SEC
20:43:07.013,1323,litter_colour,810,460,768,428,852,493,COLOR_SEC
20:43:07.013,1323,litter_colour,855,381,831,363,880,400,COLOR_SEC
20:43:07.013,1323,litter_colour,461,340,430,326,492,354,COLOR_SEC
20:43:07.013,1323,litter_colour,43,354,0,324,87,384,COLOR_SEC
20:43:07.053,1324,litter_colour,736,674,705,643,768,706,COLOR_SEC
20:43:07.053,1324,litter_colour,1109,550,1053,527,1166,573,COLOR_SEC
20:43:07.053,1324,litter_colour,815,448,767,403,863,493,COLOR_SEC
20:43:07.053,1324,litter_colour,853,383,808,362,898,405,COLOR_SEC
20:43:07.053,1324,litter_colour,460,340,430,326,491,354,COLOR_SEC
20:43:07.053,1324,litter_colour,43,354,0,324,86,384,COLOR_SEC
20:43:07.095,1325,litter_colour,732,677,700,642,765,712,COLOR_SEC
20:43:07.095,1325,litter_colour,1104,550,1053,527,1155,573,COLOR_SEC
20:43:07.095,1325,litter_colour,815,448,767,404,863,493,COLOR_SEC
20:43:07.095,1325,litter_colour,854,383,810,362,898,404,COLOR_SEC
20:43:07.095,1325,litter_colour,460,340,430,326,491,354,COLOR_SEC
20:43:07.095,1325,litter_colour,43,354,0,324,86,384,COLOR_SEC
20:43:07.134,1326,litter_colour,736,677,704,643,769,712,COLOR_SEC
20:43:07.134,1326,litter_colour,1110,549,1054,527,1167,572,COLOR_SEC
20:43:07.134,1326,litter_colour,815,448,767,404,863,493,COLOR_SEC
20:43:07.134,1326,litter_colour,854,383,810,362,898,404,COLOR_SEC
20:43:07.134,1326,litter_colour,460,339,430,325,491,354,COLOR_SEC
20:43:07.134,1326,litter_colour,43,354,0,324,86,384,COLOR_SEC
20:43:07.175,1327,litter_colour,736,676,704,645,768,708,COLOR_SEC
20:43:07.176,1327,litter_colour,1094,550,1055,527,1134,573,COLOR_SEC
20:43:07.176,1327,litter_colour,814,455,767,417,861,493,COLOR_SEC
20:43:07.176,1327,litter_colour,854,385,810,366,898,404,COLOR_SEC
20:43:07.176,1327,litter_colour,460,339,430,325,490,353,COLOR_SEC
20:43:07.176,1327,litter_colour,42,354,0,324,85,384,COLOR_SEC
20:43:07.215,1328,litter_colour,733,679,699,644,767,715,COLOR_SEC
20:43:07.215,1328,litter_colour,1112,550,1055,527,1169,573,COLOR_SEC
20:43:07.215,1328,litter_colour,814,455,767,417,861,493,COLOR_SEC
20:43:07.215,1328,litter_colour,853,384,808,365,898,404,COLOR_SEC
20:43:07.215,1328,litter_colour,460,339,430,325,490,353,COLOR_SEC
20:43:07.215,1328,litter_colour,42,354,0,324,85,384,COLOR_SEC
20:43:07.256,1329,litter_colour,1106,550,1055,527,1158,573,COLOR_SEC
20:43:07.256,1329,litter_colour,815,455,767,417,863,493,COLOR_SEC
20:43:07.256,1329,litter_colour,854,384,808,365,900,404,COLOR_SEC
20:43:07.256,1329,litter_colour,461,339,430,325,492,353,COLOR_SEC
20:43:07.256,1329,litter_colour,42,353,0,324,85,383,COLOR_SEC
20:43:07.295,1330,litter_colour,1107,550,1055,527,1159,573,COLOR_SEC
20:43:07.295,1330,litter_colour,815,455,767,417,863,493,COLOR_SEC
20:43:07.295,1330,litter_colour,853,384,808,365,899,404,COLOR_SEC
20:43:07.295,1330,litter_colour,461,339,430,325,492,353,COLOR_SEC
20:43:07.295,1330,litter_colour,42,353,0,324,84,383,COLOR_SEC
20:43:07.337,1331,litter_colour,724,679,695,646,753,713,COLOR_SEC
20:43:07.337,1331,litter_colour,1075,647,1032,622,1119,673,COLOR_SEC
20:43:07.337,1331,litter_colour,1096,551,1056,528,1136,575,COLOR_SEC
20:43:07.337,1331,litter_colour,815,455,767,417,863,494,COLOR_SEC
20:43:07.337,1331,litter_colour,853,384,808,365,899,404,COLOR_SEC
20:43:07.337,1331,litter_colour,461,339,430,325,492,353,COLOR_SEC
20:43:07.337,1331,litter_colour,42,353,0,324,84,383,COLOR_SEC
20:43:07.378,1332,litter_colour,1076,649,1033,623,1120,675,COLOR_SEC
20:43:07.378,1332,litter_colour,1116,559,1056,528,1177,591,COLOR_SEC
20:43:07.378,1332,litter_colour,814,458,766,423,863,494,COLOR_SEC
20:43:07.378,1332,litter_colour,853,384,808,365,899,404,COLOR_SEC
20:43:07.378,1332,litter_colour,460,339,430,325,490,353,COLOR_SEC
20:43:07.378,1332,litter_colour,42,354,0,324,84,384,COLOR_SEC
20:43:07.420,1333,litter_colour,1077,650,1033,624,1121,676,COLOR_SEC
20:43:07.420,1333,litter_colour,1114,552,1056,528,1173,576,COLOR_SEC
20:43:07.420,1333,litter_colour,814,458,766,423,863,494,COLOR_SEC
20:43:07.420,1333,litter_colour,853,387,808,365,899,410,COLOR_SEC
20:43:07.420,1333,litter_colour,460,339,430,325,491,353,COLOR_SEC
20:43:07.420,1333,litter_colour,42,354,0,324,84,384,COLOR_SEC
20:43:07.461,1334,litter_colour,1078,651,1034,625,1122,677,COLOR_SEC
20:43:07.461,1334,litter_colour,814,449,766,404,863,494,COLOR_SEC
20:43:07.461,1334,litter_colour,854,387,810,365,899,410,COLOR_SEC
20:43:07.461,1334,litter_colour,460,340,430,326,491,354,COLOR_SEC
20:43:07.461,1334,litter_colour,41,354,0,324,83,384,COLOR_SEC
20:43:07.502,1335,litter_colour,1078,651,1034,625,1123,678,COLOR_SEC
20:43:07.502,1335,litter_colour,1115,552,1057,529,1174,576,COLOR_SEC
20:43:07.502,1335,litter_colour,815,459,766,423,864,495,COLOR_SEC
20:43:07.502,1335,litter_colour,865,387,831,365,900,410,COLOR_SEC
20:43:07.502,1335,litter_colour,461,340,431,326,491,354,COLOR_SEC
20:43:07.502,1335,litter_colour,41,354,0,324,83,384,COLOR_SEC
20:43:07.542,1336,litter_colour,1079,652,1035,626,1123,678,COLOR_SEC
20:43:07.542,1336,litter_colour,814,459,766,423,863,495,COLOR_SEC
20:43:07.542,1336,litter_colour,865,388,831,365,900,411,COLOR_SEC
20:43:07.542,1336,litter_colour,461,340,431,326,492,354,COLOR_SEC
20:43:07.542,1336,litter_colour,41,354,0,324,83,385,COLOR_SEC
20:43:07.583,1337,litter_colour,924,696,892,672,956,720,COLOR_SEC
20:43:07.583,1337,litter_colour,1079,653,1035,627,1124,680,COLOR_SEC
20:43:07.583,1337,litter_colour,815,449,766,404,864,495,COLOR_SEC
20:43:07.583,1337,litter_colour,865,385,831,365,900,405,COLOR_SEC
20:43:07.583,1337,litter_colour,462,340,431,326,493,354,COLOR_SEC
20:43:07.583,1337,litter_colour,41,354,0,324,83,385,COLOR_SEC
20:43:07.624,1338,litter_colour,923,697,890,672,956,722,COLOR_SEC
20:43:07.624,1338,litter_colour,1117,555,1059,531,1176,579,COLOR_SEC
20:43:07.624,1338,litter_colour,815,448,766,401,864,496,COLOR_SEC
20:43:07.624,1338,litter_colour,865,385,831,365,900,405,COLOR_SEC
20:43:07.624,1338,litter_colour,461,340,430,326,493,354,COLOR_SEC
20:43:07.624,1338,litter_colour,41,354,0,324,83,385,COLOR_SEC
20:43:07.664,1339,litter_colour,924,699,892,674,956,724,COLOR_SEC
20:43:07.664,1339,litter_colour,1110,554,1043,502,1177,607,COLOR_SEC
20:43:07.664,1339,litter_colour,815,450,766,405,864,496,COLOR_SEC
20:43:07.664,1339,litter_colour,854,385,808,365,900,405,COLOR_SEC
20:43:07.664,1339,litter_colour,461,340,430,326,493,355,COLOR_SEC
20:43:07.664,1339,litter_colour,41,354,0,324,82,385,COLOR_SEC
20:43:07.704,1340,litter_colour,923,700,890,675,956,725,COLOR_SEC
20:43:07.704,1340,litter_colour,1005,558,981,535,1030,582,COLOR_SEC
20:43:07.704,1340,litter_colour,1111,541,1044,503,1178,580,COLOR_SEC
20:43:07.704,1340,litter_colour,815,450,766,405,864,496,COLOR_SEC
20:43:07.704,1340,litter_colour,854,382,808,360,900,405,COLOR_SEC
20:43:07.704,1340,litter_colour,461,340,430,325,493,355,COLOR_SEC
20:43:07.704,1340,litter_colour,41,354,0,324,82,385,COLOR_SEC
20:43:07.746,1341,litter_colour,923,701,890,676,956,727,COLOR_SEC
20:43:07.746,1341,litter_colour,1005,558,980,535,1031,582,COLOR_SEC
20:43:07.746,1341,litter_colour,1106,555,1060,531,1153,580,COLOR_SEC
20:43:07.746,1341,litter_colour,815,460,766,424,864,496,COLOR_SEC
20:43:07.746,1341,litter_colour,854,385,808,360,900,411,COLOR_SEC
20:43:07.746,1341,litter_colour,461,340,430,325,493,355,COLOR_SEC
20:43:07.746,1341,litter_colour,40,354,0,324,81,385,COLOR_SEC
20:43:07.787,1342,litter_colour,923,702,890,676,957,728,COLOR_SEC
20:43:07.787,1342,litter_colour,1004,558,977,535,1031,582,COLOR_SEC
20:43:07.787,1342,litter_colour,815,450,767,404,864,497,COLOR_SEC
20:43:07.787,1342,litter_colour,854,387,808,363,900,411,COLOR_SEC
20:43:07.787,1342,litter_colour,461,339,431,325,492,354,COLOR_SEC
20:43:07.787,1342,litter_colour,40,354,0,324,80,385,COLOR_SEC
20:43:07.827,1343,litter_colour,923,703,890,678,957,729,COLOR_SEC
20:43:07.827,1343,litter_colour,1004,558,977,534,1031,583,COLOR_SEC
20:43:07.827,1343,litter_colour,1100,552,1045,525,1156,580,COLOR_SEC
20:43:07.827,1343,litter_colour,815,450,767,404,864,496,COLOR_SEC
20:43:07.827,1343,litter_colour,863,387,827,363,900,411,COLOR_SEC
20:43:07.827,1343,litter_colour,461,339,431,325,491,354,COLOR_SEC
20:43:07.869,1344,litter_colour,923,704,890,678,957,730,COLOR_SEC
20:43:07.869,1344,litter_colour,1004,559,977,534,1031,584,COLOR_SEC
20:43:07.869,1344,litter_colour,1109,555,1061,531,1158,580,COLOR_SEC
20:43:07.869,1344,litter_colour,815,450,766,404,864,497,COLOR_SEC
20:43:07.869,1344,litter_colour,863,387,827,363,900,411,COLOR_SEC
20:43:07.869,1344,litter_colour,461,339,430,325,492,353,COLOR_SEC
20:43:07.907,1345,litter_colour,923,706,890,681,957,732,COLOR_SEC
20:43:07.907,1345,litter_colour,815,450,766,404,864,497,COLOR_SEC
20:43:07.907,1345,litter_colour,863,385,831,363,895,407,COLOR_SEC
20:43:07.907,1345,litter_colour,461,339,430,325,492,353,COLOR_SEC
20:43:07.947,1346,litter_colour,924,708,890,682,958,734,COLOR_SEC
20:43:07.947,1346,litter_colour,809,458,766,418,852,498,COLOR_SEC
20:43:07.947,1346,litter_colour,862,385,830,363,895,408,COLOR_SEC
20:43:07.947,1346,litter_colour,461,338,430,324,492,353,COLOR_SEC
20:43:07.987,1347,litter_colour,923,710,890,684,957,736,COLOR_SEC
20:43:07.987,1347,litter_colour,1002,544,973,501,1032,587,COLOR_SEC
20:43:07.987,1347,litter_colour,815,458,766,418,864,499,COLOR_SEC
20:43:07.987,1347,litter_colour,863,387,832,363,895,411,COLOR_SEC
20:43:07.987,1347,litter_colour,461,338,430,324,493,353,COLOR_SEC
20:43:08.028,1348,litter_colour,924,712,890,686,958,738,COLOR_SEC
20:43:08.028,1348,litter_colour,814,458,764,417,864,499,COLOR_SEC
20:43:08.028,1348,litter_colour,861,387,828,363,895,412,COLOR_SEC
20:43:08.028,1348,litter_colour,461,339,430,325,492,354,COLOR_SEC
20:43:08.067,1349,litter_colour,923,714,889,688,958,740,COLOR_SEC
20:43:08.067,1349,litter_colour,1003,546,973,503,1033,589,COLOR_SEC
20:43:08.067,1349,litter_colour,808,466,764,432,852,501,COLOR_SEC
20:43:08.067,1349,litter_colour,852,388,809,363,895,413,COLOR_SEC
20:43:08.067,1349,litter_colour,460,340,430,326,491,355,COLOR_SEC
20:43:08.107,1350,litter_colour,922,716,889,690,956,743,COLOR_SEC
20:43:08.107,1350,litter_colour,1109,546,1045,507,1173,586,COLOR_SEC
20:43:08.107,1350,litter_colour,814,464,764,427,864,502,COLOR_SEC
20:43:08.107,1350,litter_colour,861,388,828,363,895,414,COLOR_SEC
20:43:08.107,1350,litter_colour,461,341,430,327,493,356,COLOR_SEC
20:43:08.150,1351,litter_colour,922,719,889,692,956,746,COLOR_SEC
20:43:08.150,1351,litter_colour,814,463,764,423,864,503,COLOR_SEC
20:43:08.150,1351,litter_colour,852,386,808,365,896,408,COLOR_SEC
20:43:08.150,1351,litter_colour,461,342,430,328,492,356,COLOR_SEC
20:43:08.191,1352,litter_colour,1086,673,1038,644,1134,703,COLOR_SEC
20:43:08.192,1352,litter_colour,1111,549,1048,509,1174,589,COLOR_SEC
20:43:08.192,1352,litter_colour,813,455,763,406,863,504,COLOR_SEC
20:43:08.192,1352,litter_colour,851,390,808,365,895,415,COLOR_SEC
20:43:08.192,1352,litter_colour,461,343,430,329,492,357,COLOR_SEC
20:43:08.230,1353,litter_colour,1086,675,1038,646,1135,705,COLOR_SEC
20:43:08.230,1353,litter_colour,813,457,764,410,863,505,COLOR_SEC
20:43:08.230,1353,litter_colour,852,390,808,365,897,416,COLOR_SEC
20:43:08.230,1353,litter_colour,460,343,430,329,491,358,COLOR_SEC
20:43:08.270,1354,litter_colour,1086,676,1038,647,1135,706,COLOR_SEC
20:43:08.270,1354,litter_colour,806,456,763,406,850,506,COLOR_SEC
20:43:08.270,1354,litter_colour,851,391,808,365,895,417,COLOR_SEC
20:43:08.270,1354,litter_colour,461,344,430,330,492,358,COLOR_SEC
20:43:08.310,1355,litter_colour,1087,678,1038,649,1136,708,COLOR_SEC
20:43:08.310,1355,litter_colour,813,456,763,407,863,506,COLOR_SEC
20:43:08.310,1355,litter_colour,855,390,814,367,897,414,COLOR_SEC
20:43:08.310,1355,litter_colour,459,344,429,330,490,359,COLOR_SEC
20:43:08.352,1356,litter_colour,806,459,762,411,850,507,COLOR_SEC
20:43:08.352,1356,litter_colour,863,391,831,365,895,418,COLOR_SEC
20:43:08.352,1356,litter_colour,460,345,429,331,491,359,COLOR_SEC
20:43:08.394,1357,litter_colour,807,457,762,407,853,507,COLOR_SEC
20:43:08.394,1357,litter_colour,852,387,824,369,880,406,COLOR_SEC
20:43:08.394,1357,litter_colour,460,344,429,330,492,359,COLOR_SEC
20:43:08.394,1357,litter_colour,36,357,0,324,73,391,COLOR_SEC
20:43:08.435,1358,litter_colour,811,460,763,412,859,508,COLOR_SEC
20:43:08.435,1358,litter_colour,843,388,806,369,880,407,COLOR_SEC
20:43:08.435,1358,litter_colour,460,345,429,331,491,360,COLOR_SEC
20:43:08.435,1358,litter_colour,36,358,0,324,72,392,COLOR_SEC
20:43:08.475,1359,litter_colour,811,460,763,412,859,508,COLOR_SEC
20:43:08.475,1359,litter_colour,854,388,828,369,880,407,COLOR_SEC
20:43:08.475,1359,litter_colour,459,345,428,331,490,360,COLOR_SEC
20:43:08.475,1359,litter_colour,36,358,0,324,72,392,COLOR_SEC
20:43:08.516,1360,litter_colour,655,507,604,470,706,544,COLOR_SEC
20:43:08.516,1360,litter_colour,805,459,760,409,850,509,COLOR_SEC
20:43:08.516,1360,litter_colour,855,388,831,369,880,407,COLOR_SEC
20:43:08.516,1360,litter_colour,459,345,428,331,491,360,COLOR_SEC
20:43:08.516,1360,litter_colour,35,358,0,324,71,392,COLOR_SEC
20:43:08.558,1361,litter_colour,805,463,760,417,850,510,COLOR_SEC
20:43:08.558,1361,litter_colour,848,389,816,370,880,408,COLOR_SEC
20:43:08.558,1361,litter_colour,459,346,428,332,491,361,COLOR_SEC
20:43:08.558,1361,litter_colour,35,358,0,324,71,392,COLOR_SEC
20:43:08.596,1362,litter_colour,804,460,760,409,849,511,COLOR_SEC
20:43:08.596,1362,litter_colour,861,391,829,370,894,413,COLOR_SEC
20:43:08.596,1362,litter_colour,458,346,428,332,489,361,COLOR_SEC
20:43:08.596,1362,litter_colour,35,358,0,324,70,393,COLOR_SEC
20:43:08.636,1363,litter_colour,656,506,609,471,704,542,COLOR_SEC
20:43:08.636,1363,litter_colour,805,470,761,430,849,511,COLOR_SEC
20:43:08.636,1363,litter_colour,862,392,829,370,896,414,COLOR_SEC
20:43:08.636,1363,litter_colour,459,347,428,333,490,361,COLOR_SEC
20:43:08.636,1363,litter_colour,34,358,0,324,69,393,COLOR_SEC
20:43:08.676,1364,litter_colour,648,508,608,472,688,544,COLOR_SEC
20:43:08.676,1364,litter_colour,803,461,758,411,849,512,COLOR_SEC
20:43:08.676,1364,litter_colour,853,394,813,369,894,420,COLOR_SEC
20:43:08.676,1364,litter_colour,458,347,427,333,490,361,COLOR_SEC
20:43:08.676,1364,litter_colour,35,359,0,324,70,394,COLOR_SEC
20:43:08.718,1365,litter_colour,656,508,608,473,705,544,COLOR_SEC
20:43:08.718,1365,litter_colour,861,393,827,371,895,415,COLOR_SEC
20:43:08.718,1365,litter_colour,459,347,427,333,491,362,COLOR_SEC
20:43:08.718,1365,litter_colour,34,359,0,324,69,394,COLOR_SEC
20:43:08.756,1366,litter_colour,923,745,889,716,957,775,COLOR_SEC
20:43:08.756,1366,litter_colour,655,508,607,472,703,544,COLOR_SEC
20:43:08.756,1366,litter_colour,853,395,812,370,895,421,COLOR_SEC
20:43:08.756,1366,litter_colour,458,347,427,333,489,362,COLOR_SEC
20:43:08.756,1366,litter_colour,34,359,0,324,69,394,COLOR_SEC
20:43:08.797,1367,litter_colour,926,747,889,717,963,777,COLOR_SEC
20:43:08.797,1367,litter_colour,654,508,606,473,702,544,COLOR_SEC
20:43:08.797,1367,litter_colour,847,388,816,371,879,406,COLOR_SEC
20:43:08.797,1367,litter_colour,458,348,427,334,489,362,COLOR_SEC
20:43:08.797,1367,litter_colour,33,359,0,324,67,394,COLOR_SEC
20:43:08.836,1368,litter_colour,924,749,885,719,963,779,COLOR_SEC
20:43:08.836,1368,litter_colour,654,510,606,473,703,547,COLOR_SEC
20:43:08.836,1368,litter_colour,854,388,830,371,879,406,COLOR_SEC
20:43:08.836,1368,litter_colour,457,348,426,334,489,362,COLOR_SEC
20:43:08.875,1369,litter_colour,926,750,889,720,963,780,COLOR_SEC
20:43:08.875,1369,litter_colour,646,510,605,474,687,547,COLOR_SEC
20:43:08.875,1369,litter_colour,854,389,830,368,879,410,COLOR_SEC
20:43:08.875,1369,litter_colour,457,348,426,334,489,363,COLOR_SEC
20:43:08.915,1370,litter_colour,924,752,885,722,964,782,COLOR_SEC
20:43:08.915,1370,litter_colour,1094,696,1043,664,1146,729,COLOR_SEC
20:43:08.915,1370,litter_colour,645,510,605,474,686,546,COLOR_SEC
20:43:08.915,1370,litter_colour,803,462,758,411,848,514,COLOR_SEC
20:43:08.915,1370,litter_colour,855,389,831,368,879,410,COLOR_SEC
20:43:08.915,1370,litter_colour,457,348,425,334,489,363,COLOR_SEC
20:43:08.956,1371,litter_colour,924,753,885,723,964,784,COLOR_SEC
20:43:08.956,1371,litter_colour,1095,697,1044,665,1147,730,COLOR_SEC
20:43:08.956,1371,litter_colour,652,510,604,474,701,546,COLOR_SEC
20:43:08.956,1371,litter_colour,803,463,758,413,848,514,COLOR_SEC
20:43:08.956,1371,litter_colour,855,388,831,369,879,407,COLOR_SEC
20:43:08.956,1371,litter_colour,457,348,427,334,487,363,COLOR_SEC
20:43:08.996,1372,litter_colour,926,754,889,724,964,785,COLOR_SEC
20:43:08.996,1372,litter_colour,1095,698,1044,666,1147,731,COLOR_SEC
20:43:08.996,1372,litter_colour,1264,546,1239,524,1289,568,COLOR_SEC
20:43:08.996,1372,litter_colour,645,511,604,475,686,548,COLOR_SEC
20:43:08.996,1372,litter_colour,805,463,758,412,852,515,COLOR_SEC
20:43:08.996,1372,litter_colour,855,388,831,369,879,408,COLOR_SEC
20:43:08.996,1372,litter_colour,457,348,427,334,488,363,COLOR_SEC
20:43:09.038,1373,litter_colour,927,756,889,725,965,787,COLOR_SEC
20:43:09.038,1373,litter_colour,1096,700,1044,667,1149,733,COLOR_SEC
20:43:09.038,1373,litter_colour,1261,547,1240,525,1283,569,COLOR_SEC
20:43:09.038,1373,litter_colour,644,511,603,475,686,548,COLOR_SEC
20:43:09.038,1373,litter_colour,803,471,755,428,851,515,COLOR_SEC
20:43:09.038,1373,litter_colour,855,388,831,369,879,408,COLOR_SEC
20:43:09.038,1373,litter_colour,457,349,426,335,488,363,COLOR_SEC
20:43:09.079,1374,litter_colour,925,757,885,726,965,788,COLOR_SEC
20:43:09.079,1374,litter_colour,1010,698,989,671,1032,725,COLOR_SEC
20:43:09.079,1374,litter_colour,1097,701,1045,668,1149,734,COLOR_SEC
20:43:09.079,1374,litter_colour,1266,547,1241,525,1292,569,COLOR_SEC
20:43:09.079,1374,litter_colour,651,511,602,475,701,548,COLOR_SEC
20:43:09.079,1374,litter_colour,804,463,757,412,851,515,COLOR_SEC
20:43:09.079,1374,litter_colour,855,388,831,369,879,408,COLOR_SEC
20:43:09.079,1374,litter_colour,456,349,425,335,488,363,COLOR_SEC
20:43:09.118,1375,litter_colour,927,759,889,728,965,790,COLOR_SEC
20:43:09.118,1375,litter_colour,1011,699,990,672,1032,726,COLOR_SEC
20:43:09.118,1375,litter_colour,1098,702,1046,669,1150,735,COLOR_SEC
20:43:09.118,1375,litter_colour,1264,547,1241,525,1287,570,COLOR_SEC
20:43:09.118,1375,litter_colour,651,511,602,475,701,548,COLOR_SEC
20:43:09.118,1375,litter_colour,804,464,757,412,851,516,COLOR_SEC
20:43:09.118,1375,litter_colour,855,389,831,369,879,409,COLOR_SEC
20:43:09.118,1375,litter_colour,457,349,426,335,488,363,COLOR_SEC
20:43:09.159,1376,litter_colour,700,754,670,714,730,794,COLOR_SEC
20:43:09.159,1376,litter_colour,1014,700,990,673,1038,727,COLOR_SEC
20:43:09.159,1376,litter_colour,1098,703,1045,670,1151,737,COLOR_SEC
20:43:09.159,1376,litter_colour,1269,547,1243,524,1295,570,COLOR_SEC
20:43:09.159,1376,litter_colour,1009,566,980,518,1039,615,COLOR_SEC
20:43:09.159,1376,litter_colour,854,389,829,371,880,408,COLOR_SEC
20:43:09.159,1376,litter_colour,457,349,426,335,489,364,COLOR_SEC
20:43:09.197,1377,litter_colour,700,755,671,715,729,796,COLOR_SEC
20:43:09.197,1377,litter_colour,1011,699,990,674,1033,725,COLOR_SEC
20:43:09.197,1377,litter_colour,1092,704,1033,671,1152,738,COLOR_SEC
20:43:09.197,1377,litter_colour,1266,546,1243,526,1289,566,COLOR_SEC
20:43:09.197,1377,litter_colour,1009,567,980,518,1039,616,COLOR_SEC
20:43:09.197,1377,litter_colour,676,494,654,476,699,513,COLOR_SEC
20:43:09.197,1377,litter_colour,804,473,755,429,853,517,COLOR_SEC
20:43:09.197,1377,litter_colour,855,397,805,371,905,423,COLOR_SEC
20:43:09.197,1377,litter_colour,456,349,426,335,487,364,COLOR_SEC
20:43:09.238,1378,litter_colour,694,757,661,717,728,798,COLOR_SEC
20:43:09.238,1378,litter_colour,1270,546,1244,525,1296,567,COLOR_SEC
20:43:09.238,1378,litter_colour,1010,568,980,519,1040,617,COLOR_SEC
20:43:09.238,1378,litter_colour,854,398,805,372,903,424,COLOR_SEC
20:43:09.238,1378,litter_colour,455,350,424,336,487,364,COLOR_SEC
20:43:09.276,1379,litter_colour,693,759,660,718,727,800,COLOR_SEC
20:43:09.276,1379,litter_colour,1012,704,990,676,1034,732,COLOR_SEC
20:43:09.276,1379,litter_colour,1094,707,1035,673,1154,741,COLOR_SEC
20:43:09.276,1379,litter_colour,1010,587,981,557,1040,618,COLOR_SEC
20:43:09.276,1379,litter_colour,1268,546,1245,526,1291,567,COLOR_SEC
20:43:09.277,1379,litter_colour,1675,442,1638,419,1712,466,COLOR_SEC
20:43:09.277,1379,litter_colour,866,397,830,371,903,424,COLOR_SEC
20:43:09.277,1379,litter_colour,456,350,425,336,487,364,COLOR_SEC
20:43:09.318,1380,litter_colour,1268,546,1245,525,1292,568,COLOR_SEC
20:43:09.318,1380,litter_colour,1003,569,967,520,1040,618,COLOR_SEC
20:43:09.318,1380,litter_colour,675,496,652,477,698,515,COLOR_SEC
20:43:09.318,1380,litter_colour,1678,443,1640,419,1716,467,COLOR_SEC
20:43:09.318,1380,litter_colour,860,391,830,372,891,411,COLOR_SEC
20:43:09.318,1380,litter_colour,454,350,424,336,485,365,COLOR_SEC
20:43:09.357,1381,litter_colour,1270,547,1247,526,1293,569,COLOR_SEC
20:43:09.357,1381,litter_colour,1010,569,980,520,1041,619,COLOR_SEC
20:43:09.357,1381,litter_colour,865,398,829,372,902,424,COLOR_SEC
20:43:09.357,1381,litter_colour,454,351,423,337,485,365,COLOR_SEC
20:43:09.398,1382,litter_colour,1270,548,1247,527,1294,569,COLOR_SEC
20:43:09.398,1382,litter_colour,1009,572,978,526,1041,619,COLOR_SEC
20:43:09.398,1382,litter_colour,866,398,829,372,904,425,COLOR_SEC
20:43:09.398,1382,litter_colour,453,351,422,337,485,365,COLOR_SEC
20:43:09.398,1382,litter_colour,28,362,0,327,56,398,COLOR_SEC
20:43:09.438,1383,litter_colour,1097,712,1036,677,1158,747,COLOR_SEC
20:43:09.438,1383,litter_colour,1272,548,1249,527,1295,570,COLOR_SEC
20:43:09.438,1383,litter_colour,1010,571,980,521,1041,621,COLOR_SEC
20:43:09.438,1383,litter_colour,1236,533,1195,505,1277,561,COLOR_SEC
20:43:09.438,1383,litter_colour,866,395,829,372,904,418,COLOR_SEC
20:43:09.438,1383,litter_colour,455,351,424,337,486,365,COLOR_SEC
20:43:09.438,1383,litter_colour,28,363,0,328,56,398,COLOR_SEC
20:43:09.479,1384,litter_colour,1098,714,1036,678,1160,750,COLOR_SEC
20:43:09.479,1384,litter_colour,1274,549,1249,528,1300,571,COLOR_SEC
20:43:09.479,1384,litter_colour,1009,571,978,521,1041,621,COLOR_SEC
20:43:09.479,1384,litter_colour,1237,534,1196,507,1278,562,COLOR_SEC
20:43:09.479,1384,litter_colour,861,397,829,370,893,425,COLOR_SEC
20:43:09.479,1384,litter_colour,454,351,422,337,486,366,COLOR_SEC
20:43:09.479,1384,litter_colour,27,363,0,328,55,398,COLOR_SEC
20:43:09.517,1385,litter_colour,1274,550,1250,529,1298,571,COLOR_SEC
20:43:09.517,1385,litter_colour,1011,572,981,522,1042,622,COLOR_SEC
20:43:09.517,1385,litter_colour,1238,534,1197,506,1279,562,COLOR_SEC
20:43:09.517,1385,litter_colour,673,497,650,479,697,516,COLOR_SEC
20:43:09.517,1385,litter_colour,802,479,747,431,857,527,COLOR_SEC
20:43:09.517,1385,litter_colour,861,394,829,370,894,419,COLOR_SEC
20:43:09.517,1385,litter_colour,454,351,422,337,486,366,COLOR_SEC
20:43:09.517,1385,litter_colour,27,363,0,328,54,398,COLOR_SEC
20:43:09.559,1386,litter_colour,1100,716,1038,680,1162,753,COLOR_SEC
20:43:09.559,1386,litter_colour,1014,592,986,561,1042,623,COLOR_SEC
20:43:09.559,1386,litter_colour,1276,550,1251,529,1302,572,COLOR_SEC
20:43:09.559,1386,litter_colour,1234,535,1197,508,1271,563,COLOR_SEC
20:43:09.559,1386,litter_colour,860,396,827,373,894,419,COLOR_SEC
20:43:09.559,1386,litter_colour,453,351,422,337,484,366,COLOR_SEC
20:43:09.559,1386,litter_colour,27,363,0,328,54,398,COLOR_SEC
20:43:09.599,1387,litter_colour,1100,717,1038,681,1162,753,COLOR_SEC
20:43:09.599,1387,litter_colour,1274,551,1252,530,1297,573,COLOR_SEC
20:43:09.599,1387,litter_colour,1010,572,979,523,1042,621,COLOR_SEC
20:43:09.599,1387,litter_colour,1235,536,1198,508,1272,564,COLOR_SEC
20:43:09.599,1387,litter_colour,672,498,649,480,696,517,COLOR_SEC
20:43:09.599,1387,litter_colour,802,470,748,413,857,528,COLOR_SEC
20:43:09.599,1387,litter_colour,852,392,827,374,878,411,COLOR_SEC
20:43:09.599,1387,litter_colour,452,352,421,338,484,366,COLOR_SEC
20:43:09.599,1387,litter_colour,26,363,0,329,53,398,COLOR_SEC
20:43:09.639,1388,litter_colour,1107,719,1052,683,1163,755,COLOR_SEC
20:43:09.639,1388,litter_colour,1278,552,1253,530,1304,574,COLOR_SEC
20:43:09.639,1388,litter_colour,1011,574,979,523,1043,625,COLOR_SEC
20:43:09.639,1388,litter_colour,672,499,648,481,696,517,COLOR_SEC
20:43:09.639,1388,litter_colour,452,352,421,338,483,367,COLOR_SEC
20:43:09.639,1388,litter_colour,26,363,0,329,52,398,COLOR_SEC
20:43:09.680,1389,litter_colour,1019,713,994,690,1045,737,COLOR_SEC
20:43:09.680,1389,litter_colour,1014,594,986,563,1043,626,COLOR_SEC
20:43:09.680,1389,litter_colour,1276,553,1253,531,1300,575,COLOR_SEC
20:43:09.680,1389,litter_colour,1241,537,1200,509,1283,565,COLOR_SEC
20:43:09.680,1389,litter_colour,857,394,826,374,889,414,COLOR_SEC
20:43:09.680,1389,litter_colour,452,352,421,338,483,367,COLOR_SEC
20:43:09.680,1389,litter_colour,26,364,0,329,52,399,COLOR_SEC
20:43:09.721,1390,litter_colour,927,786,883,751,971,822,COLOR_SEC
20:43:09.721,1390,litter_colour,1015,714,994,691,1036,738,COLOR_SEC
20:43:09.721,1390,litter_colour,1015,595,986,564,1044,627,COLOR_SEC
20:43:09.721,1390,litter_colour,1279,554,1255,532,1303,576,COLOR_SEC
20:43:09.721,1390,litter_colour,622,537,590,513,654,561,COLOR_SEC
20:43:09.721,1390,litter_colour,1242,538,1200,510,1284,566,COLOR_SEC
20:43:09.721,1390,litter_colour,671,500,647,481,695,519,COLOR_SEC
20:43:09.721,1390,litter_colour,861,397,829,374,893,420,COLOR_SEC
20:43:09.721,1390,litter_colour,452,353,421,339,483,367,COLOR_SEC
20:43:09.721,1390,litter_colour,26,364,0,330,52,399,COLOR_SEC
20:43:09.762,1391,litter_colour,927,789,883,753,972,825,COLOR_SEC
20:43:09.762,1391,litter_colour,1015,713,995,692,1036,734,COLOR_SEC
20:43:09.762,1391,litter_colour,1279,554,1256,533,1302,576,COLOR_SEC
20:43:09.762,1391,litter_colour,1011,576,981,525,1042,628,COLOR_SEC
20:43:09.762,1391,litter_colour,631,532,613,507,649,558,COLOR_SEC
20:43:09.762,1391,litter_colour,860,398,827,376,894,421,COLOR_SEC
20:43:09.762,1391,litter_colour,451,353,420,339,482,368,COLOR_SEC
20:43:09.762,1391,litter_colour,25,365,0,330,50,400,COLOR_SEC
20:43:09.801,1392,litter_colour,927,791,882,755,972,827,COLOR_SEC
20:43:09.802,1392,litter_colour,1016,718,996,695,1037,742,COLOR_SEC
20:43:09.802,1392,litter_colour,1010,577,979,526,1042,629,COLOR_SEC
20:43:09.802,1392,litter_colour,631,535,613,513,650,558,COLOR_SEC
20:43:09.802,1392,litter_colour,1243,539,1201,511,1286,568,COLOR_SEC
20:43:09.802,1392,litter_colour,451,353,420,339,482,368,COLOR_SEC
20:43:09.802,1392,litter_colour,25,365,0,330,51,400,COLOR_SEC
20:43:09.843,1393,litter_colour,927,793,882,757,973,830,COLOR_SEC
20:43:09.843,1393,litter_colour,1011,578,980,526,1043,630,COLOR_SEC
20:43:09.843,1393,litter_colour,630,536,611,515,650,558,COLOR_SEC
20:43:09.843,1393,litter_colour,1242,542,1200,512,1285,572,COLOR_SEC
20:43:09.843,1393,litter_colour,854,393,829,375,880,412,COLOR_SEC
20:43:09.843,1393,litter_colour,450,353,419,339,482,368,COLOR_SEC
20:43:09.843,1393,litter_colour,25,365,0,330,51,400,COLOR_SEC
20:43:09.884,1394,litter_colour,927,795,882,758,973,832,COLOR_SEC
20:43:09.884,1394,litter_colour,1012,579,981,527,1043,631,COLOR_SEC
20:43:09.884,1394,litter_colour,630,537,611,515,649,560,COLOR_SEC
20:43:09.884,1394,litter_colour,1243,543,1201,513,1286,573,COLOR_SEC
20:43:09.884,1394,litter_colour,861,398,829,375,893,421,COLOR_SEC
20:43:09.884,1394,litter_colour,450,354,419,339,482,369,COLOR_SEC
20:43:09.884,1394,litter_colour,24,366,0,331,49,401,COLOR_SEC
20:43:09.924,1395,litter_colour,927,797,881,760,974,835,COLOR_SEC
20:43:09.924,1395,litter_colour,1015,599,987,567,1043,632,COLOR_SEC
20:43:09.924,1395,litter_colour,1245,541,1203,512,1287,570,COLOR_SEC
20:43:09.924,1395,litter_colour,629,534,611,509,647,560,COLOR_SEC
20:43:09.924,1395,litter_colour,861,398,829,375,894,422,COLOR_SEC
20:43:09.924,1395,litter_colour,450,354,418,340,482,369,COLOR_SEC
20:43:09.924,1395,litter_colour,24,366,0,331,48,401,COLOR_SEC
20:43:09.966,1396,litter_colour,928,799,882,762,974,837,COLOR_SEC
20:43:09.966,1396,litter_colour,628,535,609,510,648,561,COLOR_SEC
20:43:09.966,1396,litter_colour,853,394,829,375,878,414,COLOR_SEC
20:43:09.966,1396,litter_colour,450,354,418,340,483,369,COLOR_SEC
20:43:09.966,1396,litter_colour,24,366,0,331,49,401,COLOR_SEC
20:43:10.007,1397,litter_colour,1242,544,1203,514,1281,575,COLOR_SEC
20:43:10.007,1397,litter_colour,611,540,574,511,648,570,COLOR_SEC
20:43:10.007,1397,litter_colour,853,394,829,375,877,414,COLOR_SEC
20:43:10.007,1397,litter_colour,449,354,418,340,481,369,COLOR_SEC
20:43:10.007,1397,litter_colour,24,366,0,331,48,401,COLOR_SEC
20:43:10.049,1398,litter_colour,617,538,588,511,647,566,COLOR_SEC
20:43:10.049,1398,litter_colour,854,395,830,376,879,414,COLOR_SEC
20:43:10.049,1398,litter_colour,449,354,417,340,481,369,COLOR_SEC
20:43:10.049,1398,litter_colour,24,367,0,332,48,402,COLOR_SEC
20:43:10.090,1399,litter_colour,1013,582,982,529,1045,636,COLOR_SEC
20:43:10.090,1399,litter_colour,614,539,586,511,643,567,COLOR_SEC
20:43:10.090,1399,litter_colour,853,395,829,376,877,415,COLOR_SEC
20:43:10.090,1399,litter_colour,450,355,418,340,482,370,COLOR_SEC
20:43:10.090,1399,litter_colour,23,367,0,332,47,402,COLOR_SEC
20:43:10.130,1400,litter_colour,853,395,828,376,879,415,COLOR_SEC
20:43:10.130,1400,litter_colour,448,355,417,341,480,370,COLOR_SEC
20:43:10.130,1400,litter_colour,22,367,0,332,45,402,COLOR_SEC
20:43:10.171,1401,litter_colour,1245,547,1206,516,1284,578,COLOR_SEC
20:43:10.171,1401,litter_colour,852,395,828,376,877,415,COLOR_SEC
20:43:10.171,1401,litter_colour,448,355,417,341,480,370,COLOR_SEC
20:43:10.171,1401,litter_colour,22,368,0,333,44,403,COLOR_SEC
20:43:10.211,1402,litter_colour,1013,585,981,531,1046,639,COLOR_SEC
20:43:10.211,1402,litter_colour,449,356,417,341,481,371,COLOR_SEC
20:43:10.211,1402,litter_colour,22,368,0,333,44,403,COLOR_SEC
20:43:10.252,1403,litter_colour,449,356,417,342,481,371,COLOR_SEC
20:43:10.252,1403,litter_colour,21,369,0,334,42,404,COLOR_SEC
20:43:10.292,1404,litter_colour,1009,586,969,531,1049,641,COLOR_SEC
20:43:10.292,1404,litter_colour,449,356,417,342,481,371,COLOR_SEC
20:43:10.292,1404,litter_colour,21,368,0,334,42,403,COLOR_SEC
20:43:10.334,1405,litter_colour,448,356,417,342,480,370,COLOR_SEC
20:43:10.334,1405,litter_colour,20,368,0,334,40,403,COLOR_SEC
20:43:10.375,1406,litter_colour,1250,548,1210,517,1290,580,COLOR_SEC
20:43:10.375,1406,litter_colour,447,355,416,341,478,370,COLOR_SEC
20:43:10.375,1406,litter_colour,20,368,0,333,40,403,COLOR_SEC
20:43:10.417,1407,litter_colour,1023,735,1001,703,1046,767,COLOR_SEC
20:43:10.417,1407,litter_colour,448,355,416,341,480,370,COLOR_SEC
20:43:10.417,1407,litter_colour,19,368,0,333,38,403,COLOR_SEC
20:43:10.458,1408,litter_colour,1030,736,1001,705,1060,768,COLOR_SEC
20:43:10.458,1408,litter_colour,447,355,416,341,479,369,COLOR_SEC
20:43:10.458,1408,litter_colour,19,363,0,333,38,394,COLOR_SEC
20:43:10.499,1409,litter_colour,1031,737,1002,705,1060,770,COLOR_SEC
20:43:10.499,1409,litter_colour,446,355,414,341,478,369,COLOR_SEC
20:43:10.499,1409,litter_colour,18,363,0,333,37,393,COLOR_SEC
20:43:10.539,1410,litter_colour,1031,739,1001,707,1061,772,COLOR_SEC
20:43:10.539,1410,litter_colour,446,355,414,341,478,369,COLOR_SEC
20:43:10.539,1410,litter_colour,18,363,0,333,36,394,COLOR_SEC
20:43:10.580,1411,litter_colour,929,831,880,788,979,875,COLOR_SEC
20:43:10.580,1411,litter_colour,1031,741,1002,708,1061,774,COLOR_SEC
20:43:10.580,1411,litter_colour,446,355,415,341,478,370,COLOR_SEC
20:43:10.580,1411,litter_colour,17,363,0,333,35,394,COLOR_SEC
20:43:10.623,1412,litter_colour,929,831,879,786,979,877,COLOR_SEC
20:43:10.623,1412,litter_colour,1031,743,1002,710,1061,776,COLOR_SEC
20:43:10.623,1412,litter_colour,445,355,413,341,478,370,COLOR_SEC
20:43:10.623,1412,litter_colour,17,363,0,333,34,394,COLOR_SEC
20:43:10.664,1413,litter_colour,928,835,878,788,979,883,COLOR_SEC
20:43:10.664,1413,litter_colour,1031,744,1001,711,1062,778,COLOR_SEC
20:43:10.664,1413,litter_colour,1300,570,1275,545,1326,596,COLOR_SEC
20:43:10.664,1413,litter_colour,444,355,413,341,476,370,COLOR_SEC
20:43:10.664,1413,litter_colour,17,364,0,333,34,395,COLOR_SEC
20:43:10.706,1414,litter_colour,928,837,878,790,978,884,COLOR_SEC
20:43:10.706,1414,litter_colour,1031,746,1001,713,1062,780,COLOR_SEC
20:43:10.706,1414,litter_colour,1301,571,1275,546,1327,597,COLOR_SEC
20:43:10.706,1414,litter_colour,445,356,414,342,477,371,COLOR_SEC
20:43:10.706,1414,litter_colour,16,364,0,334,33,395,COLOR_SEC
20:43:10.745,1415,litter_colour,927,839,877,792,977,887,COLOR_SEC
20:43:10.745,1415,litter_colour,1301,570,1276,546,1327,594,COLOR_SEC
20:43:10.745,1415,litter_colour,443,356,412,342,475,371,COLOR_SEC
20:43:10.745,1415,litter_colour,16,365,0,335,32,396,COLOR_SEC
20:43:10.784,1416,litter_colour,1023,750,1001,716,1046,784,COLOR_SEC
20:43:10.784,1416,litter_colour,1302,571,1277,547,1328,595,COLOR_SEC
20:43:10.784,1416,litter_colour,846,405,795,378,897,432,COLOR_SEC
20:43:10.784,1416,litter_colour,444,357,412,343,476,372,COLOR_SEC
20:43:10.784,1416,litter_colour,15,364,0,335,31,394,COLOR_SEC
20:43:10.825,1417,litter_colour,1032,752,1001,718,1064,786,COLOR_SEC
20:43:10.825,1417,litter_colour,1303,572,1278,548,1329,596,COLOR_SEC
20:43:10.825,1417,litter_colour,857,402,817,378,897,427,COLOR_SEC
20:43:10.825,1417,litter_colour,443,357,412,343,474,372,COLOR_SEC
20:43:10.825,1417,litter_colour,15,365,0,337,31,394,COLOR_SEC
20:43:10.867,1418,litter_colour,1023,753,1001,719,1046,788,COLOR_SEC
20:43:10.867,1418,litter_colour,1304,571,1278,549,1330,593,COLOR_SEC
20:43:10.867,1418,litter_colour,859,402,819,378,900,427,COLOR_SEC
20:43:10.867,1418,litter_colour,443,358,411,344,475,372,COLOR_SEC
20:43:10.867,1418,litter_colour,15,365,0,337,30,394,COLOR_SEC
20:43:10.908,1419,litter_colour,1023,755,1001,720,1046,790,COLOR_SEC
20:43:10.908,1419,litter_colour,1017,619,987,583,1048,655,COLOR_SEC
20:43:10.908,1419,litter_colour,1306,573,1278,549,1334,597,COLOR_SEC
20:43:10.908,1419,litter_colour,860,403,820,379,901,427,COLOR_SEC
20:43:10.908,1419,litter_colour,444,358,413,344,475,373,COLOR_SEC
20:43:10.908,1419,litter_colour,14,365,0,337,29,394,COLOR_SEC
20:43:10.948,1420,litter_colour,1016,619,985,583,1048,656,COLOR_SEC
20:43:10.948,1420,litter_colour,1304,572,1279,549,1330,595,COLOR_SEC
20:43:10.948,1420,litter_colour,860,404,819,380,901,428,COLOR_SEC
20:43:10.948,1420,litter_colour,443,358,411,344,476,373,COLOR_SEC
20:43:10.948,1420,litter_colour,14,366,0,338,29,394,COLOR_SEC
20:43:10.989,1421,litter_colour,1031,758,1000,723,1062,794,COLOR_SEC
20:43:10.990,1421,litter_colour,1017,620,986,584,1048,657,COLOR_SEC
20:43:10.990,1421,litter_colour,1306,574,1280,550,1332,599,COLOR_SEC
20:43:10.990,1421,litter_colour,785,492,716,446,855,539,COLOR_SEC
20:43:10.990,1421,litter_colour,860,404,819,380,902,428,COLOR_SEC
20:43:10.990,1421,litter_colour,443,358,412,344,474,373,COLOR_SEC
20:43:10.990,1421,litter_colour,14,365,0,338,28,393,COLOR_SEC
20:43:11.029,1422,litter_colour,1016,621,985,585,1048,658,COLOR_SEC
20:43:11.029,1422,litter_colour,1307,575,1281,551,1333,600,COLOR_SEC
20:43:11.029,1422,litter_colour,793,492,716,444,871,540,COLOR_SEC
20:43:11.029,1422,litter_colour,846,401,819,380,873,423,COLOR_SEC
20:43:11.029,1422,litter_colour,443,359,412,344,474,374,COLOR_SEC
20:43:11.029,1422,litter_colour,14,366,0,338,28,395,COLOR_SEC
20:43:11.070,1423,litter_colour,1016,622,985,586,1048,659,COLOR_SEC
20:43:11.070,1423,litter_colour,1306,576,1281,552,1332,601,COLOR_SEC
20:43:11.070,1423,litter_colour,785,496,716,444,854,548,COLOR_SEC
20:43:11.070,1423,litter_colour,846,399,818,381,874,418,COLOR_SEC
20:43:11.070,1423,litter_colour,442,359,410,344,475,374,COLOR_SEC
20:43:11.070,1423,litter_colour,13,367,0,339,27,395,COLOR_SEC
20:43:11.110,1424,litter_colour,640,831,603,796,677,867,COLOR_SEC
20:43:11.110,1424,litter_colour,1016,624,985,587,1048,661,COLOR_SEC
20:43:11.110,1424,litter_colour,1308,577,1282,553,1335,602,COLOR_SEC
20:43:11.110,1424,litter_colour,792,493,714,445,870,541,COLOR_SEC
20:43:11.110,1424,litter_colour,858,405,817,381,899,429,COLOR_SEC
20:43:11.110,1424,litter_colour,13,367,0,339,27,396,COLOR_SEC
20:43:11.149,1425,litter_colour,1016,625,985,588,1048,662,COLOR_SEC
20:43:11.149,1425,litter_colour,1309,579,1283,554,1336,604,COLOR_SEC
20:43:11.149,1425,litter_colour,791,499,713,446,870,553,COLOR_SEC
20:43:11.149,1425,litter_colour,859,405,817,381,901,430,COLOR_SEC
20:43:11.149,1425,litter_colour,13,368,0,340,27,397,COLOR_SEC
20:43:11.189,1426,litter_colour,1016,626,985,589,1048,663,COLOR_SEC
20:43:11.189,1426,litter_colour,1310,582,1284,555,1337,609,COLOR_SEC
20:43:11.189,1426,litter_colour,791,501,713,448,869,554,COLOR_SEC
20:43:11.189,1426,litter_colour,846,404,817,383,875,425,COLOR_SEC
20:43:11.189,1426,litter_colour,13,369,0,341,26,397,COLOR_SEC
20:43:11.231,1427,litter_colour,1016,627,985,590,1048,665,COLOR_SEC
20:43:11.231,1427,litter_colour,1311,581,1285,557,1338,605,COLOR_SEC
20:43:11.231,1427,litter_colour,774,496,713,449,836,544,COLOR_SEC
20:43:11.231,1427,litter_colour,844,401,817,383,872,420,COLOR_SEC
20:43:11.231,1427,litter_colour,13,369,0,341,26,398,COLOR_SEC
20:43:11.273,1428,litter_colour,1016,629,984,592,1049,666,COLOR_SEC
20:43:11.274,1428,litter_colour,1312,582,1285,557,1339,607,COLOR_SEC
20:43:11.274,1428,litter_colour,789,497,710,450,869,545,COLOR_SEC
20:43:11.274,1428,litter_colour,845,401,817,384,874,419,COLOR_SEC
20:43:11.274,1428,litter_colour,12,370,0,342,25,399,COLOR_SEC
20:43:11.314,1429,litter_colour,1016,630,983,593,1049,668,COLOR_SEC
20:43:11.314,1429,litter_colour,1312,583,1285,558,1340,608,COLOR_SEC
20:43:11.314,1429,litter_colour,780,503,710,450,850,557,COLOR_SEC
20:43:11.314,1429,litter_colour,862,411,817,384,908,438,COLOR_SEC
20:43:11.314,1429,litter_colour,12,370,0,342,25,399,COLOR_SEC
20:43:11.355,1430,litter_colour,1016,631,983,593,1049,670,COLOR_SEC
20:43:11.355,1430,litter_colour,1317,588,1286,560,1349,617,COLOR_SEC
20:43:11.355,1430,litter_colour,787,499,707,451,868,547,COLOR_SEC
20:43:11.355,1430,litter_colour,856,408,813,384,900,433,COLOR_SEC
20:43:11.355,1430,litter_colour,12,372,0,343,24,401,COLOR_SEC
20:43:11.395,1431,litter_colour,1015,632,983,594,1047,671,COLOR_SEC
20:43:11.395,1431,litter_colour,1318,589,1287,561,1350,618,COLOR_SEC
20:43:11.395,1431,litter_colour,771,506,707,464,836,548,COLOR_SEC
20:43:11.395,1431,litter_colour,856,411,815,384,898,439,COLOR_SEC
20:43:11.395,1431,litter_colour,11,372,0,343,23,401,COLOR_SEC
20:43:11.435,1432,litter_colour,1015,634,983,595,1048,673,COLOR_SEC
20:43:11.435,1432,litter_colour,1319,589,1288,561,1351,617,COLOR_SEC
20:43:11.435,1432,litter_colour,765,506,697,464,834,549,COLOR_SEC
20:43:11.435,1432,litter_colour,843,403,815,385,871,422,COLOR_SEC
20:43:11.435,1432,litter_colour,11,373,0,345,23,401,COLOR_SEC
20:43:11.474,1433,litter_colour,1015,635,982,596,1048,674,COLOR_SEC
20:43:11.474,1433,litter_colour,1317,590,1288,563,1347,618,COLOR_SEC
20:43:11.474,1433,litter_colour,771,507,709,465,834,549,COLOR_SEC
20:43:11.474,1433,litter_colour,11,373,0,345,22,401,COLOR_SEC
20:43:11.514,1434,litter_colour,1014,636,982,597,1046,676,COLOR_SEC
20:43:11.514,1434,litter_colour,787,501,708,453,867,550,COLOR_SEC
20:43:11.514,1434,litter_colour,843,404,814,385,872,424,COLOR_SEC
20:43:11.554,1435,litter_colour,1014,637,982,598,1046,677,COLOR_SEC
20:43:11.554,1435,litter_colour,785,502,706,454,864,551,COLOR_SEC
20:43:11.595,1436,litter_colour,1028,792,995,752,1062,833,COLOR_SEC
20:43:11.595,1436,litter_colour,1014,638,982,598,1046,678,COLOR_SEC
20:43:11.595,1436,litter_colour,783,502,708,454,858,551,COLOR_SEC
20:43:11.595,1436,litter_colour,841,404,813,385,870,424,COLOR_SEC
20:43:11.636,1437,litter_colour,1019,794,994,754,1044,835,COLOR_SEC
20:43:11.637,1437,litter_colour,1013,639,981,599,1046,679,COLOR_SEC
20:43:11.637,1437,litter_colour,783,503,702,454,864,552,COLOR_SEC
20:43:11.675,1438,litter_colour,1028,797,994,756,1062,838,COLOR_SEC
20:43:11.675,1438,litter_colour,796,503,706,454,887,553,COLOR_SEC
20:43:11.675,1438,litter_colour,440,365,408,351,473,380,COLOR_SEC
20:43:11.716,1439,litter_colour,1019,799,993,758,1045,841,COLOR_SEC
20:43:11.716,1439,litter_colour,775,504,703,455,847,553,COLOR_SEC
20:43:11.716,1439,litter_colour,855,409,814,383,896,436,COLOR_SEC
20:43:11.716,1439,litter_colour,440,365,408,351,473,380,COLOR_SEC
20:43:11.757,1440,litter_colour,1514,759,1478,747,1550,772,COLOR_SEC
20:43:11.757,1440,litter_colour,786,504,705,455,867,554,COLOR_SEC
20:43:11.757,1440,litter_colour,843,404,815,383,872,426,COLOR_SEC
20:43:11.757,1440,litter_colour,440,365,408,351,473,380,COLOR_SEC
20:43:11.799,1441,litter_colour,792,505,699,456,886,554,COLOR_SEC
20:43:11.799,1441,litter_colour,844,404,817,383,872,426,COLOR_SEC
20:43:11.799,1441,litter_colour,440,365,408,351,473,380,COLOR_SEC
20:43:11.839,1442,litter_colour,765,510,701,465,830,555,COLOR_SEC
20:43:11.839,1442,litter_colour,843,405,815,383,872,428,COLOR_SEC
20:43:11.839,1442,litter_colour,440,365,408,351,473,380,COLOR_SEC
20:43:11.879,1443,litter_colour,772,506,698,456,846,556,COLOR_SEC
20:43:11.880,1443,litter_colour,440,365,408,351,473,380,COLOR_SEC
20:43:11.920,1444,litter_colour,786,510,703,457,869,563,COLOR_SEC
20:43:11.920,1444,litter_colour,842,403,815,383,870,423,COLOR_SEC
20:43:11.920,1444,litter_colour,441,365,408,351,474,380,COLOR_SEC
20:43:11.962,1445,litter_colour,782,510,697,456,867,564,COLOR_SEC
20:43:11.962,1445,litter_colour,843,404,817,385,870,423,COLOR_SEC
20:43:11.962,1445,litter_colour,440,366,409,351,472,381,COLOR_SEC
20:43:12.003,1446,litter_colour,786,510,689,455,884,565,COLOR_SEC
20:43:12.004,1446,litter_colour,440,366,408,351,472,381,COLOR_SEC
20:43:12.045,1447,litter_colour,1139,836,1066,779,1213,893,COLOR_SEC
20:43:12.045,1447,litter_colour,790,508,696,458,885,559,COLOR_SEC
20:43:12.045,1447,litter_colour,441,366,409,352,473,381,COLOR_SEC
20:43:12.088,1448,litter_colour,1140,839,1067,781,1214,898,COLOR_SEC
20:43:12.088,1448,litter_colour,792,509,700,459,885,559,COLOR_SEC
20:43:12.088,1448,litter_colour,855,418,815,388,896,448,COLOR_SEC
20:43:12.088,1448,litter_colour,440,366,409,352,471,381,COLOR_SEC
20:43:12.129,1449,litter_colour,791,507,699,454,884,560,COLOR_SEC
20:43:12.169,1450,litter_colour,791,508,698,455,885,561,COLOR_SEC
20:43:12.169,1450,litter_colour,440,367,409,352,471,382,COLOR_SEC
20:43:12.210,1451,litter_colour,777,509,699,456,855,562,COLOR_SEC
20:43:12.210,1451,litter_colour,440,367,409,352,471,382,COLOR_SEC
20:43:12.249,1452,litter_colour,1013,656,980,612,1046,701,COLOR_SEC
20:43:12.249,1452,litter_colour,791,511,698,460,885,562,COLOR_SEC
20:43:12.289,1453,litter_colour,1014,657,980,613,1049,702,COLOR_SEC
20:43:12.289,1453,litter_colour,791,512,698,461,884,563,COLOR_SEC
20:43:12.289,1453,litter_colour,440,367,406,352,474,382,COLOR_SEC
20:43:12.328,1454,litter_colour,1016,838,991,806,1042,871,COLOR_SEC
20:43:12.328,1454,litter_colour,1013,659,980,614,1046,704,COLOR_SEC
20:43:12.328,1454,litter_colour,790,512,696,461,884,563,COLOR_SEC
20:43:12.368,1455,litter_colour,1013,660,980,615,1047,705,COLOR_SEC
20:43:12.368,1455,litter_colour,781,512,695,461,867,564,COLOR_SEC
20:43:12.410,1456,litter_colour,1015,660,980,615,1050,706,COLOR_SEC
20:43:12.410,1456,litter_colour,768,516,672,461,865,571,COLOR_SEC
20:43:12.451,1457,litter_colour,1553,798,1513,785,1593,812,COLOR_SEC
20:43:12.451,1457,litter_colour,1015,661,980,616,1050,707,COLOR_SEC
20:43:12.451,1457,litter_colour,776,513,693,462,860,565,COLOR_SEC
20:43:12.492,1458,litter_colour,1015,662,980,616,1051,708,COLOR_SEC
20:43:12.492,1458,litter_colour,1340,615,1310,585,1370,646,COLOR_SEC
20:43:12.492,1458,litter_colour,767,517,690,463,844,572,COLOR_SEC
20:43:12.531,1459,litter_colour,1016,663,981,617,1051,709,COLOR_SEC
20:43:12.531,1459,litter_colour,1342,616,1311,585,1373,647,COLOR_SEC
20:43:12.531,1459,litter_colour,778,514,692,463,865,566,COLOR_SEC
20:43:12.573,1460,litter_colour,1015,664,981,618,1049,711,COLOR_SEC
20:43:12.573,1460,litter_colour,1346,615,1311,587,1381,643,COLOR_SEC
20:43:12.573,1460,litter_colour,768,518,693,463,844,573,COLOR_SEC
20:43:12.614,1461,litter_colour,1015,665,981,619,1049,712,COLOR_SEC
20:43:12.614,1461,litter_colour,1347,614,1313,587,1382,641,COLOR_SEC
20:43:12.614,1461,litter_colour,768,515,693,464,844,567,COLOR_SEC
20:43:12.653,1462,litter_colour,1015,665,981,619,1049,712,COLOR_SEC
20:43:12.653,1462,litter_colour,1347,616,1314,588,1381,644,COLOR_SEC
20:43:12.653,1462,litter_colour,769,519,695,464,844,574,COLOR_SEC
20:43:12.695,1463,litter_colour,1016,666,982,620,1050,713,COLOR_SEC
20:43:12.695,1463,litter_colour,1350,615,1316,588,1384,642,COLOR_SEC
20:43:12.695,1463,litter_colour,780,516,695,464,865,568,COLOR_SEC
20:43:12.695,1463,litter_colour,836,407,814,386,859,429,COLOR_SEC
20:43:12.735,1464,litter_colour,1016,667,981,620,1051,714,COLOR_SEC
20:43:12.735,1464,litter_colour,1351,615,1317,588,1386,642,COLOR_SEC
20:43:12.735,1464,litter_colour,766,519,689,463,843,575,COLOR_SEC
20:43:12.735,1464,litter_colour,836,407,814,386,859,428,COLOR_SEC
20:43:12.778,1465,litter_colour,1018,668,982,621,1054,715,COLOR_SEC
20:43:12.778,1465,litter_colour,1353,617,1319,589,1388,646,COLOR_SEC
20:43:12.778,1465,litter_colour,765,519,688,463,843,575,COLOR_SEC
20:43:12.778,1465,litter_colour,837,409,814,390,860,428,COLOR_SEC
20:43:12.818,1466,litter_colour,1017,668,982,621,1052,715,COLOR_SEC
20:43:12.818,1466,litter_colour,1355,615,1320,589,1390,642,COLOR_SEC
20:43:12.818,1466,litter_colour,765,519,687,463,843,575,COLOR_SEC
20:43:12.818,1466,litter_colour,837,409,814,390,860,428,COLOR_SEC
20:43:12.858,1467,litter_colour,1586,818,1543,805,1630,832,COLOR_SEC
20:43:12.858,1467,litter_colour,1019,668,983,621,1055,716,COLOR_SEC
20:43:12.858,1467,litter_colour,1357,618,1322,589,1392,647,COLOR_SEC
20:43:12.858,1467,litter_colour,769,515,679,462,860,569,COLOR_SEC
20:43:12.858,1467,litter_colour,837,408,814,389,860,428,COLOR_SEC
20:43:12.899,1468,litter_colour,1591,820,1547,806,1635,834,COLOR_SEC
20:43:12.899,1468,litter_colour,1018,669,983,621,1053,718,COLOR_SEC
20:43:12.899,1468,litter_colour,1358,619,1323,590,1394,648,COLOR_SEC
20:43:12.899,1468,litter_colour,761,515,680,462,843,569,COLOR_SEC
20:43:12.899,1468,litter_colour,837,408,814,389,861,428,COLOR_SEC
20:43:12.899,1468,litter_colour,435,367,403,352,468,382,COLOR_SEC
20:43:12.939,1469,litter_colour,1026,871,998,834,1054,908,COLOR_SEC
20:43:12.939,1469,litter_colour,1595,822,1551,808,1639,836,COLOR_SEC
20:43:12.939,1469,litter_colour,1018,670,983,622,1054,718,COLOR_SEC
20:43:12.939,1469,litter_colour,761,515,680,462,843,569,COLOR_SEC
20:43:12.939,1469,litter_colour,837,408,814,389,861,428,COLOR_SEC
20:43:12.940,1469,litter_colour,435,367,403,352,468,382,COLOR_SEC
20:43:12.980,1470,litter_colour,1027,873,999,836,1055,910,COLOR_SEC
20:43:12.980,1470,litter_colour,1599,824,1554,811,1644,838,COLOR_SEC
20:43:12.980,1470,litter_colour,1020,671,983,623,1057,719,COLOR_SEC
20:43:12.980,1470,litter_colour,837,406,814,385,861,428,COLOR_SEC
20:43:12.980,1470,litter_colour,435,367,403,352,468,382,COLOR_SEC
20:43:13.019,1471,litter_colour,1027,875,997,838,1057,913,COLOR_SEC
20:43:13.019,1471,litter_colour,1020,671,985,623,1055,720,COLOR_SEC
20:43:13.019,1471,litter_colour,769,516,679,462,860,570,COLOR_SEC
20:43:13.019,1471,litter_colour,838,406,814,385,862,428,COLOR_SEC
20:43:13.019,1471,litter_colour,436,367,404,352,468,382,COLOR_SEC
20:43:13.060,1472,litter_colour,1028,878,998,841,1058,916,COLOR_SEC
20:43:13.060,1472,litter_colour,1022,673,985,624,1059,723,COLOR_SEC
20:43:13.060,1472,litter_colour,769,503,677,430,861,577,COLOR_SEC
20:43:13.060,1472,litter_colour,837,408,814,389,861,428,COLOR_SEC
20:43:13.060,1472,litter_colour,435,367,402,352,468,382,COLOR_SEC
20:43:13.101,1473,litter_colour,1020,674,981,625,1060,724,COLOR_SEC
20:43:13.101,1473,litter_colour,760,500,677,430,843,571,COLOR_SEC
20:43:13.101,1473,litter_colour,837,408,814,389,861,428,COLOR_SEC
20:43:13.101,1473,litter_colour,435,367,402,352,468,382,COLOR_SEC
20:43:13.142,1474,litter_colour,1022,675,983,625,1061,725,COLOR_SEC
20:43:13.142,1474,litter_colour,760,517,678,463,843,572,COLOR_SEC
20:43:13.142,1474,litter_colour,837,408,814,389,861,428,COLOR_SEC
20:43:13.142,1474,litter_colour,434,367,401,353,467,382,COLOR_SEC
20:43:13.183,1475,litter_colour,904,1039,841,999,968,1080,COLOR_SEC
20:43:13.183,1475,litter_colour,1022,676,984,626,1061,726,COLOR_SEC
20:43:13.183,1475,litter_colour,837,407,814,385,860,429,COLOR_SEC
20:43:13.183,1475,litter_colour,434,367,402,353,467,382,COLOR_SEC
20:43:13.224,1476,litter_colour,1024,677,986,627,1062,728,COLOR_SEC
20:43:13.224,1476,litter_colour,767,508,691,438,843,579,COLOR_SEC
20:43:13.224,1476,litter_colour,837,407,813,385,861,429,COLOR_SEC
20:43:13.224,1476,litter_colour,434,367,401,353,467,382,COLOR_SEC
20:43:13.264,1477,litter_colour,1024,678,986,627,1062,730,COLOR_SEC
20:43:13.264,1477,litter_colour,1431,652,1403,617,1460,687,COLOR_SEC
20:43:13.264,1477,litter_colour,776,502,683,431,870,573,COLOR_SEC
20:43:13.264,1477,litter_colour,837,406,813,385,861,428,COLOR_SEC
20:43:13.264,1477,litter_colour,433,367,401,352,466,382,COLOR_SEC
20:43:13.304,1478,litter_colour,880,1008,828,973,932,1043,COLOR_SEC
20:43:13.304,1478,litter_colour,1022,679,982,628,1063,731,COLOR_SEC
20:43:13.304,1478,litter_colour,1433,653,1405,618,1461,688,COLOR_SEC
20:43:13.304,1478,litter_colour,763,505,682,431,844,580,COLOR_SEC
20:43:13.304,1478,litter_colour,837,406,813,385,861,428,COLOR_SEC
20:43:13.304,1478,litter_colour,433,367,400,353,466,382,COLOR_SEC
20:43:13.343,1479,litter_colour,889,1032,828,984,951,1080,COLOR_SEC
20:43:13.343,1479,litter_colour,1435,654,1407,619,1463,690,COLOR_SEC
20:43:13.343,1479,litter_colour,778,519,714,464,843,574,COLOR_SEC
20:43:13.343,1479,litter_colour,837,406,813,385,861,427,COLOR_SEC
20:43:13.343,1479,litter_colour,432,367,399,352,465,382,COLOR_SEC
20:43:13.385,1480,litter_colour,889,1033,827,987,951,1080,COLOR_SEC
20:43:13.385,1480,litter_colour,1437,655,1409,620,1466,690,COLOR_SEC
20:43:13.385,1480,litter_colour,762,502,681,430,843,574,COLOR_SEC
20:43:13.385,1480,litter_colour,836,406,812,385,861,428,COLOR_SEC
20:43:13.385,1480,litter_colour,431,367,399,352,464,382,COLOR_SEC
20:43:13.424,1481,litter_colour,836,406,812,385,860,427,COLOR_SEC
20:43:13.424,1481,litter_colour,431,367,398,352,465,382,COLOR_SEC
20:43:13.464,1482,litter_colour,761,502,680,430,842,575,COLOR_SEC
20:43:13.464,1482,litter_colour,835,406,810,385,860,427,COLOR_SEC
20:43:13.464,1482,litter_colour,431,367,398,352,465,382,COLOR_SEC
20:43:13.503,1483,litter_colour,1384,630,1347,600,1422,661,COLOR_SEC
20:43:13.503,1483,litter_colour,766,506,680,438,852,575,COLOR_SEC
20:43:13.503,1483,litter_colour,834,406,809,385,860,427,COLOR_SEC
20:43:13.503,1483,litter_colour,430,366,397,352,464,381,COLOR_SEC
20:43:13.542,1484,litter_colour,1386,631,1348,600,1425,662,COLOR_SEC
20:43:13.542,1484,litter_colour,993,596,973,571,1014,622,COLOR_SEC
20:43:13.542,1484,litter_colour,765,506,679,437,852,576,COLOR_SEC
20:43:13.542,1484,litter_colour,834,411,808,385,860,437,COLOR_SEC
20:43:13.542,1484,litter_colour,430,366,397,351,463,381,COLOR_SEC
20:43:13.582,1485,litter_colour,1387,632,1349,601,1426,664,COLOR_SEC
20:43:13.582,1485,litter_colour,997,598,973,572,1021,624,COLOR_SEC
20:43:13.582,1485,litter_colour,834,407,808,385,861,429,COLOR_SEC
20:43:13.582,1485,litter_colour,429,366,396,351,463,381,COLOR_SEC
20:43:13.622,1486,litter_colour,1389,633,1351,602,1428,664,COLOR_SEC
20:43:13.622,1486,litter_colour,997,598,973,572,1022,625,COLOR_SEC
20:43:13.622,1486,litter_colour,834,407,808,385,861,429,COLOR_SEC
20:43:13.622,1486,litter_colour,430,366,396,351,464,381,COLOR_SEC
20:43:13.664,1487,litter_colour,1391,633,1353,602,1429,665,COLOR_SEC
20:43:13.664,1487,litter_colour,997,598,974,572,1021,624,COLOR_SEC
20:43:13.664,1487,litter_colour,834,407,808,385,861,429,COLOR_SEC
20:43:13.664,1487,litter_colour,429,365,396,351,463,380,COLOR_SEC
20:43:13.704,1488,litter_colour,1393,634,1354,603,1432,666,COLOR_SEC
20:43:13.704,1488,litter_colour,1104,616,1074,578,1135,655,COLOR_SEC
20:43:13.704,1488,litter_colour,998,599,974,572,1023,626,COLOR_SEC
20:43:13.704,1488,litter_colour,834,406,808,385,861,427,COLOR_SEC
20:43:13.704,1488,litter_colour,428,365,395,351,462,380,COLOR_SEC
20:43:13.744,1489,litter_colour,1396,633,1356,605,1436,661,COLOR_SEC
20:43:13.744,1489,litter_colour,1104,616,1075,578,1134,655,COLOR_SEC
20:43:13.744,1489,litter_colour,998,599,974,573,1022,625,COLOR_SEC
20:43:13.744,1489,litter_colour,835,406,809,385,861,427,COLOR_SEC
20:43:13.744,1489,litter_colour,428,365,395,350,462,380,COLOR_SEC
20:43:13.785,1490,litter_colour,1398,637,1357,605,1439,669,COLOR_SEC
20:43:13.785,1490,litter_colour,1106,617,1075,578,1137,656,COLOR_SEC
20:43:13.785,1490,litter_colour,835,406,809,385,861,428,COLOR_SEC
20:43:13.785,1490,litter_colour,427,365,394,350,461,380,COLOR_SEC
20:43:13.826,1491,litter_colour,1106,618,1076,579,1137,657,COLOR_SEC
20:43:13.826,1491,litter_colour,835,406,809,385,861,428,COLOR_SEC
20:43:13.826,1491,litter_colour,427,365,394,350,461,380,COLOR_SEC
20:43:13.868,1492,litter_colour,1306,617,1274,581,1339,654,COLOR_SEC
20:43:13.868,1492,litter_colour,1106,618,1076,579,1136,658,COLOR_SEC
20:43:13.868,1492,litter_colour,835,406,809,385,861,428,COLOR_SEC
20:43:13.868,1492,litter_colour,428,365,394,350,463,380,COLOR_SEC
20:43:13.907,1493,litter_colour,1028,692,987,638,1070,746,COLOR_SEC
20:43:13.907,1493,litter_colour,1307,618,1276,583,1338,653,COLOR_SEC
20:43:13.907,1493,litter_colour,1107,619,1077,580,1137,658,COLOR_SEC
20:43:13.907,1493,litter_colour,834,405,809,385,860,426,COLOR_SEC
20:43:13.907,1493,litter_colour,428,365,394,350,462,380,COLOR_SEC
20:43:13.948,1494,litter_colour,1031,693,990,638,1073,748,COLOR_SEC
20:43:13.948,1494,litter_colour,1310,618,1278,582,1342,654,COLOR_SEC
20:43:13.948,1494,litter_colour,1107,619,1077,580,1138,659,COLOR_SEC
20:43:13.948,1494,litter_colour,834,405,809,385,860,426,COLOR_SEC
20:43:13.948,1494,litter_colour,427,365,393,350,461,380,COLOR_SEC
20:43:13.989,1495,litter_colour,1031,696,988,639,1074,753,COLOR_SEC
20:43:13.989,1495,litter_colour,1468,672,1432,633,1505,711,COLOR_SEC
20:43:13.989,1495,litter_colour,1311,619,1279,583,1343,655,COLOR_SEC
20:43:13.989,1495,litter_colour,1108,620,1078,580,1139,660,COLOR_SEC
20:43:13.989,1495,litter_colour,834,405,809,385,860,426,COLOR_SEC
20:43:13.989,1495,litter_colour,427,364,393,350,461,379,COLOR_SEC
20:43:14.030,1496,litter_colour,1031,697,988,640,1075,755,COLOR_SEC
20:43:14.030,1496,litter_colour,1471,673,1437,634,1506,712,COLOR_SEC
20:43:14.030,1496,litter_colour,1310,621,1278,584,1343,658,COLOR_SEC
20:43:14.030,1496,litter_colour,1108,620,1078,580,1139,660,COLOR_SEC
20:43:14.030,1496,litter_colour,834,405,809,385,860,426,COLOR_SEC
20:43:14.030,1496,litter_colour,427,364,393,349,461,379,COLOR_SEC
20:43:14.070,1497,litter_colour,1031,698,989,640,1074,756,COLOR_SEC
20:43:14.070,1497,litter_colour,1313,620,1282,585,1344,656,COLOR_SEC
20:43:14.070,1497,litter_colour,1110,621,1079,581,1141,661,COLOR_SEC
20:43:14.070,1497,litter_colour,834,405,809,385,860,426,COLOR_SEC
20:43:14.070,1497,litter_colour,427,364,395,349,460,379,COLOR_SEC
20:43:14.110,1498,litter_colour,1032,699,989,641,1075,758,COLOR_SEC
20:43:14.110,1498,litter_colour,1315,620,1283,584,1347,657,COLOR_SEC
20:43:14.110,1498,litter_colour,1110,621,1079,581,1142,661,COLOR_SEC
20:43:14.110,1498,litter_colour,834,405,809,385,860,426,COLOR_SEC
20:43:14.110,1498,litter_colour,426,364,393,349,460,379,COLOR_SEC
20:43:14.150,1499,litter_colour,1033,698,989,642,1077,754,COLOR_SEC
20:43:14.150,1499,litter_colour,1315,623,1281,585,1349,661,COLOR_SEC
20:43:14.150,1499,litter_colour,1111,621,1080,581,1143,662,COLOR_SEC
20:43:14.150,1499,litter_colour,834,407,809,385,860,429,COLOR_SEC
20:43:14.150,1499,litter_colour,427,364,395,349,460,379,COLOR_SEC
20:43:14.190,1500,litter_colour,1034,698,990,642,1078,755,COLOR_SEC
20:43:14.190,1500,litter_colour,1317,621,1285,585,1350,658,COLOR_SEC
20:43:14.190,1500,litter_colour,1112,626,1080,582,1145,671,COLOR_SEC
20:43:14.190,1500,litter_colour,834,407,809,385,860,429,COLOR_SEC
20:43:14.190,1500,litter_colour,427,364,395,349,460,379,COLOR_SEC
20:43:14.231,1501,litter_colour,1035,700,991,644,1079,757,COLOR_SEC
20:43:14.231,1501,litter_colour,1319,622,1287,585,1352,659,COLOR_SEC
20:43:14.231,1501,litter_colour,1112,602,1081,583,1143,622,COLOR_SEC
20:43:14.231,1501,litter_colour,426,364,393,349,459,379,COLOR_SEC
20:43:14.272,1502,litter_colour,1035,701,992,644,1078,759,COLOR_SEC
20:43:14.272,1502,litter_colour,1113,616,1082,582,1145,651,COLOR_SEC
20:43:14.272,1502,litter_colour,427,363,393,349,461,378,COLOR_SEC
20:43:14.311,1503,litter_colour,1037,702,995,644,1080,761,COLOR_SEC
20:43:14.311,1503,litter_colour,1115,618,1082,584,1149,652,COLOR_SEC
20:43:14.311,1503,litter_colour,426,363,393,348,460,379,COLOR_SEC
20:43:14.352,1504,litter_colour,1037,705,993,645,1081,766,COLOR_SEC
20:43:14.352,1504,litter_colour,1115,617,1083,583,1147,652,COLOR_SEC
20:43:14.352,1504,litter_colour,426,363,393,348,460,378,COLOR_SEC
20:43:14.392,1505,litter_colour,1037,704,993,646,1082,762,COLOR_SEC
20:43:14.392,1505,litter_colour,1114,607,1083,585,1146,630,COLOR_SEC
20:43:14.392,1505,litter_colour,425,363,392,348,459,378,COLOR_SEC
20:43:14.432,1506,litter_colour,1274,700,1157,640,1391,761,COLOR_SEC
20:43:14.432,1506,litter_colour,1037,702,993,636,1082,769,COLOR_SEC
20:43:14.432,1506,litter_colour,1116,619,1084,585,1149,653,COLOR_SEC
20:43:14.432,1506,litter_colour,426,363,394,348,459,378,COLOR_SEC
20:43:14.472,1507,litter_colour,1038,708,994,646,1083,770,COLOR_SEC
20:43:14.472,1507,litter_colour,1274,701,1156,640,1393,763,COLOR_SEC
20:43:14.472,1507,litter_colour,1118,619,1084,585,1153,654,COLOR_SEC
20:43:14.472,1507,litter_colour,426,363,394,348,458,378,COLOR_SEC
20:43:14.513,1508,litter_colour,1039,709,994,647,1084,771,COLOR_SEC
20:43:14.514,1508,litter_colour,1436,651,1390,616,1482,687,COLOR_SEC
20:43:14.514,1508,litter_colour,821,410,800,393,842,428,COLOR_SEC
20:43:14.514,1508,litter_colour,426,363,394,348,458,378,COLOR_SEC
20:43:14.554,1509,litter_colour,1266,703,1151,641,1381,765,COLOR_SEC
20:43:14.554,1509,litter_colour,1435,649,1391,618,1480,680,COLOR_SEC
20:43:14.554,1509,litter_colour,1118,619,1085,585,1151,654,COLOR_SEC
20:43:14.554,1509,litter_colour,426,362,394,347,459,378,COLOR_SEC
20:43:14.594,1510,litter_colour,426,362,393,347,459,377,COLOR_SEC
20:43:14.633,1511,litter_colour,1439,653,1395,619,1484,688,COLOR_SEC
20:43:14.633,1511,litter_colour,1118,608,1086,585,1151,631,COLOR_SEC
20:43:14.633,1511,litter_colour,425,362,393,347,458,377,COLOR_SEC
20:43:14.673,1512,litter_colour,1119,608,1087,585,1151,631,COLOR_SEC
20:43:14.673,1512,litter_colour,426,362,393,347,460,377,COLOR_SEC
20:43:14.712,1513,litter_colour,426,361,393,346,459,377,COLOR_SEC
20:43:14.753,1514,litter_colour,425,361,393,346,458,376,COLOR_SEC
20:43:14.792,1515,litter_colour,1118,626,1088,585,1149,668,COLOR_SEC
20:43:14.793,1515,litter_colour,425,361,393,346,458,376,COLOR_SEC
20:43:14.834,1516,litter_colour,160,835,106,806,214,865,COLOR_SEC
20:43:14.834,1516,litter_colour,1114,608,1089,585,1140,632,COLOR_SEC
20:43:14.834,1516,litter_colour,1359,625,1308,581,1410,669,COLOR_SEC
20:43:14.834,1516,litter_colour,826,408,807,390,845,427,COLOR_SEC
20:43:14.834,1516,litter_colour,426,361,393,346,459,376,COLOR_SEC
20:43:14.875,1517,litter_colour,1114,608,1089,586,1140,631,COLOR_SEC
20:43:14.875,1517,litter_colour,825,408,807,390,844,426,COLOR_SEC
20:43:14.875,1517,litter_colour,425,360,393,345,458,376,COLOR_SEC
20:43:14.916,1518,litter_colour,1011,610,985,580,1037,641,COLOR_SEC
20:43:14.916,1518,litter_colour,825,408,806,390,844,426,COLOR_SEC
20:43:14.916,1518,litter_colour,424,360,390,345,458,375,COLOR_SEC
20:43:14.956,1519,litter_colour,825,407,806,389,844,426,COLOR_SEC
20:43:14.956,1519,litter_colour,424,360,392,345,457,375,COLOR_SEC
20:43:14.998,1520,litter_colour,825,407,808,389,842,425,COLOR_SEC
20:43:15.078,1522,litter_colour,825,406,808,388,842,425,COLOR_SEC
20:43:15.117,1523,litter_colour,824,407,806,389,842,425,COLOR_SEC
20:43:15.159,1524,litter_colour,1016,615,986,581,1047,649,COLOR_SEC
20:43:15.159,1524,litter_colour,824,406,807,388,842,425,COLOR_SEC
20:43:15.199,1525,litter_colour,1118,610,1092,587,1145,633,COLOR_SEC
20:43:15.199,1525,litter_colour,1012,612,986,581,1038,643,COLOR_SEC
20:43:15.199,1525,litter_colour,824,406,807,388,842,424,COLOR_SEC
20:43:15.240,1526,litter_colour,1012,612,986,581,1039,643,COLOR_SEC
20:43:15.240,1526,litter_colour,747,526,654,464,841,589,COLOR_SEC
20:43:15.240,1526,litter_colour,824,405,806,386,842,424,COLOR_SEC
20:43:15.281,1527,litter_colour,1398,874,1350,854,1446,895,COLOR_SEC
20:43:15.281,1527,litter_colour,1367,858,1315,837,1420,879,COLOR_SEC
20:43:15.281,1527,litter_colour,1017,616,986,581,1048,651,COLOR_SEC
20:43:15.281,1527,litter_colour,747,526,654,464,840,589,COLOR_SEC
20:43:15.281,1527,litter_colour,824,405,806,386,843,424,COLOR_SEC
20:43:15.322,1528,litter_colour,1369,860,1317,839,1422,881,COLOR_SEC
20:43:15.322,1528,litter_colour,1017,616,986,581,1049,651,COLOR_SEC
20:43:15.322,1528,litter_colour,746,526,653,464,840,589,COLOR_SEC
20:43:15.322,1528,litter_colour,823,405,805,386,842,424,COLOR_SEC
20:43:15.364,1529,litter_colour,930,751,880,731,980,771,COLOR_SEC
20:43:15.364,1529,litter_colour,1012,613,986,582,1039,645,COLOR_SEC
20:43:15.364,1529,litter_colour,746,526,653,463,840,589,COLOR_SEC
20:43:15.364,1529,litter_colour,823,405,805,386,842,424,COLOR_SEC
20:43:15.403,1530,litter_colour,1269,1018,1187,957,1352,1080,COLOR_SEC
20:43:15.403,1530,litter_colour,1374,864,1320,843,1429,885,COLOR_SEC
20:43:15.403,1530,litter_colour,930,752,880,732,980,772,COLOR_SEC
20:43:15.403,1530,litter_colour,1010,614,979,583,1041,646,COLOR_SEC
20:43:15.403,1530,litter_colour,746,526,653,463,840,590,COLOR_SEC
20:43:15.403,1530,litter_colour,824,405,807,386,842,424,COLOR_SEC
20:43:15.446,1531,litter_colour,1260,1020,1168,960,1352,1080,COLOR_SEC
20:43:15.446,1531,litter_colour,1367,867,1321,846,1413,888,COLOR_SEC
20:43:15.446,1531,litter_colour,930,753,880,733,980,774,COLOR_SEC
20:43:15.446,1531,litter_colour,1381,634,1325,591,1438,678,COLOR_SEC
20:43:15.446,1531,litter_colour,752,524,652,459,852,590,COLOR_SEC
20:43:15.446,1531,litter_colour,824,404,806,386,842,423,COLOR_SEC
20:43:15.488,1532,litter_colour,1270,1022,1190,964,1351,1080,COLOR_SEC
20:43:15.488,1532,litter_colour,930,755,880,734,980,776,COLOR_SEC
20:43:15.488,1532,litter_colour,1382,634,1325,587,1440,682,COLOR_SEC
20:43:15.488,1532,litter_colour,1014,614,987,583,1041,646,COLOR_SEC
20:43:15.488,1532,litter_colour,746,527,652,463,840,591,COLOR_SEC
20:43:15.488,1532,litter_colour,824,404,806,386,842,423,COLOR_SEC
20:43:15.528,1533,litter_colour,1270,1023,1191,967,1350,1080,COLOR_SEC
20:43:15.528,1533,litter_colour,1379,871,1324,850,1435,893,COLOR_SEC
20:43:15.528,1533,litter_colour,942,756,903,736,981,777,COLOR_SEC
20:43:15.528,1533,litter_colour,1380,635,1319,587,1442,683,COLOR_SEC
20:43:15.528,1533,litter_colour,1014,615,987,583,1041,647,COLOR_SEC
20:43:15.528,1533,litter_colour,824,404,806,386,842,423,COLOR_SEC
20:43:15.570,1534,litter_colour,1260,1025,1171,971,1350,1080,COLOR_SEC
20:43:15.570,1534,litter_colour,1381,874,1326,853,1436,895,COLOR_SEC
20:43:15.570,1534,litter_colour,930,758,879,737,981,779,COLOR_SEC
20:43:15.570,1534,litter_colour,1387,634,1327,588,1447,681,COLOR_SEC
20:43:15.570,1534,litter_colour,1014,616,987,584,1041,649,COLOR_SEC
20:43:15.570,1534,litter_colour,745,528,650,464,840,592,COLOR_SEC
20:43:15.570,1534,litter_colour,824,405,805,386,843,424,COLOR_SEC
20:43:15.570,1534,litter_colour,421,355,388,340,455,370,COLOR_SEC
20:43:15.612,1535,litter_colour,1265,1027,1193,974,1338,1080,COLOR_SEC
20:43:15.612,1535,litter_colour,1384,876,1328,855,1440,898,COLOR_SEC
20:43:15.612,1535,litter_colour,929,759,878,738,981,780,COLOR_SEC
20:43:15.612,1535,litter_colour,1388,635,1328,589,1448,682,COLOR_SEC
20:43:15.612,1535,litter_colour,1013,617,987,585,1039,649,COLOR_SEC
20:43:15.612,1535,litter_colour,744,528,648,464,840,592,COLOR_SEC
20:43:15.612,1535,litter_colour,823,404,805,386,842,423,COLOR_SEC
20:43:15.612,1535,litter_colour,423,355,388,340,458,370,COLOR_SEC
20:43:15.612,1535,litter_colour,1874,344,1828,333,1920,355,COLOR_SEC
20:43:15.652,1536,litter_colour,1254,1029,1174,978,1335,1080,COLOR_SEC
20:43:15.652,1536,litter_colour,1386,871,1329,841,1443,901,COLOR_SEC
20:43:15.652,1536,litter_colour,1391,636,1333,589,1450,683,COLOR_SEC
20:43:15.652,1536,litter_colour,1014,617,987,585,1041,650,COLOR_SEC
20:43:15.652,1536,litter_colour,733,531,646,470,820,593,COLOR_SEC
20:43:15.652,1536,litter_colour,1395,490,1326,441,1464,540,COLOR_SEC
20:43:15.652,1536,litter_colour,824,404,806,386,842,423,COLOR_SEC
20:43:15.652,1536,litter_colour,421,354,386,339,456,370,COLOR_SEC
20:43:15.652,1536,litter_colour,1874,345,1829,332,1920,358,COLOR_SEC
20:43:15.693,1537,litter_colour,1256,1030,1175,981,1337,1080,COLOR_SEC
20:43:15.693,1537,litter_colour,1387,873,1331,843,1444,904,COLOR_SEC
20:43:15.693,1537,litter_colour,1390,637,1331,590,1449,684,COLOR_SEC
20:43:15.693,1537,litter_colour,1015,618,988,585,1042,651,COLOR_SEC
20:43:15.693,1537,litter_colour,754,533,690,474,818,593,COLOR_SEC
20:43:15.693,1537,litter_colour,1394,490,1323,440,1466,540,COLOR_SEC
20:43:15.693,1537,litter_colour,824,404,805,386,843,423,COLOR_SEC
20:43:15.693,1537,litter_colour,422,354,387,339,458,369,COLOR_SEC
20:43:15.693,1537,litter_colour,1876,344,1832,331,1920,358,COLOR_SEC
20:43:15.737,1538,litter_colour,1257,1032,1177,985,1337,1080,COLOR_SEC
20:43:15.737,1538,litter_colour,1393,639,1332,591,1455,688,COLOR_SEC
20:43:15.737,1538,litter_colour,1132,615,1097,590,1167,640,COLOR_SEC
20:43:15.737,1538,litter_colour,1020,622,988,585,1052,659,COLOR_SEC
20:43:15.737,1538,litter_colour,736,532,646,470,827,594,COLOR_SEC
20:43:15.737,1538,litter_colour,822,404,803,385,842,423,COLOR_SEC
20:43:15.737,1538,litter_colour,421,354,387,339,456,369,COLOR_SEC
20:43:15.737,1538,litter_colour,1876,345,1832,333,1920,357,COLOR_SEC
20:43:15.777,1539,litter_colour,1258,1034,1178,988,1338,1080,COLOR_SEC
20:43:15.777,1539,litter_colour,1393,639,1334,592,1453,686,COLOR_SEC
20:43:15.777,1539,litter_colour,1133,615,1098,591,1168,640,COLOR_SEC
20:43:15.777,1539,litter_colour,1015,619,988,586,1043,652,COLOR_SEC
20:43:15.777,1539,litter_colour,736,534,646,473,827,595,COLOR_SEC
20:43:15.777,1539,litter_colour,823,404,805,385,842,423,COLOR_SEC
20:43:15.777,1539,litter_colour,421,353,387,338,455,369,COLOR_SEC
20:43:15.777,1539,litter_colour,1876,344,1832,331,1920,357,COLOR_SEC
20:43:15.819,1540,litter_colour,1261,1036,1183,992,1339,1080,COLOR_SEC
20:43:15.819,1540,litter_colour,1133,635,1098,591,1169,680,COLOR_SEC
20:43:15.819,1540,litter_colour,1021,623,988,586,1054,660,COLOR_SEC
20:43:15.819,1540,litter_colour,731,534,644,473,818,595,COLOR_SEC
20:43:15.819,1540,litter_colour,823,403,805,384,842,422,COLOR_SEC
20:43:15.819,1540,litter_colour,422,353,387,338,458,369,COLOR_SEC
20:43:15.819,1540,litter_colour,1877,343,1834,329,1920,358,COLOR_SEC
20:43:15.862,1541,litter_colour,1262,1038,1185,996,1339,1080,COLOR_SEC
20:43:15.862,1541,litter_colour,1134,616,1099,591,1170,641,COLOR_SEC
20:43:15.862,1541,litter_colour,1016,620,988,587,1044,654,COLOR_SEC
20:43:15.862,1541,litter_colour,731,534,644,473,818,595,COLOR_SEC
20:43:15.862,1541,litter_colour,823,403,805,385,842,422,COLOR_SEC
20:43:15.862,1541,litter_colour,421,353,387,338,456,368,COLOR_SEC
20:43:15.862,1541,litter_colour,1878,343,1836,329,1920,358,COLOR_SEC
20:43:15.904,1542,litter_colour,1055,744,1003,665,1108,823,COLOR_SEC
20:43:15.904,1542,litter_colour,1134,636,1099,592,1170,681,COLOR_SEC
20:43:15.904,1542,litter_colour,1021,624,989,587,1054,662,COLOR_SEC
20:43:15.904,1542,litter_colour,735,534,644,473,827,596,COLOR_SEC
20:43:15.904,1542,litter_colour,824,403,806,385,842,422,COLOR_SEC
20:43:15.904,1542,litter_colour,421,353,387,338,456,368,COLOR_SEC
20:43:15.949,1543,litter_colour,1435,917,1382,893,1488,941,COLOR_SEC
20:43:15.949,1543,litter_colour,1401,896,1342,875,1460,918,COLOR_SEC
20:43:15.949,1543,litter_colour,1056,746,1004,667,1109,825,COLOR_SEC
20:43:15.949,1543,litter_colour,1136,637,1100,592,1172,682,COLOR_SEC
20:43:15.949,1543,litter_colour,1022,624,990,587,1055,662,COLOR_SEC
20:43:15.949,1543,litter_colour,735,534,644,473,827,596,COLOR_SEC
20:43:15.949,1543,litter_colour,824,404,806,386,842,422,COLOR_SEC
20:43:15.949,1543,litter_colour,421,352,387,337,455,368,COLOR_SEC
20:43:15.990,1544,litter_colour,1403,899,1344,877,1463,921,COLOR_SEC
20:43:15.991,1544,litter_colour,1059,747,1003,667,1116,827,COLOR_SEC
20:43:15.991,1544,litter_colour,1023,625,990,588,1056,663,COLOR_SEC
20:43:15.991,1544,litter_colour,735,536,644,475,827,597,COLOR_SEC
20:43:15.991,1544,litter_colour,824,403,806,385,842,422,COLOR_SEC
20:43:15.991,1544,litter_colour,420,352,387,337,454,368,COLOR_SEC
20:43:16.032,1545,litter_colour,1405,902,1346,880,1465,924,COLOR_SEC
20:43:16.032,1545,litter_colour,1386,846,1351,825,1421,868,COLOR_SEC
20:43:16.032,1545,litter_colour,1057,749,1003,669,1111,830,COLOR_SEC
20:43:16.032,1545,litter_colour,1137,638,1101,593,1173,684,COLOR_SEC
20:43:16.032,1545,litter_colour,1023,626,990,588,1056,664,COLOR_SEC
20:43:16.032,1545,litter_colour,731,536,644,475,819,598,COLOR_SEC
20:43:16.032,1545,litter_colour,824,403,806,385,842,422,COLOR_SEC
20:43:16.032,1545,litter_colour,422,352,387,337,458,367,COLOR_SEC
20:43:16.073,1546,litter_colour,1408,904,1347,882,1469,927,COLOR_SEC
20:43:16.073,1546,litter_colour,1397,847,1353,825,1441,870,COLOR_SEC
20:43:16.073,1546,litter_colour,1058,750,1004,669,1112,832,COLOR_SEC
20:43:16.073,1546,litter_colour,1137,639,1101,594,1174,685,COLOR_SEC
20:43:16.073,1546,litter_colour,1023,627,990,589,1056,665,COLOR_SEC
20:43:16.073,1546,litter_colour,735,536,644,474,827,598,COLOR_SEC
20:43:16.073,1546,litter_colour,824,403,806,385,842,422,COLOR_SEC
20:43:16.073,1546,litter_colour,421,352,386,337,457,367,COLOR_SEC
20:43:16.114,1547,litter_colour,1410,907,1349,885,1471,930,COLOR_SEC
20:43:16.115,1547,litter_colour,1399,846,1355,827,1444,866,COLOR_SEC
20:43:16.115,1547,litter_colour,1059,752,1005,671,1113,834,COLOR_SEC
20:43:16.115,1547,litter_colour,1017,627,979,589,1056,666,COLOR_SEC
20:43:16.115,1547,litter_colour,734,536,642,474,827,599,COLOR_SEC
20:43:16.115,1547,litter_colour,823,403,804,385,842,422,COLOR_SEC
20:43:16.115,1547,litter_colour,420,352,385,337,456,367,COLOR_SEC
20:43:16.156,1548,litter_colour,1412,910,1351,888,1474,933,COLOR_SEC
20:43:16.156,1548,litter_colour,1392,852,1357,829,1428,875,COLOR_SEC
20:43:16.156,1548,litter_colour,1059,753,1004,671,1114,836,COLOR_SEC
20:43:16.156,1548,litter_colour,1019,628,982,589,1056,667,COLOR_SEC
20:43:16.156,1548,litter_colour,747,528,642,457,853,600,COLOR_SEC
20:43:16.156,1548,litter_colour,823,403,804,385,842,422,COLOR_SEC
20:43:16.156,1548,litter_colour,420,352,386,337,455,367,COLOR_SEC
20:43:16.198,1549,litter_colour,1414,913,1353,890,1476,936,COLOR_SEC
20:43:16.198,1549,litter_colour,1392,852,1359,835,1425,870,COLOR_SEC
20:43:16.198,1549,litter_colour,1060,755,1006,672,1115,838,COLOR_SEC
20:43:16.198,1549,litter_colour,1025,628,991,589,1060,667,COLOR_SEC
20:43:16.198,1549,litter_colour,746,529,642,458,851,600,COLOR_SEC
20:43:16.198,1549,litter_colour,823,403,804,384,842,422,COLOR_SEC
20:43:16.198,1549,litter_colour,420,351,386,336,454,367,COLOR_SEC
20:43:16.240,1550,litter_colour,1419,916,1359,893,1480,939,COLOR_SEC
20:43:16.240,1550,litter_colour,933,790,879,755,988,826,COLOR_SEC
20:43:16.240,1550,litter_colour,1060,756,1006,673,1115,840,COLOR_SEC
20:43:16.240,1550,litter_colour,1017,629,977,590,1058,668,COLOR_SEC
20:43:16.240,1550,litter_colour,735,534,642,468,828,601,COLOR_SEC
20:43:16.240,1550,litter_colour,823,403,804,385,842,422,COLOR_SEC
20:43:16.240,1550,litter_colour,420,351,386,336,454,367,COLOR_SEC
20:43:16.281,1551,litter_colour,1422,918,1361,895,1483,942,COLOR_SEC
20:43:16.281,1551,litter_colour,1396,856,1363,839,1430,874,COLOR_SEC
20:43:16.281,1551,litter_colour,933,794,879,760,988,828,COLOR_SEC
20:43:16.281,1551,litter_colour,1062,758,1007,674,1117,842,COLOR_SEC
20:43:16.281,1551,litter_colour,1025,629,992,590,1058,669,COLOR_SEC
20:43:16.281,1551,litter_colour,734,535,642,468,827,602,COLOR_SEC
20:43:16.281,1551,litter_colour,1875,494,1830,451,1920,538,COLOR_SEC
20:43:16.281,1551,litter_colour,823,403,805,385,842,422,COLOR_SEC
20:43:16.281,1551,litter_colour,420,351,384,336,457,367,COLOR_SEC
20:43:16.323,1552,litter_colour,49,908,0,877,99,939,COLOR_SEC
20:43:16.323,1552,litter_colour,934,786,879,760,990,812,COLOR_SEC
20:43:16.323,1552,litter_colour,927,714,895,699,959,729,COLOR_SEC
20:43:16.323,1552,litter_colour,1063,759,1007,675,1120,844,COLOR_SEC
20:43:16.323,1552,litter_colour,1025,630,992,591,1059,670,COLOR_SEC
20:43:16.323,1552,litter_colour,505,599,478,570,532,628,COLOR_SEC
20:43:16.323,1552,litter_colour,746,531,641,460,851,602,COLOR_SEC
20:43:16.323,1552,litter_colour,1877,500,1834,451,1920,550,COLOR_SEC
20:43:16.323,1552,litter_colour,823,404,805,385,842,423,COLOR_SEC
20:43:16.323,1552,litter_colour,420,351,384,336,457,367,COLOR_SEC
20:43:16.366,1553,litter_colour,47,909,0,879,95,939,COLOR_SEC
20:43:16.366,1553,litter_colour,934,788,879,764,990,813,COLOR_SEC
20:43:16.366,1553,litter_colour,923,715,888,700,959,730,COLOR_SEC
20:43:16.366,1553,litter_colour,1026,631,992,592,1060,671,COLOR_SEC
20:43:16.366,1553,litter_colour,505,599,478,571,532,628,COLOR_SEC
20:43:16.366,1553,litter_colour,733,535,640,468,827,603,COLOR_SEC
20:43:16.366,1553,litter_colour,1879,490,1838,453,1920,527,COLOR_SEC
20:43:16.366,1553,litter_colour,823,404,805,385,842,423,COLOR_SEC
20:43:16.366,1553,litter_colour,420,351,384,336,456,367,COLOR_SEC
20:43:16.406,1554,litter_colour,46,911,0,880,92,943,COLOR_SEC
20:43:16.406,1554,litter_colour,934,790,879,766,990,815,COLOR_SEC
20:43:16.406,1554,litter_colour,924,716,888,701,960,732,COLOR_SEC
20:43:16.406,1554,litter_colour,1026,632,993,592,1060,672,COLOR_SEC
20:43:16.406,1554,litter_colour,746,534,641,465,851,604,COLOR_SEC
20:43:16.406,1554,litter_colour,823,404,805,385,842,423,COLOR_SEC
20:43:16.406,1554,litter_colour,420,351,384,336,456,367,COLOR_SEC
20:43:16.447,1555,litter_colour,45,908,0,872,90,944,COLOR_SEC
20:43:16.448,1555,litter_colour,935,793,879,768,992,818,COLOR_SEC
20:43:16.448,1555,litter_colour,924,717,888,701,960,733,COLOR_SEC
20:43:16.448,1555,litter_colour,1027,633,993,593,1061,673,COLOR_SEC
20:43:16.448,1555,litter_colour,746,533,641,461,851,605,COLOR_SEC
20:43:16.448,1555,litter_colour,823,404,805,385,842,423,COLOR_SEC
20:43:16.448,1555,litter_colour,420,351,384,336,456,367,COLOR_SEC
20:43:16.489,1556,litter_colour,44,911,0,874,88,949,COLOR_SEC
20:43:16.489,1556,litter_colour,935,793,879,769,991,818,COLOR_SEC
20:43:16.489,1556,litter_colour,924,718,888,702,961,734,COLOR_SEC
20:43:16.489,1556,litter_colour,1028,633,994,593,1062,674,COLOR_SEC
20:43:16.489,1556,litter_colour,746,533,641,461,851,605,COLOR_SEC
20:43:16.489,1556,litter_colour,823,404,805,385,842,423,COLOR_SEC
20:43:16.489,1556,litter_colour,420,351,385,336,456,367,COLOR_SEC
20:43:16.489,1556,litter_colour,1887,342,1855,327,1920,358,COLOR_SEC
20:43:16.532,1557,litter_colour,42,913,0,877,84,949,COLOR_SEC
20:43:16.532,1557,litter_colour,936,795,880,770,992,820,COLOR_SEC
20:43:16.532,1557,litter_colour,924,719,888,703,961,735,COLOR_SEC
20:43:16.532,1557,litter_colour,1029,632,994,589,1065,675,COLOR_SEC
20:43:16.532,1557,litter_colour,745,535,640,466,850,605,COLOR_SEC
20:43:16.532,1557,litter_colour,823,404,805,385,842,423,COLOR_SEC
20:43:16.532,1557,litter_colour,418,351,382,336,455,366,COLOR_SEC
20:43:16.532,1557,litter_colour,1888,342,1856,327,1920,358,COLOR_SEC
20:43:16.575,1558,litter_colour,40,910,0,879,80,942,COLOR_SEC
20:43:16.575,1558,litter_colour,936,796,880,770,992,822,COLOR_SEC
20:43:16.575,1558,litter_colour,1021,634,980,594,1063,675,COLOR_SEC
20:43:16.575,1558,litter_colour,745,533,640,461,851,606,COLOR_SEC
20:43:16.575,1558,litter_colour,823,401,805,384,841,419,COLOR_SEC
20:43:16.575,1558,litter_colour,418,350,382,335,454,366,COLOR_SEC
20:43:16.576,1558,litter_colour,1888,341,1856,325,1920,357,COLOR_SEC
20:43:16.618,1559,litter_colour,936,796,880,770,993,823,COLOR_SEC
20:43:16.618,1559,litter_colour,1029,635,995,594,1063,676,COLOR_SEC
20:43:16.618,1559,litter_colour,745,536,640,465,850,607,COLOR_SEC
20:43:16.618,1559,litter_colour,823,403,805,384,841,422,COLOR_SEC
20:43:16.618,1559,litter_colour,417,350,382,335,452,366,COLOR_SEC
20:43:16.618,1559,litter_colour,1889,341,1858,325,1920,357,COLOR_SEC
20:43:16.660,1560,litter_colour,1029,634,995,593,1064,676,COLOR_SEC
20:43:16.660,1560,litter_colour,733,538,639,470,827,607,COLOR_SEC
20:43:16.660,1560,litter_colour,823,403,805,384,841,422,COLOR_SEC
20:43:16.660,1560,litter_colour,418,350,382,335,455,366,COLOR_SEC
20:43:16.660,1560,litter_colour,1889,339,1859,324,1920,355,COLOR_SEC
20:43:16.699,1561,litter_colour,1030,636,996,596,1064,677,COLOR_SEC
20:43:16.699,1561,litter_colour,733,538,639,469,827,607,COLOR_SEC
20:43:16.699,1561,litter_colour,822,402,804,383,841,421,COLOR_SEC
20:43:16.699,1561,litter_colour,418,349,383,334,453,365,COLOR_SEC
20:43:16.699,1561,litter_colour,1890,338,1861,324,1920,352,COLOR_SEC
20:43:16.740,1562,litter_colour,1454,947,1389,923,1519,971,COLOR_SEC
20:43:16.740,1562,litter_colour,1023,635,981,593,1065,677,COLOR_SEC
20:43:16.740,1562,litter_colour,744,536,637,465,851,607,COLOR_SEC
20:43:16.740,1562,litter_colour,822,401,804,381,841,421,COLOR_SEC
20:43:16.740,1562,litter_colour,417,349,383,334,451,365,COLOR_SEC
20:43:16.740,1562,litter_colour,1890,340,1861,324,1920,357,COLOR_SEC
20:43:16.781,1563,litter_colour,1457,949,1392,925,1522,973,COLOR_SEC
20:43:16.781,1563,litter_colour,1552,701,1489,662,1616,741,COLOR_SEC
20:43:16.781,1563,litter_colour,1031,636,996,594,1066,678,COLOR_SEC
20:43:16.781,1563,litter_colour,732,540,637,472,828,608,COLOR_SEC
20:43:16.781,1563,litter_colour,821,401,802,382,841,420,COLOR_SEC
20:43:16.781,1563,litter_colour,417,349,381,334,453,365,COLOR_SEC
20:43:16.781,1563,litter_colour,1891,338,1863,324,1920,353,COLOR_SEC
20:43:16.822,1564,litter_colour,1460,951,1394,927,1526,976,COLOR_SEC
20:43:16.822,1564,litter_colour,1558,702,1491,662,1626,742,COLOR_SEC
20:43:16.822,1564,litter_colour,1031,636,996,594,1067,678,COLOR_SEC
20:43:16.822,1564,litter_colour,732,540,637,472,828,608,COLOR_SEC
20:43:16.822,1564,litter_colour,822,401,804,382,841,420,COLOR_SEC
20:43:16.822,1564,litter_colour,416,348,381,333,451,364,COLOR_SEC
20:43:16.822,1564,litter_colour,1891,340,1863,324,1920,357,COLOR_SEC
20:43:16.863,1565,litter_colour,1463,953,1397,929,1530,978,COLOR_SEC
20:43:16.863,1565,litter_colour,1559,708,1494,663,1625,753,COLOR_SEC
20:43:16.863,1565,litter_colour,1414,667,1370,619,1458,716,COLOR_SEC
20:43:16.863,1565,litter_colour,1032,636,997,594,1067,679,COLOR_SEC
20:43:16.863,1565,litter_colour,731,540,636,472,827,608,COLOR_SEC
20:43:16.863,1565,litter_colour,822,400,804,381,841,419,COLOR_SEC
20:43:16.863,1565,litter_colour,417,348,380,333,454,364,COLOR_SEC
20:43:16.863,1565,litter_colour,1892,342,1865,324,1920,360,COLOR_SEC
20:43:16.903,1566,litter_colour,1411,667,1367,619,1455,716,COLOR_SEC
20:43:16.903,1566,litter_colour,1033,636,998,594,1068,679,COLOR_SEC
20:43:16.903,1566,litter_colour,732,544,637,481,827,608,COLOR_SEC
20:43:16.903,1566,litter_colour,822,400,804,380,841,420,COLOR_SEC
20:43:16.903,1566,litter_colour,415,348,379,333,452,364,COLOR_SEC
20:43:16.903,1566,litter_colour,1892,338,1865,324,1920,353,COLOR_SEC
20:43:16.943,1567,litter_colour,1470,958,1403,933,1537,983,COLOR_SEC
20:43:16.943,1567,litter_colour,1075,778,1014,685,1137,872,COLOR_SEC
20:43:16.943,1567,litter_colour,1427,650,1398,620,1457,680,COLOR_SEC
20:43:16.943,1567,litter_colour,1033,637,998,594,1069,680,COLOR_SEC
20:43:16.943,1567,litter_colour,731,540,635,471,827,609,COLOR_SEC
20:43:16.943,1567,litter_colour,415,347,380,332,450,363,COLOR_SEC
20:43:16.943,1567,litter_colour,1891,336,1863,324,1920,349,COLOR_SEC
20:43:16.984,1568,litter_colour,1076,780,1014,686,1138,874,COLOR_SEC
20:43:16.984,1568,litter_colour,1429,651,1399,620,1459,682,COLOR_SEC
20:43:16.984,1568,litter_colour,1022,633,985,595,1059,672,COLOR_SEC
20:43:16.984,1568,litter_colour,731,539,636,469,827,609,COLOR_SEC
20:43:16.984,1568,litter_colour,821,400,801,379,842,422,COLOR_SEC
20:43:16.984,1568,litter_colour,414,347,379,332,449,363,COLOR_SEC
20:43:17.026,1569,litter_colour,1077,781,1015,686,1139,876,COLOR_SEC
20:43:17.026,1569,litter_colour,1431,652,1401,624,1461,680,COLOR_SEC
20:43:17.026,1569,litter_colour,1029,634,998,595,1060,673,COLOR_SEC
20:43:17.026,1569,litter_colour,749,537,650,465,849,610,COLOR_SEC
20:43:17.026,1569,litter_colour,821,401,801,380,842,423,COLOR_SEC
20:43:17.026,1569,litter_colour,415,347,379,332,452,363,COLOR_SEC
20:43:17.068,1570,litter_colour,1078,783,1016,687,1141,879,COLOR_SEC
20:43:17.068,1570,litter_colour,1423,671,1384,624,1462,718,COLOR_SEC
20:43:17.068,1570,litter_colour,1035,639,1000,596,1071,682,COLOR_SEC
20:43:17.068,1570,litter_colour,749,537,649,464,850,610,COLOR_SEC
20:43:17.068,1570,litter_colour,821,405,800,380,842,431,COLOR_SEC
20:43:17.068,1570,litter_colour,414,347,378,332,450,363,COLOR_SEC
20:43:17.108,1571,litter_colour,1079,784,1016,688,1142,881,COLOR_SEC
20:43:17.108,1571,litter_colour,1425,671,1385,624,1465,719,COLOR_SEC
20:43:17.108,1571,litter_colour,1154,650,1114,601,1195,699,COLOR_SEC
20:43:17.108,1571,litter_colour,1028,636,999,596,1058,677,COLOR_SEC
20:43:17.108,1571,litter_colour,757,539,680,468,834,611,COLOR_SEC
20:43:17.108,1571,litter_colour,821,401,800,380,842,423,COLOR_SEC
20:43:17.108,1571,litter_colour,413,347,377,332,449,363,COLOR_SEC
20:43:17.149,1572,litter_colour,928,732,890,714,967,750,COLOR_SEC
20:43:17.149,1572,litter_colour,1079,786,1016,689,1143,883,COLOR_SEC
20:43:17.149,1572,litter_colour,1419,674,1373,623,1466,726,COLOR_SEC
20:43:17.149,1572,litter_colour,1155,650,1115,602,1196,699,COLOR_SEC
20:43:17.149,1572,litter_colour,741,537,633,464,850,611,COLOR_SEC
20:43:17.149,1572,litter_colour,821,405,800,380,842,431,COLOR_SEC
20:43:17.149,1572,litter_colour,412,347,377,331,448,363,COLOR_SEC
20:43:17.191,1573,litter_colour,1489,979,1420,949,1559,1009,COLOR_SEC
20:43:17.191,1573,litter_colour,928,733,889,715,967,751,COLOR_SEC
20:43:17.191,1573,litter_colour,1437,659,1407,626,1468,692,COLOR_SEC
20:43:17.191,1573,litter_colour,1156,651,1116,602,1196,700,COLOR_SEC
20:43:17.191,1573,litter_colour,1029,638,1000,597,1058,679,COLOR_SEC
20:43:17.191,1573,litter_colour,820,400,799,380,842,420,COLOR_SEC
20:43:17.191,1573,litter_colour,411,346,377,331,446,362,COLOR_SEC
20:43:17.231,1574,litter_colour,1493,982,1423,952,1563,1012,COLOR_SEC
20:43:17.232,1574,litter_colour,928,734,890,717,967,752,COLOR_SEC
20:43:17.232,1574,litter_colour,1430,673,1390,624,1470,722,COLOR_SEC
20:43:17.232,1574,litter_colour,1156,652,1116,603,1197,701,COLOR_SEC
20:43:17.232,1574,litter_colour,1024,638,986,597,1062,680,COLOR_SEC
20:43:17.232,1574,litter_colour,740,536,631,459,850,613,COLOR_SEC
20:43:17.232,1574,litter_colour,411,346,376,331,446,362,COLOR_SEC
20:43:17.274,1575,litter_colour,1496,985,1425,955,1567,1015,COLOR_SEC
20:43:17.274,1575,litter_colour,928,736,890,718,967,754,COLOR_SEC
20:43:17.274,1575,litter_colour,1432,674,1392,625,1472,723,COLOR_SEC
20:43:17.274,1575,litter_colour,1157,652,1117,602,1198,702,COLOR_SEC
20:43:17.274,1575,litter_colour,1022,637,983,597,1062,678,COLOR_SEC
20:43:17.274,1575,litter_colour,740,535,630,458,850,613,COLOR_SEC
20:43:17.274,1575,litter_colour,820,401,798,380,842,423,COLOR_SEC
20:43:17.274,1575,litter_colour,411,346,375,331,448,362,COLOR_SEC
20:43:17.314,1576,litter_colour,1499,988,1428,959,1571,1018,COLOR_SEC
20:43:17.314,1576,litter_colour,929,737,890,719,968,755,COLOR_SEC
20:43:17.314,1576,litter_colour,1434,675,1394,626,1474,725,COLOR_SEC
20:43:17.314,1576,litter_colour,1158,653,1118,604,1198,703,COLOR_SEC
20:43:17.314,1576,litter_colour,730,542,629,471,832,614,COLOR_SEC
20:43:17.314,1576,litter_colour,822,400,802,380,842,421,COLOR_SEC
20:43:17.314,1576,litter_colour,410,346,374,331,446,362,COLOR_SEC
20:43:17.356,1577,litter_colour,1503,988,1432,962,1574,1015,COLOR_SEC
20:43:17.356,1577,litter_colour,944,826,881,797,1008,856,COLOR_SEC
20:43:17.356,1577,litter_colour,929,738,890,720,968,756,COLOR_SEC
20:43:17.356,1577,litter_colour,1158,654,1117,605,1199,704,COLOR_SEC
20:43:17.356,1577,litter_colour,751,541,670,469,832,614,COLOR_SEC
20:43:17.356,1577,litter_colour,821,401,802,381,840,422,COLOR_SEC
20:43:17.356,1577,litter_colour,409,346,373,330,445,362,COLOR_SEC
20:43:17.398,1578,litter_colour,1507,991,1435,965,1579,1018,COLOR_SEC
20:43:17.398,1578,litter_colour,929,739,890,721,968,758,COLOR_SEC
20:43:17.398,1578,litter_colour,1158,654,1117,603,1200,705,COLOR_SEC
20:43:17.398,1578,litter_colour,738,540,628,465,849,616,COLOR_SEC
20:43:17.398,1578,litter_colour,818,402,797,381,840,423,COLOR_SEC
20:43:17.398,1578,litter_colour,408,346,372,330,444,362,COLOR_SEC
20:43:17.439,1579,litter_colour,1510,995,1438,968,1583,1022,COLOR_SEC
20:43:17.439,1579,litter_colour,929,741,890,722,969,760,COLOR_SEC
20:43:17.439,1579,litter_colour,738,540,627,465,849,616,COLOR_SEC
20:43:17.439,1579,litter_colour,408,345,373,330,443,361,COLOR_SEC
20:43:17.478,1580,litter_colour,945,831,881,802,1010,861,COLOR_SEC
20:43:17.478,1580,litter_colour,929,742,890,723,969,761,COLOR_SEC
20:43:17.478,1580,litter_colour,738,541,627,466,849,616,COLOR_SEC
20:43:17.478,1580,litter_colour,407,345,372,330,442,361,COLOR_SEC
20:43:17.520,1581,litter_colour,959,836,909,803,1010,870,COLOR_SEC
20:43:17.520,1581,litter_colour,930,743,890,724,970,762,COLOR_SEC
20:43:17.520,1581,litter_colour,738,541,627,466,849,617,COLOR_SEC
20:43:17.520,1581,litter_colour,407,345,372,330,443,361,COLOR_SEC
20:43:17.560,1582,litter_colour,946,835,881,805,1012,866,COLOR_SEC
20:43:17.560,1582,litter_colour,930,744,890,725,971,763,COLOR_SEC
20:43:17.560,1582,litter_colour,737,538,625,460,849,617,COLOR_SEC
20:43:17.560,1582,litter_colour,407,345,371,329,443,361,COLOR_SEC
20:43:17.601,1583,litter_colour,947,837,882,806,1013,868,COLOR_SEC
20:43:17.601,1583,litter_colour,931,746,891,727,971,765,COLOR_SEC
20:43:17.601,1583,litter_colour,735,543,639,468,832,618,COLOR_SEC
20:43:17.601,1583,litter_colour,406,344,371,329,442,360,COLOR_SEC
20:43:17.641,1584,litter_colour,948,839,882,808,1014,870,COLOR_SEC
20:43:17.641,1584,litter_colour,932,746,892,727,972,766,COLOR_SEC
20:43:17.641,1584,litter_colour,744,542,639,466,849,618,COLOR_SEC
20:43:17.641,1584,litter_colour,406,344,371,329,441,360,COLOR_SEC
20:43:17.682,1585,litter_colour,932,748,892,729,973,768,COLOR_SEC
20:43:17.682,1585,litter_colour,732,545,639,471,825,619,COLOR_SEC
20:43:17.682,1585,litter_colour,818,400,796,380,840,420,COLOR_SEC
20:43:17.682,1585,litter_colour,407,344,371,329,443,360,COLOR_SEC
20:43:17.722,1586,litter_colour,932,750,892,731,973,769,COLOR_SEC
20:43:17.722,1586,litter_colour,735,544,639,469,832,620,COLOR_SEC
20:43:17.722,1586,litter_colour,818,400,796,380,840,420,COLOR_SEC
20:43:17.722,1586,litter_colour,405,344,369,328,442,360,COLOR_SEC
20:43:17.763,1587,litter_colour,933,750,893,731,974,770,COLOR_SEC
20:43:17.763,1587,litter_colour,745,540,640,460,850,620,COLOR_SEC
20:43:17.763,1587,litter_colour,818,400,796,380,840,420,COLOR_SEC
20:43:17.763,1587,litter_colour,406,344,370,328,442,360,COLOR_SEC
20:43:17.803,1588,litter_colour,934,752,893,732,975,772,COLOR_SEC
20:43:17.803,1588,litter_colour,737,540,624,460,850,621,COLOR_SEC
20:43:17.803,1588,litter_colour,820,400,800,380,840,420,COLOR_SEC
20:43:17.803,1588,litter_colour,405,343,370,328,441,359,COLOR_SEC
20:43:17.842,1589,litter_colour,1551,1032,1474,1001,1628,1063,COLOR_SEC
20:43:17.843,1589,litter_colour,934,753,894,734,975,773,COLOR_SEC
20:43:17.843,1589,litter_colour,974,714,946,700,1003,728,COLOR_SEC
20:43:17.843,1589,litter_colour,744,541,638,460,850,622,COLOR_SEC
20:43:17.843,1589,litter_colour,820,400,800,380,840,420,COLOR_SEC
20:43:17.843,1589,litter_colour,405,343,369,327,442,359,COLOR_SEC
20:43:17.884,1590,litter_colour,1555,1035,1477,1004,1633,1066,COLOR_SEC
20:43:17.884,1590,litter_colour,935,754,894,734,976,774,COLOR_SEC
20:43:17.884,1590,litter_colour,976,715,946,701,1006,730,COLOR_SEC
20:43:17.884,1590,litter_colour,1037,647,1004,603,1070,691,COLOR_SEC
20:43:17.884,1590,litter_colour,734,544,637,467,832,622,COLOR_SEC
20:43:17.884,1590,litter_colour,404,343,368,327,441,359,COLOR_SEC
20:43:17.923,1591,litter_colour,1558,1038,1480,1008,1637,1069,COLOR_SEC
20:43:17.923,1591,litter_colour,935,755,894,735,976,775,COLOR_SEC
20:43:17.923,1591,litter_colour,975,716,946,701,1004,731,COLOR_SEC
20:43:17.923,1591,litter_colour,1031,647,992,604,1070,691,COLOR_SEC
20:43:17.923,1591,litter_colour,735,545,639,468,832,622,COLOR_SEC
20:43:17.923,1591,litter_colour,405,342,368,326,442,358,COLOR_SEC
20:43:17.962,1592,litter_colour,935,756,894,736,977,776,COLOR_SEC
20:43:17.962,1592,litter_colour,975,716,946,701,1005,732,COLOR_SEC
20:43:17.962,1592,litter_colour,1038,647,1006,604,1071,691,COLOR_SEC
20:43:17.962,1592,litter_colour,743,540,637,458,850,622,COLOR_SEC
20:43:17.962,1592,litter_colour,403,341,367,325,439,357,COLOR_SEC
20:43:18.002,1593,litter_colour,935,756,894,736,977,777,COLOR_SEC
20:43:18.002,1593,litter_colour,976,716,947,701,1006,731,COLOR_SEC
20:43:18.002,1593,litter_colour,742,544,636,466,849,622,COLOR_SEC
20:43:18.002,1593,litter_colour,402,341,366,325,439,357,COLOR_SEC
20:43:18.043,1594,litter_colour,935,757,894,737,977,778,COLOR_SEC
20:43:18.043,1594,litter_colour,976,718,947,702,1006,734,COLOR_SEC
20:43:18.043,1594,litter_colour,1032,647,993,602,1072,692,COLOR_SEC
20:43:18.043,1594,litter_colour,750,543,668,465,832,622,COLOR_SEC
20:43:18.043,1594,litter_colour,402,340,366,324,438,356,COLOR_SEC
20:43:18.083,1595,litter_colour,1598,1064,1543,1048,1654,1080,COLOR_SEC
20:43:18.083,1595,litter_colour,1574,1048,1493,1017,1655,1080,COLOR_SEC
20:43:18.083,1595,litter_colour,936,758,894,738,978,779,COLOR_SEC
20:43:18.083,1595,litter_colour,1105,824,1030,710,1180,939,COLOR_SEC
20:43:18.083,1595,litter_colour,976,717,947,702,1006,732,COLOR_SEC
20:43:18.083,1595,litter_colour,1031,647,991,603,1072,692,COLOR_SEC
20:43:18.083,1595,litter_colour,749,544,668,467,831,622,COLOR_SEC
20:43:18.083,1595,litter_colour,401,339,365,324,438,355,COLOR_SEC
20:43:18.126,1596,litter_colour,1578,1050,1496,1020,1660,1080,COLOR_SEC
20:43:18.126,1596,litter_colour,937,759,895,738,979,781,COLOR_SEC
20:43:18.126,1596,litter_colour,1107,824,1032,707,1182,941,COLOR_SEC
20:43:18.126,1596,litter_colour,978,717,948,702,1009,733,COLOR_SEC
20:43:18.126,1596,litter_colour,1174,661,1129,607,1219,716,COLOR_SEC
20:43:18.126,1596,litter_colour,749,543,667,466,831,621,COLOR_SEC
20:43:18.126,1596,litter_colour,401,339,364,324,438,354,COLOR_SEC
20:43:18.167,1597,litter_colour,1582,1051,1500,1023,1664,1080,COLOR_SEC
20:43:18.167,1597,litter_colour,937,759,896,738,979,780,COLOR_SEC
20:43:18.167,1597,litter_colour,1108,826,1032,710,1184,943,COLOR_SEC
20:43:18.167,1597,litter_colour,979,717,949,702,1009,733,COLOR_SEC
20:43:18.167,1597,litter_colour,1174,662,1129,607,1220,717,COLOR_SEC
20:43:18.167,1597,litter_colour,1032,647,992,602,1073,692,COLOR_SEC
20:43:18.167,1597,litter_colour,757,542,666,463,849,621,COLOR_SEC
20:43:18.167,1597,litter_colour,401,338,364,324,439,353,COLOR_SEC
20:43:18.207,1598,litter_colour,1586,1052,1504,1025,1669,1080,COLOR_SEC
20:43:18.207,1598,litter_colour,938,759,896,738,980,781,COLOR_SEC
20:43:18.207,1598,litter_colour,1109,828,1033,711,1185,946,COLOR_SEC
20:43:18.207,1598,litter_colour,978,718,949,703,1008,733,COLOR_SEC
20:43:18.207,1598,litter_colour,1175,662,1130,608,1221,717,COLOR_SEC
20:43:18.207,1598,litter_colour,757,542,666,462,848,622,COLOR_SEC
20:43:18.207,1598,litter_colour,400,338,364,324,437,353,COLOR_SEC
20:43:18.246,1599,litter_colour,1593,1054,1513,1029,1674,1080,COLOR_SEC
20:43:18.246,1599,litter_colour,957,866,886,828,1028,905,COLOR_SEC
20:43:18.246,1599,litter_colour,1110,830,1033,712,1187,948,COLOR_SEC
20:43:18.246,1599,litter_colour,979,719,949,704,1009,735,COLOR_SEC
20:43:18.246,1599,litter_colour,1512,695,1419,635,1605,755,COLOR_SEC
20:43:18.246,1599,litter_colour,1183,676,1132,609,1234,744,COLOR_SEC
20:43:18.246,1599,litter_colour,1034,648,993,603,1075,693,COLOR_SEC
20:43:18.246,1599,litter_colour,757,542,666,462,849,622,COLOR_SEC
20:43:18.286,1600,litter_colour,1598,1056,1517,1033,1679,1080,COLOR_SEC
20:43:18.286,1600,litter_colour,958,868,887,830,1029,907,COLOR_SEC
20:43:18.286,1600,litter_colour,823,779,788,754,858,804,COLOR_SEC
20:43:18.286,1600,litter_colour,1111,831,1034,712,1189,951,COLOR_SEC
20:43:18.286,1600,litter_colour,1518,693,1427,635,1609,752,COLOR_SEC
20:43:18.286,1600,litter_colour,1177,662,1131,608,1223,717,COLOR_SEC
20:43:18.286,1600,litter_colour,757,542,666,462,849,622,COLOR_SEC
20:43:18.286,1600,litter_colour,400,338,363,324,437,352,COLOR_SEC
20:43:18.326,1601,litter_colour,951,871,887,832,1015,911,COLOR_SEC
20:43:18.326,1601,litter_colour,829,780,801,755,858,805,COLOR_SEC
20:43:18.326,1601,litter_colour,1112,832,1034,713,1190,951,COLOR_SEC
20:43:18.326,1601,litter_colour,1512,697,1422,637,1603,758,COLOR_SEC
20:43:18.326,1601,litter_colour,1178,664,1132,610,1224,718,COLOR_SEC
20:43:18.326,1601,litter_colour,756,543,664,463,849,623,COLOR_SEC
20:43:18.367,1602,litter_colour,959,873,887,834,1031,913,COLOR_SEC
20:43:18.367,1602,litter_colour,829,782,801,757,858,807,COLOR_SEC
20:43:18.367,1602,litter_colour,1114,834,1036,712,1192,956,COLOR_SEC
20:43:18.367,1602,litter_colour,1035,650,994,604,1077,696,COLOR_SEC
20:43:18.367,1602,litter_colour,756,543,664,463,849,624,COLOR_SEC
20:43:18.409,1603,litter_colour,830,783,803,758,858,809,COLOR_SEC
20:43:18.409,1603,litter_colour,1115,836,1036,713,1194,960,COLOR_SEC
20:43:18.409,1603,litter_colour,756,544,664,463,849,625,COLOR_SEC
20:43:18.449,1604,litter_colour,823,785,787,760,859,811,COLOR_SEC
20:43:18.449,1604,litter_colour,1116,838,1037,714,1196,963,COLOR_SEC
20:43:18.449,1604,litter_colour,1180,667,1133,612,1228,722,COLOR_SEC
20:43:18.449,1604,litter_colour,756,544,664,463,849,626,COLOR_SEC
20:43:18.449,1604,litter_colour,819,393,799,373,840,413,COLOR_SEC
20:43:18.489,1605,litter_colour,953,876,888,840,1019,912,COLOR_SEC
20:43:18.490,1605,litter_colour,830,787,802,761,858,813,COLOR_SEC
20:43:18.490,1605,litter_colour,1117,839,1038,716,1197,963,COLOR_SEC
20:43:18.490,1605,litter_colour,1181,667,1134,613,1229,722,COLOR_SEC
20:43:18.490,1605,litter_colour,463,617,440,593,486,641,COLOR_SEC
20:43:18.490,1605,litter_colour,756,544,663,463,849,626,COLOR_SEC
20:43:18.490,1605,litter_colour,819,391,799,373,840,410,COLOR_SEC
20:43:18.531,1606,litter_colour,823,789,787,763,859,815,COLOR_SEC
20:43:18.531,1606,litter_colour,462,617,438,593,486,642,COLOR_SEC
20:43:18.531,1606,litter_colour,755,545,662,463,849,627,COLOR_SEC
20:43:18.531,1606,litter_colour,819,391,799,373,840,410,COLOR_SEC
20:43:18.572,1607,litter_colour,941,956,913,919,969,993,COLOR_SEC
20:43:18.572,1607,litter_colour,822,790,786,764,859,817,COLOR_SEC
20:43:18.572,1607,litter_colour,461,619,437,595,486,643,COLOR_SEC
20:43:18.572,1607,litter_colour,755,545,662,463,849,628,COLOR_SEC
20:43:18.572,1607,litter_colour,818,392,797,373,840,412,COLOR_SEC
20:43:18.613,1608,litter_colour,822,792,786,765,859,819,COLOR_SEC
20:43:18.613,1608,litter_colour,460,619,436,594,484,644,COLOR_SEC
20:43:18.613,1608,litter_colour,755,545,662,463,849,628,COLOR_SEC
20:43:18.613,1608,litter_colour,818,392,797,373,840,412,COLOR_SEC
20:43:18.653,1609,litter_colour,827,794,802,767,853,821,COLOR_SEC
20:43:18.653,1609,litter_colour,458,620,435,596,482,645,COLOR_SEC
20:43:18.653,1609,litter_colour,755,546,661,463,849,629,COLOR_SEC
20:43:18.653,1609,litter_colour,1470,475,1411,427,1530,524,COLOR_SEC
20:43:18.653,1609,litter_colour,818,391,797,373,840,410,COLOR_SEC
20:43:18.695,1610,litter_colour,822,795,786,767,859,823,COLOR_SEC
20:43:18.695,1610,litter_colour,457,620,433,595,482,645,COLOR_SEC
20:43:18.695,1610,litter_colour,754,546,660,463,849,630,COLOR_SEC
20:43:18.695,1610,litter_colour,1472,475,1412,427,1532,524,COLOR_SEC
20:43:18.695,1610,litter_colour,818,392,797,373,840,412,COLOR_SEC
20:43:18.734,1611,litter_colour,822,797,786,769,859,825,COLOR_SEC
20:43:18.734,1611,litter_colour,456,621,432,596,480,646,COLOR_SEC
20:43:18.734,1611,litter_colour,754,546,660,463,849,630,COLOR_SEC
20:43:18.734,1611,litter_colour,1473,475,1413,427,1534,523,COLOR_SEC
20:43:18.734,1611,litter_colour,818,392,797,373,840,412,COLOR_SEC
20:43:18.776,1612,litter_colour,455,621,431,596,480,647,COLOR_SEC
20:43:18.776,1612,litter_colour,745,549,660,467,831,631,COLOR_SEC
20:43:18.776,1612,litter_colour,1475,475,1415,427,1536,524,COLOR_SEC
20:43:18.776,1612,litter_colour,818,391,797,373,840,410,COLOR_SEC
20:43:18.817,1613,litter_colour,944,781,900,758,989,805,COLOR_SEC
20:43:18.817,1613,litter_colour,453,621,429,596,478,647,COLOR_SEC
20:43:18.817,1613,litter_colour,735,549,658,467,812,632,COLOR_SEC
20:43:18.817,1613,litter_colour,1477,475,1417,427,1538,524,COLOR_SEC
20:43:18.817,1613,litter_colour,818,392,797,373,840,411,COLOR_SEC
20:43:18.858,1614,litter_colour,944,783,900,759,989,807,COLOR_SEC
20:43:18.858,1614,litter_colour,983,737,955,721,1011,753,COLOR_SEC
20:43:18.858,1614,litter_colour,448,622,428,597,469,648,COLOR_SEC
20:43:18.858,1614,litter_colour,753,548,658,464,849,633,COLOR_SEC
20:43:18.858,1614,litter_colour,818,392,797,373,840,411,COLOR_SEC
20:43:18.898,1615,litter_colour,944,785,899,761,990,810,COLOR_SEC
20:43:18.898,1615,litter_colour,987,738,955,722,1019,755,COLOR_SEC
20:43:18.898,1615,litter_colour,451,626,426,598,476,654,COLOR_SEC
20:43:18.898,1615,litter_colour,753,548,658,464,849,633,COLOR_SEC
20:43:18.898,1615,litter_colour,818,394,797,373,840,415,COLOR_SEC
20:43:18.898,1615,litter_colour,397,337,359,324,435,351,COLOR_SEC
20:43:18.938,1616,litter_colour,945,787,900,762,990,812,COLOR_SEC
20:43:18.938,1616,litter_colour,988,739,956,723,1020,756,COLOR_SEC
20:43:18.938,1616,litter_colour,451,626,425,598,477,655,COLOR_SEC
20:43:18.938,1616,litter_colour,753,549,658,464,849,634,COLOR_SEC
20:43:18.938,1616,litter_colour,818,391,797,373,840,410,COLOR_SEC
20:43:18.938,1616,litter_colour,395,338,359,324,432,352,COLOR_SEC
20:43:18.980,1617,litter_colour,945,789,900,764,991,814,COLOR_SEC
20:43:18.980,1617,litter_colour,988,742,956,725,1020,759,COLOR_SEC
20:43:18.980,1617,litter_colour,752,549,656,464,848,635,COLOR_SEC
20:43:18.980,1617,litter_colour,818,391,797,373,840,410,COLOR_SEC
20:43:18.980,1617,litter_colour,395,338,359,324,432,352,COLOR_SEC
20:43:19.021,1618,litter_colour,945,791,900,766,991,816,COLOR_SEC
20:43:19.021,1618,litter_colour,984,743,956,727,1013,760,COLOR_SEC
20:43:19.021,1618,litter_colour,447,630,422,600,472,661,COLOR_SEC
20:43:19.021,1618,litter_colour,752,550,656,465,848,636,COLOR_SEC
20:43:19.021,1618,litter_colour,818,395,797,373,840,417,COLOR_SEC
20:43:19.021,1618,litter_colour,396,338,359,324,434,352,COLOR_SEC
20:43:19.061,1619,litter_colour,946,793,900,768,992,819,COLOR_SEC
20:43:19.061,1619,litter_colour,985,746,957,729,1014,764,COLOR_SEC
20:43:19.061,1619,litter_colour,445,628,420,602,471,654,COLOR_SEC
20:43:19.061,1619,litter_colour,751,552,655,466,848,638,COLOR_SEC
20:43:19.061,1619,litter_colour,818,392,797,374,840,411,COLOR_SEC
20:43:19.061,1619,litter_colour,397,338,359,324,436,352,COLOR_SEC
20:43:19.103,1620,litter_colour,946,796,900,771,993,821,COLOR_SEC
20:43:19.103,1620,litter_colour,987,748,957,731,1017,765,COLOR_SEC
20:43:19.103,1620,litter_colour,444,629,419,602,470,656,COLOR_SEC
20:43:19.103,1620,litter_colour,751,553,654,467,848,639,COLOR_SEC
20:43:19.103,1620,litter_colour,818,393,796,374,841,412,COLOR_SEC
20:43:19.103,1620,litter_colour,396,338,359,324,434,353,COLOR_SEC
20:43:19.145,1621,litter_colour,947,799,900,773,994,825,COLOR_SEC
20:43:19.146,1621,litter_colour,987,750,958,733,1016,768,COLOR_SEC
20:43:19.146,1621,litter_colour,442,631,417,604,468,658,COLOR_SEC
20:43:19.146,1621,litter_colour,751,554,654,467,848,641,COLOR_SEC
20:43:19.146,1621,litter_colour,818,394,796,375,840,413,COLOR_SEC
20:43:19.146,1621,litter_colour,396,339,359,324,433,354,COLOR_SEC
20:43:19.185,1622,litter_colour,991,752,958,735,1024,770,COLOR_SEC
20:43:19.185,1622,litter_colour,1060,670,1021,619,1100,721,COLOR_SEC
20:43:19.185,1622,litter_colour,751,555,653,468,849,643,COLOR_SEC
20:43:19.185,1622,litter_colour,817,394,795,375,840,413,COLOR_SEC
20:43:19.185,1622,litter_colour,396,339,359,324,434,354,COLOR_SEC
20:43:19.226,1623,litter_colour,991,755,958,737,1024,773,COLOR_SEC
20:43:19.226,1623,litter_colour,1053,672,1006,621,1101,723,COLOR_SEC
20:43:19.226,1623,litter_colour,750,556,652,469,849,644,COLOR_SEC
20:43:19.226,1623,litter_colour,818,395,797,376,840,414,COLOR_SEC
20:43:19.226,1623,litter_colour,395,339,359,324,432,355,COLOR_SEC
20:43:19.268,1624,litter_colour,992,756,958,739,1026,774,COLOR_SEC
20:43:19.268,1624,litter_colour,1050,673,1006,621,1094,725,COLOR_SEC
20:43:19.268,1624,litter_colour,732,559,652,473,812,646,COLOR_SEC
20:43:19.268,1624,litter_colour,818,398,797,375,840,421,COLOR_SEC
20:43:19.268,1624,litter_colour,396,339,359,324,433,355,COLOR_SEC
20:43:19.307,1625,litter_colour,988,758,959,741,1017,776,COLOR_SEC
20:43:19.307,1625,litter_colour,1057,675,1021,623,1094,727,COLOR_SEC
20:43:19.307,1625,litter_colour,818,396,797,377,840,415,COLOR_SEC
20:43:19.307,1625,litter_colour,396,339,358,324,434,355,COLOR_SEC
20:43:19.348,1626,litter_colour,816,835,777,802,855,869,COLOR_SEC
20:43:19.348,1626,litter_colour,1058,677,1020,626,1096,729,COLOR_SEC
20:43:19.348,1626,litter_colour,817,395,794,376,840,414,COLOR_SEC
20:43:19.348,1626,litter_colour,396,339,358,324,434,355,COLOR_SEC
20:43:19.388,1627,litter_colour,817,837,776,804,858,871,COLOR_SEC
20:43:19.388,1627,litter_colour,1141,875,1053,755,1229,996,COLOR_SEC
20:43:19.388,1627,litter_colour,1063,678,1022,627,1104,730,COLOR_SEC
20:43:19.388,1627,litter_colour,817,395,795,376,840,414,COLOR_SEC
20:43:19.388,1627,litter_colour,395,339,358,324,432,355,COLOR_SEC
20:43:19.427,1628,litter_colour,1142,878,1054,756,1231,1001,COLOR_SEC
20:43:19.427,1628,litter_colour,1056,678,1008,625,1105,731,COLOR_SEC
20:43:19.427,1628,litter_colour,817,395,794,376,840,414,COLOR_SEC
20:43:19.427,1628,litter_colour,396,339,358,324,435,354,COLOR_SEC
20:43:19.467,1629,litter_colour,818,394,797,376,840,412,COLOR_SEC
20:43:19.468,1629,litter_colour,394,339,358,324,431,354,COLOR_SEC
20:43:19.507,1630,litter_colour,1209,694,1156,634,1262,754,COLOR_SEC
20:43:19.507,1630,litter_colour,817,395,794,376,840,414,COLOR_SEC
20:43:19.507,1630,litter_colour,394,338,357,324,432,353,COLOR_SEC
20:43:19.548,1631,litter_colour,1210,694,1157,634,1263,755,COLOR_SEC
20:43:19.548,1631,litter_colour,817,398,793,376,842,420,COLOR_SEC
20:43:19.548,1631,litter_colour,396,338,357,324,436,353,COLOR_SEC
20:43:19.588,1632,litter_colour,1219,719,1157,635,1282,803,COLOR_SEC
20:43:19.588,1632,litter_colour,816,394,793,375,840,414,COLOR_SEC
20:43:19.588,1632,litter_colour,394,338,356,324,432,352,COLOR_SEC
20:43:19.627,1633,litter_colour,1211,696,1158,636,1265,757,COLOR_SEC
20:43:19.627,1633,litter_colour,816,395,793,377,840,414,COLOR_SEC
20:43:19.627,1633,litter_colour,394,338,358,324,430,352,COLOR_SEC
20:43:19.666,1634,litter_colour,1212,698,1159,637,1265,759,COLOR_SEC
20:43:19.666,1634,litter_colour,816,395,793,376,840,414,COLOR_SEC
20:43:19.666,1634,litter_colour,395,338,356,324,435,352,COLOR_SEC
20:43:19.707,1635,litter_colour,816,395,793,376,840,415,COLOR_SEC
20:43:19.707,1635,litter_colour,392,338,355,324,429,352,COLOR_SEC
20:43:19.747,1636,litter_colour,949,836,899,806,999,866,COLOR_SEC
20:43:19.747,1636,litter_colour,1213,701,1159,640,1267,763,COLOR_SEC
20:43:19.747,1636,litter_colour,956,619,925,599,987,639,COLOR_SEC
20:43:19.747,1636,litter_colour,1045,492,1019,470,1072,515,COLOR_SEC
20:43:19.747,1636,litter_colour,815,396,791,377,840,415,COLOR_SEC
20:43:19.747,1636,litter_colour,394,338,354,324,434,352,COLOR_SEC
20:43:19.786,1637,litter_colour,948,839,898,809,999,869,COLOR_SEC
20:43:19.786,1637,litter_colour,1213,700,1160,635,1267,765,COLOR_SEC
20:43:19.786,1637,litter_colour,955,620,925,601,986,640,COLOR_SEC
20:43:19.786,1637,litter_colour,1045,494,1018,472,1072,516,COLOR_SEC
20:43:19.786,1637,litter_colour,816,397,794,378,838,416,COLOR_SEC
20:43:19.786,1637,litter_colour,390,338,353,324,428,352,COLOR_SEC
20:43:19.827,1638,litter_colour,1213,705,1159,643,1268,767,COLOR_SEC
20:43:19.827,1638,litter_colour,955,622,924,602,987,642,COLOR_SEC
20:43:19.827,1638,litter_colour,1044,494,1017,471,1072,517,COLOR_SEC
20:43:19.827,1638,litter_colour,391,338,353,324,430,353,COLOR_SEC
20:43:19.867,1639,litter_colour,1214,706,1160,643,1268,769,COLOR_SEC
20:43:19.867,1639,litter_colour,955,623,924,603,987,643,COLOR_SEC
20:43:19.867,1639,litter_colour,724,571,636,477,813,665,COLOR_SEC
20:43:19.867,1639,litter_colour,1045,494,1018,472,1072,517,COLOR_SEC
20:43:19.867,1639,litter_colour,814,398,790,378,838,418,COLOR_SEC
20:43:19.867,1639,litter_colour,392,338,352,324,432,353,COLOR_SEC
20:43:19.908,1640,litter_colour,989,790,958,771,1021,810,COLOR_SEC
20:43:19.908,1640,litter_colour,1214,708,1160,646,1269,771,COLOR_SEC
20:43:19.908,1640,litter_colour,955,624,923,604,987,645,COLOR_SEC
20:43:19.908,1640,litter_colour,1044,495,1017,473,1072,518,COLOR_SEC
20:43:19.908,1640,litter_colour,725,554,634,442,816,666,COLOR_SEC
20:43:19.908,1640,litter_colour,815,398,792,379,838,418,COLOR_SEC
20:43:19.908,1640,litter_colour,389,338,352,324,426,353,COLOR_SEC
20:43:19.950,1641,litter_colour,989,793,958,774,1021,813,COLOR_SEC
20:43:19.950,1641,litter_colour,1215,710,1161,648,1270,773,COLOR_SEC
20:43:19.950,1641,litter_colour,954,625,923,605,986,646,COLOR_SEC
20:43:19.950,1641,litter_colour,1044,497,1017,475,1071,519,COLOR_SEC
20:43:19.950,1641,litter_colour,812,399,788,380,836,419,COLOR_SEC
20:43:19.950,1641,litter_colour,390,338,353,324,427,353,COLOR_SEC
20:43:19.992,1642,litter_colour,989,796,958,776,1021,816,COLOR_SEC
20:43:19.992,1642,litter_colour,1216,712,1161,649,1271,776,COLOR_SEC
20:43:19.992,1642,litter_colour,954,626,923,606,986,647,COLOR_SEC
20:43:19.992,1642,litter_colour,1044,497,1017,474,1071,520,COLOR_SEC
20:43:19.992,1642,litter_colour,720,568,632,467,808,670,COLOR_SEC
20:43:19.992,1642,litter_colour,811,399,787,380,836,419,COLOR_SEC
20:43:19.992,1642,litter_colour,390,339,351,324,429,354,COLOR_SEC
20:43:20.031,1643,litter_colour,989,798,958,778,1021,819,COLOR_SEC
20:43:20.031,1643,litter_colour,1216,713,1161,650,1272,777,COLOR_SEC
20:43:20.031,1643,litter_colour,1060,697,1009,635,1111,759,COLOR_SEC
20:43:20.031,1643,litter_colour,954,628,923,607,986,649,COLOR_SEC
20:43:20.031,1643,litter_colour,722,576,632,481,813,671,COLOR_SEC
20:43:20.031,1643,litter_colour,1044,497,1017,474,1071,521,COLOR_SEC
20:43:20.031,1643,litter_colour,389,339,350,324,429,354,COLOR_SEC
20:43:20.072,1644,litter_colour,1217,715,1161,652,1273,779,COLOR_SEC
20:43:20.072,1644,litter_colour,1058,698,1005,636,1111,761,COLOR_SEC
20:43:20.072,1644,litter_colour,954,629,922,608,986,650,COLOR_SEC
20:43:20.072,1644,litter_colour,1044,497,1016,474,1072,521,COLOR_SEC
20:43:20.072,1644,litter_colour,389,339,351,324,428,354,COLOR_SEC
20:43:20.111,1645,litter_colour,1217,714,1161,647,1274,781,COLOR_SEC
20:43:20.111,1645,litter_colour,1060,703,1009,643,1112,763,COLOR_SEC
20:43:20.111,1645,litter_colour,954,630,922,609,986,652,COLOR_SEC
20:43:20.111,1645,litter_colour,720,579,628,483,812,675,COLOR_SEC
20:43:20.111,1645,litter_colour,1044,499,1017,477,1071,522,COLOR_SEC
20:43:20.111,1645,litter_colour,386,339,348,324,424,354,COLOR_SEC
20:43:20.151,1646,litter_colour,1218,716,1162,649,1275,783,COLOR_SEC
20:43:20.151,1646,litter_colour,1059,704,1005,644,1113,765,COLOR_SEC
20:43:20.151,1646,litter_colour,954,632,922,611,986,653,COLOR_SEC
20:43:20.151,1646,litter_colour,735,577,628,479,843,676,COLOR_SEC
20:43:20.151,1646,litter_colour,1043,498,1015,475,1071,522,COLOR_SEC
20:43:20.151,1646,litter_colour,385,339,348,324,423,354,COLOR_SEC
20:43:20.190,1647,litter_colour,1218,717,1162,649,1275,785,COLOR_SEC
20:43:20.190,1647,litter_colour,1067,715,1005,646,1130,784,COLOR_SEC
20:43:20.190,1647,litter_colour,954,633,922,612,986,654,COLOR_SEC
20:43:20.190,1647,litter_colour,1044,499,1016,476,1072,523,COLOR_SEC
20:43:20.190,1647,litter_colour,385,339,347,324,423,354,COLOR_SEC
20:43:20.230,1648,litter_colour,1070,717,1009,647,1131,787,COLOR_SEC
20:43:20.230,1648,litter_colour,958,634,922,613,995,655,COLOR_SEC
20:43:20.230,1648,litter_colour,1043,500,1015,476,1071,524,COLOR_SEC
20:43:20.230,1648,litter_colour,386,339,347,324,425,355,COLOR_SEC
20:43:20.271,1649,litter_colour,1070,715,1009,642,1132,789,COLOR_SEC
20:43:20.271,1649,litter_colour,954,635,922,614,987,657,COLOR_SEC
20:43:20.271,1649,litter_colour,1044,501,1017,477,1072,525,COLOR_SEC
20:43:20.271,1649,litter_colour,388,339,349,324,427,355,COLOR_SEC
20:43:20.314,1650,litter_colour,1276,798,1252,754,1300,842,COLOR_SEC
20:43:20.314,1650,litter_colour,1062,711,1009,649,1116,774,COLOR_SEC
20:43:20.314,1650,litter_colour,955,636,922,615,988,658,COLOR_SEC
20:43:20.314,1650,litter_colour,1044,501,1016,477,1072,525,COLOR_SEC
20:43:20.314,1650,litter_colour,384,339,346,324,422,355,COLOR_SEC
20:43:20.354,1651,litter_colour,1054,710,1005,645,1103,775,COLOR_SEC
20:43:20.354,1651,litter_colour,954,638,921,616,987,660,COLOR_SEC
20:43:20.354,1651,litter_colour,1043,502,1015,479,1072,526,COLOR_SEC
20:43:20.354,1651,litter_colour,386,340,346,324,426,356,COLOR_SEC
20:43:20.393,1652,litter_colour,1056,711,1009,646,1104,777,COLOR_SEC
20:43:20.393,1652,litter_colour,954,639,921,618,987,661,COLOR_SEC
20:43:20.393,1652,litter_colour,1043,502,1015,479,1072,526,COLOR_SEC
20:43:20.393,1652,litter_colour,386,340,346,324,426,356,COLOR_SEC
20:43:20.432,1653,litter_colour,1056,713,1009,648,1104,779,COLOR_SEC
20:43:20.432,1653,litter_colour,1043,503,1015,480,1072,527,COLOR_SEC
20:43:20.432,1653,litter_colour,383,340,345,324,422,356,COLOR_SEC
20:43:20.472,1654,litter_colour,1057,715,1010,649,1105,781,COLOR_SEC
20:43:20.473,1654,litter_colour,1044,503,1016,480,1072,527,COLOR_SEC
20:43:20.473,1654,litter_colour,384,340,344,324,424,357,COLOR_SEC
20:43:20.513,1655,litter_colour,1058,716,1010,650,1106,783,COLOR_SEC
20:43:20.513,1655,litter_colour,1044,504,1016,480,1072,528,COLOR_SEC
20:43:20.513,1655,litter_colour,383,340,343,324,424,357,COLOR_SEC
20:43:20.556,1656,litter_colour,1058,718,1010,651,1107,785,COLOR_SEC
20:43:20.556,1656,litter_colour,1044,505,1015,481,1073,529,COLOR_SEC
20:43:20.556,1656,litter_colour,383,340,343,324,424,357,COLOR_SEC
20:43:20.595,1657,litter_colour,1058,719,1010,651,1107,787,COLOR_SEC
20:43:20.595,1657,litter_colour,1044,505,1016,481,1072,529,COLOR_SEC
20:43:20.595,1657,litter_colour,808,410,786,388,831,433,COLOR_SEC
20:43:20.595,1657,litter_colour,382,340,342,324,422,357,COLOR_SEC
20:43:20.636,1658,litter_colour,997,833,959,811,1036,856,COLOR_SEC
20:43:20.636,1658,litter_colour,1044,505,1015,481,1074,529,COLOR_SEC
20:43:20.636,1658,litter_colour,805,410,779,387,831,433,COLOR_SEC
20:43:20.636,1658,litter_colour,383,340,342,324,424,356,COLOR_SEC
20:43:20.677,1659,litter_colour,997,834,959,812,1036,857,COLOR_SEC
20:43:20.677,1659,litter_colour,1045,505,1016,481,1074,529,COLOR_SEC
20:43:20.677,1659,litter_colour,805,407,779,387,832,427,COLOR_SEC
20:43:20.677,1659,litter_colour,382,340,342,324,422,356,COLOR_SEC
20:43:20.719,1660,litter_colour,998,836,960,813,1037,859,COLOR_SEC
20:43:20.719,1660,litter_colour,1045,505,1016,481,1074,529,COLOR_SEC
20:43:20.719,1660,litter_colour,806,409,780,387,832,431,COLOR_SEC
20:43:20.719,1660,litter_colour,380,340,340,324,421,356,COLOR_SEC
20:43:20.759,1661,litter_colour,994,838,960,815,1028,861,COLOR_SEC
20:43:20.759,1661,litter_colour,1045,505,1017,481,1074,529,COLOR_SEC
20:43:20.759,1661,litter_colour,808,409,785,387,832,431,COLOR_SEC
20:43:20.759,1661,litter_colour,379,340,340,324,418,356,COLOR_SEC
20:43:20.798,1662,litter_colour,999,839,961,815,1038,863,COLOR_SEC
20:43:20.798,1662,litter_colour,1231,735,1170,665,1292,806,COLOR_SEC
20:43:20.798,1662,litter_colour,1045,505,1017,480,1074,530,COLOR_SEC
20:43:20.798,1662,litter_colour,808,407,784,385,832,429,COLOR_SEC
20:43:20.798,1662,litter_colour,379,339,339,324,420,355,COLOR_SEC
20:43:20.839,1663,litter_colour,1232,736,1170,665,1294,807,COLOR_SEC
20:43:20.839,1663,litter_colour,1045,505,1017,480,1074,530,COLOR_SEC
20:43:20.839,1663,litter_colour,807,408,783,386,831,431,COLOR_SEC
20:43:20.839,1663,litter_colour,379,339,339,324,420,355,COLOR_SEC
20:43:20.879,1664,litter_colour,1233,737,1171,666,1296,808,COLOR_SEC
20:43:20.879,1664,litter_colour,1045,505,1017,480,1074,530,COLOR_SEC
20:43:20.879,1664,litter_colour,805,408,779,386,831,431,COLOR_SEC
20:43:20.879,1664,litter_colour,378,339,337,324,419,355,COLOR_SEC
20:43:20.919,1665,litter_colour,1234,741,1172,673,1297,810,COLOR_SEC
20:43:20.919,1665,litter_colour,1045,505,1017,480,1074,530,COLOR_SEC
20:43:20.919,1665,litter_colour,806,407,782,386,830,429,COLOR_SEC
20:43:20.919,1665,litter_colour,377,339,337,324,417,355,COLOR_SEC
20:43:20.958,1666,litter_colour,1235,739,1172,667,1299,811,COLOR_SEC
20:43:20.958,1666,litter_colour,1045,505,1017,480,1074,530,COLOR_SEC
20:43:20.958,1666,litter_colour,805,407,780,385,830,429,COLOR_SEC
20:43:20.958,1666,litter_colour,376,339,336,324,416,354,COLOR_SEC
20:43:20.998,1667,litter_colour,1236,740,1173,668,1300,813,COLOR_SEC
20:43:20.998,1667,litter_colour,956,650,922,627,991,673,COLOR_SEC
20:43:20.998,1667,litter_colour,1045,505,1016,481,1074,530,COLOR_SEC
20:43:20.998,1667,litter_colour,804,408,779,385,829,432,COLOR_SEC
20:43:20.998,1667,litter_colour,375,339,336,324,415,355,COLOR_SEC
20:43:21.039,1668,litter_colour,1237,741,1174,668,1301,814,COLOR_SEC
20:43:21.039,1668,litter_colour,956,650,922,627,991,674,COLOR_SEC
20:43:21.039,1668,litter_colour,1045,505,1016,481,1075,530,COLOR_SEC
20:43:21.039,1668,litter_colour,1544,509,1492,454,1596,565,COLOR_SEC
20:43:21.039,1668,litter_colour,804,408,781,385,828,432,COLOR_SEC
20:43:21.039,1668,litter_colour,374,339,335,324,414,354,COLOR_SEC
20:43:21.078,1669,litter_colour,1239,742,1175,669,1303,815,COLOR_SEC
20:43:21.078,1669,litter_colour,956,651,921,628,991,675,COLOR_SEC
20:43:21.078,1669,litter_colour,1045,506,1016,481,1075,531,COLOR_SEC
20:43:21.078,1669,litter_colour,1545,509,1494,454,1597,564,COLOR_SEC
20:43:21.078,1669,litter_colour,804,409,781,386,828,432,COLOR_SEC
20:43:21.078,1669,litter_colour,373,339,334,324,412,354,COLOR_SEC
20:43:21.120,1670,litter_colour,1239,743,1175,670,1304,817,COLOR_SEC
20:43:21.120,1670,litter_colour,956,651,921,628,991,675,COLOR_SEC
20:43:21.120,1670,litter_colour,1044,506,1015,481,1074,532,COLOR_SEC
20:43:21.120,1670,litter_colour,1546,510,1492,454,1600,567,COLOR_SEC
20:43:21.120,1670,litter_colour,804,408,779,385,829,431,COLOR_SEC
20:43:21.120,1670,litter_colour,374,339,334,324,415,354,COLOR_SEC
20:43:21.159,1671,litter_colour,1303,836,1276,784,1331,888,COLOR_SEC
20:43:21.159,1671,litter_colour,956,652,921,628,991,676,COLOR_SEC
20:43:21.159,1671,litter_colour,1043,506,1015,481,1072,532,COLOR_SEC
20:43:21.159,1671,litter_colour,1549,509,1496,454,1602,565,COLOR_SEC
20:43:21.159,1671,litter_colour,802,408,777,385,828,431,COLOR_SEC
20:43:21.159,1671,litter_colour,373,339,332,324,414,354,COLOR_SEC
20:43:21.200,1672,litter_colour,1305,818,1280,785,1331,851,COLOR_SEC
20:43:21.200,1672,litter_colour,1073,734,1015,660,1131,808,COLOR_SEC
20:43:21.200,1672,litter_colour,956,653,920,629,992,677,COLOR_SEC
20:43:21.200,1672,litter_colour,1043,506,1014,481,1072,532,COLOR_SEC
20:43:21.200,1672,litter_colour,1549,511,1494,454,1604,568,COLOR_SEC
20:43:21.200,1672,litter_colour,803,405,779,385,827,426,COLOR_SEC
20:43:21.200,1672,litter_colour,372,339,331,324,413,354,COLOR_SEC
20:43:21.242,1673,litter_colour,1308,820,1281,787,1335,853,COLOR_SEC
20:43:21.242,1673,litter_colour,1069,735,1016,661,1122,809,COLOR_SEC
20:43:21.242,1673,litter_colour,955,654,919,630,991,678,COLOR_SEC
20:43:21.242,1673,litter_colour,1043,506,1014,481,1073,532,COLOR_SEC
20:43:21.242,1673,litter_colour,1551,488,1498,454,1605,523,COLOR_SEC
20:43:21.242,1673,litter_colour,801,409,777,386,826,432,COLOR_SEC
20:43:21.242,1673,litter_colour,370,339,330,324,411,354,COLOR_SEC
20:43:21.283,1674,litter_colour,1307,821,1279,789,1335,854,COLOR_SEC
20:43:21.283,1674,litter_colour,1069,736,1016,662,1123,811,COLOR_SEC
20:43:21.283,1674,litter_colour,955,654,919,630,991,679,COLOR_SEC
20:43:21.283,1674,litter_colour,1043,506,1013,481,1073,532,COLOR_SEC
20:43:21.283,1674,litter_colour,1552,511,1498,454,1607,569,COLOR_SEC
20:43:21.283,1674,litter_colour,801,407,775,385,827,429,COLOR_SEC
20:43:21.283,1674,litter_colour,370,338,329,324,412,353,COLOR_SEC
20:43:21.323,1675,litter_colour,1310,839,1284,791,1337,888,COLOR_SEC
20:43:21.323,1675,litter_colour,948,745,920,721,976,769,COLOR_SEC
20:43:21.323,1675,litter_colour,1069,738,1016,663,1123,813,COLOR_SEC
20:43:21.323,1675,litter_colour,955,655,919,631,992,680,COLOR_SEC
20:43:21.323,1675,litter_colour,1043,506,1014,481,1073,532,COLOR_SEC
20:43:21.323,1675,litter_colour,801,408,777,385,826,432,COLOR_SEC
20:43:21.323,1675,litter_colour,369,338,328,324,411,353,COLOR_SEC
20:43:21.365,1676,litter_colour,949,746,922,722,976,771,COLOR_SEC
20:43:21.365,1676,litter_colour,1073,739,1016,664,1131,815,COLOR_SEC
20:43:21.365,1676,litter_colour,955,656,919,631,992,681,COLOR_SEC
20:43:21.365,1676,litter_colour,1043,507,1014,481,1073,533,COLOR_SEC
20:43:21.365,1676,litter_colour,367,338,326,324,409,353,COLOR_SEC
20:43:21.406,1677,litter_colour,1312,826,1286,794,1339,859,COLOR_SEC
20:43:21.406,1677,litter_colour,949,747,923,724,976,770,COLOR_SEC
20:43:21.406,1677,litter_colour,1074,741,1016,665,1132,818,COLOR_SEC
20:43:21.406,1677,litter_colour,955,657,918,632,992,682,COLOR_SEC
20:43:21.406,1677,litter_colour,1042,507,1012,481,1073,533,COLOR_SEC
20:43:21.406,1677,litter_colour,366,338,325,324,408,353,COLOR_SEC
20:43:21.446,1678,litter_colour,1313,829,1284,796,1343,862,COLOR_SEC
20:43:21.446,1678,litter_colour,947,749,919,724,976,774,COLOR_SEC
20:43:21.446,1678,litter_colour,1073,743,1016,666,1130,820,COLOR_SEC
20:43:21.446,1678,litter_colour,955,658,918,633,992,683,COLOR_SEC
20:43:21.446,1678,litter_colour,1043,507,1013,482,1073,533,COLOR_SEC
20:43:21.446,1678,litter_colour,1559,514,1503,456,1616,573,COLOR_SEC
20:43:21.446,1678,litter_colour,365,338,323,324,407,353,COLOR_SEC
20:43:21.486,1679,litter_colour,1315,830,1286,798,1344,863,COLOR_SEC
20:43:21.486,1679,litter_colour,947,751,919,727,976,776,COLOR_SEC
20:43:21.486,1679,litter_colour,1072,744,1017,667,1127,822,COLOR_SEC
20:43:21.486,1679,litter_colour,955,659,918,634,992,684,COLOR_SEC
20:43:21.486,1679,litter_colour,1042,507,1012,482,1073,533,COLOR_SEC
20:43:21.486,1679,litter_colour,364,338,322,324,406,353,COLOR_SEC
20:43:21.528,1680,litter_colour,1317,832,1288,800,1346,864,COLOR_SEC
20:43:21.528,1680,litter_colour,949,751,923,728,976,775,COLOR_SEC
20:43:21.528,1680,litter_colour,1074,746,1016,668,1133,824,COLOR_SEC
20:43:21.528,1680,litter_colour,955,660,918,635,992,685,COLOR_SEC
20:43:21.528,1680,litter_colour,1042,507,1012,482,1073,533,COLOR_SEC
20:43:21.528,1680,litter_colour,363,338,321,324,405,353,COLOR_SEC
20:43:21.568,1681,litter_colour,957,752,938,731,976,774,COLOR_SEC
20:43:21.568,1681,litter_colour,955,661,918,636,992,687,COLOR_SEC
20:43:21.568,1681,litter_colour,1044,507,1014,482,1074,533,COLOR_SEC
20:43:21.568,1681,litter_colour,362,338,320,324,404,353,COLOR_SEC
20:43:21.608,1682,litter_colour,957,754,938,732,976,776,COLOR_SEC
20:43:21.608,1682,litter_colour,1075,749,1017,670,1134,829,COLOR_SEC
20:43:21.608,1682,litter_colour,955,662,918,637,993,688,COLOR_SEC
20:43:21.608,1682,litter_colour,1043,507,1012,482,1074,533,COLOR_SEC
20:43:21.608,1682,litter_colour,360,338,319,324,402,353,COLOR_SEC
20:43:21.648,1683,litter_colour,1198,978,1090,876,1307,1080,COLOR_SEC
20:43:21.648,1683,litter_colour,957,755,938,733,977,778,COLOR_SEC
20:43:21.648,1683,litter_colour,1076,751,1017,672,1135,831,COLOR_SEC
20:43:21.648,1683,litter_colour,956,663,918,638,994,689,COLOR_SEC
20:43:21.648,1683,litter_colour,1043,508,1012,482,1074,534,COLOR_SEC
20:43:21.690,1684,litter_colour,1185,979,1091,878,1280,1080,COLOR_SEC
20:43:21.690,1684,litter_colour,950,759,923,735,977,783,COLOR_SEC
20:43:21.690,1684,litter_colour,1077,752,1018,672,1136,833,COLOR_SEC
20:43:21.690,1684,litter_colour,955,664,916,639,994,690,COLOR_SEC
20:43:21.690,1684,litter_colour,1042,508,1011,482,1074,534,COLOR_SEC
20:43:21.730,1685,litter_colour,1186,980,1093,881,1280,1080,COLOR_SEC
20:43:21.730,1685,litter_colour,958,758,938,736,978,781,COLOR_SEC
20:43:21.730,1685,litter_colour,1077,758,1018,681,1137,835,COLOR_SEC
20:43:21.730,1685,litter_colour,956,665,918,639,995,691,COLOR_SEC
20:43:21.730,1685,litter_colour,1042,508,1011,482,1074,534,COLOR_SEC
20:43:21.769,1686,litter_colour,1189,981,1094,883,1284,1080,COLOR_SEC
20:43:21.769,1686,litter_colour,955,666,916,640,994,692,COLOR_SEC
20:43:21.769,1686,litter_colour,1042,508,1011,482,1074,534,COLOR_SEC
20:43:21.809,1687,litter_colour,1190,983,1096,886,1284,1080,COLOR_SEC
20:43:21.809,1687,litter_colour,956,667,916,641,996,693,COLOR_SEC
20:43:21.809,1687,litter_colour,1042,509,1011,483,1074,535,COLOR_SEC
20:43:21.850,1688,litter_colour,1192,984,1097,889,1287,1080,COLOR_SEC
20:43:21.850,1688,litter_colour,959,668,916,642,1002,695,COLOR_SEC
20:43:21.850,1688,litter_colour,1042,509,1010,483,1074,535,COLOR_SEC
20:43:21.892,1689,litter_colour,779,1026,722,972,836,1080,COLOR_SEC
20:43:21.892,1689,litter_colour,1194,986,1099,892,1290,1080,COLOR_SEC
20:43:21.892,1689,litter_colour,958,669,919,643,997,696,COLOR_SEC
20:43:21.892,1689,litter_colour,1042,509,1010,483,1074,535,COLOR_SEC
20:43:21.932,1690,litter_colour,778,1028,721,976,835,1080,COLOR_SEC
20:43:21.932,1690,litter_colour,1196,987,1100,895,1292,1080,COLOR_SEC
20:43:21.932,1690,litter_colour,959,670,916,644,1003,697,COLOR_SEC
20:43:21.933,1690,litter_colour,1042,509,1011,483,1074,536,COLOR_SEC
20:43:21.933,1690,litter_colour,791,408,762,381,820,436,COLOR_SEC
20:43:21.973,1691,litter_colour,1193,989,1101,898,1285,1080,COLOR_SEC
20:43:21.973,1691,litter_colour,957,672,916,645,998,699,COLOR_SEC
20:43:21.973,1691,litter_colour,1042,510,1011,484,1074,537,COLOR_SEC
20:43:21.973,1691,litter_colour,790,409,761,382,820,436,COLOR_SEC
20:43:22.014,1692,litter_colour,771,1030,720,981,822,1080,COLOR_SEC
20:43:22.014,1692,litter_colour,1193,989,1101,898,1285,1080,COLOR_SEC
20:43:22.014,1692,litter_colour,959,672,914,645,1004,699,COLOR_SEC
20:43:22.014,1692,litter_colour,1042,509,1011,483,1074,536,COLOR_SEC
20:43:22.014,1692,litter_colour,797,409,760,382,834,437,COLOR_SEC
20:43:22.055,1693,litter_colour,776,1033,729,987,823,1080,COLOR_SEC
20:43:22.055,1693,litter_colour,1195,990,1103,901,1288,1080,COLOR_SEC
20:43:22.055,1693,litter_colour,959,673,914,646,1004,701,COLOR_SEC
20:43:22.055,1693,litter_colour,1042,510,1011,483,1074,537,COLOR_SEC
20:43:22.055,1693,litter_colour,790,409,760,382,820,437,COLOR_SEC
20:43:22.095,1694,litter_colour,775,1038,728,997,822,1080,COLOR_SEC
20:43:22.095,1694,litter_colour,1194,992,1105,904,1284,1080,COLOR_SEC
20:43:22.095,1694,litter_colour,959,674,914,647,1004,702,COLOR_SEC
20:43:22.095,1694,litter_colour,1042,511,1011,485,1074,537,COLOR_SEC
20:43:22.095,1694,litter_colour,797,410,760,382,834,438,COLOR_SEC
20:43:22.136,1695,litter_colour,1190,994,1106,909,1274,1080,COLOR_SEC
20:43:22.136,1695,litter_colour,959,676,914,649,1005,704,COLOR_SEC
20:43:22.136,1695,litter_colour,1043,512,1011,486,1075,538,COLOR_SEC
20:43:22.136,1695,litter_colour,796,410,760,383,833,437,COLOR_SEC
20:43:22.177,1696,litter_colour,1191,996,1108,913,1274,1080,COLOR_SEC
20:43:22.177,1696,litter_colour,1042,514,1010,487,1075,541,COLOR_SEC
20:43:22.177,1696,litter_colour,796,411,759,384,833,438,COLOR_SEC
20:43:22.217,1697,litter_colour,1193,998,1109,916,1277,1080,COLOR_SEC
20:43:22.217,1697,litter_colour,1041,515,1009,487,1074,543,COLOR_SEC
20:43:22.217,1697,litter_colour,796,412,760,385,833,440,COLOR_SEC
20:43:22.217,1697,litter_colour,348,339,305,324,391,354,COLOR_SEC
20:43:22.257,1698,litter_colour,1041,516,1009,489,1074,544,COLOR_SEC
20:43:22.257,1698,litter_colour,795,414,758,386,832,442,COLOR_SEC
20:43:22.257,1698,litter_colour,346,339,304,324,389,354,COLOR_SEC
20:43:22.297,1699,litter_colour,1042,517,1009,489,1076,546,COLOR_SEC
20:43:22.297,1699,litter_colour,795,413,758,386,833,441,COLOR_SEC
20:43:22.297,1699,litter_colour,346,339,304,324,388,354,COLOR_SEC
20:43:22.337,1700,litter_colour,1042,518,1009,490,1076,546,COLOR_SEC
20:43:22.337,1700,litter_colour,790,415,758,387,822,443,COLOR_SEC
20:43:22.337,1700,litter_colour,344,339,303,324,386,355,COLOR_SEC
20:43:22.377,1701,litter_colour,1042,518,1009,490,1075,547,COLOR_SEC
20:43:22.377,1701,litter_colour,790,414,758,387,822,442,COLOR_SEC
20:43:22.377,1701,litter_colour,343,339,302,324,385,355,COLOR_SEC
20:43:22.416,1702,litter_colour,1042,518,1009,490,1076,546,COLOR_SEC
20:43:22.416,1702,litter_colour,790,414,758,387,822,441,COLOR_SEC
20:43:22.416,1702,litter_colour,344,339,302,324,387,355,COLOR_SEC
20:43:22.460,1703,litter_colour,1043,518,1009,490,1077,546,COLOR_SEC
20:43:22.460,1703,litter_colour,793,413,756,386,831,440,COLOR_SEC
20:43:22.460,1703,litter_colour,343,339,301,324,385,354,COLOR_SEC
20:43:22.510,1704,litter_colour,1043,518,1009,490,1077,546,COLOR_SEC
20:43:22.510,1704,litter_colour,788,414,756,386,821,442,COLOR_SEC
20:43:22.510,1704,litter_colour,342,339,299,324,386,354,COLOR_SEC
20:43:22.553,1705,litter_colour,1043,518,1010,490,1076,547,COLOR_SEC
20:43:22.553,1705,litter_colour,788,414,756,385,821,443,COLOR_SEC
20:43:22.553,1705,litter_colour,341,338,299,324,383,353,COLOR_SEC
20:43:22.594,1706,litter_colour,1043,517,1010,489,1076,546,COLOR_SEC
20:43:22.594,1706,litter_colour,788,413,756,385,821,441,COLOR_SEC
20:43:22.594,1706,litter_colour,341,338,298,324,385,353,COLOR_SEC
20:43:22.637,1707,litter_colour,1043,517,1009,488,1077,546,COLOR_SEC
20:43:22.637,1707,litter_colour,788,413,755,385,821,441,COLOR_SEC
20:43:22.637,1707,litter_colour,340,338,297,324,383,352,COLOR_SEC
20:43:22.681,1708,litter_colour,1044,517,1010,489,1078,546,COLOR_SEC
20:43:22.681,1708,litter_colour,793,412,755,385,831,440,COLOR_SEC
20:43:22.681,1708,litter_colour,340,338,297,324,384,352,COLOR_SEC
20:43:22.749,1709,litter_colour,1044,518,1010,489,1078,547,COLOR_SEC
20:43:22.749,1709,litter_colour,792,412,754,384,831,440,COLOR_SEC
20:43:22.749,1709,litter_colour,339,338,296,324,382,352,COLOR_SEC
20:43:22.791,1710,litter_colour,1044,518,1010,489,1078,547,COLOR_SEC
20:43:22.791,1710,litter_colour,787,413,754,385,821,441,COLOR_SEC
20:43:22.791,1710,litter_colour,338,338,295,324,381,352,COLOR_SEC
20:43:22.831,1711,litter_colour,1044,518,1010,489,1079,547,COLOR_SEC
20:43:22.831,1711,litter_colour,784,413,749,384,820,442,COLOR_SEC
20:43:22.831,1711,litter_colour,337,337,295,324,379,351,COLOR_SEC
20:43:22.873,1712,litter_colour,1223,620,1200,603,1247,637,COLOR_SEC
20:43:22.873,1712,litter_colour,1044,518,1010,489,1078,547,COLOR_SEC
20:43:22.873,1712,litter_colour,785,413,749,385,821,442,COLOR_SEC
20:43:22.873,1712,litter_colour,338,337,294,324,382,351,COLOR_SEC
20:43:22.915,1713,litter_colour,1224,621,1201,604,1248,638,COLOR_SEC
20:43:22.915,1713,litter_colour,1044,518,1010,489,1078,547,COLOR_SEC
20:43:22.915,1713,litter_colour,791,413,748,384,834,443,COLOR_SEC
20:43:22.915,1713,litter_colour,337,337,293,324,381,351,COLOR_SEC
20:43:22.956,1714,litter_colour,1225,620,1201,603,1249,637,COLOR_SEC
20:43:22.956,1714,litter_colour,1044,518,1010,489,1079,547,COLOR_SEC
20:43:22.956,1714,litter_colour,787,413,754,384,820,442,COLOR_SEC
20:43:22.956,1714,litter_colour,336,337,293,324,379,351,COLOR_SEC
20:43:22.998,1715,litter_colour,964,697,915,667,1013,727,COLOR_SEC
20:43:22.998,1715,litter_colour,1226,620,1202,604,1250,637,COLOR_SEC
20:43:22.998,1715,litter_colour,1044,517,1010,489,1079,546,COLOR_SEC
20:43:22.998,1715,litter_colour,784,413,748,384,820,442,COLOR_SEC
20:43:22.998,1715,litter_colour,335,337,292,324,378,351,COLOR_SEC
20:43:23.039,1716,litter_colour,961,697,915,667,1008,728,COLOR_SEC
20:43:23.039,1716,litter_colour,1227,621,1203,604,1251,639,COLOR_SEC
20:43:23.039,1716,litter_colour,1044,517,1010,489,1079,546,COLOR_SEC
20:43:23.039,1716,litter_colour,786,413,752,383,820,443,COLOR_SEC
20:43:23.039,1716,litter_colour,336,336,292,324,380,349,COLOR_SEC
20:43:23.080,1717,litter_colour,1389,914,1352,876,1427,953,COLOR_SEC
20:43:23.080,1717,litter_colour,1107,826,1036,746,1178,907,COLOR_SEC
20:43:23.080,1717,litter_colour,964,698,915,668,1013,729,COLOR_SEC
20:43:23.080,1717,litter_colour,1227,621,1203,605,1252,638,COLOR_SEC
20:43:23.080,1717,litter_colour,1044,517,1010,488,1079,546,COLOR_SEC
20:43:23.080,1717,litter_colour,789,412,750,383,829,442,COLOR_SEC
20:43:23.080,1717,litter_colour,335,337,291,324,379,350,COLOR_SEC
20:43:23.121,1718,litter_colour,1391,916,1354,878,1429,955,COLOR_SEC
20:43:23.121,1718,litter_colour,1107,828,1036,747,1179,910,COLOR_SEC
20:43:23.121,1718,litter_colour,964,698,915,668,1014,729,COLOR_SEC
20:43:23.121,1718,litter_colour,1228,622,1204,605,1253,640,COLOR_SEC
20:43:23.121,1718,litter_colour,1045,517,1010,488,1080,546,COLOR_SEC
20:43:23.121,1718,litter_colour,784,410,750,383,819,437,COLOR_SEC
20:43:23.121,1718,litter_colour,334,337,291,324,377,350,COLOR_SEC
20:43:23.163,1719,litter_colour,1392,919,1353,880,1431,958,COLOR_SEC
20:43:23.163,1719,litter_colour,1109,829,1039,748,1180,911,COLOR_SEC
20:43:23.163,1719,litter_colour,965,699,915,669,1015,730,COLOR_SEC
20:43:23.163,1719,litter_colour,1229,622,1205,605,1253,639,COLOR_SEC
20:43:23.163,1719,litter_colour,1875,627,1831,587,1920,667,COLOR_SEC
20:43:23.163,1719,litter_colour,1045,517,1010,488,1081,546,COLOR_SEC
20:43:23.163,1719,litter_colour,784,413,750,383,819,443,COLOR_SEC
20:43:23.163,1719,litter_colour,333,337,290,324,376,350,COLOR_SEC
20:43:23.203,1720,litter_colour,1111,831,1037,749,1185,913,COLOR_SEC
20:43:23.203,1720,litter_colour,964,700,915,669,1014,731,COLOR_SEC
20:43:23.203,1720,litter_colour,1229,622,1205,606,1254,639,COLOR_SEC
20:43:23.203,1720,litter_colour,1045,517,1010,488,1080,546,COLOR_SEC
20:43:23.203,1720,litter_colour,791,413,750,383,833,443,COLOR_SEC
20:43:23.203,1720,litter_colour,334,336,290,324,378,348,COLOR_SEC
20:43:23.245,1721,litter_colour,1111,832,1036,747,1186,918,COLOR_SEC
20:43:23.246,1721,litter_colour,1306,815,1219,719,1393,912,COLOR_SEC
20:43:23.246,1721,litter_colour,965,700,915,669,1015,732,COLOR_SEC
20:43:23.246,1721,litter_colour,1231,623,1207,606,1256,641,COLOR_SEC
20:43:23.246,1721,litter_colour,1045,517,1010,488,1080,546,COLOR_SEC
20:43:23.246,1721,litter_colour,783,414,749,384,818,444,COLOR_SEC
20:43:23.246,1721,litter_colour,333,336,289,324,377,349,COLOR_SEC
20:43:23.286,1722,litter_colour,970,820,948,791,992,849,COLOR_SEC
20:43:23.286,1722,litter_colour,1112,835,1041,750,1184,920,COLOR_SEC
20:43:23.286,1722,litter_colour,1308,819,1221,725,1395,914,COLOR_SEC
20:43:23.286,1722,litter_colour,965,701,915,670,1015,733,COLOR_SEC
20:43:23.286,1722,litter_colour,1231,623,1207,606,1256,641,COLOR_SEC
20:43:23.286,1722,litter_colour,1045,517,1010,488,1081,546,COLOR_SEC
20:43:23.286,1722,litter_colour,789,414,747,384,832,445,COLOR_SEC
20:43:23.286,1722,litter_colour,331,336,288,324,375,349,COLOR_SEC
20:43:23.327,1723,litter_colour,970,822,948,793,992,851,COLOR_SEC
20:43:23.327,1723,litter_colour,1112,836,1038,751,1187,921,COLOR_SEC
20:43:23.327,1723,litter_colour,1309,818,1221,721,1397,915,COLOR_SEC
20:43:23.327,1723,litter_colour,965,702,915,670,1016,734,COLOR_SEC
20:43:23.327,1723,litter_colour,1232,623,1208,606,1257,640,COLOR_SEC
20:43:23.327,1723,litter_colour,1045,517,1010,488,1080,546,COLOR_SEC
20:43:23.327,1723,litter_colour,789,413,747,383,832,444,COLOR_SEC
20:43:23.327,1723,litter_colour,332,336,288,324,377,349,COLOR_SEC
20:43:23.369,1724,litter_colour,970,823,948,794,993,853,COLOR_SEC
20:43:23.370,1724,litter_colour,1115,838,1040,752,1190,924,COLOR_SEC
20:43:23.370,1724,litter_colour,1310,819,1222,721,1398,918,COLOR_SEC
20:43:23.370,1724,litter_colour,965,702,915,670,1016,735,COLOR_SEC
20:43:23.370,1724,litter_colour,1233,624,1209,606,1258,642,COLOR_SEC
20:43:23.370,1724,litter_colour,1045,516,1010,487,1081,546,COLOR_SEC
20:43:23.370,1724,litter_colour,782,413,746,383,818,444,COLOR_SEC
20:43:23.370,1724,litter_colour,331,336,287,324,376,348,COLOR_SEC
20:43:23.413,1725,litter_colour,1222,1035,1150,990,1294,1080,COLOR_SEC
20:43:23.413,1725,litter_colour,962,827,931,796,993,858,COLOR_SEC
20:43:23.413,1725,litter_colour,1115,839,1040,753,1191,926,COLOR_SEC
20:43:23.413,1725,litter_colour,1311,820,1223,722,1400,919,COLOR_SEC
20:43:23.413,1725,litter_colour,1594,702,1553,675,1635,729,COLOR_SEC
20:43:23.413,1725,litter_colour,961,703,914,671,1008,736,COLOR_SEC
20:43:23.413,1725,litter_colour,1234,624,1209,607,1259,642,COLOR_SEC
20:43:23.413,1725,litter_colour,1045,516,1010,487,1081,546,COLOR_SEC
20:43:23.413,1725,litter_colour,782,412,746,381,818,444,COLOR_SEC
20:43:23.413,1725,litter_colour,330,336,286,324,375,348,COLOR_SEC
20:43:23.457,1726,litter_colour,1228,1036,1172,993,1285,1080,COLOR_SEC
20:43:23.457,1726,litter_colour,970,826,948,797,993,856,COLOR_SEC
20:43:23.457,1726,litter_colour,1313,822,1224,723,1402,921,COLOR_SEC
20:43:23.457,1726,litter_colour,1597,702,1556,675,1638,730,COLOR_SEC
20:43:23.457,1726,litter_colour,961,704,914,671,1008,737,COLOR_SEC
20:43:23.457,1726,litter_colour,1234,624,1210,607,1259,641,COLOR_SEC
20:43:23.457,1726,litter_colour,1046,516,1010,487,1082,546,COLOR_SEC
20:43:23.457,1726,litter_colour,786,413,746,382,826,444,COLOR_SEC
20:43:23.457,1726,litter_colour,330,335,286,324,374,347,COLOR_SEC
20:43:23.498,1727,litter_colour,1226,1038,1168,996,1285,1080,COLOR_SEC
20:43:23.498,1727,litter_colour,971,828,948,799,994,858,COLOR_SEC
20:43:23.498,1727,litter_colour,1314,824,1224,724,1404,924,COLOR_SEC
20:43:23.498,1727,litter_colour,1599,703,1558,677,1640,729,COLOR_SEC
20:43:23.498,1727,litter_colour,965,705,914,672,1016,738,COLOR_SEC
20:43:23.498,1727,litter_colour,1235,625,1210,608,1260,643,COLOR_SEC
20:43:23.498,1727,litter_colour,1046,516,1010,487,1083,546,COLOR_SEC
20:43:23.498,1727,litter_colour,780,412,744,382,816,443,COLOR_SEC
20:43:23.498,1727,litter_colour,329,336,285,324,373,348,COLOR_SEC
20:43:23.540,1728,litter_colour,971,830,948,800,994,860,COLOR_SEC
20:43:23.540,1728,litter_colour,1315,825,1224,725,1406,925,COLOR_SEC
20:43:23.540,1728,litter_colour,961,706,914,673,1009,739,COLOR_SEC
20:43:23.540,1728,litter_colour,1237,626,1213,608,1261,644,COLOR_SEC
20:43:23.540,1728,litter_colour,1046,516,1010,487,1082,546,COLOR_SEC
20:43:23.540,1728,litter_colour,784,412,744,381,825,444,COLOR_SEC
20:43:23.540,1728,litter_colour,327,336,284,324,371,348,COLOR_SEC
20:43:23.580,1729,litter_colour,970,828,948,794,993,862,COLOR_SEC
20:43:23.580,1729,litter_colour,1318,827,1226,726,1411,928,COLOR_SEC
20:43:23.580,1729,litter_colour,965,707,914,674,1017,740,COLOR_SEC
20:43:23.580,1729,litter_colour,1238,626,1215,608,1261,645,COLOR_SEC
20:43:23.580,1729,litter_colour,1047,517,1010,487,1084,547,COLOR_SEC
20:43:23.580,1729,litter_colour,779,412,744,381,815,444,COLOR_SEC
20:43:23.580,1729,litter_colour,326,336,283,324,370,348,COLOR_SEC
20:43:23.620,1730,litter_colour,971,834,948,804,994,865,COLOR_SEC
20:43:23.620,1730,litter_colour,1318,831,1226,733,1410,930,COLOR_SEC
20:43:23.620,1730,litter_colour,965,708,914,675,1017,742,COLOR_SEC
20:43:23.620,1730,litter_colour,1239,626,1215,609,1263,644,COLOR_SEC
20:43:23.620,1730,litter_colour,1047,517,1010,487,1084,547,COLOR_SEC
20:43:23.620,1730,litter_colour,779,412,744,381,814,444,COLOR_SEC
20:43:23.620,1730,litter_colour,327,335,283,324,372,347,COLOR_SEC
20:43:23.660,1731,litter_colour,971,836,948,806,994,867,COLOR_SEC
20:43:23.660,1731,litter_colour,961,709,913,676,1010,743,COLOR_SEC
20:43:23.660,1731,litter_colour,245,694,184,657,307,731,COLOR_SEC
20:43:23.660,1731,litter_colour,1238,628,1214,610,1263,646,COLOR_SEC
20:43:23.660,1731,litter_colour,1047,517,1010,487,1084,548,COLOR_SEC
20:43:23.660,1731,litter_colour,777,412,742,380,813,444,COLOR_SEC
20:43:23.660,1731,litter_colour,326,335,282,324,371,347,COLOR_SEC
20:43:23.700,1732,litter_colour,970,839,947,808,994,870,COLOR_SEC
20:43:23.701,1732,litter_colour,965,710,913,676,1018,744,COLOR_SEC
20:43:23.701,1732,litter_colour,242,695,180,658,305,733,COLOR_SEC
20:43:23.701,1732,litter_colour,1238,628,1214,610,1263,647,COLOR_SEC
20:43:23.701,1732,litter_colour,1047,518,1010,488,1084,549,COLOR_SEC
20:43:23.701,1732,litter_colour,777,413,742,381,813,446,COLOR_SEC
20:43:23.701,1732,litter_colour,325,335,282,324,369,347,COLOR_SEC
20:43:23.741,1733,litter_colour,965,712,913,678,1018,746,COLOR_SEC
20:43:23.741,1733,litter_colour,240,697,178,659,302,735,COLOR_SEC
20:43:23.741,1733,litter_colour,1047,518,1010,488,1084,548,COLOR_SEC
20:43:23.741,1733,litter_colour,777,413,741,381,813,445,COLOR_SEC
20:43:23.741,1733,litter_colour,324,335,280,324,368,347,COLOR_SEC
20:43:23.781,1734,litter_colour,965,713,913,679,1018,747,COLOR_SEC
20:43:23.781,1734,litter_colour,1047,518,1010,488,1084,549,COLOR_SEC
20:43:23.781,1734,litter_colour,776,413,741,381,811,445,COLOR_SEC
20:43:23.781,1734,litter_colour,322,335,279,324,366,347,COLOR_SEC
20:43:23.822,1735,litter_colour,966,714,913,680,1019,749,COLOR_SEC
20:43:23.822,1735,litter_colour,1047,519,1010,488,1084,550,COLOR_SEC
20:43:23.822,1735,litter_colour,775,410,740,381,811,439,COLOR_SEC
20:43:23.822,1735,litter_colour,322,335,279,324,366,347,COLOR_SEC
20:43:23.863,1736,litter_colour,966,716,913,681,1019,751,COLOR_SEC
20:43:23.863,1736,litter_colour,1047,518,1010,487,1084,550,COLOR_SEC
20:43:23.863,1736,litter_colour,774,413,740,381,809,446,COLOR_SEC
20:43:23.863,1736,litter_colour,323,335,278,324,368,346,COLOR_SEC
20:43:23.906,1737,litter_colour,965,716,912,681,1019,752,COLOR_SEC
20:43:23.906,1737,litter_colour,1047,518,1010,487,1084,550,COLOR_SEC
20:43:23.906,1737,litter_colour,775,410,739,381,812,440,COLOR_SEC
20:43:23.906,1737,litter_colour,1156,383,965,324,1347,442,COLOR_SEC
20:43:23.906,1737,litter_colour,323,335,278,324,368,346,COLOR_SEC
20:43:23.947,1738,litter_colour,965,718,912,683,1019,754,COLOR_SEC
20:43:23.947,1738,litter_colour,1047,518,1010,487,1085,550,COLOR_SEC
20:43:23.947,1738,litter_colour,773,412,738,381,808,444,COLOR_SEC
20:43:23.947,1738,litter_colour,322,335,277,324,368,346,COLOR_SEC
20:43:23.986,1739,litter_colour,962,719,912,684,1012,755,COLOR_SEC
20:43:23.986,1739,litter_colour,1047,518,1010,487,1085,550,COLOR_SEC
20:43:23.986,1739,litter_colour,774,412,738,381,810,444,COLOR_SEC
20:43:23.986,1739,litter_colour,321,335,277,324,366,346,COLOR_SEC
20:43:24.026,1740,litter_colour,1047,519,1009,488,1085,551,COLOR_SEC
20:43:24.026,1740,litter_colour,773,413,737,382,809,444,COLOR_SEC
20:43:24.026,1740,litter_colour,1157,360,965,324,1349,397,COLOR_SEC
20:43:24.026,1740,litter_colour,321,335,276,324,367,346,COLOR_SEC
20:43:24.068,1741,litter_colour,772,415,736,382,809,449,COLOR_SEC
20:43:24.068,1741,litter_colour,1157,360,965,324,1350,397,COLOR_SEC
20:43:24.068,1741,litter_colour,321,335,276,324,366,346,COLOR_SEC
20:43:24.110,1742,litter_colour,1070,1058,1025,1045,1116,1072,COLOR_SEC
20:43:24.110,1742,litter_colour,764,414,736,382,793,446,COLOR_SEC
20:43:24.110,1742,litter_colour,1141,383,965,324,1317,443,COLOR_SEC
20:43:24.110,1742,litter_colour,320,335,275,324,366,346,COLOR_SEC
20:43:24.152,1743,litter_colour,1071,1065,1026,1050,1117,1080,COLOR_SEC
20:43:24.152,1743,litter_colour,771,415,735,382,807,449,COLOR_SEC
20:43:24.152,1743,litter_colour,1158,375,965,324,1351,426,COLOR_SEC
20:43:24.152,1743,litter_colour,320,335,275,324,365,346,COLOR_SEC
20:43:24.192,1744,litter_colour,1061,1067,1026,1055,1096,1080,COLOR_SEC
20:43:24.192,1744,litter_colour,1035,696,1000,684,1070,709,COLOR_SEC
20:43:24.192,1744,litter_colour,767,413,734,382,800,445,COLOR_SEC
20:43:24.192,1744,litter_colour,1158,383,965,324,1351,443,COLOR_SEC
20:43:24.233,1745,litter_colour,1035,698,1000,685,1070,711,COLOR_SEC
20:43:24.233,1745,litter_colour,767,414,734,382,801,446,COLOR_SEC
20:43:24.275,1746,litter_colour,1035,699,1000,686,1071,712,COLOR_SEC
20:43:24.275,1746,litter_colour,776,414,734,382,818,447,COLOR_SEC
20:43:24.314,1747,litter_colour,973,873,947,834,999,912,COLOR_SEC
20:43:24.314,1747,litter_colour,1035,699,1000,686,1071,713,COLOR_SEC
20:43:24.314,1747,litter_colour,770,414,733,382,807,447,COLOR_SEC
20:43:24.314,1747,litter_colour,1159,374,965,324,1354,425,COLOR_SEC
20:43:24.355,1748,litter_colour,973,875,947,836,999,915,COLOR_SEC
20:43:24.355,1748,litter_colour,1036,700,1002,687,1071,714,COLOR_SEC
20:43:24.355,1748,litter_colour,766,414,732,382,800,447,COLOR_SEC
20:43:24.355,1748,litter_colour,1159,374,965,324,1354,425,COLOR_SEC
20:43:24.397,1749,litter_colour,973,878,948,838,999,918,COLOR_SEC
20:43:24.397,1749,litter_colour,48,848,0,804,96,893,COLOR_SEC
20:43:24.397,1749,litter_colour,1345,870,1237,756,1454,984,COLOR_SEC
20:43:24.397,1749,litter_colour,1036,702,1001,688,1072,716,COLOR_SEC
20:43:24.397,1749,litter_colour,1238,706,1197,672,1279,741,COLOR_SEC
20:43:24.397,1749,litter_colour,769,414,732,381,806,447,COLOR_SEC
20:43:24.438,1750,litter_colour,45,850,0,807,90,893,COLOR_SEC
20:43:24.438,1750,litter_colour,1348,872,1241,758,1456,987,COLOR_SEC
20:43:24.438,1750,litter_colour,1037,703,1002,689,1072,717,COLOR_SEC
20:43:24.438,1750,litter_colour,1232,707,1198,673,1267,742,COLOR_SEC
20:43:24.438,1750,litter_colour,765,414,732,381,798,447,COLOR_SEC
20:43:24.480,1751,litter_colour,44,850,0,809,89,891,COLOR_SEC
20:43:24.480,1751,litter_colour,1349,877,1240,764,1459,990,COLOR_SEC
20:43:24.480,1751,litter_colour,1038,704,1004,691,1073,718,COLOR_SEC
20:43:24.480,1751,litter_colour,1225,709,1182,662,1268,757,COLOR_SEC
20:43:24.521,1752,litter_colour,42,852,0,811,85,894,COLOR_SEC
20:43:24.521,1752,litter_colour,1039,705,1004,692,1074,719,COLOR_SEC
20:43:24.521,1752,litter_colour,1233,711,1195,663,1271,759,COLOR_SEC
20:43:24.560,1753,litter_colour,41,854,0,813,83,896,COLOR_SEC
20:43:24.560,1753,litter_colour,1039,707,1004,693,1074,721,COLOR_SEC
20:43:24.560,1753,litter_colour,1225,698,1178,635,1272,761,COLOR_SEC
20:43:24.602,1754,litter_colour,969,742,912,703,1026,781,COLOR_SEC
20:43:24.602,1754,litter_colour,1232,700,1178,636,1286,764,COLOR_SEC
20:43:24.642,1755,litter_colour,969,743,912,704,1027,783,COLOR_SEC
20:43:24.642,1755,litter_colour,1227,700,1179,636,1276,765,COLOR_SEC
20:43:24.642,1755,litter_colour,1051,523,1013,490,1090,556,COLOR_SEC
20:43:24.682,1756,litter_colour,969,745,912,705,1027,785,COLOR_SEC
20:43:24.682,1756,litter_colour,1227,701,1179,637,1276,765,COLOR_SEC
20:43:24.682,1756,litter_colour,1051,523,1013,490,1090,556,COLOR_SEC
20:43:24.723,1757,litter_colour,971,747,914,707,1028,787,COLOR_SEC
20:43:24.723,1757,litter_colour,1052,522,1013,489,1092,556,COLOR_SEC
20:43:24.762,1758,litter_colour,971,748,913,708,1029,789,COLOR_SEC
20:43:24.762,1758,litter_colour,1053,523,1014,490,1092,557,COLOR_SEC
20:43:24.762,1758,litter_colour,1311,410,1269,369,1353,451,COLOR_SEC
20:43:24.762,1758,litter_colour,311,334,267,324,356,344,COLOR_SEC
20:43:24.802,1759,litter_colour,971,750,913,709,1030,791,COLOR_SEC
20:43:24.802,1759,litter_colour,1053,524,1014,491,1092,558,COLOR_SEC
20:43:24.802,1759,litter_colour,1312,410,1272,369,1353,451,COLOR_SEC
20:43:24.802,1759,litter_colour,311,334,266,324,356,344,COLOR_SEC
20:43:24.843,1760,litter_colour,972,751,913,710,1031,793,COLOR_SEC
20:43:24.843,1760,litter_colour,1269,652,1243,632,1295,673,COLOR_SEC
20:43:24.843,1760,litter_colour,1053,524,1014,491,1092,558,COLOR_SEC
20:43:24.843,1760,litter_colour,310,334,266,324,355,344,COLOR_SEC
20:43:24.884,1761,litter_colour,967,752,914,711,1021,794,COLOR_SEC
20:43:24.884,1761,litter_colour,1270,653,1244,633,1296,674,COLOR_SEC
20:43:24.884,1761,litter_colour,1053,524,1014,491,1093,558,COLOR_SEC
20:43:24.884,1761,litter_colour,1315,413,1274,376,1356,451,COLOR_SEC
20:43:24.884,1761,litter_colour,312,334,266,324,358,344,COLOR_SEC
20:43:24.925,1762,litter_colour,973,754,914,712,1032,796,COLOR_SEC
20:43:24.925,1762,litter_colour,1271,654,1246,634,1297,675,COLOR_SEC
20:43:24.925,1762,litter_colour,1054,524,1014,491,1094,558,COLOR_SEC
20:43:24.925,1762,litter_colour,1315,414,1274,376,1356,452,COLOR_SEC
20:43:24.925,1762,litter_colour,311,334,265,324,358,344,COLOR_SEC
20:43:24.965,1763,litter_colour,973,755,914,713,1033,798,COLOR_SEC
20:43:24.965,1763,litter_colour,1272,655,1247,635,1298,676,COLOR_SEC
20:43:24.965,1763,litter_colour,1054,525,1014,491,1094,559,COLOR_SEC
20:43:24.965,1763,litter_colour,1319,414,1282,376,1357,452,COLOR_SEC
20:43:24.965,1763,litter_colour,309,334,264,324,354,344,COLOR_SEC
20:43:25.006,1764,litter_colour,973,757,914,714,1033,800,COLOR_SEC
20:43:25.006,1764,litter_colour,1273,656,1248,636,1299,677,COLOR_SEC
20:43:25.006,1764,litter_colour,1054,525,1014,491,1094,559,COLOR_SEC
20:43:25.006,1764,litter_colour,310,334,264,324,356,344,COLOR_SEC
20:43:25.045,1765,litter_colour,974,758,914,715,1034,801,COLOR_SEC
20:43:25.045,1765,litter_colour,1275,657,1249,636,1301,678,COLOR_SEC
20:43:25.045,1765,litter_colour,1054,525,1015,491,1094,559,COLOR_SEC
20:43:25.045,1765,litter_colour,748,428,727,390,770,466,COLOR_SEC
20:43:25.045,1765,litter_colour,1312,339,1283,324,1341,354,COLOR_SEC
20:43:25.045,1765,litter_colour,309,334,263,324,356,344,COLOR_SEC
20:43:25.087,1766,litter_colour,1276,657,1250,637,1302,678,COLOR_SEC
20:43:25.087,1766,litter_colour,1055,525,1015,491,1095,559,COLOR_SEC
20:43:25.087,1766,litter_colour,748,428,726,390,770,466,COLOR_SEC
20:43:25.087,1766,litter_colour,1312,338,1284,324,1341,353,COLOR_SEC
20:43:25.087,1766,litter_colour,309,334,263,324,356,344,COLOR_SEC
20:43:25.128,1767,litter_colour,1277,658,1251,638,1304,679,COLOR_SEC
20:43:25.128,1767,litter_colour,1055,525,1014,491,1096,559,COLOR_SEC
20:43:25.128,1767,litter_colour,748,418,726,390,771,447,COLOR_SEC
20:43:25.128,1767,litter_colour,1795,370,1766,348,1825,392,COLOR_SEC
20:43:25.128,1767,litter_colour,1313,338,1285,324,1341,353,COLOR_SEC
20:43:25.128,1767,litter_colour,309,334,263,324,355,344,COLOR_SEC
20:43:25.168,1768,litter_colour,1278,658,1252,638,1305,679,COLOR_SEC
20:43:25.169,1768,litter_colour,1055,526,1014,491,1096,561,COLOR_SEC
20:43:25.169,1768,litter_colour,765,427,727,388,804,467,COLOR_SEC
20:43:25.169,1768,litter_colour,1315,338,1286,324,1344,352,COLOR_SEC
20:43:25.169,1768,litter_colour,308,334,263,324,354,344,COLOR_SEC
20:43:25.210,1769,litter_colour,1279,659,1253,638,1306,680,COLOR_SEC
20:43:25.210,1769,litter_colour,1131,610,1107,579,1155,641,COLOR_SEC
20:43:25.210,1769,litter_colour,1055,525,1014,491,1096,560,COLOR_SEC
20:43:25.210,1769,litter_colour,747,427,724,388,770,466,COLOR_SEC
20:43:25.210,1769,litter_colour,1316,338,1288,324,1344,352,COLOR_SEC
20:43:25.210,1769,litter_colour,307,334,262,324,352,344,COLOR_SEC
20:43:25.251,1770,litter_colour,1132,611,1108,580,1156,642,COLOR_SEC
20:43:25.251,1770,litter_colour,1055,525,1014,491,1097,560,COLOR_SEC
20:43:25.251,1770,litter_colour,749,427,727,388,771,467,COLOR_SEC
20:43:25.251,1770,litter_colour,1316,338,1288,324,1345,352,COLOR_SEC
20:43:25.251,1770,litter_colour,306,333,262,324,351,343,COLOR_SEC
20:43:25.293,1771,litter_colour,1135,611,1108,580,1162,642,COLOR_SEC
20:43:25.293,1771,litter_colour,1055,525,1014,491,1097,560,COLOR_SEC
20:43:25.293,1771,litter_colour,748,429,727,389,769,469,COLOR_SEC
20:43:25.293,1771,litter_colour,1317,337,1289,324,1345,351,COLOR_SEC
20:43:25.293,1771,litter_colour,307,333,260,324,354,343,COLOR_SEC
20:43:25.334,1772,litter_colour,1132,611,1108,580,1157,643,COLOR_SEC
20:43:25.334,1772,litter_colour,1056,525,1015,491,1098,560,COLOR_SEC
20:43:25.334,1772,litter_colour,762,428,722,388,802,468,COLOR_SEC
20:43:25.334,1772,litter_colour,1318,337,1290,324,1347,351,COLOR_SEC
20:43:25.334,1772,litter_colour,306,333,260,324,353,343,COLOR_SEC
20:43:25.376,1773,litter_colour,1132,612,1106,581,1158,643,COLOR_SEC
20:43:25.376,1773,litter_colour,1057,526,1016,491,1098,561,COLOR_SEC
20:43:25.376,1773,litter_colour,762,428,723,388,802,469,COLOR_SEC
20:43:25.376,1773,litter_colour,1318,337,1290,324,1347,350,COLOR_SEC
20:43:25.376,1773,litter_colour,305,333,259,324,352,343,COLOR_SEC
20:43:25.418,1774,litter_colour,1138,612,1111,580,1165,644,COLOR_SEC
20:43:25.418,1774,litter_colour,1057,526,1015,491,1099,561,COLOR_SEC
20:43:25.418,1774,litter_colour,746,429,722,389,770,469,COLOR_SEC
20:43:25.418,1774,litter_colour,305,333,259,324,352,343,COLOR_SEC
20:43:25.458,1775,litter_colour,1139,613,1112,581,1166,645,COLOR_SEC
20:43:25.458,1775,litter_colour,1057,526,1015,491,1100,561,COLOR_SEC
20:43:25.458,1775,litter_colour,745,427,722,388,768,467,COLOR_SEC
20:43:25.458,1775,litter_colour,304,333,258,324,351,343,COLOR_SEC
20:43:25.499,1776,litter_colour,1139,613,1111,581,1167,645,COLOR_SEC
20:43:25.499,1776,litter_colour,1058,526,1016,491,1100,562,COLOR_SEC
20:43:25.499,1776,litter_colour,745,428,722,388,768,469,COLOR_SEC
20:43:25.499,1776,litter_colour,304,333,258,324,351,343,COLOR_SEC
20:43:25.541,1777,litter_colour,986,958,952,907,1021,1009,COLOR_SEC
20:43:25.541,1777,litter_colour,1056,735,1017,720,1095,751,COLOR_SEC
20:43:25.541,1777,litter_colour,1138,613,1113,581,1163,646,COLOR_SEC
20:43:25.541,1777,litter_colour,1058,526,1016,491,1100,562,COLOR_SEC
20:43:25.541,1777,litter_colour,761,429,721,389,802,470,COLOR_SEC
20:43:25.541,1777,litter_colour,303,333,258,324,348,343,COLOR_SEC
20:43:25.582,1778,litter_colour,1057,736,1018,721,1096,752,COLOR_SEC
20:43:25.582,1778,litter_colour,1139,614,1114,582,1164,647,COLOR_SEC
20:43:25.582,1778,litter_colour,1059,526,1017,491,1101,562,COLOR_SEC
20:43:25.582,1778,litter_colour,746,429,724,389,768,470,COLOR_SEC
20:43:25.582,1778,litter_colour,302,333,257,324,347,343,COLOR_SEC
20:43:25.624,1779,litter_colour,1058,737,1018,722,1098,753,COLOR_SEC
20:43:25.624,1779,litter_colour,1139,614,1115,582,1164,647,COLOR_SEC
20:43:25.624,1779,litter_colour,1060,526,1018,491,1102,562,COLOR_SEC
20:43:25.624,1779,litter_colour,745,424,724,388,766,460,COLOR_SEC
20:43:25.624,1779,litter_colour,303,333,257,324,350,342,COLOR_SEC
20:43:25.665,1780,litter_colour,977,780,918,732,1037,828,COLOR_SEC
20:43:25.665,1780,litter_colour,1059,740,1020,726,1099,755,COLOR_SEC
20:43:25.665,1780,litter_colour,1142,615,1114,583,1171,648,COLOR_SEC
20:43:25.665,1780,litter_colour,1060,527,1018,491,1102,563,COLOR_SEC
20:43:25.665,1780,litter_colour,743,430,720,389,767,471,COLOR_SEC
20:43:25.665,1780,litter_colour,302,333,256,324,349,343,COLOR_SEC
20:43:25.705,1781,litter_colour,978,781,919,733,1038,830,COLOR_SEC
20:43:25.705,1781,litter_colour,1060,740,1020,725,1100,756,COLOR_SEC
20:43:25.705,1781,litter_colour,1143,616,1115,584,1172,649,COLOR_SEC
20:43:25.705,1781,litter_colour,1060,527,1018,492,1103,563,COLOR_SEC
20:43:25.705,1781,litter_colour,747,429,719,389,775,470,COLOR_SEC
20:43:25.705,1781,litter_colour,302,333,255,324,349,342,COLOR_SEC
20:43:25.745,1782,litter_colour,979,783,920,734,1039,832,COLOR_SEC
20:43:25.745,1782,litter_colour,1061,743,1021,728,1101,758,COLOR_SEC
20:43:25.745,1782,litter_colour,1144,617,1115,585,1173,650,COLOR_SEC
20:43:25.745,1782,litter_colour,1058,523,1013,483,1103,564,COLOR_SEC
20:43:25.745,1782,litter_colour,743,430,719,389,767,471,COLOR_SEC
20:43:25.745,1782,litter_colour,300,333,253,324,348,342,COLOR_SEC
20:43:25.786,1783,litter_colour,980,785,920,736,1040,835,COLOR_SEC
20:43:25.786,1783,litter_colour,1062,743,1022,728,1102,759,COLOR_SEC
20:43:25.786,1783,litter_colour,1143,617,1116,585,1170,649,COLOR_SEC
20:43:25.786,1783,litter_colour,1059,523,1014,483,1104,563,COLOR_SEC
20:43:25.786,1783,litter_colour,744,430,722,389,766,472,COLOR_SEC
20:43:25.786,1783,litter_colour,300,333,253,324,347,342,COLOR_SEC
20:43:25.827,1784,litter_colour,981,787,921,738,1041,837,COLOR_SEC
20:43:25.827,1784,litter_colour,1063,744,1022,728,1104,761,COLOR_SEC
20:43:25.827,1784,litter_colour,1304,672,1276,650,1332,695,COLOR_SEC
20:43:25.827,1784,litter_colour,1144,618,1115,585,1174,652,COLOR_SEC
20:43:25.827,1784,litter_colour,1060,524,1016,484,1105,564,COLOR_SEC
20:43:25.827,1784,litter_colour,748,430,721,389,775,472,COLOR_SEC
20:43:25.827,1784,litter_colour,299,333,252,324,346,342,COLOR_SEC
20:43:25.869,1785,litter_colour,982,789,921,739,1043,839,COLOR_SEC
20:43:25.869,1785,litter_colour,1064,745,1024,728,1105,763,COLOR_SEC
20:43:25.869,1785,litter_colour,1305,673,1278,650,1333,696,COLOR_SEC
20:43:25.869,1785,litter_colour,1144,619,1116,586,1173,652,COLOR_SEC
20:43:25.869,1785,litter_colour,1060,524,1016,484,1105,565,COLOR_SEC
20:43:25.869,1785,litter_colour,760,431,720,389,800,473,COLOR_SEC
20:43:25.869,1785,litter_colour,299,333,252,324,346,342,COLOR_SEC
20:43:25.910,1786,litter_colour,983,791,922,740,1044,842,COLOR_SEC
20:43:25.910,1786,litter_colour,1065,748,1025,732,1105,765,COLOR_SEC
20:43:25.910,1786,litter_colour,1307,674,1278,652,1336,697,COLOR_SEC
20:43:25.910,1786,litter_colour,1146,620,1116,587,1177,653,COLOR_SEC
20:43:25.910,1786,litter_colour,1063,532,1020,493,1106,571,COLOR_SEC
20:43:25.910,1786,litter_colour,745,430,719,389,771,472,COLOR_SEC
20:43:25.910,1786,litter_colour,298,333,251,324,345,342,COLOR_SEC
20:43:25.949,1787,litter_colour,983,794,922,743,1045,845,COLOR_SEC
20:43:25.950,1787,litter_colour,1066,750,1026,733,1106,767,COLOR_SEC
20:43:25.950,1787,litter_colour,1309,675,1280,653,1338,698,COLOR_SEC
20:43:25.950,1787,litter_colour,1146,620,1117,587,1175,654,COLOR_SEC
20:43:25.950,1787,litter_colour,1063,532,1020,493,1107,572,COLOR_SEC
20:43:25.950,1787,litter_colour,745,431,720,389,771,474,COLOR_SEC
20:43:25.950,1787,litter_colour,297,333,251,324,344,342,COLOR_SEC
20:43:25.989,1788,litter_colour,1173,977,1089,874,1258,1080,COLOR_SEC
20:43:25.989,1788,litter_colour,984,795,923,744,1046,847,COLOR_SEC
20:43:25.989,1788,litter_colour,1068,750,1028,732,1108,768,COLOR_SEC
20:43:25.989,1788,litter_colour,91,791,0,732,182,850,COLOR_SEC
20:43:25.989,1788,litter_colour,1310,676,1282,654,1339,699,COLOR_SEC
20:43:25.989,1788,litter_colour,1149,622,1118,588,1180,656,COLOR_SEC
20:43:25.989,1788,litter_colour,1062,525,1017,484,1108,566,COLOR_SEC
20:43:25.989,1788,litter_colour,758,419,716,389,800,450,COLOR_SEC
20:43:25.989,1788,litter_colour,1330,336,1302,324,1358,348,COLOR_SEC
20:43:25.989,1788,litter_colour,297,333,250,324,344,342,COLOR_SEC
20:43:26.030,1789,litter_colour,985,798,923,746,1047,850,COLOR_SEC
20:43:26.030,1789,litter_colour,1069,753,1028,735,1110,771,COLOR_SEC
20:43:26.030,1789,litter_colour,90,793,0,734,180,852,COLOR_SEC
20:43:26.030,1789,litter_colour,1313,678,1285,655,1341,701,COLOR_SEC
20:43:26.030,1789,litter_colour,1150,623,1119,589,1181,658,COLOR_SEC
20:43:26.030,1789,litter_colour,1062,528,1017,484,1108,573,COLOR_SEC
20:43:26.030,1789,litter_colour,758,419,717,389,800,449,COLOR_SEC
20:43:26.030,1789,litter_colour,1331,335,1302,324,1361,347,COLOR_SEC
20:43:26.030,1789,litter_colour,296,333,250,324,343,342,COLOR_SEC
20:43:26.071,1790,litter_colour,1069,754,1028,737,1111,772,COLOR_SEC
20:43:26.071,1790,litter_colour,88,794,0,736,177,853,COLOR_SEC
20:43:26.071,1790,litter_colour,1315,679,1287,657,1344,702,COLOR_SEC
20:43:26.071,1790,litter_colour,1151,623,1120,589,1182,658,COLOR_SEC
20:43:26.071,1790,litter_colour,1063,528,1018,484,1109,573,COLOR_SEC
20:43:26.071,1790,litter_colour,746,419,719,389,773,449,COLOR_SEC
20:43:26.071,1790,litter_colour,1222,402,1174,377,1270,427,COLOR_SEC
20:43:26.071,1790,litter_colour,1332,335,1303,324,1362,347,COLOR_SEC
20:43:26.071,1790,litter_colour,296,333,249,324,343,342,COLOR_SEC
20:43:26.112,1791,litter_colour,1181,981,1093,883,1269,1080,COLOR_SEC
20:43:26.112,1791,litter_colour,87,796,0,738,175,854,COLOR_SEC
20:43:26.112,1791,litter_colour,1071,755,1030,737,1113,774,COLOR_SEC
20:43:26.112,1791,litter_colour,1150,624,1121,590,1180,659,COLOR_SEC
20:43:26.112,1791,litter_colour,1064,529,1019,485,1110,574,COLOR_SEC
20:43:26.112,1791,litter_colour,759,433,719,390,800,476,COLOR_SEC
20:43:26.112,1791,litter_colour,1222,400,1176,377,1269,424,COLOR_SEC
20:43:26.112,1791,litter_colour,296,333,249,324,343,342,COLOR_SEC
20:43:26.152,1792,litter_colour,1183,983,1095,886,1272,1080,COLOR_SEC
20:43:26.152,1792,litter_colour,1072,759,1031,741,1114,777,COLOR_SEC
20:43:26.152,1792,litter_colour,86,798,0,740,172,857,COLOR_SEC
20:43:26.152,1792,litter_colour,1151,625,1122,591,1181,660,COLOR_SEC
20:43:26.152,1792,litter_colour,1066,535,1023,496,1110,574,COLOR_SEC
20:43:26.152,1792,litter_colour,759,421,719,390,800,452,COLOR_SEC
20:43:26.152,1792,litter_colour,1224,400,1176,377,1272,424,COLOR_SEC
20:43:26.152,1792,litter_colour,295,333,248,324,343,342,COLOR_SEC
20:43:26.192,1793,litter_colour,1183,985,1097,890,1269,1080,COLOR_SEC
20:43:26.192,1793,litter_colour,1152,627,1122,592,1183,663,COLOR_SEC
20:43:26.192,1793,litter_colour,1065,531,1019,487,1112,575,COLOR_SEC
20:43:26.192,1793,litter_colour,757,421,714,390,800,453,COLOR_SEC
20:43:26.192,1793,litter_colour,1224,401,1177,377,1271,426,COLOR_SEC
20:43:26.192,1793,litter_colour,295,333,247,324,343,342,COLOR_SEC
20:43:26.231,1794,litter_colour,1160,986,1050,893,1271,1080,COLOR_SEC
20:43:26.231,1794,litter_colour,1146,613,1123,593,1169,634,COLOR_SEC
20:43:26.231,1794,litter_colour,1068,537,1024,497,1112,577,COLOR_SEC
20:43:26.231,1794,litter_colour,757,424,714,391,800,458,COLOR_SEC
20:43:26.231,1794,litter_colour,1225,401,1177,377,1274,425,COLOR_SEC
20:43:26.231,1794,litter_colour,294,333,247,324,342,343,COLOR_SEC
20:43:26.271,1795,litter_colour,1186,988,1097,897,1275,1080,COLOR_SEC
20:43:26.271,1795,litter_colour,1154,629,1124,594,1185,665,COLOR_SEC
20:43:26.271,1795,litter_colour,1066,529,1019,487,1113,571,COLOR_SEC
20:43:26.271,1795,litter_colour,757,434,714,390,800,478,COLOR_SEC
20:43:26.271,1795,litter_colour,1237,401,1178,377,1296,426,COLOR_SEC
20:43:26.271,1795,litter_colour,294,333,247,324,341,343,COLOR_SEC
20:43:26.310,1796,litter_colour,1190,990,1102,900,1279,1080,COLOR_SEC
20:43:26.311,1796,litter_colour,1155,631,1125,595,1186,667,COLOR_SEC
20:43:26.311,1796,litter_colour,1069,534,1025,497,1114,572,COLOR_SEC
20:43:26.311,1796,litter_colour,757,436,714,393,800,480,COLOR_SEC
20:43:26.311,1796,litter_colour,1227,402,1179,378,1276,427,COLOR_SEC
20:43:26.311,1796,litter_colour,293,333,246,324,341,343,COLOR_SEC
20:43:26.352,1797,litter_colour,1193,992,1104,904,1283,1080,COLOR_SEC
20:43:26.352,1797,litter_colour,1156,632,1125,596,1188,668,COLOR_SEC
20:43:26.352,1797,litter_colour,1066,524,1019,474,1114,574,COLOR_SEC
20:43:26.352,1797,litter_colour,756,437,713,392,800,482,COLOR_SEC
20:43:26.352,1797,litter_colour,1227,404,1179,380,1275,428,COLOR_SEC
20:43:26.352,1797,litter_colour,293,334,245,324,341,344,COLOR_SEC
20:43:26.394,1798,litter_colour,1169,993,1056,907,1282,1080,COLOR_SEC
20:43:26.394,1798,litter_colour,1157,633,1126,597,1189,669,COLOR_SEC
20:43:26.394,1798,litter_colour,1069,536,1024,498,1114,574,COLOR_SEC
20:43:26.394,1798,litter_colour,756,428,713,394,799,462,COLOR_SEC
20:43:26.394,1798,litter_colour,1227,405,1179,381,1275,429,COLOR_SEC
20:43:26.394,1798,litter_colour,291,334,244,324,339,344,COLOR_SEC
20:43:26.435,1799,litter_colour,1191,995,1106,911,1276,1080,COLOR_SEC
20:43:26.435,1799,litter_colour,1158,634,1127,598,1189,671,COLOR_SEC
20:43:26.435,1799,litter_colour,1069,539,1025,499,1114,580,COLOR_SEC
20:43:26.435,1799,litter_colour,738,428,712,394,765,462,COLOR_SEC
20:43:26.435,1799,litter_colour,1227,404,1180,379,1275,429,COLOR_SEC
20:43:26.435,1799,litter_colour,291,334,243,324,339,345,COLOR_SEC
20:43:26.476,1800,litter_colour,1167,991,1058,903,1276,1080,COLOR_SEC
20:43:26.476,1800,litter_colour,1158,636,1127,599,1190,673,COLOR_SEC
20:43:26.476,1800,litter_colour,1070,541,1026,500,1114,582,COLOR_SEC
20:43:26.476,1800,litter_colour,737,439,713,394,761,484,COLOR_SEC
20:43:26.476,1800,litter_colour,1229,406,1180,382,1278,430,COLOR_SEC
20:43:26.476,1800,litter_colour,290,334,242,324,339,345,COLOR_SEC
20:43:26.518,1801,litter_colour,1193,999,1109,918,1278,1080,COLOR_SEC
20:43:26.518,1801,litter_colour,1159,636,1128,599,1191,674,COLOR_SEC
20:43:26.518,1801,litter_colour,1070,538,1025,500,1116,577,COLOR_SEC
20:43:26.518,1801,litter_colour,735,425,710,395,760,456,COLOR_SEC
20:43:26.518,1801,litter_colour,1229,405,1181,380,1278,430,COLOR_SEC
20:43:26.518,1801,litter_colour,289,334,241,324,338,345,COLOR_SEC
20:43:26.560,1802,litter_colour,1068,534,1020,492,1116,577,COLOR_SEC
20:43:26.560,1802,litter_colour,738,429,712,395,765,464,COLOR_SEC
20:43:26.560,1802,litter_colour,1229,406,1181,382,1278,430,COLOR_SEC
20:43:26.560,1802,litter_colour,288,334,241,324,336,345,COLOR_SEC
20:43:26.600,1803,litter_colour,1196,996,1107,912,1285,1080,COLOR_SEC
20:43:26.600,1803,litter_colour,1070,542,1024,500,1117,584,COLOR_SEC
20:43:26.600,1803,litter_colour,1229,406,1181,382,1278,431,COLOR_SEC
20:43:26.600,1803,litter_colour,287,334,240,324,334,345,COLOR_SEC
20:43:26.641,1804,litter_colour,997,837,930,778,1065,896,COLOR_SEC
20:43:26.641,1804,litter_colour,1159,638,1124,602,1194,675,COLOR_SEC
20:43:26.641,1804,litter_colour,1071,542,1025,500,1118,585,COLOR_SEC
20:43:26.641,1804,litter_colour,736,430,711,396,762,465,COLOR_SEC
20:43:26.641,1804,litter_colour,1230,405,1181,380,1279,431,COLOR_SEC
20:43:26.641,1804,litter_colour,286,334,239,324,334,345,COLOR_SEC
20:43:26.682,1805,litter_colour,997,839,930,780,1065,899,COLOR_SEC
20:43:26.682,1805,litter_colour,1071,543,1025,501,1118,586,COLOR_SEC
20:43:26.682,1805,litter_colour,609,541,586,500,632,582,COLOR_SEC
20:43:26.682,1805,litter_colour,753,431,710,397,796,465,COLOR_SEC
20:43:26.682,1805,litter_colour,1231,405,1182,380,1280,431,COLOR_SEC
20:43:26.682,1805,litter_colour,286,334,238,324,334,345,COLOR_SEC
20:43:26.723,1806,litter_colour,609,540,587,501,632,580,COLOR_SEC
20:43:26.723,1806,litter_colour,1069,539,1020,493,1118,586,COLOR_SEC
20:43:26.723,1806,litter_colour,734,429,709,397,759,462,COLOR_SEC
20:43:26.723,1806,litter_colour,1231,405,1182,380,1280,430,COLOR_SEC
20:43:26.723,1806,litter_colour,286,334,238,324,334,345,COLOR_SEC
20:43:26.763,1807,litter_colour,973,805,930,783,1016,828,COLOR_SEC
20:43:26.763,1807,litter_colour,1345,706,1315,682,1375,730,COLOR_SEC
20:43:26.763,1807,litter_colour,1072,544,1026,501,1118,587,COLOR_SEC
20:43:26.763,1807,litter_colour,608,540,586,501,630,580,COLOR_SEC
20:43:26.763,1807,litter_colour,752,429,708,396,796,463,COLOR_SEC
20:43:26.763,1807,litter_colour,1232,405,1183,380,1281,431,COLOR_SEC
20:43:26.763,1807,litter_colour,286,335,238,324,334,346,COLOR_SEC
20:43:26.805,1808,litter_colour,973,808,930,785,1017,831,COLOR_SEC
20:43:26.805,1808,litter_colour,1347,707,1317,684,1377,731,COLOR_SEC
20:43:26.805,1808,litter_colour,1073,544,1026,502,1120,587,COLOR_SEC
20:43:26.805,1808,litter_colour,607,541,586,502,629,581,COLOR_SEC
20:43:26.805,1808,litter_colour,734,430,708,396,760,464,COLOR_SEC
20:43:26.805,1808,litter_colour,285,335,237,324,333,346,COLOR_SEC
20:43:26.845,1809,litter_colour,974,809,931,787,1018,832,COLOR_SEC
20:43:26.845,1809,litter_colour,1349,709,1319,685,1379,733,COLOR_SEC
20:43:26.845,1809,litter_colour,605,542,582,502,629,583,COLOR_SEC
20:43:26.845,1809,litter_colour,1069,533,1018,478,1121,588,COLOR_SEC
20:43:26.845,1809,litter_colour,751,426,708,389,795,464,COLOR_SEC
20:43:26.845,1809,litter_colour,1233,406,1184,381,1283,432,COLOR_SEC
20:43:26.845,1809,litter_colour,285,335,237,324,333,346,COLOR_SEC
20:43:26.885,1810,litter_colour,974,811,931,789,1018,834,COLOR_SEC
20:43:26.885,1810,litter_colour,1341,767,1306,752,1377,783,COLOR_SEC
20:43:26.885,1810,litter_colour,1351,710,1321,686,1382,735,COLOR_SEC
20:43:26.885,1810,litter_colour,1270,716,1232,684,1308,748,COLOR_SEC
20:43:26.885,1810,litter_colour,1074,544,1026,502,1122,587,COLOR_SEC
20:43:26.885,1810,litter_colour,751,431,707,397,795,465,COLOR_SEC
20:43:26.885,1810,litter_colour,1043,353,962,324,1125,383,COLOR_SEC
20:43:26.885,1810,litter_colour,285,335,237,324,333,347,COLOR_SEC
20:43:26.925,1811,litter_colour,55,833,0,799,111,867,COLOR_SEC
20:43:26.925,1811,litter_colour,975,814,932,791,1019,837,COLOR_SEC
20:43:26.925,1811,litter_colour,1341,789,1282,754,1400,825,COLOR_SEC
20:43:26.925,1811,litter_colour,1353,712,1323,688,1384,736,COLOR_SEC
20:43:26.925,1811,litter_colour,1272,717,1233,686,1311,749,COLOR_SEC
20:43:26.925,1811,litter_colour,1072,542,1022,496,1122,588,COLOR_SEC
20:43:26.925,1811,litter_colour,740,431,707,397,773,466,COLOR_SEC
20:43:26.925,1811,litter_colour,1043,353,962,324,1125,383,COLOR_SEC
20:43:26.925,1811,litter_colour,285,335,237,324,333,347,COLOR_SEC
20:43:26.966,1812,litter_colour,54,835,0,801,108,869,COLOR_SEC
20:43:26.966,1812,litter_colour,976,816,932,793,1020,839,COLOR_SEC
20:43:26.966,1812,litter_colour,1333,768,1284,748,1382,788,COLOR_SEC
20:43:26.966,1812,litter_colour,1355,713,1325,689,1386,738,COLOR_SEC
20:43:26.966,1812,litter_colour,1273,719,1236,687,1311,751,COLOR_SEC
20:43:26.966,1812,litter_colour,1075,546,1027,503,1124,590,COLOR_SEC
20:43:26.966,1812,litter_colour,733,434,706,398,760,470,COLOR_SEC
20:43:26.966,1812,litter_colour,1347,338,1317,324,1377,352,COLOR_SEC
20:43:26.966,1812,litter_colour,1044,353,962,324,1126,383,COLOR_SEC
20:43:26.966,1812,litter_colour,285,336,237,324,333,348,COLOR_SEC
20:43:27.007,1813,litter_colour,53,834,0,803,106,866,COLOR_SEC
20:43:27.007,1813,litter_colour,977,819,933,796,1021,842,COLOR_SEC
20:43:27.007,1813,litter_colour,1357,715,1327,691,1388,740,COLOR_SEC
20:43:27.007,1813,litter_colour,1076,546,1028,503,1124,590,COLOR_SEC
20:43:27.007,1813,litter_colour,731,432,705,398,758,466,COLOR_SEC
20:43:27.007,1813,litter_colour,1348,338,1318,324,1379,352,COLOR_SEC
20:43:27.007,1813,litter_colour,1044,353,963,324,1126,383,COLOR_SEC
20:43:27.007,1813,litter_colour,285,336,237,324,333,348,COLOR_SEC
20:43:27.049,1814,litter_colour,51,836,0,805,103,867,COLOR_SEC
20:43:27.049,1814,litter_colour,977,821,933,798,1022,844,COLOR_SEC
20:43:27.049,1814,litter_colour,1074,544,1024,497,1124,592,COLOR_SEC
20:43:27.049,1814,litter_colour,748,432,700,398,796,467,COLOR_SEC
20:43:27.049,1814,litter_colour,1349,337,1319,324,1380,351,COLOR_SEC
20:43:27.049,1814,litter_colour,1046,354,964,324,1128,384,COLOR_SEC
20:43:27.049,1814,litter_colour,286,336,238,324,334,349,COLOR_SEC
20:43:27.049,1814,litter_colour,30,345,8,324,53,366,COLOR_SEC
20:43:27.090,1815,litter_colour,49,839,0,808,99,870,COLOR_SEC
20:43:27.090,1815,litter_colour,978,824,934,801,1023,847,COLOR_SEC
20:43:27.090,1815,litter_colour,1077,548,1029,504,1126,592,COLOR_SEC
20:43:27.090,1815,litter_colour,735,436,698,400,773,472,COLOR_SEC
20:43:27.090,1815,litter_colour,1351,338,1320,324,1382,352,COLOR_SEC
20:43:27.090,1815,litter_colour,1046,354,964,324,1128,384,COLOR_SEC
20:43:27.090,1815,litter_colour,285,336,237,324,333,349,COLOR_SEC
20:43:27.090,1815,litter_colour,30,344,8,324,52,365,COLOR_SEC
20:43:27.129,1816,litter_colour,979,826,934,804,1024,849,COLOR_SEC
20:43:27.130,1816,litter_colour,1359,775,1328,755,1390,796,COLOR_SEC
20:43:27.130,1816,litter_colour,1077,546,1029,505,1126,587,COLOR_SEC
20:43:27.130,1816,litter_colour,746,433,697,399,795,468,COLOR_SEC
20:43:27.130,1816,litter_colour,1351,338,1320,324,1383,352,COLOR_SEC
20:43:27.130,1816,litter_colour,1046,353,964,324,1129,383,COLOR_SEC
20:43:27.130,1816,litter_colour,286,337,238,324,334,350,COLOR_SEC
20:43:27.130,1816,litter_colour,29,344,7,324,52,365,COLOR_SEC
20:43:27.169,1817,litter_colour,980,828,935,805,1025,852,COLOR_SEC
20:43:27.169,1817,litter_colour,1079,549,1030,505,1128,594,COLOR_SEC
20:43:27.169,1817,litter_colour,728,434,698,400,759,469,COLOR_SEC
20:43:27.169,1817,litter_colour,1353,337,1322,324,1384,351,COLOR_SEC
20:43:27.169,1817,litter_colour,1046,354,964,324,1128,384,COLOR_SEC
20:43:27.169,1817,litter_colour,285,337,238,324,333,350,COLOR_SEC
20:43:27.169,1817,litter_colour,30,346,7,324,53,368,COLOR_SEC
20:43:27.210,1818,litter_colour,980,831,935,808,1026,855,COLOR_SEC
20:43:27.210,1818,litter_colour,1079,550,1031,506,1128,595,COLOR_SEC
20:43:27.210,1818,litter_colour,727,434,696,400,758,468,COLOR_SEC
20:43:27.210,1818,litter_colour,1354,338,1323,324,1386,352,COLOR_SEC
20:43:27.210,1818,litter_colour,1047,354,964,324,1130,384,COLOR_SEC
20:43:27.210,1818,litter_colour,285,337,238,324,333,350,COLOR_SEC
20:43:27.210,1818,litter_colour,30,346,7,324,53,368,COLOR_SEC
20:43:27.249,1819,litter_colour,981,833,936,810,1027,857,COLOR_SEC
20:43:27.249,1819,litter_colour,736,438,714,407,758,469,COLOR_SEC
20:43:27.249,1819,litter_colour,1355,337,1324,324,1386,351,COLOR_SEC
20:43:27.249,1819,litter_colour,1047,354,964,324,1130,385,COLOR_SEC
20:43:27.249,1819,litter_colour,286,337,238,324,334,351,COLOR_SEC
20:43:27.249,1819,litter_colour,30,346,7,324,53,369,COLOR_SEC
20:43:27.290,1820,litter_colour,983,836,938,812,1028,860,COLOR_SEC
20:43:27.290,1820,litter_colour,1178,655,1145,615,1212,695,COLOR_SEC
20:43:27.290,1820,litter_colour,726,435,696,401,757,470,COLOR_SEC
20:43:27.290,1820,litter_colour,1356,338,1325,324,1388,352,COLOR_SEC
20:43:27.290,1820,litter_colour,1046,353,964,324,1129,382,COLOR_SEC
20:43:27.290,1820,litter_colour,285,337,238,324,333,351,COLOR_SEC
20:43:27.290,1820,litter_colour,29,346,7,324,52,369,COLOR_SEC
20:43:27.332,1821,litter_colour,982,838,936,814,1029,862,COLOR_SEC
20:43:27.332,1821,litter_colour,1181,656,1146,615,1217,698,COLOR_SEC
20:43:27.332,1821,litter_colour,726,435,696,401,757,470,COLOR_SEC
20:43:27.332,1821,litter_colour,1876,380,1832,345,1920,416,COLOR_SEC
20:43:27.332,1821,litter_colour,1357,337,1325,324,1389,351,COLOR_SEC
20:43:27.332,1821,litter_colour,1047,353,964,324,1130,383,COLOR_SEC
20:43:27.332,1821,litter_colour,285,337,237,324,333,351,COLOR_SEC
20:43:27.332,1821,litter_colour,29,346,6,324,52,369,COLOR_SEC
20:43:27.372,1822,litter_colour,1182,656,1147,616,1217,697,COLOR_SEC
20:43:27.372,1822,litter_colour,725,436,694,401,756,471,COLOR_SEC
20:43:27.372,1822,litter_colour,1876,381,1833,347,1920,416,COLOR_SEC
20:43:27.372,1822,litter_colour,1358,338,1326,324,1390,352,COLOR_SEC
20:43:27.372,1822,litter_colour,1046,354,964,324,1128,384,COLOR_SEC
20:43:27.372,1822,litter_colour,285,338,238,324,333,352,COLOR_SEC
20:43:27.372,1822,litter_colour,28,346,5,324,51,368,COLOR_SEC
20:43:27.412,1823,litter_colour,1182,658,1147,617,1218,699,COLOR_SEC
20:43:27.412,1823,litter_colour,725,434,694,401,756,468,COLOR_SEC
20:43:27.412,1823,litter_colour,1878,381,1837,347,1920,416,COLOR_SEC
20:43:27.412,1823,litter_colour,1431,396,1333,331,1530,462,COLOR_SEC
20:43:27.412,1823,litter_colour,1358,337,1327,324,1390,351,COLOR_SEC
20:43:27.412,1823,litter_colour,1046,353,965,324,1128,382,COLOR_SEC
20:43:27.412,1823,litter_colour,284,338,237,324,332,352,COLOR_SEC
20:43:27.412,1823,litter_colour,28,347,5,324,51,371,COLOR_SEC
20:43:27.452,1824,litter_colour,1195,1032,1140,984,1251,1080,COLOR_SEC
20:43:27.452,1824,litter_colour,1183,658,1148,617,1219,699,COLOR_SEC
20:43:27.452,1824,litter_colour,725,435,694,403,756,468,COLOR_SEC
20:43:27.452,1824,litter_colour,1247,411,1195,386,1299,436,COLOR_SEC
20:43:27.452,1824,litter_colour,1433,396,1337,331,1529,462,COLOR_SEC
20:43:27.452,1824,litter_colour,1359,337,1327,324,1392,351,COLOR_SEC
20:43:27.452,1824,litter_colour,1047,353,964,324,1131,382,COLOR_SEC
20:43:27.452,1824,litter_colour,284,338,236,324,332,352,COLOR_SEC
20:43:27.452,1824,litter_colour,27,348,4,324,51,372,COLOR_SEC
20:43:27.494,1825,litter_colour,1184,660,1147,618,1222,702,COLOR_SEC
20:43:27.494,1825,litter_colour,1078,549,1023,500,1133,598,COLOR_SEC
20:43:27.494,1825,litter_colour,723,435,692,402,755,468,COLOR_SEC
20:43:27.494,1825,litter_colour,1262,410,1195,386,1329,435,COLOR_SEC
20:43:27.494,1825,litter_colour,1433,396,1337,331,1530,461,COLOR_SEC
20:43:27.494,1825,litter_colour,1047,353,965,324,1129,382,COLOR_SEC
20:43:27.494,1825,litter_colour,284,338,237,324,332,353,COLOR_SEC
20:43:27.494,1825,litter_colour,26,347,3,324,50,371,COLOR_SEC
20:43:27.536,1826,litter_colour,1182,660,1144,619,1221,702,COLOR_SEC
20:43:27.536,1826,litter_colour,723,437,692,402,754,472,COLOR_SEC
20:43:27.536,1826,litter_colour,1248,411,1196,386,1301,436,COLOR_SEC
20:43:27.536,1826,litter_colour,1230,361,1136,324,1324,399,COLOR_SEC
20:43:27.536,1826,litter_colour,1047,353,965,324,1129,382,COLOR_SEC
20:43:27.536,1826,litter_colour,284,338,236,324,332,353,COLOR_SEC
20:43:27.536,1826,litter_colour,24,347,0,324,49,370,COLOR_SEC
20:43:27.578,1827,litter_colour,1108,831,1059,810,1158,853,COLOR_SEC
20:43:27.578,1827,litter_colour,1186,662,1151,619,1222,706,COLOR_SEC
20:43:27.578,1827,litter_colour,1079,550,1024,500,1134,600,COLOR_SEC
20:43:27.578,1827,litter_colour,723,437,692,402,754,473,COLOR_SEC
20:43:27.578,1827,litter_colour,1264,411,1197,386,1331,437,COLOR_SEC
20:43:27.578,1827,litter_colour,1431,396,1353,331,1510,462,COLOR_SEC
20:43:27.578,1827,litter_colour,1048,353,965,324,1132,382,COLOR_SEC
20:43:27.578,1827,litter_colour,284,338,236,324,332,353,COLOR_SEC
20:43:27.578,1827,litter_colour,25,348,0,324,50,373,COLOR_SEC
20:43:27.618,1828,litter_colour,1109,834,1060,813,1159,855,COLOR_SEC
20:43:27.618,1828,litter_colour,1185,662,1146,620,1224,705,COLOR_SEC
20:43:27.618,1828,litter_colour,1079,551,1024,502,1135,600,COLOR_SEC
20:43:27.618,1828,litter_colour,722,432,692,402,753,463,COLOR_SEC
20:43:27.618,1828,litter_colour,1252,411,1197,386,1308,437,COLOR_SEC
20:43:27.618,1828,litter_colour,1048,353,965,324,1132,383,COLOR_SEC
20:43:27.618,1828,litter_colour,284,339,236,324,332,354,COLOR_SEC
20:43:27.618,1828,litter_colour,24,348,0,324,49,372,COLOR_SEC
20:43:27.660,1829,litter_colour,1111,835,1061,814,1161,857,COLOR_SEC
20:43:27.660,1829,litter_colour,1188,663,1150,621,1227,706,COLOR_SEC
20:43:27.660,1829,litter_colour,722,438,690,402,754,474,COLOR_SEC
20:43:27.660,1829,litter_colour,1427,397,1342,331,1513,464,COLOR_SEC
20:43:27.660,1829,litter_colour,1047,353,965,324,1130,383,COLOR_SEC
20:43:27.660,1829,litter_colour,283,339,236,324,331,354,COLOR_SEC
20:43:27.660,1829,litter_colour,24,348,0,324,49,373,COLOR_SEC
20:43:27.701,1830,litter_colour,1112,839,1061,818,1163,861,COLOR_SEC
20:43:27.701,1830,litter_colour,1396,742,1362,715,1431,769,COLOR_SEC
20:43:27.701,1830,litter_colour,1189,665,1149,622,1229,708,COLOR_SEC
20:43:27.701,1830,litter_colour,721,437,690,403,753,471,COLOR_SEC
20:43:27.701,1830,litter_colour,1431,396,1344,331,1518,461,COLOR_SEC
20:43:27.701,1830,litter_colour,1049,353,966,324,1133,383,COLOR_SEC
20:43:27.701,1830,litter_colour,283,339,236,324,331,355,COLOR_SEC
20:43:27.701,1830,litter_colour,24,349,0,324,49,374,COLOR_SEC
20:43:27.740,1831,litter_colour,1399,744,1364,717,1434,772,COLOR_SEC
20:43:27.740,1831,litter_colour,1192,667,1155,624,1230,711,COLOR_SEC
20:43:27.740,1831,litter_colour,721,435,690,405,752,465,COLOR_SEC
20:43:27.740,1831,litter_colour,1051,353,966,324,1136,383,COLOR_SEC
20:43:27.740,1831,litter_colour,283,340,235,324,331,356,COLOR_SEC
20:43:27.740,1831,litter_colour,24,349,0,324,49,374,COLOR_SEC
20:43:27.780,1832,litter_colour,1192,668,1156,625,1229,712,COLOR_SEC
20:43:27.780,1832,litter_colour,726,434,690,404,762,465,COLOR_SEC
20:43:27.780,1832,litter_colour,1048,354,966,324,1131,384,COLOR_SEC
20:43:27.780,1832,litter_colour,283,340,235,324,332,356,COLOR_SEC
20:43:27.780,1832,litter_colour,24,350,0,324,49,376,COLOR_SEC
20:43:27.821,1833,litter_colour,1193,671,1157,627,1230,716,COLOR_SEC
20:43:27.821,1833,litter_colour,1258,412,1201,385,1315,440,COLOR_SEC
20:43:27.821,1833,litter_colour,1049,354,966,324,1132,385,COLOR_SEC
20:43:27.821,1833,litter_colour,283,340,235,324,332,357,COLOR_SEC
20:43:27.821,1833,litter_colour,24,350,0,324,49,377,COLOR_SEC
20:43:27.862,1834,litter_colour,1194,673,1158,628,1231,718,COLOR_SEC
20:43:27.862,1834,litter_colour,1256,415,1203,389,1309,441,COLOR_SEC
20:43:27.862,1834,litter_colour,1049,355,966,324,1132,386,COLOR_SEC
20:43:27.862,1834,litter_colour,283,341,235,324,331,358,COLOR_SEC
20:43:27.862,1834,litter_colour,24,350,0,324,48,377,COLOR_SEC
20:43:27.902,1835,litter_colour,1197,674,1159,629,1235,720,COLOR_SEC
20:43:27.902,1835,litter_colour,1061,526,983,443,1140,609,COLOR_SEC
20:43:27.902,1835,litter_colour,1260,416,1203,390,1317,442,COLOR_SEC
20:43:27.902,1835,litter_colour,1235,360,1140,324,1330,397,COLOR_SEC
20:43:27.902,1835,litter_colour,1050,355,966,324,1135,387,COLOR_SEC
20:43:27.902,1835,litter_colour,282,341,234,324,331,359,COLOR_SEC
20:43:27.902,1835,litter_colour,24,351,0,324,48,379,COLOR_SEC
20:43:27.941,1836,litter_colour,1198,676,1160,630,1236,722,COLOR_SEC
20:43:27.941,1836,litter_colour,1260,413,1203,386,1318,441,COLOR_SEC
20:43:27.941,1836,litter_colour,1230,361,1126,324,1335,398,COLOR_SEC
20:43:27.941,1836,litter_colour,1049,355,966,324,1133,386,COLOR_SEC
20:43:27.941,1836,litter_colour,282,341,234,324,331,359,COLOR_SEC
20:43:27.941,1836,litter_colour,23,350,0,324,47,377,COLOR_SEC
20:43:27.981,1837,litter_colour,1195,677,1156,631,1235,723,COLOR_SEC
20:43:27.981,1837,litter_colour,1272,414,1205,386,1340,442,COLOR_SEC
20:43:27.981,1837,litter_colour,1238,360,1141,324,1335,397,COLOR_SEC
20:43:27.981,1837,litter_colour,1050,355,967,324,1134,387,COLOR_SEC
20:43:27.981,1837,litter_colour,23,351,0,324,46,378,COLOR_SEC
20:43:28.020,1838,litter_colour,1196,678,1155,632,1237,725,COLOR_SEC
20:43:28.020,1838,litter_colour,1263,415,1206,390,1321,441,COLOR_SEC
20:43:28.020,1838,litter_colour,1239,360,1142,324,1337,397,COLOR_SEC
20:43:28.020,1838,litter_colour,1050,356,967,324,1134,388,COLOR_SEC
20:43:28.020,1838,litter_colour,282,341,234,324,331,359,COLOR_SEC
20:43:28.020,1838,litter_colour,23,351,0,324,46,378,COLOR_SEC
20:43:28.060,1839,litter_colour,1198,679,1156,633,1241,726,COLOR_SEC
20:43:28.060,1839,litter_colour,1232,360,1127,324,1338,397,COLOR_SEC
20:43:28.060,1839,litter_colour,1051,355,967,324,1135,387,COLOR_SEC
20:43:28.060,1839,litter_colour,282,341,234,324,331,359,COLOR_SEC
20:43:28.060,1839,litter_colour,23,351,0,324,46,378,COLOR_SEC
20:43:28.101,1840,litter_colour,1239,363,1142,324,1337,402,COLOR_SEC
20:43:28.101,1840,litter_colour,1051,355,968,324,1134,387,COLOR_SEC
20:43:28.101,1840,litter_colour,281,341,233,324,330,359,COLOR_SEC
20:43:28.101,1840,litter_colour,22,351,0,324,45,378,COLOR_SEC
20:43:28.142,1841,litter_colour,1065,525,984,438,1146,613,COLOR_SEC
20:43:28.142,1841,litter_colour,1233,362,1128,324,1339,401,COLOR_SEC
20:43:28.142,1841,litter_colour,1054,355,968,324,1140,386,COLOR_SEC
20:43:28.142,1841,litter_colour,281,341,233,324,330,359,COLOR_SEC
20:43:28.142,1841,litter_colour,22,351,0,324,45,379,COLOR_SEC
20:43:28.182,1842,litter_colour,1234,362,1129,324,1339,401,COLOR_SEC
20:43:28.182,1842,litter_colour,1054,355,968,324,1141,386,COLOR_SEC
20:43:28.182,1842,litter_colour,281,341,232,324,330,359,COLOR_SEC
20:43:28.182,1842,litter_colour,22,351,0,324,44,378,COLOR_SEC
20:43:28.223,1843,litter_colour,1065,529,983,444,1148,615,COLOR_SEC
20:43:28.223,1843,litter_colour,281,341,233,324,330,358,COLOR_SEC
20:43:28.223,1843,litter_colour,22,351,0,324,45,379,COLOR_SEC
20:43:28.264,1844,litter_colour,1066,527,983,439,1149,616,COLOR_SEC
20:43:28.264,1844,litter_colour,281,341,233,324,330,359,COLOR_SEC
20:43:28.264,1844,litter_colour,22,352,0,324,45,380,COLOR_SEC
20:43:28.305,1845,litter_colour,1066,528,982,439,1150,617,COLOR_SEC
20:43:28.305,1845,litter_colour,1078,355,969,324,1188,386,COLOR_SEC
20:43:28.305,1845,litter_colour,281,341,233,324,330,359,COLOR_SEC
20:43:28.305,1845,litter_colour,22,352,0,324,44,380,COLOR_SEC
20:43:28.347,1846,litter_colour,1477,624,1448,594,1507,655,COLOR_SEC
20:43:28.347,1846,litter_colour,1067,530,984,442,1151,618,COLOR_SEC
20:43:28.347,1846,litter_colour,281,342,233,324,330,360,COLOR_SEC
20:43:28.347,1846,litter_colour,22,352,0,324,44,381,COLOR_SEC
20:43:28.388,1847,litter_colour,203,716,142,678,264,754,COLOR_SEC
20:43:28.388,1847,litter_colour,1067,531,983,442,1152,621,COLOR_SEC
20:43:28.388,1847,litter_colour,1057,355,970,324,1144,387,COLOR_SEC
20:43:28.388,1847,litter_colour,281,342,233,324,330,361,COLOR_SEC
20:43:28.388,1847,litter_colour,22,353,0,324,44,382,COLOR_SEC
20:43:28.430,1848,litter_colour,201,718,139,680,263,757,COLOR_SEC
20:43:28.430,1848,litter_colour,1069,535,986,447,1153,623,COLOR_SEC
20:43:28.430,1848,litter_colour,281,343,233,324,330,362,COLOR_SEC
20:43:28.430,1848,litter_colour,22,353,0,324,44,383,COLOR_SEC
20:43:28.471,1849,litter_colour,1069,535,984,446,1154,625,COLOR_SEC
20:43:28.471,1849,litter_colour,281,344,233,325,330,363,COLOR_SEC
20:43:28.471,1849,litter_colour,22,354,0,324,44,384,COLOR_SEC
20:43:28.512,1850,litter_colour,281,345,233,326,330,364,COLOR_SEC
20:43:28.512,1850,litter_colour,1058,357,970,324,1146,390,COLOR_SEC
20:43:28.512,1850,litter_colour,22,354,0,324,44,385,COLOR_SEC
20:43:28.553,1851,litter_colour,1070,537,985,446,1156,629,COLOR_SEC
20:43:28.553,1851,litter_colour,281,346,232,327,330,365,COLOR_SEC
20:43:28.553,1851,litter_colour,1058,357,970,324,1146,391,COLOR_SEC
20:43:28.553,1851,litter_colour,22,355,0,324,44,387,COLOR_SEC
20:43:28.593,1852,litter_colour,1071,541,986,451,1157,631,COLOR_SEC
20:43:28.593,1852,litter_colour,281,347,232,328,330,366,COLOR_SEC
20:43:28.593,1852,litter_colour,1058,357,970,324,1146,391,COLOR_SEC
20:43:28.593,1852,litter_colour,21,355,0,324,42,387,COLOR_SEC
20:43:28.635,1853,litter_colour,1072,542,986,452,1158,633,COLOR_SEC
20:43:28.635,1853,litter_colour,280,347,231,328,330,366,COLOR_SEC
20:43:28.635,1853,litter_colour,1058,358,970,324,1146,392,COLOR_SEC
20:43:28.635,1853,litter_colour,20,356,0,324,41,388,COLOR_SEC
20:43:28.674,1854,litter_colour,20,356,0,324,41,389,COLOR_SEC
20:43:28.714,1855,litter_colour,1221,709,1174,660,1268,759,COLOR_SEC
20:43:28.714,1855,litter_colour,1072,542,986,449,1159,636,COLOR_SEC
20:43:28.714,1855,litter_colour,20,357,0,324,40,390,COLOR_SEC
20:43:28.757,1856,litter_colour,1221,711,1175,662,1268,761,COLOR_SEC
20:43:28.757,1856,litter_colour,1316,412,1218,372,1414,453,COLOR_SEC
20:43:28.757,1856,litter_colour,1059,359,969,324,1149,394,COLOR_SEC
20:43:28.757,1856,litter_colour,19,357,0,324,39,391,COLOR_SEC
20:43:28.796,1857,litter_colour,1223,714,1176,664,1270,764,COLOR_SEC
20:43:28.796,1857,litter_colour,1316,413,1219,372,1413,454,COLOR_SEC
20:43:28.796,1857,litter_colour,1059,359,969,324,1149,395,COLOR_SEC
20:43:28.796,1857,litter_colour,19,358,0,324,38,392,COLOR_SEC
20:43:28.836,1858,litter_colour,1224,716,1176,665,1273,768,COLOR_SEC
20:43:28.836,1858,litter_colour,1317,413,1220,373,1415,454,COLOR_SEC
20:43:28.836,1858,litter_colour,1387,343,1350,324,1425,362,COLOR_SEC
20:43:28.836,1858,litter_colour,18,357,0,324,36,391,COLOR_SEC
20:43:28.879,1859,litter_colour,1225,719,1177,668,1273,771,COLOR_SEC
20:43:28.879,1859,litter_colour,1074,549,984,456,1165,643,COLOR_SEC
20:43:28.879,1859,litter_colour,1318,414,1220,373,1417,456,COLOR_SEC
20:43:28.879,1859,litter_colour,1385,343,1335,324,1435,363,COLOR_SEC
20:43:28.879,1859,litter_colour,17,358,0,324,35,393,COLOR_SEC
20:43:28.920,1860,litter_colour,1318,416,1220,375,1416,457,COLOR_SEC
20:43:28.920,1860,litter_colour,17,358,0,324,34,393,COLOR_SEC
20:43:28.960,1861,litter_colour,1319,416,1221,375,1417,458,COLOR_SEC
20:43:28.960,1861,litter_colour,16,359,0,324,33,395,COLOR_SEC
20:43:29.002,1862,litter_colour,1319,417,1221,376,1418,458,COLOR_SEC
20:43:29.002,1862,litter_colour,16,359,0,324,32,395,COLOR_SEC
20:43:29.122,1865,litter_colour,1076,556,983,460,1169,652,COLOR_SEC
20:43:29.243,1868,litter_colour,1298,433,1221,404,1376,463,COLOR_SEC
20:43:29.243,1868,litter_colour,266,357,216,338,317,376,COLOR_SEC
20:43:29.285,1869,litter_colour,1314,422,1222,381,1406,463,COLOR_SEC
20:43:29.285,1869,litter_colour,265,358,215,339,315,377,COLOR_SEC
20:43:29.324,1870,litter_colour,1076,558,981,458,1171,658,COLOR_SEC
20:43:29.324,1870,litter_colour,1299,427,1222,391,1377,464,COLOR_SEC
20:43:29.324,1870,litter_colour,263,358,213,339,314,377,COLOR_SEC
20:43:29.365,1871,litter_colour,1314,422,1222,380,1407,465,COLOR_SEC
20:43:29.365,1871,litter_colour,262,358,212,339,313,378,COLOR_SEC
20:43:29.404,1872,litter_colour,1300,434,1222,402,1378,466,COLOR_SEC
20:43:29.404,1872,litter_colour,260,359,210,340,311,378,COLOR_SEC
20:43:29.445,1873,litter_colour,1301,433,1223,402,1380,465,COLOR_SEC
20:43:29.487,1874,litter_colour,1301,434,1223,403,1380,466,COLOR_SEC
20:43:29.529,1875,litter_colour,1301,436,1223,406,1380,467,COLOR_SEC
20:43:29.529,1875,litter_colour,275,331,223,324,328,339,COLOR_SEC
20:43:29.568,1876,litter_colour,1301,437,1222,407,1380,468,COLOR_SEC
20:43:29.568,1876,litter_colour,274,332,221,324,327,340,COLOR_SEC
20:43:29.607,1877,litter_colour,1301,436,1222,406,1380,466,COLOR_SEC
20:43:29.607,1877,litter_colour,272,333,219,324,326,342,COLOR_SEC
20:43:29.650,1878,litter_colour,1300,438,1220,408,1380,468,COLOR_SEC
20:43:29.650,1878,litter_colour,270,333,217,324,324,343,COLOR_SEC
20:43:29.689,1879,litter_colour,1313,426,1220,382,1407,470,COLOR_SEC
20:43:29.689,1879,litter_colour,269,334,216,324,323,344,COLOR_SEC
20:43:29.729,1880,litter_colour,266,335,213,324,320,346,COLOR_SEC
20:43:29.770,1881,litter_colour,1317,429,1218,385,1416,473,COLOR_SEC
20:43:29.770,1881,litter_colour,265,335,211,324,319,347,COLOR_SEC
20:43:29.811,1882,litter_colour,262,336,208,324,316,349,COLOR_SEC
20:43:29.851,1883,litter_colour,1312,438,1218,398,1406,479,COLOR_SEC
20:43:29.852,1883,litter_colour,261,337,207,324,315,350,COLOR_SEC
20:43:29.892,1884,litter_colour,1310,439,1218,399,1402,479,COLOR_SEC
20:43:29.892,1884,litter_colour,257,338,203,324,312,352,COLOR_SEC
20:43:29.934,1885,litter_colour,256,338,202,324,311,353,COLOR_SEC
20:43:29.974,1886,litter_colour,255,339,201,324,310,354,COLOR_SEC
20:43:30.013,1887,litter_colour,254,339,199,324,309,355,COLOR_SEC
20:43:30.053,1888,litter_colour,1312,438,1218,394,1407,482,COLOR_SEC
20:43:30.053,1888,litter_colour,253,340,198,324,309,356,COLOR_SEC
20:43:30.092,1889,litter_colour,252,340,197,324,308,357,COLOR_SEC
20:43:30.132,1890,litter_colour,252,340,198,324,307,357,COLOR_SEC
20:43:30.172,1891,litter_colour,250,341,196,324,305,358,COLOR_SEC
20:43:30.212,1892,litter_colour,250,341,195,324,306,359,COLOR_SEC
20:43:30.252,1893,litter_colour,249,342,194,324,305,360,COLOR_SEC
20:43:30.292,1894,litter_colour,247,342,192,324,303,360,COLOR_SEC
20:43:30.333,1895,litter_colour,248,342,193,324,304,361,COLOR_SEC
20:43:30.373,1896,litter_colour,247,343,192,324,303,362,COLOR_SEC
20:43:30.411,1897,litter_colour,222,385,169,366,276,405,COLOR_SEC
20:43:30.411,1897,litter_colour,246,351,190,340,302,362,COLOR_SEC
20:43:30.452,1898,litter_colour,222,385,169,366,275,405,COLOR_SEC
20:43:30.452,1898,litter_colour,254,352,206,341,302,363,COLOR_SEC
20:43:30.494,1899,litter_colour,221,386,168,367,274,406,COLOR_SEC
20:43:30.494,1899,litter_colour,245,353,189,342,301,364,COLOR_SEC
20:43:30.533,1900,litter_colour,220,387,167,368,274,407,COLOR_SEC
20:43:30.533,1900,litter_colour,243,353,188,342,299,365,COLOR_SEC
20:43:30.575,1901,litter_colour,219,387,166,368,273,407,COLOR_SEC
20:43:30.575,1901,litter_colour,243,354,189,343,298,365,COLOR_SEC
20:43:30.616,1902,litter_colour,736,515,711,479,761,551,COLOR_SEC
20:43:30.616,1902,litter_colour,219,388,166,369,272,408,COLOR_SEC
20:43:30.616,1902,litter_colour,243,355,187,344,299,366,COLOR_SEC
20:43:30.616,1902,litter_colour,1266,389,1143,324,1389,454,COLOR_SEC
20:43:30.657,1903,litter_colour,738,506,711,480,766,532,COLOR_SEC
20:43:30.657,1903,litter_colour,218,389,164,370,272,409,COLOR_SEC
20:43:30.657,1903,litter_colour,241,356,186,345,296,367,COLOR_SEC
20:43:30.657,1903,litter_colour,1255,389,1120,324,1390,454,COLOR_SEC
20:43:30.697,1904,litter_colour,735,509,711,485,759,533,COLOR_SEC
20:43:30.697,1904,litter_colour,217,389,164,370,271,409,COLOR_SEC
20:43:30.697,1904,litter_colour,241,356,187,345,296,367,COLOR_SEC
20:43:30.697,1904,litter_colour,1255,389,1121,324,1389,455,COLOR_SEC
20:43:30.737,1905,litter_colour,737,519,710,485,765,553,COLOR_SEC
20:43:30.737,1905,litter_colour,216,390,163,371,270,410,COLOR_SEC
20:43:30.737,1905,litter_colour,240,357,185,346,295,368,COLOR_SEC
20:43:30.779,1906,litter_colour,1607,1068,1577,1056,1638,1080,COLOR_SEC
20:43:30.779,1906,litter_colour,738,515,710,488,766,542,COLOR_SEC
20:43:30.779,1906,litter_colour,1581,424,1554,405,1608,444,COLOR_SEC
20:43:30.779,1906,litter_colour,216,391,162,372,270,411,COLOR_SEC
20:43:30.818,1907,litter_colour,1582,409,1555,373,1609,445,COLOR_SEC
20:43:30.818,1907,litter_colour,215,392,161,372,269,412,COLOR_SEC
20:43:30.861,1908,litter_colour,214,392,161,373,268,412,COLOR_SEC
20:43:30.900,1909,litter_colour,213,393,160,374,267,413,COLOR_SEC
20:43:30.900,1909,litter_colour,1582,410,1555,373,1610,447,COLOR_SEC
20:43:30.942,1910,litter_colour,46,869,0,835,93,903,COLOR_SEC
20:43:30.942,1910,litter_colour,1581,426,1554,406,1608,446,COLOR_SEC
20:43:30.942,1910,litter_colour,212,393,159,374,266,413,COLOR_SEC
20:43:30.942,1910,litter_colour,236,360,182,349,291,372,COLOR_SEC
20:43:30.981,1911,litter_colour,50,867,0,831,100,903,COLOR_SEC
20:43:30.981,1911,litter_colour,736,518,708,490,764,546,COLOR_SEC
20:43:30.981,1911,litter_colour,1582,411,1557,376,1608,447,COLOR_SEC
20:43:30.981,1911,litter_colour,212,394,158,375,266,414,COLOR_SEC
20:43:30.981,1911,litter_colour,235,361,180,350,291,372,COLOR_SEC
20:43:31.022,1912,litter_colour,876,917,852,889,900,945,COLOR_SEC
20:43:31.022,1912,litter_colour,50,866,0,832,101,901,COLOR_SEC
20:43:31.022,1912,litter_colour,735,519,708,491,763,548,COLOR_SEC
20:43:31.022,1912,litter_colour,1567,412,1524,376,1610,448,COLOR_SEC
20:43:31.022,1912,litter_colour,211,395,157,375,265,415,COLOR_SEC
20:43:31.022,1912,litter_colour,235,361,181,350,290,373,COLOR_SEC
20:43:31.063,1913,litter_colour,875,919,851,891,900,947,COLOR_SEC
20:43:31.063,1913,litter_colour,1118,666,1045,593,1192,739,COLOR_SEC
20:43:31.063,1913,litter_colour,1581,412,1552,376,1611,448,COLOR_SEC
20:43:31.063,1913,litter_colour,210,395,157,376,264,415,COLOR_SEC
20:43:31.063,1913,litter_colour,237,362,185,351,290,373,COLOR_SEC
20:43:31.104,1914,litter_colour,871,910,851,882,892,939,COLOR_SEC
20:43:31.104,1914,litter_colour,1118,662,1045,586,1192,739,COLOR_SEC
20:43:31.104,1914,litter_colour,1003,533,967,505,1039,561,COLOR_SEC
20:43:31.104,1914,litter_colour,734,517,707,492,762,543,COLOR_SEC
20:43:31.104,1914,litter_colour,1314,475,1224,444,1404,507,COLOR_SEC
20:43:31.104,1914,litter_colour,1582,428,1553,408,1611,448,COLOR_SEC
20:43:31.104,1914,litter_colour,209,396,155,377,263,416,COLOR_SEC
20:43:31.104,1914,litter_colour,234,362,180,351,289,374,COLOR_SEC
20:43:31.146,1915,litter_colour,872,912,852,883,893,941,COLOR_SEC
20:43:31.146,1915,litter_colour,1119,668,1045,594,1193,742,COLOR_SEC
20:43:31.146,1915,litter_colour,1003,531,967,500,1040,562,COLOR_SEC
20:43:31.146,1915,litter_colour,1313,469,1224,430,1403,508,COLOR_SEC
20:43:31.146,1915,litter_colour,1837,446,1792,426,1882,467,COLOR_SEC
20:43:31.146,1915,litter_colour,1566,412,1516,377,1617,448,COLOR_SEC
20:43:31.146,1915,litter_colour,208,396,155,377,262,416,COLOR_SEC
20:43:31.146,1915,litter_colour,233,363,177,352,289,374,COLOR_SEC
20:43:31.185,1916,litter_colour,872,913,852,885,893,942,COLOR_SEC
20:43:31.185,1916,litter_colour,1119,668,1045,595,1193,741,COLOR_SEC
20:43:31.185,1916,litter_colour,1005,531,967,500,1044,562,COLOR_SEC
20:43:31.185,1916,litter_colour,1313,469,1224,430,1403,509,COLOR_SEC
20:43:31.185,1916,litter_colour,1834,446,1792,426,1877,467,COLOR_SEC
20:43:31.185,1916,litter_colour,1563,413,1517,377,1610,449,COLOR_SEC
20:43:31.185,1916,litter_colour,208,397,154,377,262,417,COLOR_SEC
20:43:31.185,1916,litter_colour,232,363,178,352,287,375,COLOR_SEC
20:43:31.225,1917,litter_colour,1507,992,1415,905,1600,1080,COLOR_SEC
20:43:31.225,1917,litter_colour,872,915,852,887,893,944,COLOR_SEC
20:43:31.225,1917,litter_colour,1119,668,1045,595,1193,741,COLOR_SEC
20:43:31.225,1917,litter_colour,1005,531,967,501,1044,562,COLOR_SEC
20:43:31.225,1917,litter_colour,1314,469,1224,430,1404,508,COLOR_SEC
20:43:31.225,1917,litter_colour,1828,446,1793,426,1864,467,COLOR_SEC
20:43:31.225,1917,litter_colour,207,397,153,378,261,417,COLOR_SEC
20:43:31.225,1917,litter_colour,1564,413,1517,377,1612,450,COLOR_SEC
20:43:31.225,1917,litter_colour,231,367,175,353,287,382,COLOR_SEC
20:43:31.265,1918,litter_colour,1509,997,1416,914,1602,1080,COLOR_SEC
20:43:31.265,1918,litter_colour,872,917,852,889,893,945,COLOR_SEC
20:43:31.265,1918,litter_colour,1468,791,1441,756,1495,827,COLOR_SEC
20:43:31.265,1918,litter_colour,1119,669,1045,596,1193,742,COLOR_SEC
20:43:31.265,1918,litter_colour,1002,534,965,505,1039,563,COLOR_SEC
20:43:31.265,1918,litter_colour,1313,477,1223,446,1404,509,COLOR_SEC
20:43:31.265,1918,litter_colour,1517,493,1454,434,1581,552,COLOR_SEC
20:43:31.265,1918,litter_colour,1839,447,1794,427,1884,468,COLOR_SEC
20:43:31.265,1918,litter_colour,1587,429,1556,409,1618,449,COLOR_SEC
20:43:31.265,1918,litter_colour,206,398,152,378,261,418,COLOR_SEC
20:43:31.265,1918,litter_colour,231,364,176,353,286,375,COLOR_SEC
20:43:31.305,1919,litter_colour,1510,991,1417,903,1603,1080,COLOR_SEC
20:43:31.305,1919,litter_colour,1468,793,1441,757,1495,829,COLOR_SEC
20:43:31.305,1919,litter_colour,1119,667,1045,591,1193,744,COLOR_SEC
20:43:31.305,1919,litter_colour,1017,546,965,502,1070,590,COLOR_SEC
20:43:31.305,1919,litter_colour,1313,470,1223,431,1404,510,COLOR_SEC
20:43:31.305,1919,litter_colour,1510,491,1440,430,1581,553,COLOR_SEC
20:43:31.305,1919,litter_colour,1839,448,1794,427,1885,469,COLOR_SEC
20:43:31.305,1919,litter_colour,1570,414,1525,379,1615,450,COLOR_SEC
20:43:31.305,1919,litter_colour,206,398,152,379,260,418,COLOR_SEC
20:43:31.305,1919,litter_colour,230,368,174,354,286,383,COLOR_SEC
20:43:31.346,1920,litter_colour,1510,997,1417,915,1604,1080,COLOR_SEC
20:43:31.346,1920,litter_colour,1468,794,1442,758,1495,830,COLOR_SEC
20:43:31.347,1920,litter_colour,1119,668,1045,591,1193,745,COLOR_SEC
20:43:31.347,1920,litter_colour,1004,533,965,502,1043,564,COLOR_SEC
20:43:31.347,1920,litter_colour,1313,478,1223,446,1404,510,COLOR_SEC
20:43:31.347,1920,litter_colour,1518,492,1454,432,1582,553,COLOR_SEC
20:43:31.347,1920,litter_colour,1836,448,1793,427,1880,469,COLOR_SEC
20:43:31.347,1920,litter_colour,1566,414,1518,379,1615,450,COLOR_SEC
20:43:31.347,1920,litter_colour,204,399,150,379,259,419,COLOR_SEC
20:43:31.347,1920,litter_colour,229,365,174,354,284,376,COLOR_SEC
20:43:31.388,1921,litter_colour,1512,999,1418,918,1606,1080,COLOR_SEC
20:43:31.388,1921,litter_colour,1468,795,1442,759,1495,831,COLOR_SEC
20:43:31.388,1921,litter_colour,1900,667,1880,643,1920,692,COLOR_SEC
20:43:31.388,1921,litter_colour,1119,671,1045,597,1194,745,COLOR_SEC
20:43:31.388,1921,litter_colour,1004,536,965,508,1044,565,COLOR_SEC
20:43:31.388,1921,litter_colour,1313,478,1223,446,1404,511,COLOR_SEC
20:43:31.388,1921,litter_colour,1499,493,1440,432,1559,554,COLOR_SEC
20:43:31.388,1921,litter_colour,204,399,150,380,259,419,COLOR_SEC
20:43:31.388,1921,litter_colour,1566,415,1517,379,1615,451,COLOR_SEC
20:43:31.388,1921,litter_colour,228,369,172,354,284,384,COLOR_SEC
20:43:31.428,1922,litter_colour,1513,999,1419,918,1607,1080,COLOR_SEC
20:43:31.428,1922,litter_colour,1469,795,1443,759,1495,832,COLOR_SEC
20:43:31.428,1922,litter_colour,1900,668,1881,643,1920,693,COLOR_SEC
20:43:31.428,1922,litter_colour,1119,668,1044,592,1194,745,COLOR_SEC
20:43:31.428,1922,litter_colour,1003,535,964,506,1043,565,COLOR_SEC
20:43:31.428,1922,litter_colour,659,531,635,494,683,569,COLOR_SEC
20:43:31.428,1922,litter_colour,1500,500,1457,446,1543,554,COLOR_SEC
20:43:31.428,1922,litter_colour,1582,415,1551,379,1613,451,COLOR_SEC
20:43:31.428,1922,litter_colour,229,366,173,355,285,377,COLOR_SEC
