timestamp,frame,label,cx,cy,x1,y1,x2,y2,source
19:02:14.326,15,litter_colour,68,811,0,767,136,856,COLOR_SEC
19:02:14.326,15,litter_colour,1277,737,1235,697,1320,778,COLOR_SEC
19:02:14.326,15,litter_colour,1421,611,1374,593,1468,629,COLOR_SEC
19:02:14.326,15,litter_colour,660,441,591,410,729,473,COLOR_SEC
19:02:14.326,15,litter_colour,1594,364,1494,324,1695,404,COLOR_SEC
19:02:14.326,15,litter_colour,225,396,94,324,357,468,COLOR_SEC
19:02:14.443,16,litter_colour,67,807,0,767,135,847,COLOR_SEC
19:02:14.444,16,litter_colour,1277,738,1235,697,1320,779,COLOR_SEC
19:02:14.444,16,litter_colour,1421,611,1375,593,1468,629,COLOR_SEC
19:02:14.444,16,litter_colour,659,441,591,410,728,473,COLOR_SEC
19:02:14.444,16,litter_colour,1594,363,1494,324,1695,403,COLOR_SEC
19:02:14.444,16,litter_colour,223,396,92,324,355,468,COLOR_SEC
19:02:14.560,17,litter_colour,66,807,0,768,133,847,COLOR_SEC
19:02:14.560,17,litter_colour,1277,738,1235,697,1320,779,COLOR_SEC
19:02:14.560,17,litter_colour,1421,611,1374,593,1468,629,COLOR_SEC
19:02:14.560,17,litter_colour,659,441,590,410,728,473,COLOR_SEC
19:02:14.560,17,litter_colour,1594,363,1494,324,1694,403,COLOR_SEC
19:02:14.560,17,litter_colour,223,396,92,324,354,469,COLOR_SEC
19:02:14.673,18,litter_colour,65,806,0,768,130,844,COLOR_SEC
19:02:14.673,18,litter_colour,1277,738,1235,697,1320,780,COLOR_SEC
19:02:14.673,18,litter_colour,1420,611,1373,593,1468,629,COLOR_SEC
19:02:14.673,18,litter_colour,451,541,405,479,497,604,COLOR_SEC
19:02:14.673,18,litter_colour,323,564,230,472,416,657,COLOR_SEC
19:02:14.673,18,litter_colour,659,441,590,410,728,473,COLOR_SEC
19:02:14.673,18,litter_colour,1593,363,1493,324,1694,403,COLOR_SEC
19:02:14.673,18,litter_colour,222,396,91,324,353,469,COLOR_SEC
19:02:14.787,19,litter_colour,64,806,0,768,129,845,COLOR_SEC
19:02:14.787,19,litter_colour,1276,739,1233,697,1320,781,COLOR_SEC
19:02:14.787,19,litter_colour,1421,611,1374,593,1468,629,COLOR_SEC
19:02:14.787,19,litter_colour,450,542,404,479,496,605,COLOR_SEC
19:02:14.787,19,litter_colour,322,564,229,472,415,657,COLOR_SEC
19:02:14.787,19,litter_colour,658,441,589,410,728,472,COLOR_SEC
19:02:14.787,19,litter_colour,1593,363,1493,324,1694,403,COLOR_SEC
19:02:14.787,19,litter_colour,221,394,90,324,352,465,COLOR_SEC
19:02:14.903,20,litter_colour,63,808,0,768,127,849,COLOR_SEC
19:02:14.903,20,litter_colour,1276,739,1233,697,1319,782,COLOR_SEC
19:02:14.903,20,litter_colour,1430,614,1374,593,1486,635,COLOR_SEC
19:02:14.903,20,litter_colour,449,541,403,479,495,604,COLOR_SEC
19:02:14.903,20,litter_colour,321,564,228,472,414,656,COLOR_SEC
19:02:14.903,20,litter_colour,658,441,589,410,727,472,COLOR_SEC
19:02:14.903,20,litter_colour,1593,363,1493,324,1693,403,COLOR_SEC
19:02:14.903,20,litter_colour,220,397,89,324,351,470,COLOR_SEC
19:02:15.021,21,litter_colour,62,808,0,769,124,847,COLOR_SEC
19:02:15.021,21,litter_colour,1277,740,1234,698,1320,782,COLOR_SEC
19:02:15.021,21,litter_colour,1420,610,1373,592,1467,629,COLOR_SEC
19:02:15.021,21,litter_colour,448,541,402,478,494,604,COLOR_SEC
19:02:15.021,21,litter_colour,657,440,588,409,726,472,COLOR_SEC
19:02:15.021,21,litter_colour,1593,363,1493,324,1693,402,COLOR_SEC
19:02:15.021,21,litter_colour,218,397,87,324,350,470,COLOR_SEC
19:02:15.139,22,litter_colour,61,808,0,769,123,848,COLOR_SEC
19:02:15.139,22,litter_colour,1276,740,1233,698,1319,782,COLOR_SEC
19:02:15.139,22,litter_colour,1429,614,1373,593,1486,635,COLOR_SEC
19:02:15.139,22,litter_colour,447,541,401,478,494,604,COLOR_SEC
19:02:15.139,22,litter_colour,657,440,588,409,726,472,COLOR_SEC
19:02:15.139,22,litter_colour,1592,363,1492,324,1693,402,COLOR_SEC
19:02:15.139,22,litter_colour,217,395,86,324,348,466,COLOR_SEC
19:02:15.254,23,litter_colour,60,809,0,770,121,848,COLOR_SEC
19:02:15.254,23,litter_colour,1275,740,1232,698,1319,783,COLOR_SEC
19:02:15.254,23,litter_colour,1421,612,1372,593,1470,631,COLOR_SEC
19:02:15.254,23,litter_colour,446,542,399,478,493,607,COLOR_SEC
19:02:15.254,23,litter_colour,656,440,587,409,726,472,COLOR_SEC
19:02:15.254,23,litter_colour,1592,363,1492,324,1692,402,COLOR_SEC
19:02:15.254,23,litter_colour,215,395,84,324,347,467,COLOR_SEC
19:02:15.369,24,litter_colour,64,807,0,770,129,845,COLOR_SEC
19:02:15.369,24,litter_colour,1275,741,1232,698,1318,784,COLOR_SEC
19:02:15.369,24,litter_colour,1429,614,1372,593,1486,635,COLOR_SEC
19:02:15.369,24,litter_colour,24,571,0,498,49,645,COLOR_SEC
19:02:15.369,24,litter_colour,445,542,398,478,492,607,COLOR_SEC
19:02:15.369,24,litter_colour,655,440,586,409,725,472,COLOR_SEC
19:02:15.369,24,litter_colour,1592,363,1492,324,1692,402,COLOR_SEC
19:02:15.369,24,litter_colour,214,396,82,324,346,468,COLOR_SEC
19:02:15.488,25,litter_colour,59,802,0,770,118,834,COLOR_SEC
19:02:15.488,25,litter_colour,1274,742,1231,699,1318,785,COLOR_SEC
19:02:15.488,25,litter_colour,1428,614,1372,593,1485,635,COLOR_SEC
19:02:15.488,25,litter_colour,23,572,0,499,47,646,COLOR_SEC
19:02:15.488,25,litter_colour,444,542,397,478,491,607,COLOR_SEC
19:02:15.488,25,litter_colour,1293,497,1242,477,1344,517,COLOR_SEC
19:02:15.488,25,litter_colour,655,440,586,408,725,472,COLOR_SEC
19:02:15.488,25,litter_colour,1591,363,1491,324,1691,402,COLOR_SEC
19:02:15.488,25,litter_colour,213,397,81,324,345,470,COLOR_SEC
19:02:15.603,26,litter_colour,58,801,0,769,116,834,COLOR_SEC
19:02:15.603,26,litter_colour,1278,742,1230,699,1327,785,COLOR_SEC
19:02:15.603,26,litter_colour,1428,615,1371,593,1486,637,COLOR_SEC
19:02:15.603,26,litter_colour,23,572,0,499,46,646,COLOR_SEC
19:02:15.603,26,litter_colour,443,542,396,478,490,607,COLOR_SEC
19:02:15.603,26,litter_colour,1282,497,1240,477,1325,517,COLOR_SEC
19:02:15.603,26,litter_colour,654,440,585,409,724,472,COLOR_SEC
19:02:15.603,26,litter_colour,1591,363,1491,324,1691,402,COLOR_SEC
19:02:15.603,26,litter_colour,211,395,80,324,343,466,COLOR_SEC
19:02:15.720,27,litter_colour,56,801,0,772,113,831,COLOR_SEC
19:02:15.720,27,litter_colour,1278,743,1231,700,1326,786,COLOR_SEC
19:02:15.720,27,litter_colour,1427,615,1370,593,1485,637,COLOR_SEC
19:02:15.720,27,litter_colour,22,572,0,499,44,646,COLOR_SEC
19:02:15.720,27,litter_colour,441,542,394,478,489,607,COLOR_SEC
19:02:15.720,27,litter_colour,1282,497,1240,477,1324,517,COLOR_SEC
19:02:15.720,27,litter_colour,654,440,585,409,723,471,COLOR_SEC
19:02:15.720,27,litter_colour,1590,363,1490,324,1690,402,COLOR_SEC
19:02:15.720,27,litter_colour,210,396,79,324,342,468,COLOR_SEC
19:02:15.837,28,litter_colour,56,803,0,770,112,836,COLOR_SEC
19:02:15.837,28,litter_colour,1278,743,1229,700,1327,786,COLOR_SEC
19:02:15.837,28,litter_colour,1427,615,1371,593,1484,637,COLOR_SEC
19:02:15.837,28,litter_colour,21,572,0,499,42,646,COLOR_SEC
19:02:15.837,28,litter_colour,440,542,393,478,488,607,COLOR_SEC
19:02:15.837,28,litter_colour,1281,497,1239,477,1324,517,COLOR_SEC
19:02:15.837,28,litter_colour,1590,363,1490,324,1690,402,COLOR_SEC
19:02:15.837,28,litter_colour,208,397,77,324,340,470,COLOR_SEC
19:02:15.959,29,litter_colour,54,805,0,773,109,837,COLOR_SEC
19:02:15.959,29,litter_colour,1272,744,1229,701,1316,788,COLOR_SEC
19:02:15.959,29,litter_colour,1426,615,1369,593,1484,638,COLOR_SEC
19:02:15.959,29,litter_colour,20,573,0,499,41,647,COLOR_SEC
19:02:15.959,29,litter_colour,1589,362,1489,324,1689,401,COLOR_SEC
19:02:15.959,29,litter_colour,207,395,76,324,339,467,COLOR_SEC
19:02:16.078,30,litter_colour,54,800,0,774,108,827,COLOR_SEC
19:02:16.078,30,litter_colour,1272,744,1229,701,1315,788,COLOR_SEC
19:02:16.078,30,litter_colour,1426,615,1369,593,1484,637,COLOR_SEC
19:02:16.078,30,litter_colour,19,573,0,499,39,647,COLOR_SEC
19:02:16.078,30,litter_colour,1589,362,1489,324,1689,401,COLOR_SEC
19:02:16.078,30,litter_colour,206,397,75,324,337,470,COLOR_SEC
19:02:16.194,31,litter_colour,53,811,0,774,107,849,COLOR_SEC
19:02:16.194,31,litter_colour,1276,745,1227,701,1326,789,COLOR_SEC
19:02:16.194,31,litter_colour,1426,615,1369,593,1483,637,COLOR_SEC
19:02:16.194,31,litter_colour,18,573,0,499,37,647,COLOR_SEC
19:02:16.194,31,litter_colour,1588,362,1488,324,1688,401,COLOR_SEC
19:02:16.194,31,litter_colour,204,397,73,324,336,470,COLOR_SEC
19:02:16.312,32,litter_colour,51,801,0,774,103,828,COLOR_SEC
19:02:16.312,32,litter_colour,1270,745,1227,701,1314,789,COLOR_SEC
19:02:16.312,32,litter_colour,1424,614,1366,592,1483,636,COLOR_SEC
19:02:16.312,32,litter_colour,18,573,0,499,36,647,COLOR_SEC
19:02:16.312,32,litter_colour,1587,362,1488,324,1687,401,COLOR_SEC
19:02:16.312,32,litter_colour,202,396,71,324,334,468,COLOR_SEC
19:02:16.433,33,litter_colour,50,801,0,774,100,828,COLOR_SEC
19:02:16.433,33,litter_colour,1276,745,1227,701,1325,790,COLOR_SEC
19:02:16.433,33,litter_colour,1422,614,1363,592,1482,637,COLOR_SEC
19:02:16.433,33,litter_colour,17,573,0,499,34,647,COLOR_SEC
19:02:16.433,33,litter_colour,1585,362,1487,324,1684,401,COLOR_SEC
19:02:16.433,33,litter_colour,200,397,68,324,333,470,COLOR_SEC
19:02:16.550,34,litter_colour,49,802,0,775,99,829,COLOR_SEC
19:02:16.550,34,litter_colour,1274,746,1226,702,1323,790,COLOR_SEC
19:02:16.550,34,litter_colour,1424,615,1367,593,1482,638,COLOR_SEC
19:02:16.550,34,litter_colour,122,601,37,566,207,636,COLOR_SEC
19:02:16.550,34,litter_colour,16,572,0,498,32,647,COLOR_SEC
19:02:16.550,34,litter_colour,1586,362,1487,324,1686,401,COLOR_SEC
19:02:16.666,35,litter_colour,52,801,0,773,105,829,COLOR_SEC
19:02:16.666,35,litter_colour,1273,746,1225,702,1321,791,COLOR_SEC
19:02:16.666,35,litter_colour,1424,615,1367,592,1481,638,COLOR_SEC
19:02:16.666,35,litter_colour,120,601,35,567,205,636,COLOR_SEC
19:02:16.666,35,litter_colour,15,573,0,498,30,648,COLOR_SEC
19:02:16.666,35,litter_colour,300,565,206,471,395,660,COLOR_SEC
19:02:16.666,35,litter_colour,1585,362,1486,324,1685,401,COLOR_SEC
19:02:16.784,36,litter_colour,47,801,0,773,94,829,COLOR_SEC
19:02:16.784,36,litter_colour,1273,746,1224,702,1322,791,COLOR_SEC
19:02:16.784,36,litter_colour,1423,615,1366,593,1481,638,COLOR_SEC
19:02:16.784,36,litter_colour,14,573,0,498,28,648,COLOR_SEC
19:02:16.784,36,litter_colour,299,565,204,471,394,660,COLOR_SEC
19:02:16.784,36,litter_colour,1584,362,1485,324,1684,401,COLOR_SEC
19:02:16.904,37,litter_colour,1267,746,1223,702,1311,791,COLOR_SEC
19:02:16.904,37,litter_colour,1423,615,1366,592,1480,638,COLOR_SEC
19:02:16.904,37,litter_colour,13,573,0,498,26,648,COLOR_SEC
19:02:16.904,37,litter_colour,297,565,202,471,393,660,COLOR_SEC
19:02:16.904,37,litter_colour,1584,362,1485,324,1684,401,COLOR_SEC
19:02:17.024,38,litter_colour,45,805,0,774,90,836,COLOR_SEC
19:02:17.024,38,litter_colour,1272,746,1223,702,1321,791,COLOR_SEC
19:02:17.024,38,litter_colour,1423,615,1366,592,1480,638,COLOR_SEC
19:02:17.024,38,litter_colour,12,573,0,498,24,648,COLOR_SEC
19:02:17.024,38,litter_colour,296,565,201,471,391,660,COLOR_SEC
19:02:17.024,38,litter_colour,1583,362,1484,324,1682,400,COLOR_SEC
19:02:17.146,39,litter_colour,48,802,0,774,96,830,COLOR_SEC
19:02:17.146,39,litter_colour,1271,747,1222,702,1321,792,COLOR_SEC
19:02:17.146,39,litter_colour,1421,615,1364,592,1479,638,COLOR_SEC
19:02:17.146,39,litter_colour,11,577,0,506,23,648,COLOR_SEC
19:02:17.146,39,litter_colour,294,565,199,471,390,660,COLOR_SEC
19:02:17.146,39,litter_colour,1582,362,1483,324,1681,400,COLOR_SEC
19:02:17.266,40,litter_colour,47,805,0,774,94,837,COLOR_SEC
19:02:17.266,40,litter_colour,1271,747,1222,702,1320,792,COLOR_SEC
19:02:17.266,40,litter_colour,1421,615,1364,592,1478,638,COLOR_SEC
19:02:17.266,40,litter_colour,10,584,0,520,21,648,COLOR_SEC
19:02:17.266,40,litter_colour,293,566,198,471,389,661,COLOR_SEC
19:02:17.266,40,litter_colour,1582,362,1483,324,1681,400,COLOR_SEC
19:02:17.384,41,litter_colour,46,801,0,775,92,827,COLOR_SEC
19:02:17.385,41,litter_colour,1265,747,1221,702,1309,792,COLOR_SEC
19:02:17.385,41,litter_colour,1421,614,1364,592,1478,636,COLOR_SEC
19:02:17.385,41,litter_colour,9,590,0,533,19,648,COLOR_SEC
19:02:17.385,41,litter_colour,291,560,196,461,387,660,COLOR_SEC
19:02:17.385,41,litter_colour,1581,362,1482,324,1680,400,COLOR_SEC
19:02:17.503,42,litter_colour,45,800,0,775,90,826,COLOR_SEC
19:02:17.503,42,litter_colour,1268,747,1218,702,1319,793,COLOR_SEC
19:02:17.503,42,litter_colour,1719,728,1661,682,1778,775,COLOR_SEC
19:02:17.503,42,litter_colour,1410,611,1363,592,1457,630,COLOR_SEC
19:02:17.503,42,litter_colour,290,565,194,470,386,661,COLOR_SEC
19:02:17.503,42,litter_colour,644,438,573,406,715,470,COLOR_SEC
19:02:17.503,42,litter_colour,1580,362,1481,324,1679,400,COLOR_SEC
19:02:17.621,43,litter_colour,44,804,0,776,88,832,COLOR_SEC
19:02:17.621,43,litter_colour,1268,747,1218,702,1318,793,COLOR_SEC
19:02:17.621,43,litter_colour,1419,615,1362,592,1476,638,COLOR_SEC
19:02:17.621,43,litter_colour,423,542,373,477,473,608,COLOR_SEC
19:02:17.621,43,litter_colour,289,565,193,470,385,661,COLOR_SEC
19:02:17.621,43,litter_colour,642,438,572,406,713,470,COLOR_SEC
19:02:17.621,43,litter_colour,1579,362,1480,324,1678,400,COLOR_SEC
19:02:17.742,44,litter_colour,43,804,0,776,86,832,COLOR_SEC
19:02:17.742,44,litter_colour,1267,748,1218,703,1317,793,COLOR_SEC
19:02:17.742,44,litter_colour,1402,608,1362,593,1443,624,COLOR_SEC
19:02:17.742,44,litter_colour,421,542,372,477,471,608,COLOR_SEC
19:02:17.742,44,litter_colour,287,565,191,470,383,661,COLOR_SEC
19:02:17.742,44,litter_colour,642,438,571,406,713,470,COLOR_SEC
19:02:17.742,44,litter_colour,1578,362,1480,324,1677,400,COLOR_SEC
19:02:17.862,45,litter_colour,41,802,0,776,83,828,COLOR_SEC
19:02:17.862,45,litter_colour,1261,748,1217,703,1306,793,COLOR_SEC
19:02:17.862,45,litter_colour,1409,611,1359,592,1459,630,COLOR_SEC
19:02:17.862,45,litter_colour,420,542,370,476,470,608,COLOR_SEC
19:02:17.862,45,litter_colour,641,437,570,405,712,470,COLOR_SEC
19:02:17.862,45,litter_colour,1577,362,1479,324,1676,400,COLOR_SEC
19:02:17.979,46,litter_colour,41,800,0,776,82,824,COLOR_SEC
19:02:17.979,46,litter_colour,1266,748,1216,702,1316,794,COLOR_SEC
19:02:17.979,46,litter_colour,1409,615,1360,593,1459,637,COLOR_SEC
19:02:17.979,46,litter_colour,419,542,369,476,469,609,COLOR_SEC
19:02:17.979,46,litter_colour,640,437,569,405,711,470,COLOR_SEC
19:02:17.979,46,litter_colour,1576,362,1478,324,1675,400,COLOR_SEC
19:02:18.104,47,litter_colour,1265,748,1215,703,1315,794,COLOR_SEC
19:02:18.104,47,litter_colour,417,542,367,476,468,608,COLOR_SEC
19:02:18.104,47,litter_colour,1575,362,1477,324,1674,400,COLOR_SEC
19:02:18.224,48,litter_motion,1756,737,1707,667,1805,807,COLOR_SEC
19:02:18.224,48,litter_colour,1264,748,1215,703,1314,794,COLOR_SEC
19:02:18.224,48,litter_colour,1732,736,1673,688,1792,785,COLOR_SEC
19:02:18.224,48,litter_colour,1407,615,1358,592,1457,639,COLOR_SEC
19:02:18.224,48,litter_colour,416,542,365,476,467,608,COLOR_SEC
19:02:18.225,48,litter_colour,1574,361,1476,324,1673,399,COLOR_SEC
19:02:18.225,48,litter_colour,176,396,43,324,310,468,COLOR_SEC
19:02:18.346,49,litter_motion,1757,738,1707,668,1808,808,COLOR_SEC
19:02:18.346,49,litter_colour,1258,748,1214,702,1303,794,COLOR_SEC
19:02:18.346,49,litter_colour,1734,737,1674,688,1794,786,COLOR_SEC
19:02:18.346,49,litter_colour,1407,615,1357,592,1457,639,COLOR_SEC
19:02:18.346,49,litter_colour,415,542,364,476,466,608,COLOR_SEC
19:02:18.346,49,litter_colour,1573,361,1475,324,1672,399,COLOR_SEC
19:02:18.346,49,litter_colour,174,396,40,324,308,468,COLOR_SEC
19:02:18.467,50,litter_colour,1263,748,1213,702,1313,795,COLOR_SEC
19:02:18.467,50,litter_colour,1737,728,1677,670,1797,787,COLOR_SEC
19:02:18.467,50,litter_colour,1414,615,1356,593,1472,638,COLOR_SEC
19:02:18.467,50,litter_colour,92,601,5,566,180,637,COLOR_SEC
19:02:18.467,50,litter_colour,413,541,362,475,464,608,COLOR_SEC
19:02:18.467,50,litter_colour,1572,361,1474,324,1671,399,COLOR_SEC
19:02:18.467,50,litter_colour,172,396,37,324,307,468,COLOR_SEC
19:02:18.586,51,litter_colour,1262,748,1212,702,1312,795,COLOR_SEC
19:02:18.586,51,litter_colour,1740,729,1680,671,1800,788,COLOR_SEC
19:02:18.586,51,litter_colour,89,601,0,566,178,637,COLOR_SEC
19:02:18.586,51,litter_colour,412,541,361,475,463,608,COLOR_SEC
19:02:18.586,51,litter_colour,1571,361,1473,324,1670,399,COLOR_SEC
19:02:18.586,51,litter_colour,171,394,38,324,305,464,COLOR_SEC
19:02:18.709,52,litter_colour,1261,748,1210,702,1312,795,COLOR_SEC
19:02:18.709,52,litter_colour,1742,730,1682,671,1802,789,COLOR_SEC
19:02:18.709,52,litter_colour,88,602,0,566,176,638,COLOR_SEC
19:02:18.709,52,litter_colour,410,541,359,475,462,608,COLOR_SEC
19:02:18.709,52,litter_colour,1570,361,1473,324,1668,399,COLOR_SEC
19:02:18.709,52,litter_colour,169,395,35,324,303,467,COLOR_SEC
19:02:18.829,53,litter_colour,1261,748,1211,702,1311,795,COLOR_SEC
19:02:18.829,53,litter_colour,1745,731,1685,672,1806,790,COLOR_SEC
19:02:18.829,53,litter_colour,1412,614,1355,591,1470,637,COLOR_SEC
19:02:18.829,53,litter_colour,87,601,0,566,174,637,COLOR_SEC
19:02:18.829,53,litter_colour,408,541,357,475,460,607,COLOR_SEC
19:02:18.829,53,litter_colour,1569,361,1471,324,1667,399,COLOR_SEC
19:02:18.829,53,litter_colour,166,395,32,324,301,467,COLOR_SEC
19:02:18.947,54,litter_colour,1259,748,1208,702,1310,795,COLOR_SEC
19:02:18.947,54,litter_colour,1748,731,1687,672,1810,791,COLOR_SEC
19:02:18.947,54,litter_colour,1403,614,1354,591,1453,637,COLOR_SEC
19:02:18.947,54,litter_colour,86,601,0,566,172,637,COLOR_SEC
19:02:18.947,54,litter_colour,407,541,356,475,459,607,COLOR_SEC
19:02:18.947,54,litter_colour,1568,361,1470,324,1666,398,COLOR_SEC
19:02:18.947,54,litter_colour,164,395,29,324,299,467,COLOR_SEC
19:02:19.069,55,litter_colour,1259,748,1209,702,1310,795,COLOR_SEC
19:02:19.069,55,litter_colour,1751,733,1689,674,1814,792,COLOR_SEC
19:02:19.069,55,litter_colour,1402,614,1354,591,1451,638,COLOR_SEC
19:02:19.069,55,litter_colour,85,601,0,566,170,637,COLOR_SEC
19:02:19.069,55,litter_colour,406,540,354,474,458,607,COLOR_SEC
19:02:19.069,55,litter_colour,1567,361,1469,324,1665,398,COLOR_SEC
19:02:19.069,55,litter_colour,163,395,29,324,297,466,COLOR_SEC
19:02:19.188,56,litter_colour,1258,748,1207,702,1309,795,COLOR_SEC
19:02:19.188,56,litter_colour,1754,734,1690,675,1818,793,COLOR_SEC
19:02:19.188,56,litter_colour,1403,614,1353,591,1453,637,COLOR_SEC
19:02:19.188,56,litter_colour,84,601,0,566,168,637,COLOR_SEC
19:02:19.188,56,litter_colour,404,540,352,474,456,607,COLOR_SEC
19:02:19.188,56,litter_colour,1566,361,1468,324,1664,398,COLOR_SEC
19:02:19.188,56,litter_colour,161,395,26,324,296,466,COLOR_SEC
19:02:19.307,57,litter_colour,1252,748,1207,702,1298,795,COLOR_SEC
19:02:19.307,57,litter_colour,1758,734,1694,675,1823,794,COLOR_SEC
19:02:19.307,57,litter_colour,1401,613,1351,591,1452,635,COLOR_SEC
19:02:19.307,57,litter_colour,82,601,0,566,165,637,COLOR_SEC
19:02:19.307,57,litter_colour,403,539,351,474,455,605,COLOR_SEC
19:02:19.307,57,litter_colour,1564,361,1467,324,1662,398,COLOR_SEC
19:02:19.425,58,litter_colour,1258,749,1205,702,1311,796,COLOR_SEC
19:02:19.425,58,litter_colour,81,601,0,565,163,637,COLOR_SEC
19:02:19.425,58,litter_colour,401,540,349,474,454,607,COLOR_SEC
19:02:19.425,58,litter_colour,1563,361,1466,324,1661,398,COLOR_SEC
19:02:19.544,59,litter_colour,1255,749,1204,702,1307,796,COLOR_SEC
19:02:19.544,59,litter_colour,80,601,0,565,161,638,COLOR_SEC
19:02:19.544,59,litter_colour,246,546,161,458,332,635,COLOR_SEC
19:02:19.545,59,litter_colour,1562,361,1465,324,1660,398,COLOR_SEC
19:02:19.662,60,litter_colour,1255,749,1203,702,1307,796,COLOR_SEC
19:02:19.662,60,litter_colour,244,551,159,467,329,635,COLOR_SEC
19:02:19.662,60,litter_colour,1561,361,1465,324,1658,398,COLOR_SEC
19:02:19.781,61,litter_motion,1799,749,1739,670,1860,829,COLOR_SEC
19:02:19.781,61,litter_colour,1254,749,1202,702,1306,796,COLOR_SEC
19:02:19.781,61,litter_colour,1775,740,1706,680,1844,801,COLOR_SEC
19:02:19.781,61,litter_colour,242,551,157,467,327,635,COLOR_SEC
19:02:19.781,61,litter_colour,625,434,553,402,697,467,COLOR_SEC
19:02:19.781,61,litter_colour,1560,361,1463,324,1657,398,COLOR_SEC
19:02:19.902,62,litter_colour,1780,742,1710,681,1850,803,COLOR_SEC
19:02:19.902,62,litter_colour,624,434,552,402,696,467,COLOR_SEC
19:02:20.024,63,litter_colour,1254,749,1203,702,1306,797,COLOR_SEC
19:02:20.024,63,litter_colour,1786,743,1715,682,1857,805,COLOR_SEC
19:02:20.024,63,litter_colour,623,434,551,402,695,467,COLOR_SEC
19:02:20.146,64,litter_colour,1258,758,1200,702,1316,815,COLOR_SEC
19:02:20.146,64,litter_colour,1791,745,1719,684,1864,807,COLOR_SEC
19:02:20.146,64,litter_colour,622,434,550,402,694,467,COLOR_SEC
19:02:20.266,65,litter_motion,129,441,75,404,184,478,COLOR_SEC
19:02:20.266,65,litter_colour,1798,748,1724,687,1872,810,COLOR_SEC
19:02:20.266,65,litter_colour,333,633,319,605,348,662,COLOR_SEC
19:02:20.266,65,litter_colour,621,433,549,401,693,466,COLOR_SEC
19:02:20.387,66,litter_motion,128,441,72,405,184,478,COLOR_SEC
19:02:20.387,66,litter_colour,331,633,316,605,346,662,COLOR_SEC
19:02:20.387,66,litter_colour,618,433,546,401,691,466,COLOR_SEC
19:02:20.508,67,litter_motion,127,442,70,406,184,478,COLOR_SEC
19:02:20.508,67,litter_colour,1252,750,1198,702,1306,798,COLOR_SEC
19:02:20.508,67,litter_colour,329,633,314,605,344,662,COLOR_SEC
19:02:20.508,67,litter_colour,617,433,545,401,690,466,COLOR_SEC
19:02:20.508,67,litter_colour,136,394,0,324,272,464,COLOR_SEC
19:02:20.629,68,litter_motion,125,442,67,406,184,478,COLOR_SEC
19:02:20.629,68,litter_colour,1255,759,1197,702,1314,817,COLOR_SEC
19:02:20.629,68,litter_colour,326,633,312,605,341,662,COLOR_SEC
19:02:20.629,68,litter_colour,616,433,544,401,689,466,COLOR_SEC
19:02:20.629,68,litter_colour,134,394,0,324,269,464,COLOR_SEC
19:02:20.751,69,litter_motion,124,442,64,406,184,478,COLOR_SEC
19:02:20.751,69,litter_colour,1250,750,1196,702,1304,798,COLOR_SEC
19:02:20.751,69,litter_colour,324,633,310,605,339,662,COLOR_SEC
19:02:20.751,69,litter_colour,615,433,543,400,688,466,COLOR_SEC
19:02:20.751,69,litter_colour,133,394,0,324,267,464,COLOR_SEC
19:02:20.891,70,litter_motion,122,441,61,406,184,477,COLOR_SEC
19:02:20.891,70,litter_colour,322,633,307,605,337,662,COLOR_SEC
19:02:20.891,70,litter_colour,613,432,541,400,686,465,COLOR_SEC
19:02:20.891,70,litter_colour,132,393,0,324,264,463,COLOR_SEC
19:02:21.047,71,litter_motion,121,441,58,406,184,477,COLOR_SEC
19:02:21.047,71,litter_colour,320,634,305,605,335,663,COLOR_SEC
19:02:21.047,71,litter_colour,612,432,539,400,685,465,COLOR_SEC
19:02:21.047,71,litter_colour,131,393,0,324,262,463,COLOR_SEC
19:02:21.221,72,litter_motion,124,361,103,344,145,378,COLOR_SEC
19:02:21.221,72,litter_colour,1387,611,1337,589,1437,633,COLOR_SEC
19:02:21.221,72,litter_colour,610,432,537,400,684,465,COLOR_SEC
19:02:21.221,72,litter_colour,129,393,0,324,259,463,COLOR_SEC
19:02:21.382,73,litter_motion,123,367,104,344,142,391,COLOR_SEC
19:02:21.382,73,litter_colour,1247,751,1193,702,1301,800,COLOR_SEC
19:02:21.382,73,litter_colour,1384,609,1333,587,1435,632,COLOR_SEC
19:02:21.382,73,litter_colour,373,537,317,471,429,604,COLOR_SEC
19:02:21.382,73,litter_colour,609,432,537,400,682,465,COLOR_SEC
19:02:21.382,73,litter_colour,128,393,0,324,256,463,COLOR_SEC
19:02:21.511,74,litter_motion,110,514,56,460,164,568,COLOR_SEC
19:02:21.511,74,litter_motion,120,367,101,343,140,391,COLOR_SEC
19:02:21.511,74,litter_colour,1385,610,1335,588,1435,633,COLOR_SEC
19:02:21.511,74,litter_colour,371,539,315,471,427,607,COLOR_SEC
19:02:21.511,74,litter_colour,608,432,535,399,681,465,COLOR_SEC
19:02:21.511,74,litter_colour,127,393,0,324,254,462,COLOR_SEC
19:02:21.637,75,litter_motion,109,515,54,463,164,568,COLOR_SEC
19:02:21.637,75,litter_colour,1384,610,1334,588,1435,633,COLOR_SEC
19:02:21.637,75,litter_colour,368,539,312,471,425,607,COLOR_SEC
19:02:21.637,75,litter_colour,606,431,533,399,680,464,COLOR_SEC
19:02:21.637,75,litter_colour,125,393,0,324,251,462,COLOR_SEC
19:02:21.771,76,litter_motion,107,516,51,463,164,569,COLOR_SEC
19:02:21.771,76,litter_colour,1621,628,1566,609,1676,648,COLOR_SEC
19:02:21.771,76,litter_colour,1382,609,1331,586,1433,632,COLOR_SEC
19:02:21.771,76,litter_colour,366,538,310,470,423,607,COLOR_SEC
19:02:21.771,76,litter_colour,604,431,531,398,678,464,COLOR_SEC
19:02:21.771,76,litter_colour,1539,360,1444,324,1634,396,COLOR_SEC
19:02:21.771,76,litter_colour,124,393,0,324,248,462,COLOR_SEC
19:02:21.911,77,litter_motion,104,514,48,460,161,568,COLOR_SEC
19:02:21.911,77,litter_colour,1627,630,1580,613,1675,647,COLOR_SEC
19:02:21.911,77,litter_colour,1381,609,1330,586,1433,632,COLOR_SEC
19:02:21.911,77,litter_colour,364,537,307,470,421,604,COLOR_SEC
19:02:21.911,77,litter_colour,603,431,530,399,677,464,COLOR_SEC
19:02:21.911,77,litter_colour,1537,360,1443,324,1632,396,COLOR_SEC
19:02:21.911,77,litter_colour,123,392,0,324,246,461,COLOR_SEC
19:02:22.042,78,litter_motion,107,515,54,459,160,571,COLOR_SEC
19:02:22.042,78,litter_colour,1618,628,1562,609,1675,647,COLOR_SEC
19:02:22.042,78,litter_colour,1380,608,1329,586,1431,631,COLOR_SEC
19:02:22.042,78,litter_colour,362,538,305,470,419,607,COLOR_SEC
19:02:22.042,78,litter_colour,602,431,528,398,676,464,COLOR_SEC
19:02:22.042,78,litter_colour,1534,360,1441,324,1628,396,COLOR_SEC
19:02:22.042,78,litter_colour,121,392,0,324,243,461,COLOR_SEC
19:02:22.164,79,litter_motion,100,514,41,459,160,569,COLOR_SEC
19:02:22.164,79,litter_colour,1617,628,1561,609,1674,647,COLOR_SEC
19:02:22.164,79,litter_colour,600,430,527,398,674,463,COLOR_SEC
19:02:22.164,79,litter_colour,120,392,0,324,240,461,COLOR_SEC
19:02:22.288,80,litter_motion,100,515,40,459,160,571,COLOR_SEC
19:02:22.288,80,litter_motion,1448,348,1412,324,1484,372,COLOR_SEC
19:02:22.288,80,litter_colour,1616,628,1560,609,1672,647,COLOR_SEC
19:02:22.288,80,litter_colour,1379,608,1331,586,1428,631,COLOR_SEC
19:02:22.288,80,litter_colour,52,598,0,566,104,631,COLOR_SEC
19:02:22.412,81,litter_motion,96,514,33,458,160,571,COLOR_SEC
19:02:22.412,81,litter_motion,1447,348,1411,324,1483,373,COLOR_SEC
19:02:22.412,81,litter_colour,1616,628,1559,609,1673,647,COLOR_SEC
19:02:22.412,81,litter_colour,1378,608,1328,585,1428,632,COLOR_SEC
19:02:22.412,81,litter_colour,50,598,0,565,100,631,COLOR_SEC
19:02:22.560,82,litter_motion,94,514,29,458,160,571,COLOR_SEC
19:02:22.561,82,litter_motion,1446,348,1410,324,1482,372,COLOR_SEC
19:02:22.561,82,litter_colour,1614,627,1557,608,1672,647,COLOR_SEC
19:02:22.561,82,litter_colour,1377,609,1329,586,1426,632,COLOR_SEC
19:02:22.561,82,litter_colour,48,598,0,566,97,631,COLOR_SEC
19:02:22.681,83,litter_motion,83,514,13,458,154,571,COLOR_SEC
19:02:22.681,83,litter_motion,1445,348,1408,324,1482,372,COLOR_SEC
19:02:22.681,83,litter_colour,1613,627,1556,608,1671,647,COLOR_SEC
19:02:22.681,83,litter_colour,1376,609,1328,586,1425,632,COLOR_SEC
19:02:22.681,83,litter_colour,47,598,0,566,94,631,COLOR_SEC
19:02:22.805,84,litter_motion,88,515,22,458,154,572,COLOR_SEC
19:02:22.805,84,litter_motion,1444,348,1406,324,1482,372,COLOR_SEC
19:02:22.805,84,litter_colour,1618,627,1555,608,1681,646,COLOR_SEC
19:02:22.805,84,litter_colour,1375,609,1326,587,1425,632,COLOR_SEC
19:02:22.805,84,litter_colour,45,598,0,566,90,631,COLOR_SEC
19:02:22.927,85,litter_motion,85,515,17,458,154,572,COLOR_SEC
19:02:22.927,85,litter_motion,1443,348,1404,324,1482,372,COLOR_SEC
19:02:22.927,85,litter_colour,1610,627,1553,608,1668,646,COLOR_SEC
19:02:22.927,85,litter_colour,1374,609,1326,586,1423,632,COLOR_SEC
19:02:22.927,85,litter_colour,43,599,0,566,87,632,COLOR_SEC
19:02:23.058,86,litter_motion,84,514,14,457,154,572,COLOR_SEC
19:02:23.058,86,litter_motion,247,433,230,404,264,462,COLOR_SEC
19:02:23.058,86,litter_motion,1442,348,1403,324,1482,372,COLOR_SEC
19:02:23.058,86,litter_colour,1615,626,1552,607,1678,646,COLOR_SEC
19:02:23.058,86,litter_colour,280,635,264,605,296,666,COLOR_SEC
19:02:23.058,86,litter_colour,1373,608,1324,586,1422,631,COLOR_SEC
19:02:23.058,86,litter_colour,41,599,0,566,83,632,COLOR_SEC
19:02:23.189,87,litter_motion,83,514,13,457,153,572,COLOR_SEC
19:02:23.189,87,litter_colour,1253,768,1149,646,1358,891,COLOR_SEC
19:02:23.189,87,litter_colour,1614,626,1551,607,1677,646,COLOR_SEC
19:02:23.189,87,litter_colour,1372,608,1323,586,1421,631,COLOR_SEC
19:02:23.314,88,litter_colour,1257,769,1148,646,1367,892,COLOR_SEC
19:02:23.315,88,litter_colour,1606,626,1550,607,1663,646,COLOR_SEC
19:02:23.315,88,litter_colour,1226,480,1161,453,1291,507,COLOR_SEC
19:02:23.315,88,litter_colour,106,391,0,324,212,458,COLOR_SEC
19:02:23.438,89,litter_colour,1266,798,1175,704,1357,893,COLOR_SEC
19:02:23.438,89,litter_colour,1611,626,1548,607,1674,646,COLOR_SEC
19:02:23.438,89,litter_colour,1369,608,1320,585,1418,631,COLOR_SEC
19:02:23.438,89,litter_colour,104,391,0,324,209,458,COLOR_SEC
19:02:23.564,90,litter_motion,1646,365,1604,324,1689,406,COLOR_SEC
19:02:23.565,90,litter_colour,1259,799,1152,704,1366,894,COLOR_SEC
19:02:23.565,90,litter_colour,1608,626,1544,607,1673,646,COLOR_SEC
19:02:23.565,90,litter_colour,1368,608,1319,586,1417,631,COLOR_SEC
19:02:23.565,90,litter_colour,161,551,66,461,257,641,COLOR_SEC
19:02:23.565,90,litter_colour,102,390,0,324,205,457,COLOR_SEC
19:02:23.695,91,litter_motion,1645,363,1602,324,1688,402,COLOR_SEC
19:02:23.695,91,litter_colour,1250,770,1144,646,1356,895,COLOR_SEC
19:02:23.695,91,litter_colour,1613,628,1545,607,1682,649,COLOR_SEC
19:02:23.695,91,litter_colour,1366,608,1317,585,1416,631,COLOR_SEC
19:02:23.695,91,litter_colour,101,390,0,324,202,457,COLOR_SEC
19:02:23.836,92,litter_motion,1647,363,1599,324,1696,402,COLOR_SEC
19:02:23.836,92,litter_colour,1249,770,1143,646,1355,895,COLOR_SEC
19:02:23.836,92,litter_colour,1611,628,1543,607,1680,649,COLOR_SEC
19:02:23.836,92,litter_colour,1365,608,1316,585,1414,631,COLOR_SEC
19:02:23.836,92,litter_colour,99,365,0,324,198,407,COLOR_SEC
19:02:23.965,93,litter_motion,1645,362,1597,324,1694,401,COLOR_SEC
19:02:23.965,93,litter_colour,1262,798,1170,705,1354,892,COLOR_SEC
19:02:23.965,93,litter_colour,1610,628,1542,607,1678,649,COLOR_SEC
19:02:23.965,93,litter_colour,1364,608,1315,586,1413,631,COLOR_SEC
19:02:23.965,93,litter_colour,322,537,261,467,384,608,COLOR_SEC
19:02:23.965,93,litter_colour,97,365,0,324,195,407,COLOR_SEC
19:02:24.087,94,litter_colour,1607,628,1537,607,1677,649,COLOR_SEC
19:02:24.087,94,litter_colour,1362,608,1314,586,1411,631,COLOR_SEC
19:02:24.087,94,litter_colour,320,537,258,467,382,608,COLOR_SEC
19:02:24.087,94,litter_colour,573,427,498,394,649,461,COLOR_SEC
19:02:24.087,94,litter_colour,96,365,0,324,192,407,COLOR_SEC
19:02:24.209,95,litter_motion,1642,365,1593,324,1692,407,COLOR_SEC
19:02:24.209,95,litter_colour,1606,627,1535,606,1677,649,COLOR_SEC
19:02:24.209,95,litter_colour,571,427,495,394,647,461,COLOR_SEC
19:02:24.209,95,litter_colour,94,365,0,324,188,406,COLOR_SEC
19:02:24.335,96,litter_colour,1604,627,1534,606,1675,649,COLOR_SEC
19:02:24.335,96,litter_colour,568,427,492,393,645,461,COLOR_SEC
19:02:24.335,96,litter_colour,92,364,0,324,185,405,COLOR_SEC
19:02:24.457,97,litter_motion,493,446,422,418,564,474,COLOR_SEC
19:02:24.457,97,litter_colour,1242,772,1134,646,1350,899,COLOR_SEC
19:02:24.457,97,litter_colour,1603,627,1534,606,1672,649,COLOR_SEC
19:02:24.457,97,litter_colour,566,426,489,393,643,460,COLOR_SEC
19:02:24.457,97,litter_colour,90,364,0,324,181,405,COLOR_SEC
19:02:24.579,98,litter_motion,492,445,421,418,564,473,COLOR_SEC
19:02:24.579,98,litter_colour,1600,627,1531,606,1670,649,COLOR_SEC
19:02:24.579,98,litter_colour,565,426,489,392,641,460,COLOR_SEC
19:02:24.579,98,litter_colour,88,364,0,324,177,404,COLOR_SEC
19:02:24.697,99,litter_motion,491,457,419,418,564,496,COLOR_SEC
19:02:24.697,99,litter_colour,1240,773,1131,646,1349,900,COLOR_SEC
19:02:24.697,99,litter_colour,563,426,487,392,639,460,COLOR_SEC
19:02:24.697,99,litter_colour,86,364,0,324,173,404,COLOR_SEC
19:02:24.818,100,litter_motion,490,444,417,417,564,472,COLOR_SEC
19:02:24.819,100,litter_colour,560,426,483,392,638,460,COLOR_SEC
19:02:24.819,100,litter_colour,84,364,0,324,169,404,COLOR_SEC
19:02:24.943,101,litter_motion,330,499,308,456,352,542,COLOR_SEC
19:02:24.943,101,litter_motion,1420,347,1375,324,1465,370,COLOR_SEC
19:02:24.943,101,litter_motion,1256,392,1220,324,1292,461,COLOR_SEC
19:02:24.943,101,litter_colour,1489,358,1400,324,1579,393,COLOR_SEC
19:02:24.943,101,litter_colour,82,363,0,324,165,403,COLOR_SEC
19:02:25.064,102,litter_motion,324,499,298,456,350,542,COLOR_SEC
19:02:25.064,102,litter_motion,52,511,0,452,104,571,COLOR_SEC
19:02:25.064,102,litter_motion,1419,347,1374,324,1465,370,COLOR_SEC
19:02:25.064,102,litter_motion,1253,388,1216,324,1290,452,COLOR_SEC
19:02:25.064,102,litter_colour,1488,358,1398,324,1579,393,COLOR_SEC
19:02:25.064,102,litter_colour,80,363,0,324,161,402,COLOR_SEC
19:02:25.187,103,litter_motion,320,498,295,455,346,541,COLOR_SEC
19:02:25.187,103,litter_motion,484,444,405,416,564,473,COLOR_SEC
19:02:25.187,103,litter_motion,1418,347,1372,324,1465,371,COLOR_SEC
19:02:25.187,103,litter_motion,1252,388,1215,324,1290,452,COLOR_SEC
19:02:25.187,103,litter_motion,984,388,938,324,1030,452,COLOR_SEC
19:02:25.187,103,litter_colour,1485,358,1396,324,1574,393,COLOR_SEC
19:02:25.310,104,litter_motion,320,497,297,454,343,541,COLOR_SEC
19:02:25.310,104,litter_motion,480,443,402,415,558,472,COLOR_SEC
19:02:25.310,104,litter_motion,1417,347,1370,324,1465,370,COLOR_SEC
19:02:25.310,104,litter_motion,1251,388,1214,324,1288,452,COLOR_SEC
19:02:25.310,104,litter_motion,982,387,936,324,1028,451,COLOR_SEC
19:02:25.310,104,litter_colour,1254,581,1227,562,1281,600,COLOR_SEC
19:02:25.310,104,litter_colour,1482,358,1394,324,1571,393,COLOR_SEC
19:02:25.434,105,litter_motion,1416,347,1368,324,1465,370,COLOR_SEC
19:02:25.434,105,litter_motion,1248,388,1210,324,1286,452,COLOR_SEC
19:02:25.434,105,litter_motion,981,387,934,324,1028,451,COLOR_SEC
19:02:25.434,105,litter_colour,1252,581,1225,562,1279,600,COLOR_SEC
19:02:25.434,105,litter_colour,1481,358,1392,324,1571,393,COLOR_SEC
19:02:25.557,106,litter_motion,1414,355,1363,324,1465,387,COLOR_SEC
19:02:25.557,106,litter_motion,1246,388,1209,324,1284,452,COLOR_SEC
19:02:25.557,106,litter_motion,981,388,932,324,1031,452,COLOR_SEC
19:02:25.557,106,litter_colour,1250,585,1224,570,1277,600,COLOR_SEC
19:02:25.679,107,litter_motion,1413,352,1363,324,1463,381,COLOR_SEC
19:02:25.679,107,litter_motion,1244,388,1207,324,1282,452,COLOR_SEC
19:02:25.679,107,litter_motion,979,387,930,324,1028,450,COLOR_SEC
19:02:25.679,107,litter_colour,1248,585,1222,570,1275,600,COLOR_SEC
19:02:25.800,108,litter_motion,1412,353,1361,324,1463,382,COLOR_SEC
19:02:25.800,108,litter_motion,1242,388,1204,324,1280,452,COLOR_SEC
19:02:25.800,108,litter_motion,978,387,928,324,1028,451,COLOR_SEC
19:02:25.800,108,litter_colour,1246,584,1220,569,1273,600,COLOR_SEC
19:02:25.925,109,litter_motion,205,646,184,622,227,671,COLOR_SEC
19:02:25.925,109,litter_motion,1410,352,1358,324,1463,380,COLOR_SEC
19:02:25.925,109,litter_motion,1240,387,1202,324,1278,451,COLOR_SEC
19:02:25.925,109,litter_motion,973,386,926,324,1021,449,COLOR_SEC
19:02:25.925,109,litter_colour,201,641,184,610,219,672,COLOR_SEC
19:02:25.925,109,litter_colour,1244,584,1217,569,1271,600,COLOR_SEC
19:02:26.051,110,litter_motion,202,647,181,622,223,672,COLOR_SEC
19:02:26.051,110,litter_motion,1602,370,1556,333,1648,407,COLOR_SEC
19:02:26.051,110,litter_motion,1401,355,1339,324,1463,387,COLOR_SEC
19:02:26.051,110,litter_motion,973,386,924,324,1023,449,COLOR_SEC
19:02:26.051,110,litter_colour,1242,580,1216,561,1269,600,COLOR_SEC
19:02:26.183,111,litter_motion,1605,365,1554,324,1657,407,COLOR_SEC
19:02:26.183,111,litter_motion,972,386,922,324,1023,449,COLOR_SEC
19:02:26.307,112,litter_motion,1607,365,1553,324,1662,406,COLOR_SEC
19:02:26.307,112,litter_motion,971,386,920,324,1022,449,COLOR_SEC
19:02:26.307,112,litter_colour,1330,602,1288,585,1373,619,COLOR_SEC
19:02:26.436,113,litter_motion,1604,364,1548,324,1660,404,COLOR_SEC
19:02:26.436,113,litter_motion,969,386,918,324,1020,448,COLOR_SEC
19:02:26.436,113,litter_colour,1566,623,1495,601,1638,645,COLOR_SEC
19:02:26.436,113,litter_colour,1328,602,1285,585,1372,620,COLOR_SEC
19:02:26.561,114,litter_motion,1602,364,1545,324,1659,405,COLOR_SEC
19:02:26.561,114,litter_motion,967,385,916,324,1019,447,COLOR_SEC
19:02:26.561,114,litter_colour,1563,627,1492,600,1635,654,COLOR_SEC
19:02:26.561,114,litter_colour,1328,606,1283,585,1373,627,COLOR_SEC
19:02:26.688,115,litter_motion,1604,366,1544,326,1665,406,COLOR_SEC
19:02:26.688,115,litter_motion,964,385,914,324,1015,446,COLOR_SEC
19:02:26.688,115,litter_colour,1561,626,1489,599,1633,653,COLOR_SEC
19:02:26.688,115,litter_colour,1325,605,1280,584,1371,627,COLOR_SEC
19:02:26.688,115,litter_colour,521,421,440,387,603,456,COLOR_SEC
19:02:26.814,116,litter_motion,963,386,912,324,1015,449,COLOR_SEC
19:02:26.814,116,litter_colour,1321,601,1278,584,1365,618,COLOR_SEC
19:02:26.814,116,litter_colour,520,421,439,387,601,456,COLOR_SEC
19:02:26.938,117,litter_motion,960,384,910,324,1011,445,COLOR_SEC
19:02:27.205,119,litter_motion,930,481,889,466,972,496,COLOR_SEC
19:02:27.205,119,litter_motion,464,446,393,407,535,485,COLOR_SEC
19:02:27.205,119,litter_motion,960,385,906,324,1014,447,COLOR_SEC
19:02:27.330,120,litter_motion,928,481,886,466,971,496,COLOR_SEC
19:02:27.330,120,litter_motion,465,443,396,407,535,479,COLOR_SEC
19:02:27.330,120,litter_colour,1441,358,1356,324,1527,392,COLOR_SEC
19:02:27.458,121,litter_motion,924,481,879,467,969,496,COLOR_SEC
19:02:27.458,121,litter_motion,461,446,391,407,531,485,COLOR_SEC
19:02:27.581,122,litter_motion,923,481,879,467,967,496,COLOR_SEC
19:02:27.581,122,litter_motion,460,447,390,406,531,489,COLOR_SEC
19:02:27.581,122,litter_motion,962,382,898,324,1027,440,COLOR_SEC
19:02:27.705,123,litter_motion,921,480,879,464,963,496,COLOR_SEC
19:02:27.705,123,litter_motion,456,456,385,406,527,507,COLOR_SEC
19:02:27.705,123,litter_motion,960,382,896,324,1025,440,COLOR_SEC
19:02:27.827,124,litter_motion,920,480,879,464,961,496,COLOR_SEC
19:02:27.827,124,litter_motion,452,452,381,405,524,499,COLOR_SEC
19:02:27.827,124,litter_motion,566,388,519,368,613,409,COLOR_SEC
19:02:27.950,125,litter_motion,449,454,377,405,521,503,COLOR_SEC
19:02:27.950,125,litter_motion,565,389,519,368,611,410,COLOR_SEC
19:02:27.950,125,litter_colour,1739,745,1649,714,1829,777,COLOR_SEC
19:02:28.075,126,litter_motion,563,388,517,367,609,409,COLOR_SEC
19:02:28.075,126,litter_colour,1734,745,1643,714,1826,776,COLOR_SEC
19:02:28.197,127,litter_motion,1066,590,978,517,1154,663,COLOR_SEC
19:02:28.197,127,litter_motion,560,388,514,367,607,409,COLOR_SEC
19:02:28.197,127,litter_motion,1418,368,1324,324,1513,412,COLOR_SEC
19:02:28.197,127,litter_colour,1733,744,1643,714,1823,775,COLOR_SEC
19:02:28.322,128,litter_motion,1063,590,978,516,1148,665,COLOR_SEC
19:02:28.322,128,litter_motion,1416,369,1324,324,1508,414,COLOR_SEC
19:02:28.322,128,litter_colour,1728,745,1636,714,1820,776,COLOR_SEC
19:02:28.492,129,litter_motion,1061,590,976,516,1147,665,COLOR_SEC
19:02:28.492,129,litter_motion,1400,363,1322,324,1479,403,COLOR_SEC
19:02:28.492,129,litter_colour,1726,745,1637,714,1816,776,COLOR_SEC
19:02:28.619,130,litter_motion,1059,591,972,515,1147,667,COLOR_SEC
19:02:28.619,130,litter_motion,1570,362,1495,324,1645,401,COLOR_SEC
19:02:28.619,130,litter_colour,1722,745,1633,714,1812,776,COLOR_SEC
19:02:28.619,130,litter_colour,1520,623,1447,595,1594,652,COLOR_SEC
19:02:28.758,131,litter_motion,1058,590,970,514,1147,666,COLOR_SEC
19:02:28.758,131,litter_motion,1571,362,1494,324,1649,400,COLOR_SEC
19:02:28.758,131,litter_colour,1407,357,1325,324,1490,391,COLOR_SEC
19:02:28.883,132,litter_motion,1053,592,968,514,1139,670,COLOR_SEC
19:02:28.883,132,litter_motion,1561,362,1490,324,1632,400,COLOR_SEC
19:02:28.883,132,litter_colour,1404,357,1322,324,1487,390,COLOR_SEC
19:02:29.010,133,litter_motion,531,587,454,553,609,621,COLOR_SEC
19:02:29.010,133,litter_motion,1053,592,965,513,1141,671,COLOR_SEC
19:02:29.010,133,litter_colour,1401,357,1319,324,1484,390,COLOR_SEC
19:02:29.136,134,litter_motion,1049,590,962,514,1137,666,COLOR_SEC
19:02:29.137,134,litter_motion,1560,362,1485,324,1635,400,COLOR_SEC
19:02:29.258,135,litter_motion,142,689,0,634,284,745,COLOR_SEC
19:02:29.259,135,litter_motion,1048,591,960,510,1136,672,COLOR_SEC
19:02:29.259,135,litter_motion,1560,361,1485,324,1636,399,COLOR_SEC
19:02:29.384,136,litter_motion,142,689,0,633,284,745,COLOR_SEC
19:02:29.384,136,litter_motion,528,586,448,552,609,621,COLOR_SEC
19:02:29.384,136,litter_motion,1045,588,958,510,1133,666,COLOR_SEC
19:02:29.384,136,litter_motion,1562,361,1486,324,1638,399,COLOR_SEC
19:02:29.512,137,litter_motion,142,689,0,633,284,745,COLOR_SEC
19:02:29.512,137,litter_motion,526,595,444,569,609,621,COLOR_SEC
19:02:29.512,137,litter_motion,1043,588,956,510,1130,666,COLOR_SEC
19:02:29.512,137,litter_colour,447,416,359,380,535,452,COLOR_SEC
19:02:29.634,138,litter_motion,142,689,0,633,284,745,COLOR_SEC
19:02:29.635,138,litter_motion,525,593,441,569,609,618,COLOR_SEC
19:02:29.635,138,litter_motion,928,384,856,324,1001,445,COLOR_SEC
19:02:29.635,138,litter_colour,442,416,354,380,531,452,COLOR_SEC
19:02:29.759,139,litter_motion,139,689,0,633,278,745,COLOR_SEC
19:02:29.759,139,litter_motion,927,382,854,324,1000,441,COLOR_SEC
19:02:29.885,140,litter_motion,137,688,0,632,274,745,COLOR_SEC
19:02:29.885,140,litter_motion,1129,433,1054,354,1205,512,COLOR_SEC
19:02:29.885,140,litter_motion,925,384,850,324,1000,444,COLOR_SEC
19:02:30.012,141,litter_motion,136,688,0,632,272,745,COLOR_SEC
19:02:30.012,141,litter_motion,1125,433,1048,354,1203,513,COLOR_SEC
19:02:30.012,141,litter_motion,925,383,848,324,1002,443,COLOR_SEC
19:02:30.137,142,litter_motion,133,683,0,632,267,735,COLOR_SEC
19:02:30.137,142,litter_motion,1123,427,1047,342,1200,513,COLOR_SEC
19:02:30.137,142,litter_motion,922,382,844,324,1000,441,COLOR_SEC
19:02:30.261,143,litter_motion,133,683,0,632,267,735,COLOR_SEC
19:02:30.261,143,litter_motion,1122,426,1046,341,1198,512,COLOR_SEC
19:02:30.386,144,litter_motion,132,683,0,632,265,735,COLOR_SEC
19:02:30.386,144,litter_motion,1121,426,1048,341,1195,512,COLOR_SEC
19:02:30.511,145,litter_motion,128,683,0,632,256,735,COLOR_SEC
19:02:30.511,145,litter_motion,1120,426,1046,342,1194,510,COLOR_SEC
19:02:30.637,146,litter_motion,120,682,0,633,240,731,COLOR_SEC
19:02:30.762,147,litter_motion,1120,437,1046,354,1194,521,COLOR_SEC
19:02:31.392,152,litter_motion,1012,590,914,508,1110,673,COLOR_SEC
19:02:31.393,152,litter_motion,829,487,776,465,883,510,COLOR_SEC
19:02:31.522,153,litter_motion,1009,592,912,511,1107,673,COLOR_SEC
19:02:31.522,153,litter_motion,828,485,776,460,880,510,COLOR_SEC
19:02:31.649,154,litter_motion,1011,592,912,511,1111,673,COLOR_SEC
19:02:31.649,154,litter_motion,826,487,776,465,876,509,COLOR_SEC
19:02:31.776,155,litter_motion,824,487,776,465,873,509,COLOR_SEC
19:02:31.901,156,litter_motion,1001,589,904,510,1099,669,COLOR_SEC
19:02:31.901,156,litter_motion,826,482,776,455,876,509,COLOR_SEC
19:02:31.901,156,litter_motion,1522,346,1494,324,1551,368,COLOR_SEC
19:02:32.028,157,litter_motion,821,487,776,465,866,509,COLOR_SEC
19:02:32.028,157,litter_motion,1520,346,1494,324,1546,368,COLOR_SEC
19:02:32.028,157,litter_motion,889,382,795,324,984,441,COLOR_SEC
19:02:32.155,158,litter_motion,819,481,776,454,862,508,COLOR_SEC
19:02:32.155,158,litter_motion,336,428,240,404,433,452,COLOR_SEC
19:02:32.155,158,litter_motion,893,382,792,324,994,441,COLOR_SEC
19:02:32.289,159,litter_motion,816,480,776,453,857,507,COLOR_SEC
19:02:32.289,159,litter_motion,346,433,238,404,455,463,COLOR_SEC
19:02:32.289,159,litter_motion,890,382,788,324,992,441,COLOR_SEC
19:02:32.289,159,litter_colour,342,411,241,373,443,450,COLOR_SEC
19:02:32.414,160,litter_motion,812,480,771,453,854,507,COLOR_SEC
19:02:32.414,160,litter_motion,340,430,239,405,442,455,COLOR_SEC
19:02:32.414,160,litter_motion,891,382,784,324,999,441,COLOR_SEC
19:02:32.543,161,litter_motion,344,435,238,404,451,467,COLOR_SEC
19:02:32.543,161,litter_motion,888,382,780,324,997,441,COLOR_SEC
19:02:32.543,161,litter_colour,331,411,229,373,433,450,COLOR_SEC
19:02:32.668,162,litter_motion,341,427,235,403,448,452,COLOR_SEC
19:02:32.796,163,litter_motion,881,382,773,324,989,440,COLOR_SEC
19:02:33.055,165,litter_motion,1547,346,1513,324,1582,368,COLOR_SEC
19:02:33.182,166,litter_motion,1547,346,1508,324,1586,368,COLOR_SEC
19:02:33.182,166,litter_colour,96,684,0,632,192,736,COLOR_SEC
19:02:33.306,167,litter_motion,1541,345,1503,324,1580,367,COLOR_SEC
19:02:33.306,167,litter_colour,92,684,0,633,185,735,COLOR_SEC
19:02:33.435,168,litter_motion,1534,345,1499,324,1570,367,COLOR_SEC
19:02:33.435,168,litter_colour,89,684,0,634,178,734,COLOR_SEC
19:02:33.565,169,litter_motion,1531,345,1494,324,1568,367,COLOR_SEC
19:02:33.565,169,litter_colour,85,683,0,635,170,731,COLOR_SEC
19:02:33.692,170,litter_motion,1528,345,1489,324,1568,367,COLOR_SEC
19:02:33.692,170,litter_colour,81,682,0,636,163,729,COLOR_SEC
19:02:33.820,171,litter_motion,1522,345,1487,324,1557,367,COLOR_SEC
19:02:33.948,172,litter_motion,1526,345,1483,324,1569,366,COLOR_SEC
19:02:33.948,172,litter_colour,1376,618,1290,584,1462,652,COLOR_SEC
19:02:34.076,173,litter_motion,1533,345,1483,324,1584,366,COLOR_SEC
19:02:34.076,173,litter_colour,1370,617,1286,583,1454,651,COLOR_SEC
19:02:34.208,174,litter_colour,1367,616,1281,583,1453,650,COLOR_SEC
19:02:34.359,175,litter_colour,1361,616,1277,583,1445,650,COLOR_SEC
19:02:35.000,180,litter_motion,61,669,0,643,123,695,COLOR_SEC
19:02:35.001,180,litter_colour,41,655,0,645,83,665,COLOR_SEC
19:02:35.128,181,litter_motion,57,671,0,645,115,698,COLOR_SEC
19:02:35.256,182,litter_motion,48,672,0,645,97,700,COLOR_SEC
19:02:35.383,183,litter_motion,49,673,0,647,98,700,COLOR_SEC
19:02:35.511,184,litter_motion,43,673,0,645,87,701,COLOR_SEC
19:02:35.639,185,litter_motion,41,674,0,647,82,701,COLOR_SEC
19:02:36.976,195,litter_motion,1242,607,1144,568,1340,647,COLOR_SEC
19:02:36.977,195,litter_colour,1275,611,1121,563,1430,659,COLOR_SEC
19:02:37.107,196,litter_colour,1276,607,1117,556,1435,658,COLOR_SEC
19:02:37.237,197,litter_colour,1271,607,1112,556,1431,658,COLOR_SEC
19:02:37.367,198,litter_colour,1267,609,1108,562,1426,657,COLOR_SEC
19:02:37.496,199,litter_colour,1262,609,1103,562,1422,657,COLOR_SEC
19:02:37.623,200,litter_colour,1258,611,1099,562,1417,661,COLOR_SEC
19:02:37.759,201,litter_colour,1250,606,1095,555,1406,657,COLOR_SEC
19:02:37.889,202,litter_colour,1249,607,1091,555,1407,660,COLOR_SEC
19:02:38.016,203,litter_colour,1244,611,1087,562,1401,660,COLOR_SEC
19:02:38.145,204,litter_colour,1240,609,1083,562,1397,656,COLOR_SEC
19:02:38.537,207,litter_motion,1229,609,1150,574,1308,645,COLOR_SEC
19:02:38.537,207,litter_colour,1225,609,1068,561,1382,658,COLOR_SEC
19:02:38.668,208,litter_motion,1227,611,1151,578,1303,644,COLOR_SEC
19:02:38.668,208,litter_colour,1217,609,1064,561,1371,658,COLOR_SEC
19:02:38.809,209,litter_motion,1224,612,1151,578,1298,647,COLOR_SEC
19:02:38.809,209,litter_motion,1425,394,1332,373,1519,415,COLOR_SEC
19:02:38.809,209,litter_colour,1215,609,1060,561,1371,658,COLOR_SEC
19:02:38.948,210,litter_motion,1219,611,1146,578,1292,645,COLOR_SEC
19:02:38.948,210,litter_motion,1439,393,1332,372,1547,414,COLOR_SEC
19:02:38.948,210,litter_colour,1207,609,1055,561,1360,657,COLOR_SEC
19:02:39.083,211,litter_motion,1233,611,1133,578,1333,644,COLOR_SEC
19:02:39.083,211,litter_motion,1412,378,1314,345,1510,412,COLOR_SEC
19:02:39.083,211,litter_colour,1205,609,1050,561,1361,657,COLOR_SEC
19:02:39.214,212,litter_motion,1225,611,1136,578,1314,644,COLOR_SEC
19:02:39.214,212,litter_motion,1437,393,1331,375,1543,411,COLOR_SEC
19:02:39.214,212,litter_colour,1205,610,1046,561,1365,659,COLOR_SEC
19:02:39.349,213,litter_motion,1222,612,1132,578,1312,646,COLOR_SEC
19:02:39.349,213,litter_motion,1401,370,1299,330,1504,410,COLOR_SEC
19:02:39.480,214,litter_motion,1221,611,1128,577,1315,646,COLOR_SEC
19:02:39.480,214,litter_motion,1416,370,1328,330,1504,410,COLOR_SEC
19:02:39.609,215,litter_motion,1206,610,1124,577,1289,644,COLOR_SEC
19:02:39.609,215,litter_motion,1414,369,1324,330,1504,409,COLOR_SEC
19:02:39.738,216,litter_motion,1214,610,1124,575,1305,646,COLOR_SEC
19:02:39.738,216,litter_motion,1417,392,1331,375,1504,409,COLOR_SEC
19:02:39.869,217,litter_motion,1210,610,1122,578,1298,643,COLOR_SEC
19:02:39.997,218,litter_motion,1215,610,1150,577,1280,643,COLOR_SEC
19:02:39.997,218,litter_motion,1435,390,1404,373,1467,407,COLOR_SEC
19:02:40.129,219,litter_motion,1439,390,1402,373,1477,407,COLOR_SEC
19:02:40.258,220,litter_motion,1210,609,1140,574,1280,644,COLOR_SEC
19:02:40.388,221,litter_motion,44,665,0,644,89,687,COLOR_SEC
19:02:40.388,221,litter_motion,1223,610,1167,576,1279,644,COLOR_SEC
19:02:40.388,221,litter_motion,1405,390,1331,372,1479,408,COLOR_SEC
19:02:40.516,222,litter_motion,1228,609,1163,575,1294,644,COLOR_SEC
19:02:40.516,222,litter_motion,1402,390,1332,372,1472,408,COLOR_SEC
19:02:40.644,223,litter_motion,1222,611,1160,575,1285,647,COLOR_SEC
19:02:40.644,223,litter_motion,1429,388,1382,372,1476,404,COLOR_SEC
19:02:40.776,224,litter_motion,1212,615,1162,587,1263,644,COLOR_SEC
19:02:40.776,224,litter_motion,1423,388,1376,372,1471,405,COLOR_SEC
19:02:40.906,225,litter_motion,1226,617,1167,590,1286,645,COLOR_SEC
19:02:41.036,226,litter_motion,1226,618,1174,592,1279,645,COLOR_SEC
19:02:41.036,226,litter_motion,1401,388,1333,370,1469,407,COLOR_SEC
19:02:41.169,227,litter_motion,1233,623,1182,601,1284,645,COLOR_SEC
19:02:41.169,227,litter_motion,1400,388,1332,370,1469,407,COLOR_SEC
19:02:41.299,228,litter_motion,1230,624,1182,603,1279,645,COLOR_SEC
19:02:41.299,228,litter_motion,1400,388,1333,369,1467,407,COLOR_SEC
19:02:41.430,229,litter_motion,1224,623,1184,603,1264,644,COLOR_SEC
19:02:41.430,229,litter_motion,1400,388,1333,369,1467,408,COLOR_SEC
19:02:41.562,230,litter_motion,1221,623,1183,603,1259,643,COLOR_SEC
19:02:41.692,231,litter_motion,1219,628,1180,612,1259,644,COLOR_SEC
19:02:41.692,231,litter_motion,1400,386,1333,366,1467,407,COLOR_SEC
19:02:41.821,232,litter_motion,1217,626,1177,608,1258,644,COLOR_SEC
19:02:42.087,234,litter_motion,1236,630,1167,613,1305,648,COLOR_SEC
19:02:42.088,234,litter_colour,1219,630,939,561,1500,699,COLOR_SEC
19:02:42.231,235,litter_motion,1227,631,1164,616,1290,647,COLOR_SEC
19:02:42.365,236,litter_motion,1227,628,1161,609,1294,648,COLOR_SEC
19:02:42.498,237,litter_motion,1232,629,1176,611,1288,647,COLOR_SEC
19:02:42.627,238,litter_motion,1238,630,1189,614,1288,647,COLOR_SEC
19:02:42.627,238,litter_colour,65,373,0,324,131,423,COLOR_SEC
19:02:42.755,239,litter_motion,1232,629,1178,612,1287,647,COLOR_SEC
19:02:42.755,239,litter_colour,61,373,0,324,122,423,COLOR_SEC
19:02:42.885,240,litter_motion,1236,632,1190,616,1283,648,COLOR_SEC
19:02:42.885,240,litter_colour,56,373,0,324,112,423,COLOR_SEC
19:02:43.012,241,litter_colour,51,373,0,324,103,422,COLOR_SEC
19:02:43.145,242,litter_colour,46,373,0,324,93,422,COLOR_SEC
19:02:43.274,243,litter_motion,1229,632,1200,616,1258,648,COLOR_SEC
19:02:43.274,243,litter_colour,1516,827,1421,781,1612,873,COLOR_SEC
19:02:43.274,243,litter_colour,42,372,0,324,84,421,COLOR_SEC
19:02:43.404,244,litter_motion,1225,631,1192,615,1258,648,COLOR_SEC
19:02:43.404,244,litter_colour,1511,827,1416,781,1606,873,COLOR_SEC
19:02:43.537,245,litter_motion,1220,631,1189,615,1252,648,COLOR_SEC
19:02:43.537,245,litter_colour,1505,819,1410,781,1600,858,COLOR_SEC
19:02:43.670,246,litter_motion,1483,835,1401,782,1565,888,COLOR_SEC
19:02:43.670,246,litter_motion,1394,380,1327,356,1462,405,COLOR_SEC
19:02:43.670,246,litter_colour,1498,827,1403,781,1594,873,COLOR_SEC
19:02:43.803,247,litter_motion,1480,838,1396,782,1565,895,COLOR_SEC
19:02:43.803,247,litter_motion,1222,632,1188,617,1257,648,COLOR_SEC
19:02:43.803,247,litter_motion,1393,364,1324,324,1463,405,COLOR_SEC
19:02:43.803,247,litter_colour,1493,819,1399,781,1588,858,COLOR_SEC
19:02:43.938,248,litter_motion,1389,377,1320,350,1459,405,COLOR_SEC
19:02:43.938,248,litter_colour,1487,827,1392,781,1582,873,COLOR_SEC
19:02:44.069,249,litter_motion,1392,364,1326,324,1459,405,COLOR_SEC
19:02:44.069,249,litter_colour,1482,819,1388,781,1576,858,COLOR_SEC
19:02:44.201,250,litter_motion,1395,374,1326,344,1465,405,COLOR_SEC
19:02:44.601,253,litter_motion,64,381,0,370,129,392,COLOR_SEC
19:02:44.732,254,litter_motion,61,381,0,370,122,392,COLOR_SEC
19:02:44.863,255,litter_motion,58,381,0,370,116,392,COLOR_SEC
19:02:44.993,256,litter_motion,57,380,0,370,114,391,COLOR_SEC
19:02:45.123,257,litter_motion,48,380,0,370,97,391,COLOR_SEC
19:02:45.254,258,litter_motion,46,380,0,370,93,390,COLOR_SEC
19:02:45.943,263,litter_motion,723,608,669,584,777,633,COLOR_SEC
19:02:46.078,264,litter_motion,721,610,667,587,776,634,COLOR_SEC
19:02:46.212,265,litter_motion,1407,371,1324,340,1491,403,COLOR_SEC
19:02:46.799,269,litter_colour,86,380,0,324,173,436,COLOR_SEC
19:02:47.078,270,litter_colour,83,380,0,324,166,436,COLOR_SEC
19:02:47.827,274,litter_motion,51,382,0,370,103,395,COLOR_SEC
19:02:47.827,274,litter_colour,67,380,0,324,135,436,COLOR_SEC
19:02:47.982,275,litter_colour,63,380,0,324,127,436,COLOR_SEC
19:02:48.145,276,litter_colour,59,380,0,324,119,436,COLOR_SEC
19:02:48.284,277,litter_colour,55,380,0,324,111,436,COLOR_SEC
19:02:48.418,278,litter_colour,51,380,0,324,103,436,COLOR_SEC
19:02:48.559,279,litter_colour,47,380,0,324,94,436,COLOR_SEC
19:02:48.692,280,litter_motion,1415,818,1373,796,1457,840,COLOR_SEC
19:02:48.692,280,litter_colour,43,380,0,324,86,436,COLOR_SEC
19:02:48.823,281,litter_motion,1409,817,1367,796,1451,838,COLOR_SEC
19:02:48.956,282,litter_motion,1404,816,1364,796,1444,837,COLOR_SEC
19:02:49.094,283,litter_motion,1406,818,1370,803,1442,833,COLOR_SEC
19:02:49.228,284,litter_motion,1402,817,1366,800,1438,834,COLOR_SEC
19:02:49.228,284,litter_motion,1176,367,1036,324,1317,411,COLOR_SEC
19:02:49.364,285,litter_motion,1170,366,1025,324,1315,409,COLOR_SEC
19:02:49.495,286,litter_motion,1173,366,1034,324,1313,409,COLOR_SEC
19:02:49.629,287,litter_motion,1500,859,1442,812,1559,906,COLOR_SEC
19:02:49.629,287,litter_motion,1172,366,1029,324,1315,408,COLOR_SEC
19:02:49.760,288,litter_motion,1497,859,1439,813,1555,906,COLOR_SEC
19:02:49.760,288,litter_motion,1171,366,1027,324,1315,408,COLOR_SEC
19:02:49.892,289,litter_motion,1494,859,1435,812,1554,906,COLOR_SEC
19:02:49.892,289,litter_motion,1170,366,1026,324,1314,408,COLOR_SEC
19:02:50.023,290,litter_motion,1517,879,1467,812,1567,946,COLOR_SEC
19:02:50.024,290,litter_motion,60,455,0,409,120,501,COLOR_SEC
19:02:50.024,290,litter_motion,1171,366,1026,324,1316,408,COLOR_SEC
19:02:50.158,291,litter_motion,1488,860,1430,813,1546,907,COLOR_SEC
19:02:50.158,291,litter_motion,66,470,0,439,132,501,COLOR_SEC
19:02:50.291,292,litter_motion,61,470,0,439,122,501,COLOR_SEC
19:02:50.291,292,litter_motion,1171,366,1027,324,1315,408,COLOR_SEC
19:02:50.556,294,litter_motion,1170,364,1027,324,1314,405,COLOR_SEC
19:02:50.693,295,litter_motion,1172,364,1027,324,1317,405,COLOR_SEC
19:02:50.828,296,litter_motion,1174,364,1034,324,1314,405,COLOR_SEC
19:02:50.960,297,litter_motion,1170,364,1027,324,1314,404,COLOR_SEC
19:02:51.095,298,litter_motion,1173,364,1033,324,1314,405,COLOR_SEC
19:02:51.230,299,litter_motion,1174,364,1034,324,1314,405,COLOR_SEC
19:02:51.364,300,litter_motion,1174,363,1034,324,1315,403,COLOR_SEC
19:02:51.505,301,litter_motion,1170,364,1026,324,1314,405,COLOR_SEC
19:02:51.642,302,litter_motion,1174,364,1034,326,1314,403,COLOR_SEC
19:02:51.779,303,litter_motion,1170,365,1027,326,1314,405,COLOR_SEC
19:02:51.913,304,litter_motion,1170,368,1029,331,1312,406,COLOR_SEC
19:02:52.047,305,litter_motion,1169,366,1027,326,1312,406,COLOR_SEC
19:02:52.181,306,litter_motion,1173,365,1035,324,1312,406,COLOR_SEC
19:02:52.583,309,litter_motion,489,618,446,604,532,632,COLOR_SEC
19:02:52.583,309,litter_motion,1174,365,1035,324,1314,406,COLOR_SEC
19:02:52.583,309,litter_colour,499,621,445,599,553,644,COLOR_SEC
19:02:52.717,310,litter_motion,1521,942,1480,902,1562,983,COLOR_SEC
19:02:52.717,310,litter_motion,485,618,443,604,527,633,COLOR_SEC
19:02:52.717,310,litter_motion,1174,365,1035,324,1314,406,COLOR_SEC
19:02:52.717,310,litter_colour,1530,932,1501,908,1560,956,COLOR_SEC
19:02:52.717,310,litter_colour,496,622,443,601,550,644,COLOR_SEC
19:02:52.852,311,litter_motion,1521,935,1480,887,1562,984,COLOR_SEC
19:02:52.852,311,litter_motion,484,621,442,604,527,639,COLOR_SEC
19:02:52.852,311,litter_motion,1173,365,1034,324,1313,406,COLOR_SEC
19:02:52.852,311,litter_colour,1527,933,1495,909,1559,957,COLOR_SEC
19:02:52.852,311,litter_colour,492,622,438,600,547,644,COLOR_SEC
19:02:52.990,312,litter_colour,1528,933,1498,909,1558,957,COLOR_SEC
19:02:52.990,312,litter_colour,1561,745,1528,723,1594,768,COLOR_SEC
19:02:52.990,312,litter_colour,491,625,439,605,544,645,COLOR_SEC
19:02:52.990,312,litter_colour,644,348,567,324,722,372,COLOR_SEC
19:02:53.121,313,litter_motion,481,622,437,605,526,640,COLOR_SEC
19:02:53.122,313,litter_colour,1524,934,1493,910,1556,958,COLOR_SEC
19:02:53.122,313,litter_colour,487,625,434,605,540,645,COLOR_SEC
19:02:53.256,314,litter_colour,1523,935,1491,911,1555,959,COLOR_SEC
19:02:53.256,314,litter_colour,485,625,432,606,539,645,COLOR_SEC
19:02:53.391,315,litter_colour,482,626,429,606,535,646,COLOR_SEC
19:02:53.528,316,litter_motion,1175,364,1036,324,1314,404,COLOR_SEC
19:02:53.528,316,litter_colour,1521,936,1491,912,1552,961,COLOR_SEC
19:02:53.528,316,litter_colour,480,626,427,606,533,646,COLOR_SEC
19:02:53.669,317,litter_motion,1176,363,1035,324,1317,403,COLOR_SEC
19:02:53.803,318,litter_motion,1175,363,1036,324,1315,403,COLOR_SEC
19:02:53.803,318,litter_motion,227,358,119,324,336,392,COLOR_SEC
19:02:53.803,318,litter_colour,1325,933,1294,906,1357,961,COLOR_SEC
19:02:53.939,319,litter_motion,1175,363,1036,324,1315,403,COLOR_SEC
19:02:53.939,319,litter_motion,226,358,116,324,336,392,COLOR_SEC
19:02:53.939,319,litter_colour,1342,937,1301,912,1384,962,COLOR_SEC
19:02:54.074,320,litter_motion,1173,363,1034,324,1313,403,COLOR_SEC
19:02:54.074,320,litter_motion,224,357,113,324,336,391,COLOR_SEC
19:02:54.074,320,litter_colour,1337,936,1291,910,1383,963,COLOR_SEC
19:02:54.209,321,litter_motion,1174,363,1034,324,1315,403,COLOR_SEC
19:02:54.209,321,litter_motion,223,357,110,324,336,391,COLOR_SEC
19:02:54.209,321,litter_colour,1326,939,1298,915,1354,964,COLOR_SEC
19:02:54.345,322,litter_motion,1517,944,1480,893,1554,995,COLOR_SEC
19:02:54.345,322,litter_motion,463,621,409,605,518,637,COLOR_SEC
19:02:54.345,322,litter_motion,134,423,90,408,179,438,COLOR_SEC
19:02:54.345,322,litter_motion,1175,362,1035,324,1315,400,COLOR_SEC
19:02:54.345,322,litter_motion,220,357,107,324,334,390,COLOR_SEC
19:02:54.345,322,litter_motion,41,336,5,324,77,349,COLOR_SEC
19:02:54.345,322,litter_colour,1514,941,1482,916,1547,967,COLOR_SEC
19:02:54.345,322,litter_colour,1324,940,1296,915,1352,965,COLOR_SEC
19:02:54.345,322,litter_colour,464,626,411,606,517,647,COLOR_SEC
19:02:54.484,323,litter_motion,1516,952,1480,909,1552,995,COLOR_SEC
19:02:54.484,323,litter_motion,451,621,401,605,502,637,COLOR_SEC
19:02:54.484,323,litter_motion,126,426,76,408,176,444,COLOR_SEC
19:02:54.484,323,litter_motion,1413,348,1322,324,1505,373,COLOR_SEC
19:02:54.484,323,litter_motion,1173,362,1034,324,1313,401,COLOR_SEC
19:02:54.484,323,litter_motion,215,357,105,324,326,390,COLOR_SEC
19:02:54.484,323,litter_colour,1514,942,1483,917,1546,968,COLOR_SEC
19:02:54.484,323,litter_colour,1323,941,1295,916,1352,966,COLOR_SEC
19:02:54.484,323,litter_colour,461,626,408,606,514,647,COLOR_SEC
19:02:54.618,324,litter_motion,457,620,399,604,516,637,COLOR_SEC
19:02:54.618,324,litter_motion,130,426,87,408,174,445,COLOR_SEC
19:02:54.618,324,litter_motion,1417,348,1322,324,1513,373,COLOR_SEC
19:02:54.618,324,litter_motion,1174,363,1035,324,1314,402,COLOR_SEC
19:02:54.618,324,litter_motion,213,356,102,324,325,389,COLOR_SEC
19:02:54.618,324,litter_colour,1513,945,1480,918,1546,972,COLOR_SEC
19:02:54.618,324,litter_colour,1322,942,1294,917,1350,968,COLOR_SEC
19:02:54.618,324,litter_colour,458,626,404,606,513,647,COLOR_SEC
19:02:54.751,325,litter_motion,1514,948,1477,898,1552,998,COLOR_SEC
19:02:54.751,325,litter_motion,458,621,400,605,516,638,COLOR_SEC
19:02:54.751,325,litter_motion,319,469,174,414,464,525,COLOR_SEC
19:02:54.751,325,litter_motion,126,427,88,410,164,445,COLOR_SEC
19:02:54.751,325,litter_motion,1415,345,1322,324,1509,367,COLOR_SEC
19:02:54.751,325,litter_motion,1173,363,1034,324,1313,402,COLOR_SEC
19:02:54.751,325,litter_motion,213,356,100,324,326,389,COLOR_SEC
19:02:54.751,325,litter_colour,1513,946,1480,919,1546,973,COLOR_SEC
19:02:54.751,325,litter_colour,1321,943,1293,918,1350,969,COLOR_SEC
19:02:54.751,325,litter_colour,1746,783,1583,744,1909,823,COLOR_SEC
19:02:54.751,325,litter_colour,456,627,403,607,510,647,COLOR_SEC
19:02:54.751,325,litter_colour,282,463,189,426,375,500,COLOR_SEC
19:02:54.885,326,litter_motion,1515,953,1479,914,1552,993,COLOR_SEC
19:02:54.885,326,litter_motion,457,621,400,604,514,639,COLOR_SEC
19:02:54.885,326,litter_motion,124,427,85,410,163,444,COLOR_SEC
19:02:54.885,326,litter_motion,1420,347,1322,324,1518,371,COLOR_SEC
19:02:54.885,326,litter_motion,1173,363,1034,324,1313,402,COLOR_SEC
19:02:54.885,326,litter_motion,209,356,98,324,321,389,COLOR_SEC
19:02:54.885,326,litter_colour,1512,946,1479,920,1545,972,COLOR_SEC
19:02:54.885,326,litter_colour,1330,942,1283,915,1377,970,COLOR_SEC
19:02:54.885,326,litter_colour,1751,784,1582,744,1920,824,COLOR_SEC
19:02:54.885,326,litter_colour,453,627,400,607,507,647,COLOR_SEC
19:02:54.885,326,litter_colour,280,462,187,425,373,499,COLOR_SEC
19:02:55.021,327,litter_motion,1514,954,1479,914,1550,994,COLOR_SEC
19:02:55.021,327,litter_motion,1410,345,1322,324,1499,367,COLOR_SEC
19:02:55.021,327,litter_motion,1174,363,1035,324,1313,402,COLOR_SEC
19:02:55.021,327,litter_motion,221,358,121,324,322,392,COLOR_SEC
19:02:55.021,327,litter_colour,1512,947,1479,921,1545,973,COLOR_SEC
19:02:55.021,327,litter_colour,1750,784,1581,744,1920,824,COLOR_SEC
19:02:55.021,327,litter_colour,451,627,398,607,505,647,COLOR_SEC
19:02:55.021,327,litter_colour,621,345,545,324,698,367,COLOR_SEC
19:02:55.164,328,litter_motion,1514,955,1478,915,1550,995,COLOR_SEC
19:02:55.164,328,litter_motion,1417,347,1322,324,1513,371,COLOR_SEC
19:02:55.164,328,litter_motion,1174,363,1035,324,1313,402,COLOR_SEC
19:02:55.164,328,litter_motion,222,357,121,324,323,391,COLOR_SEC
19:02:55.164,328,litter_colour,1511,949,1478,922,1544,977,COLOR_SEC
19:02:55.164,328,litter_colour,1328,945,1281,917,1376,973,COLOR_SEC
19:02:55.164,328,litter_colour,1745,785,1580,745,1911,825,COLOR_SEC
19:02:55.164,328,litter_colour,450,627,396,607,504,647,COLOR_SEC
19:02:55.164,328,litter_colour,621,345,545,324,697,366,COLOR_SEC
19:02:55.300,329,litter_motion,1415,346,1322,324,1509,368,COLOR_SEC
19:02:55.300,329,litter_motion,1174,363,1035,324,1313,402,COLOR_SEC
19:02:55.300,329,litter_motion,221,357,120,324,323,390,COLOR_SEC
19:02:55.300,329,litter_colour,1510,949,1477,923,1544,976,COLOR_SEC
19:02:55.300,329,litter_colour,1750,785,1580,745,1920,825,COLOR_SEC
19:02:55.300,329,litter_colour,448,627,394,607,502,647,COLOR_SEC
19:02:55.300,329,litter_colour,620,345,545,324,696,366,COLOR_SEC
19:02:55.434,330,litter_motion,1410,343,1322,324,1499,363,COLOR_SEC
19:02:55.434,330,litter_motion,1173,363,1034,324,1313,402,COLOR_SEC
19:02:55.435,330,litter_motion,220,355,119,324,321,386,COLOR_SEC
19:02:55.435,330,litter_colour,1510,951,1477,924,1543,978,COLOR_SEC
19:02:55.435,330,litter_colour,1727,785,1580,745,1874,826,COLOR_SEC
19:02:55.435,330,litter_colour,1543,751,1508,731,1578,772,COLOR_SEC
19:02:55.435,330,litter_colour,446,627,392,607,500,647,COLOR_SEC
19:02:55.435,330,litter_colour,620,344,545,324,695,365,COLOR_SEC
19:02:55.570,331,litter_motion,1512,950,1476,917,1549,983,COLOR_SEC
19:02:55.570,331,litter_motion,101,509,0,458,202,560,COLOR_SEC
19:02:55.570,331,litter_motion,1415,343,1322,324,1509,363,COLOR_SEC
19:02:55.570,331,litter_motion,1173,361,1034,324,1313,399,COLOR_SEC
19:02:55.570,331,litter_motion,220,355,118,324,322,386,COLOR_SEC
19:02:55.570,331,litter_colour,1510,952,1476,925,1544,979,COLOR_SEC
19:02:55.570,331,litter_colour,1750,786,1580,746,1920,827,COLOR_SEC
19:02:55.570,331,litter_colour,1540,752,1508,731,1573,773,COLOR_SEC
19:02:55.570,331,litter_colour,443,626,390,606,496,647,COLOR_SEC
19:02:55.570,331,litter_colour,89,505,42,481,137,529,COLOR_SEC
19:02:55.570,331,litter_colour,620,344,545,324,695,365,COLOR_SEC
19:02:55.706,332,litter_motion,1416,343,1323,324,1509,363,COLOR_SEC
19:02:55.706,332,litter_motion,1172,363,1034,324,1311,402,COLOR_SEC
19:02:55.706,332,litter_motion,219,354,118,324,321,385,COLOR_SEC
19:02:55.706,332,litter_colour,1509,955,1476,927,1543,983,COLOR_SEC
19:02:55.706,332,litter_colour,1749,787,1579,746,1920,828,COLOR_SEC
19:02:55.706,332,litter_colour,1540,752,1507,732,1573,773,COLOR_SEC
19:02:55.706,332,litter_colour,442,626,388,606,496,647,COLOR_SEC
19:02:55.706,332,litter_colour,637,344,579,324,695,364,COLOR_SEC
19:02:55.842,333,litter_motion,103,508,0,457,206,560,COLOR_SEC
19:02:55.842,333,litter_motion,1416,343,1323,324,1509,363,COLOR_SEC
19:02:55.842,333,litter_motion,218,354,117,324,320,384,COLOR_SEC
19:02:55.842,333,litter_colour,1509,955,1476,928,1543,983,COLOR_SEC
19:02:55.842,333,litter_colour,1324,952,1276,924,1373,981,COLOR_SEC
19:02:55.842,333,litter_colour,1749,787,1579,746,1920,829,COLOR_SEC
19:02:55.842,333,litter_colour,1540,753,1508,732,1573,774,COLOR_SEC
19:02:55.842,333,litter_colour,440,626,387,605,494,647,COLOR_SEC
19:02:55.842,333,litter_colour,86,503,39,479,133,528,COLOR_SEC
19:02:55.842,333,litter_colour,619,344,545,324,694,364,COLOR_SEC
19:02:55.977,334,litter_motion,1416,343,1323,324,1509,363,COLOR_SEC
19:02:55.977,334,litter_motion,220,354,116,324,324,384,COLOR_SEC
19:02:55.977,334,litter_colour,1509,958,1476,930,1543,987,COLOR_SEC
19:02:55.977,334,litter_colour,1749,788,1579,747,1920,830,COLOR_SEC
19:02:55.977,334,litter_colour,1540,753,1507,733,1573,774,COLOR_SEC
19:02:55.977,334,litter_colour,450,626,407,605,493,647,COLOR_SEC
19:02:56.113,335,litter_motion,1417,343,1323,324,1512,363,COLOR_SEC
19:02:56.113,335,litter_motion,218,354,115,324,322,384,COLOR_SEC
19:02:56.113,335,litter_colour,1509,958,1475,931,1543,986,COLOR_SEC
19:02:56.113,335,litter_colour,1749,789,1579,748,1920,830,COLOR_SEC
19:02:56.113,335,litter_colour,1541,754,1507,733,1575,775,COLOR_SEC
19:02:56.113,335,litter_colour,448,626,405,605,491,647,COLOR_SEC
19:02:56.113,335,litter_colour,635,343,578,324,693,363,COLOR_SEC
19:02:56.249,336,litter_motion,1417,340,1323,324,1512,357,COLOR_SEC
19:02:56.249,336,litter_motion,218,353,114,324,322,383,COLOR_SEC
19:02:56.249,336,litter_colour,1321,957,1272,927,1371,987,COLOR_SEC
19:02:56.249,336,litter_colour,1749,791,1578,748,1920,835,COLOR_SEC
19:02:56.249,336,litter_colour,1541,755,1507,734,1575,776,COLOR_SEC
19:02:56.249,336,litter_colour,447,626,404,605,490,647,COLOR_SEC
19:02:56.249,336,litter_colour,635,343,578,324,693,363,COLOR_SEC
19:02:56.383,337,litter_motion,1417,340,1323,324,1512,357,COLOR_SEC
19:02:56.383,337,litter_motion,218,353,114,324,322,383,COLOR_SEC
19:02:56.383,337,litter_colour,1321,959,1272,929,1370,989,COLOR_SEC
19:02:56.383,337,litter_colour,1749,792,1578,749,1920,836,COLOR_SEC
19:02:56.383,337,litter_colour,445,626,402,605,489,647,COLOR_SEC
19:02:56.519,338,litter_motion,1417,340,1323,324,1511,357,COLOR_SEC
19:02:56.519,338,litter_motion,217,346,113,324,322,369,COLOR_SEC
19:02:56.519,338,litter_colour,607,788,568,770,647,807,COLOR_SEC
19:02:56.519,338,litter_colour,1729,793,1578,749,1881,837,COLOR_SEC
19:02:56.519,338,litter_colour,639,343,585,324,693,362,COLOR_SEC
19:02:56.658,339,litter_motion,1417,341,1323,324,1511,358,COLOR_SEC
19:02:56.658,339,litter_motion,216,353,112,324,320,382,COLOR_SEC
19:02:56.658,339,litter_colour,1729,794,1578,751,1881,837,COLOR_SEC
19:02:56.793,340,litter_motion,1417,341,1323,324,1511,358,COLOR_SEC
19:02:56.793,340,litter_motion,413,343,382,324,445,362,COLOR_SEC
19:02:56.793,340,litter_motion,218,353,117,324,320,382,COLOR_SEC
19:02:56.793,340,litter_colour,1367,792,1345,769,1390,815,COLOR_SEC
19:02:56.793,340,litter_colour,440,625,397,604,483,647,COLOR_SEC
19:02:56.930,341,litter_motion,1417,340,1323,324,1511,357,COLOR_SEC
19:02:56.930,341,litter_motion,409,340,381,324,438,356,COLOR_SEC
19:02:56.930,341,litter_motion,217,345,116,324,318,367,COLOR_SEC
19:02:56.930,341,litter_colour,1366,792,1344,770,1389,815,COLOR_SEC
19:02:56.930,341,litter_colour,1748,797,1576,752,1920,842,COLOR_SEC
19:02:56.930,341,litter_colour,260,454,168,418,353,491,COLOR_SEC
19:02:57.063,342,litter_motion,1410,337,1323,324,1497,351,COLOR_SEC
19:02:57.063,342,litter_motion,412,339,381,324,443,354,COLOR_SEC
19:02:57.063,342,litter_motion,214,348,116,324,312,373,COLOR_SEC
19:02:57.063,342,litter_colour,1366,793,1343,771,1389,816,COLOR_SEC
19:02:57.063,342,litter_colour,635,342,578,324,692,360,COLOR_SEC
19:02:57.209,343,litter_motion,1417,335,1323,324,1511,347,COLOR_SEC
19:02:57.209,343,litter_motion,405,339,379,324,432,354,COLOR_SEC
19:02:57.209,343,litter_motion,214,344,116,324,312,365,COLOR_SEC
19:02:57.209,343,litter_colour,1749,799,1578,754,1920,845,COLOR_SEC
19:02:57.209,343,litter_colour,635,342,578,324,693,360,COLOR_SEC
19:02:57.343,344,litter_motion,1420,335,1323,324,1517,347,COLOR_SEC
19:02:57.343,344,litter_motion,406,340,381,324,432,356,COLOR_SEC
19:02:57.343,344,litter_motion,212,344,115,324,309,365,COLOR_SEC
19:02:57.343,344,litter_colour,1365,795,1343,772,1388,818,COLOR_SEC
19:02:57.343,344,litter_colour,264,454,168,418,361,491,COLOR_SEC
19:02:57.343,344,litter_colour,636,341,579,324,693,359,COLOR_SEC
19:02:57.479,345,litter_motion,423,626,367,611,479,641,COLOR_SEC
19:02:57.479,345,litter_motion,1420,335,1323,324,1517,347,COLOR_SEC
19:02:57.479,345,litter_motion,406,339,382,324,431,355,COLOR_SEC
19:02:57.479,345,litter_motion,213,344,119,324,308,365,COLOR_SEC
19:02:57.479,345,litter_colour,1508,982,1472,951,1544,1013,COLOR_SEC
19:02:57.479,345,litter_colour,1134,952,1097,920,1172,985,COLOR_SEC
19:02:57.479,345,litter_colour,1365,796,1342,773,1388,819,COLOR_SEC
19:02:57.479,345,litter_colour,433,624,391,603,476,646,COLOR_SEC
19:02:57.479,345,litter_colour,261,453,168,417,354,490,COLOR_SEC
19:02:57.479,345,litter_colour,635,341,578,324,693,358,COLOR_SEC
19:02:57.614,346,litter_motion,122,758,0,709,245,807,COLOR_SEC
19:02:57.614,346,litter_motion,1420,335,1323,324,1517,347,COLOR_SEC
19:02:57.614,346,litter_motion,212,344,117,324,308,364,COLOR_SEC
19:02:57.614,346,litter_colour,1508,984,1472,953,1544,1016,COLOR_SEC
19:02:57.614,346,litter_colour,1132,955,1094,922,1170,988,COLOR_SEC
19:02:57.614,346,litter_colour,1365,797,1342,774,1388,820,COLOR_SEC
19:02:57.614,346,litter_colour,432,624,390,603,475,646,COLOR_SEC
19:02:57.614,346,litter_colour,261,453,168,417,355,489,COLOR_SEC
19:02:57.749,347,litter_motion,121,757,0,707,243,807,COLOR_SEC
19:02:57.749,347,litter_motion,1420,335,1323,324,1517,347,COLOR_SEC
19:02:57.749,347,litter_motion,214,346,118,324,310,368,COLOR_SEC
19:02:57.749,347,litter_colour,1508,987,1472,956,1545,1019,COLOR_SEC
19:02:57.749,347,litter_colour,1131,957,1094,923,1169,991,COLOR_SEC
19:02:57.749,347,litter_colour,1365,798,1342,775,1388,821,COLOR_SEC
19:02:57.749,347,litter_colour,431,624,389,602,474,646,COLOR_SEC
19:02:57.749,347,litter_colour,261,452,168,415,354,489,COLOR_SEC
19:02:57.881,348,litter_motion,123,757,0,707,246,808,COLOR_SEC
19:02:57.881,348,litter_motion,262,443,156,406,368,481,COLOR_SEC
19:02:57.881,348,litter_motion,1417,335,1323,324,1512,347,COLOR_SEC
19:02:57.881,348,litter_motion,214,346,119,324,310,369,COLOR_SEC
19:02:57.881,348,litter_colour,1508,990,1472,958,1545,1022,COLOR_SEC
19:02:57.881,348,litter_colour,1129,959,1091,925,1168,993,COLOR_SEC
19:02:57.881,348,litter_colour,1365,799,1342,776,1389,822,COLOR_SEC
19:02:57.881,348,litter_colour,431,624,388,602,474,646,COLOR_SEC
19:02:58.016,349,litter_motion,123,757,0,706,246,809,COLOR_SEC
19:02:58.016,349,litter_motion,1415,335,1323,324,1508,347,COLOR_SEC
19:02:58.016,349,litter_motion,215,343,120,324,311,362,COLOR_SEC
19:02:58.016,349,litter_colour,1509,993,1472,961,1546,1025,COLOR_SEC
19:02:58.016,349,litter_colour,430,623,388,602,472,645,COLOR_SEC
19:02:58.146,350,litter_motion,123,757,0,706,246,809,COLOR_SEC
19:02:58.146,350,litter_motion,433,623,388,608,478,638,COLOR_SEC
19:02:58.146,350,litter_motion,1415,335,1323,324,1508,347,COLOR_SEC
19:02:58.146,350,litter_motion,221,346,120,324,322,368,COLOR_SEC
19:02:58.146,350,litter_colour,1508,996,1472,964,1545,1029,COLOR_SEC
19:02:58.146,350,litter_colour,433,623,395,602,472,645,COLOR_SEC
19:02:58.282,351,litter_motion,432,624,388,608,476,640,COLOR_SEC
19:02:58.282,351,litter_motion,464,422,376,408,553,437,COLOR_SEC
19:02:58.282,351,litter_motion,1419,335,1323,324,1516,347,COLOR_SEC
19:02:58.282,351,litter_motion,220,346,121,324,320,368,COLOR_SEC
19:02:58.282,351,litter_colour,1509,999,1472,966,1546,1032,COLOR_SEC
19:02:58.282,351,litter_colour,432,623,395,601,470,645,COLOR_SEC
19:02:58.282,351,litter_colour,267,450,173,413,362,488,COLOR_SEC
19:02:58.412,352,litter_motion,420,623,343,609,498,638,COLOR_SEC
19:02:58.412,352,litter_motion,464,423,376,409,553,437,COLOR_SEC
19:02:58.412,352,litter_motion,1416,335,1323,324,1509,347,COLOR_SEC
19:02:58.412,352,litter_motion,217,346,122,324,312,368,COLOR_SEC
19:02:58.412,352,litter_colour,433,623,395,601,471,645,COLOR_SEC
19:02:58.554,353,litter_motion,409,625,342,609,476,642,COLOR_SEC
19:02:58.554,353,litter_motion,464,422,376,408,553,437,COLOR_SEC
19:02:58.554,353,litter_motion,1416,335,1323,324,1510,347,COLOR_SEC
19:02:58.554,353,litter_motion,217,341,122,324,312,358,COLOR_SEC
19:02:58.554,353,litter_colour,1307,996,1255,961,1360,1031,COLOR_SEC
19:02:58.554,353,litter_colour,431,622,393,600,470,645,COLOR_SEC
19:02:58.688,354,litter_motion,408,623,342,609,474,638,COLOR_SEC
19:02:58.688,354,litter_motion,343,508,313,490,373,526,COLOR_SEC
19:02:58.688,354,litter_motion,1416,335,1323,324,1510,347,COLOR_SEC
19:02:58.688,354,litter_motion,224,349,123,324,325,374,COLOR_SEC
19:02:58.688,354,litter_colour,1307,999,1254,965,1360,1034,COLOR_SEC
19:02:58.688,354,litter_colour,402,789,315,750,490,829,COLOR_SEC
19:02:58.688,354,litter_colour,431,622,393,600,470,645,COLOR_SEC
19:02:58.827,355,litter_motion,411,622,349,609,474,636,COLOR_SEC
19:02:58.827,355,litter_motion,342,508,312,490,373,526,COLOR_SEC
19:02:58.827,355,litter_motion,1420,335,1324,324,1517,347,COLOR_SEC
19:02:58.828,355,litter_motion,224,345,122,324,326,366,COLOR_SEC
19:02:58.828,355,litter_colour,401,789,314,750,489,828,COLOR_SEC
19:02:58.828,355,litter_colour,430,621,393,599,468,644,COLOR_SEC
19:02:58.964,356,litter_motion,408,622,342,608,474,637,COLOR_SEC
19:02:58.964,356,litter_motion,342,509,312,491,373,527,COLOR_SEC
19:02:58.964,356,litter_motion,1420,335,1323,324,1517,347,COLOR_SEC
19:02:58.964,356,litter_motion,224,340,122,324,327,357,COLOR_SEC
19:02:58.964,356,litter_colour,1172,1039,1149,1002,1196,1076,COLOR_SEC
19:02:58.964,356,litter_colour,1306,993,1253,966,1359,1021,COLOR_SEC
19:02:58.964,356,litter_colour,431,624,393,599,469,650,COLOR_SEC
19:02:59.102,357,litter_motion,411,622,349,608,474,637,COLOR_SEC
19:02:59.102,357,litter_motion,340,509,312,491,369,527,COLOR_SEC
19:02:59.102,357,litter_motion,1420,335,1323,324,1517,347,COLOR_SEC
19:02:59.102,357,litter_motion,224,340,121,324,328,357,COLOR_SEC
19:02:59.102,357,litter_colour,430,621,393,599,468,643,COLOR_SEC
19:02:59.102,357,litter_colour,64,506,0,468,128,545,COLOR_SEC
19:02:59.240,358,litter_motion,411,623,348,608,475,639,COLOR_SEC
19:02:59.240,358,litter_motion,340,509,312,491,368,527,COLOR_SEC
19:02:59.240,358,litter_motion,1419,335,1323,324,1516,347,COLOR_SEC
19:02:59.240,358,litter_colour,427,620,383,598,471,643,COLOR_SEC
19:02:59.240,358,litter_colour,66,506,0,467,132,545,COLOR_SEC
19:02:59.240,358,litter_colour,397,383,377,352,417,414,COLOR_SEC
19:02:59.375,359,litter_motion,413,622,349,608,478,636,COLOR_SEC
19:02:59.376,359,litter_motion,328,508,288,489,368,527,COLOR_SEC
19:02:59.376,359,litter_motion,1417,335,1323,324,1512,346,COLOR_SEC
19:02:59.376,359,litter_colour,432,619,394,597,471,642,COLOR_SEC
19:02:59.376,359,litter_colour,397,382,376,351,419,414,COLOR_SEC
19:02:59.527,360,litter_motion,1523,1024,1480,987,1567,1061,COLOR_SEC
19:02:59.527,360,litter_motion,340,509,312,492,368,527,COLOR_SEC
19:02:59.527,360,litter_motion,1417,335,1323,324,1512,346,COLOR_SEC
19:02:59.527,360,litter_colour,524,898,493,878,556,919,COLOR_SEC
19:02:59.527,360,litter_colour,425,619,382,597,469,642,COLOR_SEC
19:02:59.527,360,litter_colour,668,337,631,324,706,350,COLOR_SEC
19:02:59.663,361,litter_motion,1524,1030,1480,983,1569,1077,COLOR_SEC
19:02:59.663,361,litter_motion,1420,335,1323,324,1518,346,COLOR_SEC
19:02:59.663,361,litter_colour,522,898,490,879,555,918,COLOR_SEC
19:02:59.663,361,litter_colour,427,619,383,597,471,642,COLOR_SEC
19:02:59.663,361,litter_colour,669,336,632,324,707,349,COLOR_SEC
19:02:59.799,362,litter_motion,1525,1032,1481,984,1570,1080,COLOR_SEC
19:02:59.799,362,litter_motion,1416,335,1321,324,1512,346,COLOR_SEC
19:02:59.799,362,litter_colour,520,898,490,879,550,918,COLOR_SEC
19:02:59.799,362,litter_colour,431,618,394,596,468,641,COLOR_SEC
19:02:59.799,362,litter_colour,671,336,633,324,709,349,COLOR_SEC
19:02:59.936,363,litter_motion,1527,1026,1482,986,1572,1067,COLOR_SEC
19:02:59.936,363,litter_motion,436,622,395,606,478,638,COLOR_SEC
19:02:59.936,363,litter_motion,1415,335,1321,324,1510,346,COLOR_SEC
19:02:59.936,363,litter_colour,429,618,386,595,472,641,COLOR_SEC
19:02:59.936,363,litter_colour,66,515,6,489,127,541,COLOR_SEC
19:02:59.936,363,litter_colour,672,336,635,324,710,348,COLOR_SEC
19:03:00.070,364,litter_motion,1527,1029,1483,989,1572,1069,COLOR_SEC
19:03:00.071,364,litter_motion,433,618,388,606,478,631,COLOR_SEC
19:03:00.071,364,litter_motion,1415,335,1321,324,1510,346,COLOR_SEC
19:03:00.071,364,litter_colour,426,623,383,595,469,652,COLOR_SEC
19:03:00.071,364,litter_colour,71,502,8,464,135,540,COLOR_SEC
19:03:00.071,364,litter_colour,666,336,636,324,696,348,COLOR_SEC
19:03:00.203,365,litter_motion,1533,1035,1493,992,1573,1078,COLOR_SEC
19:03:00.203,365,litter_motion,433,617,388,606,478,629,COLOR_SEC
19:03:00.203,365,litter_motion,1416,335,1321,324,1512,346,COLOR_SEC
19:03:00.203,365,litter_motion,792,338,748,324,836,352,COLOR_SEC
19:03:00.203,365,litter_colour,417,617,362,595,473,640,COLOR_SEC
19:03:00.203,365,litter_colour,70,513,10,487,130,540,COLOR_SEC
19:03:00.203,365,litter_colour,675,336,637,324,713,348,COLOR_SEC
19:03:00.337,366,litter_motion,1534,1037,1495,994,1574,1080,COLOR_SEC
19:03:00.338,366,litter_motion,1419,335,1321,324,1518,346,COLOR_SEC
19:03:00.338,366,litter_colour,1520,1037,1482,1001,1559,1074,COLOR_SEC
19:03:00.338,366,litter_colour,212,811,183,790,242,833,COLOR_SEC
19:03:00.338,366,litter_colour,427,616,384,594,470,639,COLOR_SEC
19:03:00.338,366,litter_colour,676,335,639,324,714,347,COLOR_SEC
19:03:00.474,367,litter_motion,1525,1038,1478,996,1572,1080,COLOR_SEC
19:03:00.474,367,litter_motion,439,619,400,606,478,633,COLOR_SEC
19:03:00.474,367,litter_motion,1416,335,1321,324,1512,346,COLOR_SEC
19:03:00.474,367,litter_motion,217,339,125,324,310,355,COLOR_SEC
19:03:00.474,367,litter_colour,213,809,188,794,239,825,COLOR_SEC
19:03:00.474,367,litter_colour,417,619,364,593,470,646,COLOR_SEC
19:03:00.474,367,litter_colour,74,511,14,485,134,538,COLOR_SEC
19:03:00.474,367,litter_colour,678,335,641,324,716,347,COLOR_SEC
19:03:00.609,368,litter_motion,1532,1039,1489,999,1575,1080,COLOR_SEC
19:03:00.609,368,litter_motion,439,619,400,605,478,633,COLOR_SEC
19:03:00.609,368,litter_motion,226,349,159,327,293,372,COLOR_SEC
19:03:00.609,368,litter_motion,1415,335,1321,324,1510,346,COLOR_SEC
19:03:00.609,368,litter_motion,1183,345,1055,324,1311,367,COLOR_SEC
19:03:00.609,368,litter_colour,215,809,188,794,242,825,COLOR_SEC
19:03:00.609,368,litter_colour,417,616,365,593,470,639,COLOR_SEC
19:03:00.609,368,litter_colour,679,335,642,324,717,347,COLOR_SEC
19:03:00.747,369,litter_motion,83,764,0,724,166,805,COLOR_SEC
19:03:00.747,369,litter_motion,204,342,157,326,252,358,COLOR_SEC
19:03:00.747,369,litter_motion,1417,335,1321,324,1513,346,COLOR_SEC
19:03:00.747,369,litter_motion,1185,345,1059,324,1311,367,COLOR_SEC
19:03:00.747,369,litter_colour,215,809,188,794,243,824,COLOR_SEC
19:03:00.747,369,litter_colour,419,616,366,593,472,639,COLOR_SEC
19:03:00.881,370,litter_motion,88,764,0,724,176,805,COLOR_SEC
19:03:00.881,370,litter_motion,1417,335,1321,324,1514,346,COLOR_SEC
19:03:00.881,370,litter_motion,1183,344,1055,324,1311,365,COLOR_SEC
19:03:00.881,370,litter_motion,233,340,125,324,341,357,COLOR_SEC
19:03:00.881,370,litter_colour,1301,1019,1256,997,1347,1042,COLOR_SEC
19:03:00.881,370,litter_colour,213,812,184,793,243,832,COLOR_SEC
19:03:00.881,370,litter_colour,420,621,368,592,472,650,COLOR_SEC
19:03:01.017,371,litter_motion,88,763,0,723,177,804,COLOR_SEC
19:03:01.017,371,litter_motion,1420,335,1322,324,1518,346,COLOR_SEC
19:03:01.017,371,litter_motion,1183,345,1055,324,1311,366,COLOR_SEC
19:03:01.017,371,litter_motion,218,341,125,324,312,359,COLOR_SEC
19:03:01.017,371,litter_colour,1313,1027,1257,996,1369,1059,COLOR_SEC
19:03:01.017,371,litter_colour,283,983,236,957,330,1009,COLOR_SEC
19:03:01.017,371,litter_colour,435,615,399,592,472,638,COLOR_SEC
19:03:01.154,372,litter_motion,88,763,0,723,177,804,COLOR_SEC
19:03:01.154,372,litter_motion,1420,335,1322,324,1518,346,COLOR_SEC
19:03:01.154,372,litter_motion,1183,345,1055,324,1311,366,COLOR_SEC
19:03:01.154,372,litter_colour,1319,1036,1268,1010,1371,1062,COLOR_SEC
19:03:01.154,372,litter_colour,216,808,190,793,242,824,COLOR_SEC
19:03:01.154,372,litter_colour,425,614,370,591,480,638,COLOR_SEC
19:03:01.289,373,litter_motion,88,762,0,722,177,803,COLOR_SEC
19:03:01.289,373,litter_motion,1184,344,1057,324,1311,364,COLOR_SEC
19:03:01.289,373,litter_colour,1312,1030,1272,1012,1353,1049,COLOR_SEC
19:03:01.289,373,litter_colour,215,811,186,793,244,830,COLOR_SEC
19:03:01.289,373,litter_colour,397,790,312,751,483,830,COLOR_SEC
19:03:01.289,373,litter_colour,424,615,372,593,476,637,COLOR_SEC
19:03:01.427,374,litter_motion,90,762,0,721,180,803,COLOR_SEC
19:03:01.427,374,litter_motion,1183,345,1056,324,1311,366,COLOR_SEC
19:03:01.427,374,litter_colour,1308,1028,1262,1004,1354,1052,COLOR_SEC
19:03:01.427,374,litter_colour,753,854,709,826,798,883,COLOR_SEC
19:03:01.427,374,litter_colour,214,811,186,792,243,830,COLOR_SEC
19:03:01.427,374,litter_colour,425,615,373,594,477,637,COLOR_SEC
19:03:01.427,374,litter_colour,106,495,56,458,157,533,COLOR_SEC
19:03:01.564,375,litter_motion,1538,1041,1507,1016,1569,1067,COLOR_SEC
19:03:01.564,375,litter_motion,90,761,0,721,181,802,COLOR_SEC
19:03:01.564,375,litter_motion,111,515,0,442,223,588,COLOR_SEC
19:03:01.564,375,litter_motion,213,343,149,332,277,355,COLOR_SEC
19:03:01.564,375,litter_motion,1183,345,1057,324,1309,366,COLOR_SEC
19:03:01.564,375,litter_colour,1544,1053,1505,1026,1584,1080,COLOR_SEC
19:03:01.564,375,litter_colour,1315,1035,1273,1017,1357,1054,COLOR_SEC
19:03:01.564,375,litter_colour,838,868,791,843,885,893,COLOR_SEC
19:03:01.564,375,litter_colour,754,852,717,827,791,877,COLOR_SEC
19:03:01.564,375,litter_colour,219,806,192,791,246,822,COLOR_SEC
19:03:01.564,375,litter_colour,429,614,374,592,484,636,COLOR_SEC
19:03:01.564,375,litter_colour,109,493,60,456,159,531,COLOR_SEC
19:03:01.697,376,litter_motion,1319,1037,1280,1022,1359,1052,COLOR_SEC
19:03:01.698,376,litter_motion,1531,1048,1490,1020,1572,1077,COLOR_SEC
19:03:01.698,376,litter_motion,91,760,0,720,183,800,COLOR_SEC
19:03:01.698,376,litter_motion,113,514,0,441,226,588,COLOR_SEC
19:03:01.698,376,litter_motion,1183,345,1057,324,1309,366,COLOR_SEC
19:03:01.698,376,litter_colour,1536,1054,1508,1028,1564,1080,COLOR_SEC
19:03:01.698,376,litter_colour,1317,1038,1275,1019,1359,1057,COLOR_SEC
19:03:01.698,376,litter_colour,839,869,792,844,886,895,COLOR_SEC
19:03:01.698,376,litter_colour,432,613,376,592,489,635,COLOR_SEC
19:03:01.698,376,litter_colour,113,492,62,455,164,530,COLOR_SEC
19:03:01.831,377,litter_motion,1539,1045,1505,1022,1573,1068,COLOR_SEC
19:03:01.831,377,litter_motion,118,514,0,441,236,588,COLOR_SEC
19:03:01.831,377,litter_motion,1185,345,1063,324,1307,366,COLOR_SEC
19:03:01.831,377,litter_colour,1543,1055,1511,1031,1576,1080,COLOR_SEC
19:03:01.831,377,litter_colour,1314,1034,1268,1010,1361,1059,COLOR_SEC
19:03:01.831,377,litter_colour,513,906,482,885,544,927,COLOR_SEC
19:03:01.831,377,litter_colour,839,869,793,844,886,895,COLOR_SEC
19:03:01.831,377,litter_colour,220,805,194,790,247,821,COLOR_SEC
19:03:01.831,377,litter_colour,433,612,378,590,488,634,COLOR_SEC
19:03:01.831,377,litter_colour,118,492,67,455,169,529,COLOR_SEC
19:03:01.963,378,litter_motion,1543,1047,1512,1025,1574,1069,COLOR_SEC
19:03:01.963,378,litter_motion,1139,1029,1117,1002,1161,1057,COLOR_SEC
19:03:01.963,378,litter_motion,87,761,0,724,174,799,COLOR_SEC
19:03:01.963,378,litter_motion,339,652,286,604,393,701,COLOR_SEC
19:03:01.963,378,litter_motion,119,514,0,440,238,588,COLOR_SEC
19:03:01.963,378,litter_motion,212,343,159,333,265,354,COLOR_SEC
19:03:01.963,378,litter_motion,1181,345,1061,324,1302,366,COLOR_SEC
19:03:01.963,378,litter_colour,626,1062,598,1045,655,1080,COLOR_SEC
19:03:01.963,378,litter_colour,1543,1057,1515,1034,1571,1080,COLOR_SEC
19:03:01.963,378,litter_colour,1132,1028,1083,977,1181,1080,COLOR_SEC
19:03:01.963,378,litter_colour,514,906,482,885,547,928,COLOR_SEC
19:03:01.963,378,litter_colour,221,805,195,790,247,820,COLOR_SEC
19:03:01.963,378,litter_colour,434,612,380,591,489,634,COLOR_SEC
19:03:02.098,379,litter_motion,1543,1048,1515,1028,1572,1068,COLOR_SEC
19:03:02.098,379,litter_motion,1140,1032,1118,1004,1163,1060,COLOR_SEC
19:03:02.098,379,litter_motion,336,650,288,603,384,698,COLOR_SEC
19:03:02.098,379,litter_motion,1180,345,1062,324,1298,366,COLOR_SEC
19:03:02.098,379,litter_colour,626,1063,598,1046,655,1080,COLOR_SEC
19:03:02.098,379,litter_colour,1125,1023,1084,983,1166,1063,COLOR_SEC
19:03:02.098,379,litter_colour,514,903,483,885,545,922,COLOR_SEC
19:03:02.098,379,litter_colour,222,804,196,789,249,819,COLOR_SEC
19:03:02.098,379,litter_colour,437,611,381,590,494,633,COLOR_SEC
19:03:02.241,380,litter_motion,1543,1049,1514,1032,1572,1067,COLOR_SEC
19:03:02.241,380,litter_motion,1142,1034,1120,1006,1165,1062,COLOR_SEC
19:03:02.241,380,litter_motion,343,651,288,604,398,698,COLOR_SEC
19:03:02.241,380,litter_motion,1178,345,1061,324,1296,366,COLOR_SEC
19:03:02.241,380,litter_colour,627,1063,599,1047,655,1080,COLOR_SEC
19:03:02.241,380,litter_colour,1128,1032,1071,985,1185,1080,COLOR_SEC
19:03:02.241,380,litter_colour,515,903,483,885,547,922,COLOR_SEC
19:03:02.241,380,litter_colour,223,804,196,789,250,819,COLOR_SEC
19:03:02.241,380,litter_colour,437,610,383,587,492,633,COLOR_SEC
19:03:02.241,380,litter_colour,94,489,11,453,178,526,COLOR_SEC
19:03:02.376,381,litter_motion,1546,1051,1518,1035,1575,1068,COLOR_SEC
19:03:02.376,381,litter_motion,1144,1036,1122,1008,1167,1064,COLOR_SEC
19:03:02.376,381,litter_motion,338,651,285,603,392,700,COLOR_SEC
19:03:02.376,381,litter_motion,874,475,786,456,962,495,COLOR_SEC
19:03:02.376,381,litter_motion,1191,345,1088,324,1295,366,COLOR_SEC
19:03:02.376,381,litter_colour,627,1064,600,1048,655,1080,COLOR_SEC
19:03:02.376,381,litter_colour,1129,1033,1072,987,1187,1080,COLOR_SEC
19:03:02.376,381,litter_colour,514,904,483,885,545,923,COLOR_SEC
19:03:02.376,381,litter_colour,225,802,198,787,252,817,COLOR_SEC
19:03:02.376,381,litter_colour,107,488,33,451,182,525,COLOR_SEC
19:03:02.376,381,litter_colour,438,369,422,340,454,398,COLOR_SEC
19:03:02.511,382,litter_motion,1554,1055,1529,1039,1579,1072,COLOR_SEC
19:03:02.511,382,litter_motion,1146,1039,1124,1011,1169,1068,COLOR_SEC
19:03:02.511,382,litter_motion,344,651,314,603,375,699,COLOR_SEC
19:03:02.511,382,litter_motion,867,475,789,456,945,495,COLOR_SEC
19:03:02.511,382,litter_motion,1178,345,1062,324,1295,366,COLOR_SEC
19:03:02.511,382,litter_colour,628,1065,601,1050,655,1080,COLOR_SEC
19:03:02.511,382,litter_colour,1139,1034,1089,989,1189,1080,COLOR_SEC
19:03:02.511,382,litter_colour,515,903,484,885,546,922,COLOR_SEC
19:03:02.511,382,litter_colour,103,487,20,451,187,524,COLOR_SEC
19:03:02.646,383,litter_motion,330,651,286,603,375,699,COLOR_SEC
19:03:02.646,383,litter_motion,877,477,790,459,964,495,COLOR_SEC
19:03:02.646,383,litter_motion,1184,345,1062,324,1306,366,COLOR_SEC
19:03:02.646,383,litter_colour,628,1065,602,1051,655,1080,COLOR_SEC
19:03:02.646,383,litter_colour,1141,1035,1091,992,1191,1078,COLOR_SEC
19:03:02.646,383,litter_colour,515,904,484,885,547,923,COLOR_SEC
19:03:02.646,383,litter_colour,227,801,201,787,254,816,COLOR_SEC
19:03:02.780,384,litter_motion,336,647,286,600,387,694,COLOR_SEC
19:03:02.791,384,litter_motion,1183,345,1061,324,1306,366,COLOR_SEC
19:03:02.791,384,litter_colour,1135,1035,1093,994,1177,1077,COLOR_SEC
19:03:02.791,384,litter_colour,516,905,485,886,547,925,COLOR_SEC
19:03:02.791,384,litter_colour,119,486,46,450,193,522,COLOR_SEC
19:03:02.926,385,litter_motion,1348,1063,1307,1046,1389,1080,COLOR_SEC
19:03:02.926,385,litter_motion,350,648,315,604,385,692,COLOR_SEC
19:03:02.926,385,litter_motion,1183,345,1061,324,1306,366,COLOR_SEC
19:03:02.926,385,litter_colour,1344,1062,1300,1044,1389,1080,COLOR_SEC
19:03:02.926,385,litter_colour,1138,1038,1096,997,1180,1080,COLOR_SEC
19:03:02.926,385,litter_colour,517,905,486,886,548,924,COLOR_SEC
19:03:02.926,385,litter_colour,231,800,204,785,258,815,COLOR_SEC
19:03:03.060,386,litter_motion,1352,1065,1310,1050,1394,1080,COLOR_SEC
19:03:03.060,386,litter_motion,1183,343,1061,324,1306,362,COLOR_SEC
19:03:03.060,386,litter_motion,852,351,665,324,1039,379,COLOR_SEC
19:03:03.060,386,litter_colour,1355,1063,1304,1047,1406,1080,COLOR_SEC
19:03:03.060,386,litter_colour,1137,1036,1076,993,1199,1080,COLOR_SEC
19:03:03.060,386,litter_colour,518,909,487,887,550,932,COLOR_SEC
19:03:03.192,387,litter_motion,1354,1067,1312,1055,1397,1080,COLOR_SEC
19:03:03.192,387,litter_motion,338,647,286,598,390,696,COLOR_SEC
19:03:03.193,387,litter_motion,1183,343,1061,324,1306,362,COLOR_SEC
19:03:03.193,387,litter_colour,1352,1066,1307,1052,1397,1080,COLOR_SEC
19:03:03.193,387,litter_colour,519,907,488,888,551,927,COLOR_SEC
19:03:03.328,388,litter_motion,351,654,314,618,389,691,COLOR_SEC
19:03:03.328,388,litter_motion,1167,343,1057,324,1278,362,COLOR_SEC
19:03:03.328,388,litter_colour,1346,1068,1311,1056,1381,1080,COLOR_SEC
19:03:03.466,389,litter_motion,347,644,304,612,390,676,COLOR_SEC
19:03:03.466,389,litter_motion,1169,341,1061,324,1278,359,COLOR_SEC
19:03:03.466,389,litter_colour,149,482,69,447,229,518,COLOR_SEC
19:03:03.600,390,litter_motion,355,651,314,614,396,688,COLOR_SEC
19:03:03.600,390,litter_motion,131,496,0,409,262,583,COLOR_SEC
19:03:03.600,390,litter_motion,1183,341,1061,324,1306,359,COLOR_SEC
19:03:03.600,390,litter_colour,777,859,746,835,808,884,COLOR_SEC
19:03:03.600,390,litter_colour,141,482,62,446,220,518,COLOR_SEC
19:03:03.734,391,litter_motion,1182,341,1057,324,1308,359,COLOR_SEC
19:03:03.734,391,litter_colour,778,860,747,837,810,884,COLOR_SEC
19:03:03.734,391,litter_colour,158,488,104,459,212,517,COLOR_SEC
19:03:03.866,392,litter_motion,356,650,302,613,411,688,COLOR_SEC
19:03:03.866,392,litter_colour,780,866,749,838,812,894,COLOR_SEC
19:03:03.866,392,litter_colour,156,480,73,445,239,516,COLOR_SEC
19:03:03.998,393,litter_motion,1199,341,1092,324,1306,359,COLOR_SEC
19:03:03.999,393,litter_colour,788,861,763,839,813,884,COLOR_SEC
19:03:03.999,393,litter_colour,336,588,305,569,367,607,COLOR_SEC
19:03:04.134,394,litter_motion,1181,343,1055,324,1308,362,COLOR_SEC
19:03:04.134,394,litter_colour,783,868,752,840,815,897,COLOR_SEC
19:03:04.134,394,litter_colour,428,783,347,747,510,820,COLOR_SEC
19:03:04.134,394,litter_colour,322,588,276,569,368,607,COLOR_SEC
19:03:04.269,395,litter_motion,1183,340,1060,324,1306,357,COLOR_SEC
19:03:04.269,395,litter_colour,785,864,753,841,817,888,COLOR_SEC
19:03:04.269,395,litter_colour,429,785,347,751,512,820,COLOR_SEC
19:03:04.269,395,litter_colour,334,587,299,568,370,607,COLOR_SEC
19:03:04.404,396,litter_motion,353,647,311,613,395,682,COLOR_SEC
19:03:04.404,396,litter_motion,1184,340,1061,324,1307,357,COLOR_SEC
19:03:04.405,396,litter_colour,786,866,755,843,818,889,COLOR_SEC
19:03:04.405,396,litter_colour,431,785,349,750,513,820,COLOR_SEC
19:03:04.405,396,litter_colour,358,582,301,557,416,607,COLOR_SEC
19:03:04.536,397,litter_motion,1182,343,1057,324,1307,362,COLOR_SEC
19:03:04.536,397,litter_colour,794,867,768,844,820,890,COLOR_SEC
19:03:04.536,397,litter_colour,432,785,351,751,514,820,COLOR_SEC
19:03:04.536,397,litter_colour,351,586,324,568,379,605,COLOR_SEC
19:03:04.669,398,litter_motion,910,472,849,450,972,495,COLOR_SEC
19:03:04.669,398,litter_motion,1182,343,1057,324,1307,362,COLOR_SEC
19:03:04.669,398,litter_colour,789,868,757,845,821,892,COLOR_SEC
19:03:04.669,398,litter_colour,434,786,353,751,515,821,COLOR_SEC
19:03:04.801,399,litter_motion,911,473,856,451,966,495,COLOR_SEC
19:03:04.801,399,litter_motion,1186,340,1066,324,1307,357,COLOR_SEC
19:03:04.801,399,litter_colour,797,869,771,846,823,893,COLOR_SEC
19:03:04.801,399,litter_colour,418,787,355,754,482,821,COLOR_SEC
19:03:04.933,400,litter_motion,910,473,857,451,964,495,COLOR_SEC
19:03:04.933,400,litter_motion,1187,340,1067,324,1307,357,COLOR_SEC
19:03:04.933,400,litter_colour,791,871,759,847,824,895,COLOR_SEC
19:03:04.933,400,litter_colour,437,786,356,750,519,822,COLOR_SEC
19:03:04.933,400,litter_colour,354,585,321,565,388,605,COLOR_SEC
19:03:05.071,401,litter_motion,911,476,853,458,969,495,COLOR_SEC
19:03:05.071,401,litter_motion,1187,340,1067,324,1307,357,COLOR_SEC
19:03:05.071,401,litter_colour,799,871,773,848,826,895,COLOR_SEC
19:03:05.071,401,litter_colour,420,787,357,754,484,821,COLOR_SEC
19:03:05.205,402,litter_motion,1188,340,1069,324,1307,357,COLOR_SEC
19:03:05.205,402,litter_colour,863,903,824,875,902,932,COLOR_SEC
19:03:05.340,403,litter_motion,1187,340,1069,324,1306,357,COLOR_SEC
19:03:05.340,403,litter_colour,865,904,827,876,904,933,COLOR_SEC
19:03:05.340,403,litter_colour,426,787,361,753,492,821,COLOR_SEC
19:03:05.475,404,litter_motion,1186,340,1067,324,1306,356,COLOR_SEC
19:03:05.475,404,litter_colour,867,906,828,878,906,934,COLOR_SEC
19:03:05.609,405,litter_motion,1175,340,1067,324,1283,356,COLOR_SEC
19:03:05.609,405,litter_colour,870,908,831,879,909,937,COLOR_SEC
19:03:05.609,405,litter_colour,431,787,366,753,497,821,COLOR_SEC
19:03:05.741,406,litter_motion,1176,341,1069,326,1283,356,COLOR_SEC
19:03:05.741,406,litter_colour,872,909,833,880,912,938,COLOR_SEC
19:03:05.741,406,litter_colour,432,786,369,752,496,820,COLOR_SEC
19:03:05.870,407,litter_motion,1187,340,1068,324,1306,356,COLOR_SEC
19:03:05.870,407,litter_colour,875,911,835,881,915,941,COLOR_SEC
19:03:06.003,408,litter_colour,428,927,409,900,448,955,COLOR_SEC
19:03:06.003,408,litter_colour,877,911,837,882,917,940,COLOR_SEC
19:03:06.138,409,litter_colour,434,927,417,900,451,955,COLOR_SEC
19:03:06.271,410,litter_colour,436,926,420,899,453,954,COLOR_SEC
19:03:06.406,411,litter_colour,439,925,423,898,456,953,COLOR_SEC
19:03:06.800,414,litter_colour,558,923,528,901,589,946,COLOR_SEC
19:03:07.996,423,litter_motion,86,478,0,452,172,505,COLOR_SEC
19:03:08.130,424,litter_motion,86,465,0,425,172,505,COLOR_SEC
19:03:08.261,425,litter_motion,86,464,0,424,172,505,COLOR_SEC
19:03:08.392,426,litter_motion,86,464,0,424,172,505,COLOR_SEC
19:03:08.523,427,litter_motion,86,468,0,431,172,505,COLOR_SEC
19:03:08.652,428,litter_motion,117,521,68,505,166,537,COLOR_SEC
19:03:08.652,428,litter_motion,91,468,10,432,172,505,COLOR_SEC
19:03:08.783,429,litter_motion,112,521,68,505,157,537,COLOR_SEC
19:03:08.783,429,litter_motion,97,469,22,434,172,505,COLOR_SEC
19:03:08.913,430,litter_motion,1514,809,1460,779,1568,839,COLOR_SEC
19:03:08.913,430,litter_motion,119,520,81,505,157,535,COLOR_SEC
19:03:09.041,431,litter_motion,1516,814,1462,788,1571,840,COLOR_SEC
19:03:09.171,432,litter_motion,1510,816,1460,790,1561,842,COLOR_SEC
19:03:09.171,432,litter_motion,106,479,45,457,167,501,COLOR_SEC
19:03:09.303,433,litter_motion,1496,809,1460,793,1533,825,COLOR_SEC
19:03:09.303,433,litter_motion,108,479,50,458,167,501,COLOR_SEC
19:03:09.433,434,litter_motion,1513,816,1467,792,1560,840,COLOR_SEC
19:03:09.433,434,litter_motion,454,629,415,609,494,650,COLOR_SEC
19:03:09.433,434,litter_motion,112,475,57,458,167,492,COLOR_SEC
19:03:09.561,435,litter_motion,116,475,65,458,167,492,COLOR_SEC
19:03:09.689,436,litter_motion,1497,811,1445,790,1549,833,COLOR_SEC
19:03:09.689,436,litter_motion,117,471,67,458,167,484,COLOR_SEC
19:03:09.818,437,litter_motion,459,631,411,611,508,652,COLOR_SEC
19:03:09.818,437,litter_motion,117,471,67,458,167,484,COLOR_SEC
19:03:09.947,438,litter_motion,1506,816,1451,798,1562,835,COLOR_SEC
19:03:09.947,438,litter_motion,453,629,413,608,493,650,COLOR_SEC
19:03:09.947,438,litter_motion,117,471,67,458,167,484,COLOR_SEC
19:03:10.075,439,litter_motion,465,630,416,609,514,651,COLOR_SEC
19:03:10.205,440,litter_motion,1489,815,1460,798,1519,832,COLOR_SEC
19:03:10.205,440,litter_motion,463,630,413,608,514,652,COLOR_SEC
19:03:10.332,441,litter_motion,1495,815,1465,793,1526,837,COLOR_SEC
19:03:10.332,441,litter_motion,469,628,416,609,522,647,COLOR_SEC
19:03:10.460,442,litter_motion,1498,819,1472,797,1525,842,COLOR_SEC
19:03:10.460,442,litter_motion,464,627,416,609,513,645,COLOR_SEC
19:03:10.590,443,litter_motion,1498,819,1466,790,1531,848,COLOR_SEC
19:03:10.590,443,litter_motion,464,624,406,598,522,650,COLOR_SEC
19:03:10.716,444,litter_motion,1519,825,1494,803,1544,848,COLOR_SEC
19:03:10.716,444,litter_motion,454,629,416,607,493,651,COLOR_SEC
19:03:10.846,445,litter_motion,456,631,418,611,494,652,COLOR_SEC
19:03:10.973,446,litter_motion,455,629,415,609,495,650,COLOR_SEC
19:03:11.102,447,litter_motion,1488,806,1410,787,1567,825,COLOR_SEC
19:03:11.102,447,litter_motion,466,631,424,611,509,652,COLOR_SEC
19:03:11.102,447,litter_colour,745,357,700,324,790,391,COLOR_SEC
19:03:11.228,448,litter_motion,1493,808,1412,785,1575,832,COLOR_SEC
19:03:11.228,448,litter_motion,463,625,420,609,506,641,COLOR_SEC
19:03:11.228,448,litter_motion,751,346,696,324,807,368,COLOR_SEC
19:03:11.228,448,litter_colour,752,358,708,324,797,392,COLOR_SEC
19:03:11.357,449,litter_colour,759,358,713,324,805,392,COLOR_SEC
19:03:11.486,450,litter_motion,1486,810,1429,783,1544,838,COLOR_SEC
19:03:11.615,451,litter_motion,1487,812,1435,784,1539,841,COLOR_SEC
19:03:11.615,451,litter_motion,734,345,599,324,869,367,COLOR_SEC
19:03:11.746,452,litter_motion,1494,817,1441,788,1547,847,COLOR_SEC
19:03:11.746,452,litter_motion,756,345,711,324,802,367,COLOR_SEC
19:03:11.875,453,litter_motion,1503,821,1451,791,1555,851,COLOR_SEC
19:03:12.001,454,litter_motion,1508,822,1457,788,1560,856,COLOR_SEC
19:03:12.127,455,litter_motion,1509,828,1462,792,1557,865,COLOR_SEC
19:03:12.268,456,litter_motion,1511,828,1464,791,1559,866,COLOR_SEC
19:03:12.398,457,litter_motion,1512,832,1461,791,1564,874,COLOR_SEC
19:03:12.905,461,litter_motion,1118,1032,1095,1016,1142,1049,COLOR_SEC
19:03:12.905,461,litter_colour,1117,1038,1093,1014,1142,1063,COLOR_SEC
19:03:15.051,478,litter_motion,912,341,879,324,945,358,COLOR_SEC
19:03:15.179,479,litter_motion,63,458,0,440,127,477,COLOR_SEC
19:03:15.180,479,litter_motion,917,340,884,324,950,357,COLOR_SEC
19:03:15.222,480,litter_yolo,355,710,0,362,710,1058,YOLO
19:03:15.353,481,litter_yolo,355,707,1,365,710,1050,YOLO
19:03:15.479,482,litter_yolo,359,700,1,363,718,1037,YOLO
19:03:15.607,483,litter_yolo,362,711,0,364,725,1058,YOLO
19:03:16.630,491,litter_yolo,380,713,2,369,758,1057,YOLO
19:03:17.033,494,litter_yolo,383,713,2,368,765,1058,YOLO
19:03:17.926,501,litter_yolo,391,709,2,363,781,1055,YOLO
19:03:18.443,505,litter_yolo,400,714,2,370,798,1058,YOLO
19:03:18.570,506,litter_yolo,401,706,2,371,800,1042,YOLO
19:03:18.826,508,litter_yolo,402,699,2,371,803,1027,YOLO
19:03:18.912,508,litter_motion,876,643,839,620,914,667,COLOR_SEC
19:03:19.039,509,litter_motion,879,644,841,621,917,668,COLOR_SEC
19:03:19.166,510,litter_motion,879,648,842,622,917,675,COLOR_SEC
19:03:19.206,511,litter_yolo,408,709,2,370,815,1048,YOLO
19:03:19.294,511,litter_motion,877,651,833,626,921,677,COLOR_SEC
19:03:19.551,513,litter_colour,913,552,869,529,957,575,COLOR_SEC
19:03:19.678,514,litter_colour,917,553,874,530,960,577,COLOR_SEC
19:03:19.932,516,litter_motion,943,463,891,439,996,487,COLOR_SEC
19:03:19.932,516,litter_colour,916,555,865,532,967,579,COLOR_SEC
19:03:20.057,517,litter_motion,943,464,886,439,1000,490,COLOR_SEC
19:03:20.186,518,litter_motion,946,462,893,439,999,486,COLOR_SEC
19:03:20.186,518,litter_colour,834,459,797,442,872,477,COLOR_SEC
19:03:20.226,519,litter_yolo,416,703,2,376,831,1030,YOLO
19:03:20.313,519,litter_motion,938,462,893,439,984,486,COLOR_SEC
19:03:20.313,519,litter_colour,835,446,797,415,874,477,COLOR_SEC
19:03:20.438,520,litter_motion,942,466,894,445,991,487,COLOR_SEC
19:03:20.438,520,litter_colour,837,456,801,436,873,477,COLOR_SEC
19:03:20.564,521,litter_motion,941,469,894,447,988,492,COLOR_SEC
19:03:20.690,522,litter_motion,939,469,893,447,986,492,COLOR_SEC
19:03:20.817,523,litter_motion,942,470,893,448,992,492,COLOR_SEC
19:03:20.945,524,litter_motion,942,470,895,448,989,492,COLOR_SEC
19:03:20.945,524,litter_colour,1069,371,1031,342,1107,401,COLOR_SEC
19:03:21.072,525,litter_motion,942,467,894,449,990,486,COLOR_SEC
19:03:21.072,525,litter_motion,1357,336,1318,324,1396,348,COLOR_SEC
19:03:21.072,525,litter_colour,1070,378,1032,355,1109,402,COLOR_SEC
19:03:21.072,525,litter_colour,1350,336,1310,324,1390,348,COLOR_SEC
19:03:21.200,526,litter_motion,913,663,872,632,955,694,COLOR_SEC
19:03:21.200,526,litter_motion,947,470,899,455,995,486,COLOR_SEC
19:03:21.200,526,litter_motion,1358,336,1318,324,1398,348,COLOR_SEC
19:03:21.200,526,litter_colour,1072,379,1034,356,1111,402,COLOR_SEC
19:03:21.200,526,litter_colour,1343,336,1312,324,1375,349,COLOR_SEC
19:03:21.325,527,litter_motion,915,665,874,635,957,696,COLOR_SEC
19:03:21.325,527,litter_motion,942,468,898,449,987,487,COLOR_SEC
19:03:21.325,527,litter_motion,338,423,309,407,367,440,COLOR_SEC
19:03:21.325,527,litter_motion,1359,340,1318,324,1400,356,COLOR_SEC
19:03:21.325,527,litter_colour,342,419,319,398,366,441,COLOR_SEC
19:03:21.325,527,litter_colour,1074,373,1036,342,1113,404,COLOR_SEC
19:03:21.325,527,litter_colour,1354,336,1315,324,1394,349,COLOR_SEC
19:03:21.454,528,litter_motion,918,666,877,636,960,696,COLOR_SEC
19:03:21.454,528,litter_motion,943,468,898,449,989,487,COLOR_SEC
19:03:21.454,528,litter_motion,345,423,320,407,370,440,COLOR_SEC
19:03:21.454,528,litter_colour,344,419,321,398,368,441,COLOR_SEC
19:03:21.454,528,litter_colour,1076,379,1038,356,1115,403,COLOR_SEC
19:03:21.455,528,litter_colour,1357,336,1317,324,1397,349,COLOR_SEC
19:03:21.581,529,litter_motion,943,468,898,449,989,487,COLOR_SEC
19:03:21.581,529,litter_motion,346,424,322,407,370,441,COLOR_SEC
19:03:21.581,529,litter_colour,347,419,324,398,371,441,COLOR_SEC
19:03:21.581,529,litter_colour,1078,373,1040,343,1117,404,COLOR_SEC
19:03:21.581,529,litter_colour,1359,337,1319,324,1399,350,COLOR_SEC
19:03:21.708,530,litter_motion,950,468,909,449,991,487,COLOR_SEC
19:03:21.708,530,litter_motion,347,423,324,407,371,439,COLOR_SEC
19:03:21.708,530,litter_colour,349,419,326,398,373,441,COLOR_SEC
19:03:21.835,531,litter_motion,942,471,908,451,977,492,COLOR_SEC
19:03:21.835,531,litter_motion,349,423,328,408,371,439,COLOR_SEC
19:03:21.835,531,litter_colour,1070,543,1010,497,1130,589,COLOR_SEC
19:03:21.835,531,litter_colour,352,420,329,399,376,442,COLOR_SEC
19:03:21.961,532,litter_motion,941,469,904,451,978,488,COLOR_SEC
19:03:21.961,532,litter_motion,871,469,853,447,889,491,COLOR_SEC
19:03:21.961,532,litter_colour,430,984,325,889,535,1080,COLOR_SEC
19:03:21.961,532,litter_colour,1072,543,1012,497,1132,590,COLOR_SEC
19:03:21.961,532,litter_colour,863,451,822,419,905,483,COLOR_SEC
19:03:21.961,532,litter_colour,354,420,331,399,378,442,COLOR_SEC
19:03:21.962,532,litter_colour,746,337,711,324,782,351,COLOR_SEC
19:03:22.090,533,litter_motion,873,469,855,448,891,490,COLOR_SEC
19:03:22.090,533,litter_colour,434,986,333,892,535,1080,COLOR_SEC
19:03:22.090,533,litter_colour,758,836,734,815,783,857,COLOR_SEC
19:03:22.090,533,litter_colour,1074,544,1014,498,1134,591,COLOR_SEC
19:03:22.090,533,litter_colour,862,465,826,448,898,483,COLOR_SEC
19:03:22.090,533,litter_colour,357,420,334,399,381,442,COLOR_SEC
19:03:22.090,533,litter_colour,747,337,713,324,782,351,COLOR_SEC
19:03:22.224,534,litter_motion,875,469,856,448,894,491,COLOR_SEC
19:03:22.224,534,litter_colour,434,987,333,894,536,1080,COLOR_SEC
19:03:22.224,534,litter_colour,759,839,736,820,783,859,COLOR_SEC
19:03:22.224,534,litter_colour,1039,623,987,593,1092,653,COLOR_SEC
19:03:22.224,534,litter_colour,1076,545,1016,499,1136,591,COLOR_SEC
19:03:22.224,534,litter_colour,863,466,827,449,899,484,COLOR_SEC
19:03:22.224,534,litter_colour,750,337,715,324,786,351,COLOR_SEC
19:03:22.352,535,litter_motion,875,469,855,449,896,490,COLOR_SEC
19:03:22.352,535,litter_colour,434,988,333,896,536,1080,COLOR_SEC
19:03:22.352,535,litter_colour,1078,546,1018,499,1139,593,COLOR_SEC
19:03:22.352,535,litter_colour,869,453,828,420,911,486,COLOR_SEC
19:03:22.352,535,litter_colour,752,337,716,324,788,351,COLOR_SEC
19:03:22.394,536,litter_yolo,432,704,1,374,864,1034,YOLO
19:03:22.484,536,litter_motion,876,470,855,449,898,491,COLOR_SEC
19:03:22.484,536,litter_motion,1368,337,1330,324,1406,351,COLOR_SEC
19:03:22.484,536,litter_colour,866,453,830,420,903,486,COLOR_SEC
19:03:22.484,536,litter_colour,1376,338,1335,324,1417,353,COLOR_SEC
19:03:22.484,536,litter_colour,754,337,718,324,790,351,COLOR_SEC
19:03:22.613,537,litter_motion,877,470,855,449,899,491,COLOR_SEC
19:03:22.613,537,litter_motion,1379,337,1333,324,1425,351,COLOR_SEC
19:03:22.613,537,litter_colour,437,990,337,900,537,1080,COLOR_SEC
19:03:22.613,537,litter_colour,870,452,832,420,908,485,COLOR_SEC
19:03:22.613,537,litter_colour,1378,339,1337,324,1419,354,COLOR_SEC
19:03:22.613,537,litter_colour,755,338,718,324,792,352,COLOR_SEC
19:03:22.653,538,litter_yolo,437,698,0,375,874,1021,YOLO
19:03:22.738,538,litter_motion,1377,337,1339,324,1415,351,COLOR_SEC
19:03:22.738,538,litter_colour,876,453,836,421,917,486,COLOR_SEC
19:03:22.738,538,litter_colour,1380,339,1339,324,1422,354,COLOR_SEC
19:03:22.738,538,litter_colour,758,338,721,324,795,353,COLOR_SEC
19:03:22.864,539,litter_motion,879,471,855,449,904,493,COLOR_SEC
19:03:22.864,539,litter_motion,1378,337,1341,324,1415,351,COLOR_SEC
19:03:22.864,539,litter_colour,878,454,836,421,920,488,COLOR_SEC
19:03:22.864,539,litter_colour,1382,339,1341,324,1424,355,COLOR_SEC
19:03:22.903,540,litter_yolo,441,699,3,378,880,1020,YOLO
19:03:22.987,540,litter_motion,1384,337,1344,324,1424,351,COLOR_SEC
19:03:22.987,540,litter_colour,1385,339,1343,324,1427,355,COLOR_SEC
19:03:22.987,540,litter_colour,758,338,717,324,799,353,COLOR_SEC
19:03:23.110,541,litter_motion,1375,342,1344,324,1406,360,COLOR_SEC
19:03:23.110,541,litter_colour,1387,339,1344,324,1430,355,COLOR_SEC
19:03:23.233,542,litter_motion,1384,337,1344,324,1425,351,COLOR_SEC
19:03:23.233,542,litter_colour,1389,339,1347,324,1432,355,COLOR_SEC
19:03:23.272,543,litter_yolo,441,665,1,374,881,956,YOLO
19:03:23.356,543,litter_colour,1391,340,1348,324,1434,356,COLOR_SEC
19:03:23.477,544,litter_colour,1392,340,1349,324,1436,356,COLOR_SEC
19:03:23.519,545,litter_yolo,443,679,3,378,884,980,YOLO
19:03:23.604,545,litter_colour,1394,340,1351,324,1438,356,COLOR_SEC
19:03:23.727,546,litter_colour,1396,340,1353,324,1440,356,COLOR_SEC
19:03:23.849,547,litter_colour,1398,340,1355,324,1442,356,COLOR_SEC
19:03:24.098,549,litter_colour,1058,624,1013,583,1104,665,COLOR_SEC
19:03:24.224,550,litter_colour,937,906,860,864,1014,949,COLOR_SEC
19:03:24.224,550,litter_colour,1060,625,1015,584,1106,666,COLOR_SEC
19:03:24.224,550,litter_colour,1106,552,1044,504,1169,601,COLOR_SEC
19:03:24.348,551,litter_motion,554,340,501,324,608,356,COLOR_SEC
19:03:24.348,551,litter_colour,929,914,861,866,997,963,COLOR_SEC
19:03:24.348,551,litter_colour,1067,625,1015,584,1119,667,COLOR_SEC
19:03:24.348,551,litter_colour,1107,552,1045,503,1170,601,COLOR_SEC
19:03:24.470,552,litter_motion,550,341,489,324,611,358,COLOR_SEC
19:03:24.470,552,litter_colour,930,910,861,868,999,953,COLOR_SEC
19:03:24.470,552,litter_colour,1063,626,1017,585,1109,667,COLOR_SEC
19:03:24.470,552,litter_colour,1109,552,1046,503,1172,602,COLOR_SEC
19:03:24.470,552,litter_colour,893,456,856,424,930,488,COLOR_SEC
19:03:24.470,552,litter_colour,398,420,375,399,421,441,COLOR_SEC
19:03:24.594,553,litter_motion,531,339,453,324,610,355,COLOR_SEC
19:03:24.594,553,litter_colour,930,913,861,870,999,956,COLOR_SEC
19:03:24.594,553,litter_colour,1064,626,1019,585,1110,668,COLOR_SEC
19:03:24.594,553,litter_colour,894,457,858,426,931,488,COLOR_SEC
19:03:24.594,553,litter_colour,399,419,377,399,422,440,COLOR_SEC
19:03:24.717,554,litter_colour,939,919,862,873,1017,966,COLOR_SEC
19:03:24.717,554,litter_colour,1067,627,1021,585,1114,669,COLOR_SEC
19:03:24.717,554,litter_colour,1111,552,1048,503,1175,602,COLOR_SEC
19:03:24.717,554,litter_colour,896,457,859,425,933,489,COLOR_SEC
19:03:24.841,555,litter_motion,910,471,890,450,931,493,COLOR_SEC
19:03:24.841,555,litter_motion,559,341,505,324,614,359,COLOR_SEC
19:03:24.841,555,litter_colour,1068,628,1022,586,1114,670,COLOR_SEC
19:03:24.841,555,litter_colour,981,581,925,553,1037,609,COLOR_SEC
19:03:24.841,555,litter_colour,901,457,859,426,943,489,COLOR_SEC
19:03:24.841,555,litter_colour,781,338,740,324,822,353,COLOR_SEC
19:03:24.969,556,litter_motion,913,473,891,450,936,497,COLOR_SEC
19:03:24.970,556,litter_colour,1069,628,1023,586,1115,671,COLOR_SEC
19:03:24.970,556,litter_colour,984,581,930,554,1039,609,COLOR_SEC
19:03:24.970,556,litter_colour,1114,554,1051,505,1178,604,COLOR_SEC
19:03:24.970,556,litter_colour,902,457,861,425,944,489,COLOR_SEC
19:03:24.970,556,litter_colour,787,339,751,324,823,354,COLOR_SEC
19:03:25.094,557,litter_motion,1104,484,1051,464,1158,505,COLOR_SEC
19:03:25.094,557,litter_motion,537,340,458,324,617,356,COLOR_SEC
19:03:25.094,557,litter_colour,1075,629,1024,587,1127,672,COLOR_SEC
19:03:25.094,557,litter_colour,976,581,913,554,1040,609,COLOR_SEC
19:03:25.094,557,litter_colour,897,457,861,426,934,489,COLOR_SEC
19:03:25.094,557,litter_colour,788,339,752,324,824,354,COLOR_SEC
19:03:25.135,558,litter_yolo,451,683,5,381,897,985,YOLO
19:03:25.221,558,litter_motion,1105,484,1035,464,1176,504,COLOR_SEC
19:03:25.221,558,litter_colour,1076,630,1024,587,1129,673,COLOR_SEC
19:03:25.221,558,litter_colour,988,582,936,554,1040,611,COLOR_SEC
19:03:25.221,558,litter_colour,900,470,863,452,937,489,COLOR_SEC
19:03:25.221,558,litter_colour,789,339,753,324,825,354,COLOR_SEC
19:03:25.260,559,litter_yolo,447,702,1,381,894,1023,YOLO
19:03:25.344,559,litter_motion,1098,485,1036,464,1161,506,COLOR_SEC
19:03:25.344,559,litter_motion,911,472,892,451,930,494,COLOR_SEC
19:03:25.344,559,litter_colour,994,583,946,555,1042,612,COLOR_SEC
19:03:25.344,559,litter_colour,1117,555,1054,506,1181,605,COLOR_SEC
19:03:25.344,559,litter_colour,901,457,866,425,937,490,COLOR_SEC
19:03:25.344,559,litter_colour,790,339,754,324,826,354,COLOR_SEC
19:03:25.467,560,litter_motion,1097,481,1032,457,1163,505,COLOR_SEC
19:03:25.467,560,litter_motion,911,472,892,451,931,494,COLOR_SEC
19:03:25.467,560,litter_colour,967,587,935,562,999,612,COLOR_SEC
19:03:25.467,560,litter_colour,1118,556,1054,506,1182,606,COLOR_SEC
19:03:25.467,560,litter_colour,905,457,864,424,946,491,COLOR_SEC
19:03:25.467,560,litter_colour,786,339,745,324,827,354,COLOR_SEC
19:03:25.509,561,litter_yolo,451,684,6,384,897,985,YOLO
19:03:25.593,561,litter_motion,1086,483,1046,465,1127,502,COLOR_SEC
19:03:25.593,561,litter_motion,911,471,891,449,932,494,COLOR_SEC
19:03:25.593,561,litter_colour,1079,633,1039,589,1120,677,COLOR_SEC
19:03:25.593,561,litter_colour,972,586,945,562,1000,611,COLOR_SEC
19:03:25.593,561,litter_colour,1119,557,1055,507,1183,607,COLOR_SEC
19:03:25.593,561,litter_colour,904,457,865,426,943,489,COLOR_SEC
19:03:25.593,561,litter_colour,787,339,746,324,828,354,COLOR_SEC
19:03:25.633,562,litter_yolo,450,684,5,384,896,985,YOLO
19:03:25.718,562,litter_motion,1105,483,1046,462,1164,504,COLOR_SEC
19:03:25.718,562,litter_motion,912,473,891,452,933,494,COLOR_SEC
19:03:25.718,562,litter_colour,967,589,933,562,1001,617,COLOR_SEC
19:03:25.718,562,litter_colour,906,457,866,422,947,493,COLOR_SEC
19:03:25.718,562,litter_colour,1419,341,1373,324,1466,359,COLOR_SEC
19:03:25.718,562,litter_colour,788,339,747,324,829,354,COLOR_SEC
19:03:25.843,563,litter_motion,1083,481,1036,458,1131,505,COLOR_SEC
19:03:25.843,563,litter_motion,913,473,891,451,936,496,COLOR_SEC
19:03:25.843,563,litter_colour,970,588,947,564,994,613,COLOR_SEC
19:03:25.843,563,litter_colour,906,456,867,422,945,491,COLOR_SEC
19:03:25.843,563,litter_colour,1421,341,1374,324,1468,359,COLOR_SEC
19:03:25.843,563,litter_colour,794,339,758,324,830,354,COLOR_SEC
19:03:25.886,564,litter_yolo,455,681,5,383,905,980,YOLO
19:03:25.972,564,litter_motion,1106,485,1046,465,1167,505,COLOR_SEC
19:03:25.972,564,litter_motion,916,474,892,452,941,497,COLOR_SEC
19:03:25.972,564,litter_colour,1018,823,994,806,1042,840,COLOR_SEC
19:03:25.972,564,litter_colour,967,591,933,563,1002,619,COLOR_SEC
19:03:25.972,564,litter_colour,907,458,868,423,947,493,COLOR_SEC
19:03:25.972,564,litter_colour,1422,342,1375,324,1470,360,COLOR_SEC
19:03:25.972,564,litter_colour,795,339,759,324,831,354,COLOR_SEC
19:03:26.013,565,litter_yolo,454,687,5,384,904,991,YOLO
19:03:26.097,565,litter_motion,1101,484,1069,463,1133,505,COLOR_SEC
19:03:26.098,565,litter_colour,1020,825,997,809,1043,842,COLOR_SEC
19:03:26.098,565,litter_colour,970,588,934,563,1006,614,COLOR_SEC
19:03:26.098,565,litter_colour,906,459,869,427,943,491,COLOR_SEC
19:03:26.098,565,litter_colour,1424,342,1377,324,1471,360,COLOR_SEC
19:03:26.098,565,litter_colour,791,339,751,324,832,354,COLOR_SEC
19:03:26.225,566,litter_motion,1083,484,1033,465,1134,503,COLOR_SEC
19:03:26.225,566,litter_motion,914,472,892,452,936,493,COLOR_SEC
19:03:26.225,566,litter_colour,416,1024,333,969,500,1080,COLOR_SEC
19:03:26.225,566,litter_colour,1019,828,995,811,1044,845,COLOR_SEC
19:03:26.225,566,litter_colour,970,590,936,565,1004,615,COLOR_SEC
19:03:26.225,566,litter_colour,910,457,870,423,950,491,COLOR_SEC
19:03:26.225,566,litter_colour,1425,342,1378,324,1473,360,COLOR_SEC
19:03:26.225,566,litter_colour,797,339,762,324,833,355,COLOR_SEC
19:03:26.353,567,litter_motion,1083,481,1032,458,1135,505,COLOR_SEC
19:03:26.353,567,litter_motion,917,473,892,453,943,493,COLOR_SEC
19:03:26.353,567,litter_colour,414,1026,332,973,497,1080,COLOR_SEC
19:03:26.353,567,litter_colour,1020,830,995,813,1045,847,COLOR_SEC
19:03:26.354,567,litter_colour,971,591,936,565,1006,617,COLOR_SEC
19:03:26.354,567,litter_colour,910,456,870,422,950,491,COLOR_SEC
19:03:26.354,567,litter_colour,1426,342,1379,324,1474,360,COLOR_SEC
19:03:26.354,567,litter_colour,793,339,753,324,834,354,COLOR_SEC
19:03:26.478,568,litter_motion,1103,483,1071,462,1136,505,COLOR_SEC
19:03:26.478,568,litter_motion,917,473,892,453,943,493,COLOR_SEC
19:03:26.478,568,litter_colour,409,1028,325,977,494,1080,COLOR_SEC
19:03:26.478,568,litter_colour,1021,833,998,816,1045,850,COLOR_SEC
19:03:26.478,568,litter_colour,960,591,937,566,984,617,COLOR_SEC
19:03:26.478,568,litter_colour,911,457,871,423,951,491,COLOR_SEC
19:03:26.478,568,litter_colour,1427,342,1380,324,1475,360,COLOR_SEC
19:03:26.478,568,litter_colour,794,339,754,324,834,354,COLOR_SEC
19:03:26.602,569,litter_motion,962,712,922,686,1002,739,COLOR_SEC
19:03:26.602,569,litter_motion,1084,482,1033,460,1136,505,COLOR_SEC
19:03:26.602,569,litter_motion,915,474,892,453,938,496,COLOR_SEC
19:03:26.602,569,litter_colour,410,1030,329,981,491,1080,COLOR_SEC
19:03:26.602,569,litter_colour,1021,836,997,819,1045,853,COLOR_SEC
19:03:26.602,569,litter_colour,911,459,871,426,951,493,COLOR_SEC
19:03:26.602,569,litter_colour,1428,342,1381,324,1476,360,COLOR_SEC
19:03:26.602,569,litter_colour,794,339,754,324,835,354,COLOR_SEC
19:03:26.644,570,litter_yolo,461,694,5,383,918,1005,YOLO
19:03:26.730,570,litter_motion,1104,484,1073,463,1136,506,COLOR_SEC
19:03:26.730,570,litter_motion,919,475,892,453,946,497,COLOR_SEC
19:03:26.730,570,litter_colour,412,1032,336,985,488,1080,COLOR_SEC
19:03:26.730,570,litter_colour,1021,838,997,821,1046,856,COLOR_SEC
19:03:26.730,570,litter_colour,961,594,938,570,985,619,COLOR_SEC
19:03:26.730,570,litter_colour,1428,342,1381,324,1476,360,COLOR_SEC
19:03:26.730,570,litter_colour,795,339,755,324,836,355,COLOR_SEC
19:03:26.770,571,litter_yolo,461,692,6,384,916,1000,YOLO
19:03:26.854,571,litter_motion,1105,486,1074,466,1136,506,COLOR_SEC
19:03:26.854,571,litter_motion,919,473,892,453,946,494,COLOR_SEC
19:03:26.854,571,litter_colour,409,1034,333,989,485,1080,COLOR_SEC
19:03:26.854,571,litter_colour,961,595,938,571,985,620,COLOR_SEC
19:03:26.854,571,litter_colour,1429,342,1381,324,1477,361,COLOR_SEC
19:03:26.854,571,litter_colour,795,339,755,324,836,354,COLOR_SEC
19:03:26.897,572,litter_yolo,456,693,1,383,912,1004,YOLO
19:03:26.981,572,litter_motion,1087,483,1036,460,1139,506,COLOR_SEC
19:03:26.981,572,litter_motion,919,475,892,453,946,497,COLOR_SEC
19:03:26.981,572,litter_motion,1795,364,1761,343,1829,386,COLOR_SEC
19:03:26.981,572,litter_motion,575,340,521,324,629,356,COLOR_SEC
19:03:26.981,572,litter_colour,410,1036,339,993,482,1080,COLOR_SEC
19:03:26.981,572,litter_colour,965,597,930,568,1000,626,COLOR_SEC
19:03:26.981,572,litter_colour,913,457,872,422,955,492,COLOR_SEC
19:03:26.981,572,litter_colour,1430,342,1382,324,1478,361,COLOR_SEC
19:03:26.981,572,litter_colour,796,339,756,324,837,355,COLOR_SEC
19:03:27.024,573,litter_yolo,458,696,1,383,915,1010,YOLO
19:03:27.109,573,litter_motion,1101,485,1063,465,1140,505,COLOR_SEC
19:03:27.109,573,litter_motion,919,473,892,453,946,493,COLOR_SEC
19:03:27.109,573,litter_motion,1796,364,1762,343,1830,386,COLOR_SEC
19:03:27.109,573,litter_motion,573,340,521,324,626,356,COLOR_SEC
19:03:27.109,573,litter_colour,412,1039,345,998,479,1080,COLOR_SEC
19:03:27.109,573,litter_colour,1429,342,1381,324,1477,361,COLOR_SEC
19:03:27.109,573,litter_colour,796,339,756,324,837,355,COLOR_SEC
19:03:27.149,574,litter_yolo,462,695,7,386,917,1005,YOLO
19:03:27.233,574,litter_motion,1094,484,1048,462,1140,506,COLOR_SEC
19:03:27.233,574,litter_motion,1796,365,1763,344,1829,387,COLOR_SEC
19:03:27.233,574,litter_motion,574,340,521,324,627,356,COLOR_SEC
19:03:27.233,574,litter_colour,1429,342,1381,324,1478,361,COLOR_SEC
19:03:27.233,574,litter_colour,796,339,756,324,837,354,COLOR_SEC
19:03:27.273,575,litter_yolo,461,700,6,387,917,1014,YOLO
19:03:27.356,575,litter_motion,1093,484,1048,462,1139,506,COLOR_SEC
19:03:27.356,575,litter_motion,1797,365,1763,344,1831,387,COLOR_SEC
19:03:27.356,575,litter_motion,574,340,521,324,628,357,COLOR_SEC
19:03:27.356,575,litter_colour,1429,343,1381,324,1478,362,COLOR_SEC
19:03:27.396,576,litter_yolo,461,700,7,387,915,1014,YOLO
19:03:27.479,576,litter_motion,1094,484,1048,462,1140,506,COLOR_SEC
19:03:27.479,576,litter_motion,1797,369,1764,350,1830,388,COLOR_SEC
19:03:27.479,576,litter_motion,574,340,521,324,627,356,COLOR_SEC
19:03:27.479,576,litter_colour,1430,343,1381,324,1479,362,COLOR_SEC
19:03:27.479,576,litter_colour,797,339,757,324,837,355,COLOR_SEC
19:03:27.520,577,litter_yolo,455,700,1,385,910,1015,YOLO
19:03:27.602,577,litter_motion,1089,484,1037,462,1141,507,COLOR_SEC
19:03:27.602,577,litter_motion,1797,369,1764,350,1830,388,COLOR_SEC
19:03:27.602,577,litter_motion,574,340,521,324,627,357,COLOR_SEC
19:03:27.602,577,litter_colour,910,460,872,428,949,493,COLOR_SEC
19:03:27.602,577,litter_colour,1424,343,1370,324,1479,362,COLOR_SEC
19:03:27.602,577,litter_colour,797,339,757,324,838,355,COLOR_SEC
19:03:27.642,578,litter_yolo,454,703,1,384,908,1023,YOLO
19:03:27.725,578,litter_motion,1094,484,1048,462,1141,507,COLOR_SEC
19:03:27.725,578,litter_motion,918,473,892,454,945,493,COLOR_SEC
19:03:27.725,578,litter_motion,1797,369,1765,350,1829,388,COLOR_SEC
19:03:27.725,578,litter_motion,573,340,521,324,626,357,COLOR_SEC
19:03:27.725,578,litter_colour,913,459,872,424,955,494,COLOR_SEC
19:03:27.725,578,litter_colour,1425,343,1370,324,1480,362,COLOR_SEC
19:03:27.725,578,litter_colour,797,339,757,324,838,355,COLOR_SEC
19:03:27.765,579,litter_yolo,455,705,1,386,909,1024,YOLO
19:03:27.849,579,litter_motion,1103,485,1065,464,1141,507,COLOR_SEC
19:03:27.849,579,litter_motion,916,475,892,456,941,494,COLOR_SEC
19:03:27.849,579,litter_motion,1798,370,1765,351,1831,389,COLOR_SEC
19:03:27.849,579,litter_motion,574,340,522,324,626,357,COLOR_SEC
19:03:27.849,579,litter_colour,1026,583,998,566,1055,601,COLOR_SEC
19:03:27.849,579,litter_colour,913,459,872,424,955,494,COLOR_SEC
19:03:27.849,579,litter_colour,1425,343,1370,324,1481,363,COLOR_SEC
19:03:27.891,580,litter_yolo,454,706,1,386,908,1027,YOLO
19:03:27.973,580,litter_motion,1103,487,1065,466,1142,508,COLOR_SEC
19:03:27.974,580,litter_motion,1797,370,1766,351,1829,389,COLOR_SEC
19:03:27.974,580,litter_motion,574,340,522,324,626,357,COLOR_SEC
19:03:27.974,580,litter_colour,1026,582,998,565,1055,600,COLOR_SEC
19:03:27.974,580,litter_colour,913,461,873,428,954,494,COLOR_SEC
19:03:27.974,580,litter_colour,1425,343,1370,324,1481,363,COLOR_SEC
19:03:28.099,581,litter_motion,1104,487,1067,466,1142,508,COLOR_SEC
19:03:28.099,581,litter_motion,1798,370,1766,352,1830,389,COLOR_SEC
19:03:28.100,581,litter_motion,574,340,522,324,626,356,COLOR_SEC
19:03:28.100,581,litter_colour,1026,583,998,565,1055,602,COLOR_SEC
19:03:28.100,581,litter_colour,911,461,873,428,949,494,COLOR_SEC
19:03:28.100,581,litter_colour,1425,343,1370,324,1481,363,COLOR_SEC
19:03:28.140,582,litter_yolo,454,710,1,387,907,1033,YOLO
19:03:28.225,582,litter_motion,1104,487,1067,466,1141,508,COLOR_SEC
19:03:28.225,582,litter_motion,1799,368,1767,347,1831,390,COLOR_SEC
19:03:28.225,582,litter_motion,574,340,522,324,626,356,COLOR_SEC
19:03:28.225,582,litter_colour,1026,584,998,567,1055,601,COLOR_SEC
19:03:28.225,582,litter_colour,913,459,873,425,953,494,COLOR_SEC
19:03:28.225,582,litter_colour,1426,343,1371,324,1481,363,COLOR_SEC
19:03:28.225,582,litter_colour,798,340,758,324,839,356,COLOR_SEC
19:03:28.266,583,litter_yolo,453,716,1,385,906,1047,YOLO
19:03:28.350,583,litter_motion,1105,487,1069,467,1141,508,COLOR_SEC
19:03:28.350,583,litter_motion,1799,368,1767,347,1832,390,COLOR_SEC
19:03:28.350,583,litter_motion,574,340,522,324,626,356,COLOR_SEC
19:03:28.350,583,litter_colour,1090,653,1043,604,1137,703,COLOR_SEC
19:03:28.350,583,litter_colour,1027,585,998,568,1056,602,COLOR_SEC
19:03:28.351,583,litter_colour,911,459,873,425,950,494,COLOR_SEC
19:03:28.351,583,litter_colour,1426,343,1371,324,1481,363,COLOR_SEC
19:03:28.351,583,litter_colour,798,339,758,324,839,355,COLOR_SEC
19:03:28.392,584,litter_yolo,453,713,1,385,906,1041,YOLO
19:03:28.483,584,litter_motion,1025,873,1002,856,1048,891,COLOR_SEC
19:03:28.483,584,litter_motion,1105,487,1069,467,1141,508,COLOR_SEC
19:03:28.483,584,litter_motion,574,340,522,324,626,356,COLOR_SEC
19:03:28.483,584,litter_colour,1025,874,1000,855,1051,894,COLOR_SEC
19:03:28.483,584,litter_colour,1091,661,1043,617,1139,706,COLOR_SEC
19:03:28.483,584,litter_colour,1027,585,998,568,1056,602,COLOR_SEC
19:03:28.483,584,litter_colour,1134,568,1067,514,1201,623,COLOR_SEC
19:03:28.483,584,litter_colour,911,459,873,425,950,494,COLOR_SEC
19:03:28.483,584,litter_colour,1426,343,1371,324,1482,363,COLOR_SEC
19:03:28.483,584,litter_colour,798,340,758,324,839,356,COLOR_SEC
19:03:28.522,585,litter_yolo,452,724,0,387,905,1061,YOLO
19:03:28.607,585,litter_motion,1025,876,1002,859,1049,893,COLOR_SEC
19:03:28.607,585,litter_motion,1105,487,1069,467,1141,508,COLOR_SEC
19:03:28.607,585,litter_colour,1025,876,1000,857,1051,896,COLOR_SEC
19:03:28.607,585,litter_colour,1092,649,1044,594,1140,705,COLOR_SEC
19:03:28.607,585,litter_colour,1036,585,1017,568,1056,603,COLOR_SEC
19:03:28.607,585,litter_colour,1134,568,1068,514,1201,623,COLOR_SEC
19:03:28.607,585,litter_colour,913,461,873,429,954,494,COLOR_SEC
19:03:28.607,585,litter_colour,1426,343,1371,324,1482,363,COLOR_SEC
19:03:28.607,585,litter_colour,798,340,758,324,839,356,COLOR_SEC
19:03:28.649,586,litter_yolo,452,719,1,386,904,1053,YOLO
19:03:28.732,586,litter_motion,1026,878,1002,861,1050,896,COLOR_SEC
19:03:28.733,586,litter_motion,967,748,923,720,1011,776,COLOR_SEC
19:03:28.733,586,litter_motion,1105,490,1067,472,1143,508,COLOR_SEC
19:03:28.733,586,litter_colour,1026,879,1000,859,1052,899,COLOR_SEC
19:03:28.733,586,litter_colour,1092,651,1044,594,1141,708,COLOR_SEC
19:03:28.733,586,litter_colour,1027,586,998,569,1056,603,COLOR_SEC
19:03:28.733,586,litter_colour,1135,569,1068,515,1202,623,COLOR_SEC
19:03:28.733,586,litter_colour,913,462,873,430,953,494,COLOR_SEC
19:03:28.733,586,litter_colour,1426,344,1371,324,1482,364,COLOR_SEC
19:03:28.733,586,litter_colour,798,340,758,324,839,356,COLOR_SEC
19:03:28.774,587,litter_yolo,452,720,0,385,904,1056,YOLO
19:03:28.859,587,litter_motion,965,734,922,692,1009,777,COLOR_SEC
19:03:28.859,587,litter_motion,1113,490,1083,472,1143,508,COLOR_SEC
19:03:28.859,587,litter_colour,1092,652,1044,597,1141,707,COLOR_SEC
19:03:28.859,587,litter_colour,1037,586,1017,569,1057,604,COLOR_SEC
19:03:28.859,587,litter_colour,1136,569,1069,515,1203,624,COLOR_SEC
19:03:28.859,587,litter_colour,913,462,873,430,953,494,COLOR_SEC
19:03:28.859,587,litter_colour,1426,344,1371,324,1482,364,COLOR_SEC
19:03:28.859,587,litter_colour,798,340,758,324,839,356,COLOR_SEC
19:03:28.902,588,litter_yolo,452,719,0,386,904,1053,YOLO
19:03:28.987,588,litter_motion,965,751,922,723,1009,779,COLOR_SEC
19:03:28.987,588,litter_motion,1113,490,1084,472,1143,508,COLOR_SEC
19:03:28.987,588,litter_colour,1093,651,1045,595,1142,707,COLOR_SEC
19:03:28.987,588,litter_colour,1028,586,999,569,1057,604,COLOR_SEC
19:03:28.987,588,litter_colour,1136,569,1069,515,1203,624,COLOR_SEC
19:03:28.987,588,litter_colour,912,462,873,430,951,494,COLOR_SEC
19:03:28.987,588,litter_colour,1427,344,1371,324,1483,364,COLOR_SEC
19:03:28.987,588,litter_colour,798,340,758,324,839,356,COLOR_SEC
19:03:29.026,589,litter_yolo,455,721,4,391,906,1051,YOLO
19:03:29.110,589,litter_motion,965,751,921,723,1009,780,COLOR_SEC
19:03:29.110,589,litter_colour,1093,652,1045,597,1142,708,COLOR_SEC
19:03:29.110,589,litter_colour,1037,587,1017,570,1057,604,COLOR_SEC
19:03:29.110,589,litter_colour,1136,570,1069,515,1203,625,COLOR_SEC
19:03:29.110,589,litter_colour,909,455,873,425,945,485,COLOR_SEC
19:03:29.110,589,litter_colour,1427,344,1372,324,1483,364,COLOR_SEC
19:03:29.110,589,litter_colour,798,340,758,324,839,356,COLOR_SEC
19:03:29.150,590,litter_yolo,455,722,4,390,906,1054,YOLO
19:03:29.233,590,litter_motion,963,758,922,736,1004,781,COLOR_SEC
19:03:29.233,590,litter_colour,1094,658,1045,607,1143,709,COLOR_SEC
19:03:29.233,590,litter_colour,1028,587,1000,570,1057,604,COLOR_SEC
19:03:29.233,590,litter_colour,1136,569,1068,515,1204,624,COLOR_SEC
19:03:29.233,590,litter_colour,906,455,873,425,939,485,COLOR_SEC
19:03:29.233,590,litter_colour,1427,344,1372,324,1483,364,COLOR_SEC
19:03:29.233,590,litter_colour,798,340,758,324,839,356,COLOR_SEC
19:03:29.275,591,litter_yolo,455,723,4,390,907,1056,YOLO
19:03:29.358,591,litter_motion,963,754,922,726,1005,782,COLOR_SEC
19:03:29.358,591,litter_colour,1102,659,1064,607,1141,712,COLOR_SEC
19:03:29.358,591,litter_colour,1029,587,1000,570,1058,604,COLOR_SEC
19:03:29.358,591,litter_colour,1137,571,1069,517,1205,626,COLOR_SEC
19:03:29.358,591,litter_colour,912,459,873,425,951,494,COLOR_SEC
19:03:29.358,591,litter_colour,1427,344,1371,324,1483,364,COLOR_SEC
19:03:29.358,591,litter_colour,798,340,758,324,839,356,COLOR_SEC
19:03:29.398,592,litter_yolo,454,730,3,389,906,1072,YOLO
19:03:29.482,592,litter_motion,969,755,932,726,1006,784,COLOR_SEC
19:03:29.482,592,litter_colour,1094,659,1046,607,1142,711,COLOR_SEC
19:03:29.482,592,litter_colour,969,611,951,587,988,635,COLOR_SEC
19:03:29.482,592,litter_colour,1037,587,1017,570,1057,605,COLOR_SEC
19:03:29.482,592,litter_colour,1137,571,1069,517,1205,626,COLOR_SEC
19:03:29.482,592,litter_colour,911,459,873,425,949,494,COLOR_SEC
19:03:29.482,592,litter_colour,1426,344,1371,324,1482,364,COLOR_SEC
19:03:29.482,592,litter_colour,798,340,758,324,838,356,COLOR_SEC
19:03:29.527,593,litter_yolo,455,728,3,388,908,1068,YOLO
19:03:29.613,593,litter_motion,965,744,924,703,1006,785,COLOR_SEC
19:03:29.613,593,litter_colour,1095,661,1047,608,1144,714,COLOR_SEC
19:03:29.613,593,litter_colour,963,606,940,577,987,635,COLOR_SEC
19:03:29.613,593,litter_colour,1029,588,1000,571,1058,605,COLOR_SEC
19:03:29.613,593,litter_colour,1136,571,1069,517,1204,626,COLOR_SEC
19:03:29.613,593,litter_colour,910,459,872,424,949,494,COLOR_SEC
19:03:29.613,593,litter_colour,1426,344,1371,324,1481,364,COLOR_SEC
19:03:29.613,593,litter_colour,797,340,757,324,838,356,COLOR_SEC
19:03:29.654,594,litter_yolo,452,729,0,386,904,1073,YOLO
19:03:29.736,594,litter_motion,1029,895,1005,876,1054,914,COLOR_SEC
19:03:29.736,594,litter_motion,967,756,924,726,1010,786,COLOR_SEC
19:03:29.736,594,litter_colour,1030,896,1004,875,1057,917,COLOR_SEC
19:03:29.736,594,litter_colour,1094,660,1044,608,1144,712,COLOR_SEC
19:03:29.736,594,litter_colour,965,613,941,589,989,637,COLOR_SEC
19:03:29.736,594,litter_colour,1037,588,1017,571,1058,606,COLOR_SEC
19:03:29.736,594,litter_colour,1137,571,1069,517,1205,626,COLOR_SEC
19:03:29.736,594,litter_colour,911,459,872,424,950,494,COLOR_SEC
19:03:29.736,594,litter_colour,1426,344,1371,324,1482,364,COLOR_SEC
19:03:29.736,594,litter_colour,797,339,757,324,838,355,COLOR_SEC
19:03:29.865,595,litter_motion,1030,897,1005,878,1055,916,COLOR_SEC
19:03:29.865,595,litter_motion,1514,805,1481,784,1547,826,COLOR_SEC
19:03:29.865,595,litter_colour,1030,897,1004,876,1057,919,COLOR_SEC
19:03:29.865,595,litter_colour,1094,661,1044,609,1144,713,COLOR_SEC
19:03:29.865,595,litter_colour,964,613,940,589,988,637,COLOR_SEC
19:03:29.865,595,litter_colour,1038,588,1017,571,1059,606,COLOR_SEC
19:03:29.865,595,litter_colour,1137,565,1069,517,1205,614,COLOR_SEC
19:03:29.865,595,litter_colour,911,459,872,424,951,494,COLOR_SEC
19:03:29.865,595,litter_colour,1426,344,1371,324,1481,364,COLOR_SEC
19:03:29.865,595,litter_colour,797,339,757,324,838,355,COLOR_SEC
19:03:29.992,596,litter_motion,1031,898,1006,879,1056,918,COLOR_SEC
19:03:29.992,596,litter_colour,1031,899,1004,878,1058,921,COLOR_SEC
19:03:29.992,596,litter_colour,1093,661,1044,609,1143,714,COLOR_SEC
19:03:29.992,596,litter_colour,968,613,948,589,988,637,COLOR_SEC
19:03:29.992,596,litter_colour,1036,588,1014,571,1059,606,COLOR_SEC
19:03:29.992,596,litter_colour,1137,572,1069,517,1206,627,COLOR_SEC
19:03:29.992,596,litter_colour,911,460,872,426,950,494,COLOR_SEC
19:03:29.992,596,litter_colour,1425,344,1370,324,1481,364,COLOR_SEC
19:03:30.118,597,litter_motion,1030,900,1006,881,1055,920,COLOR_SEC
19:03:30.118,597,litter_colour,1030,901,1003,880,1058,923,COLOR_SEC
19:03:30.118,597,litter_colour,1105,661,1065,609,1145,714,COLOR_SEC
19:03:30.118,597,litter_colour,969,613,949,589,989,637,COLOR_SEC
19:03:30.118,597,litter_colour,1036,588,1014,571,1059,606,COLOR_SEC
19:03:30.118,597,litter_colour,1137,565,1069,517,1206,614,COLOR_SEC
19:03:30.118,597,litter_colour,911,461,872,429,951,494,COLOR_SEC
19:03:30.118,597,litter_colour,1425,344,1370,324,1481,364,COLOR_SEC
19:03:30.160,598,litter_yolo,452,727,0,378,905,1076,YOLO
19:03:30.246,598,litter_motion,1031,902,1007,883,1056,922,COLOR_SEC
19:03:30.246,598,litter_motion,1517,804,1481,783,1553,826,COLOR_SEC
19:03:30.246,598,litter_colour,1032,903,1006,882,1059,925,COLOR_SEC
19:03:30.246,598,litter_colour,1094,662,1044,610,1144,715,COLOR_SEC
19:03:30.246,598,litter_colour,964,614,940,589,988,639,COLOR_SEC
19:03:30.246,598,litter_colour,1036,588,1014,571,1059,606,COLOR_SEC
19:03:30.246,598,litter_colour,1137,571,1069,517,1206,626,COLOR_SEC
19:03:30.246,598,litter_colour,911,461,872,429,951,494,COLOR_SEC
19:03:30.246,598,litter_colour,1425,344,1370,324,1481,364,COLOR_SEC
19:03:30.370,599,litter_motion,1032,904,1007,884,1058,924,COLOR_SEC
19:03:30.370,599,litter_motion,1517,810,1481,784,1553,836,COLOR_SEC
19:03:30.370,599,litter_colour,955,1060,925,1040,985,1080,COLOR_SEC
19:03:30.370,599,litter_colour,1033,905,1006,883,1060,927,COLOR_SEC
19:03:30.370,599,litter_colour,1094,676,1044,636,1145,716,COLOR_SEC
19:03:30.370,599,litter_colour,964,608,940,578,989,639,COLOR_SEC
19:03:30.370,599,litter_colour,1036,588,1013,571,1059,606,COLOR_SEC
19:03:30.370,599,litter_colour,1137,565,1068,515,1207,615,COLOR_SEC
19:03:30.370,599,litter_colour,909,460,871,427,948,494,COLOR_SEC
19:03:30.370,599,litter_colour,1425,344,1370,324,1481,364,COLOR_SEC
19:03:30.370,599,litter_colour,795,339,755,324,836,355,COLOR_SEC
19:03:30.494,600,litter_motion,1033,906,1008,886,1058,927,COLOR_SEC
19:03:30.494,600,litter_motion,1514,810,1481,785,1548,836,COLOR_SEC
19:03:30.494,600,litter_colour,1034,907,1007,885,1061,929,COLOR_SEC
19:03:30.494,600,litter_colour,1095,676,1045,636,1145,716,COLOR_SEC
19:03:30.494,600,litter_colour,968,614,948,590,989,639,COLOR_SEC
19:03:30.494,600,litter_colour,1038,588,1017,571,1059,606,COLOR_SEC
19:03:30.494,600,litter_colour,1137,570,1068,515,1207,626,COLOR_SEC
19:03:30.494,600,litter_colour,906,454,871,425,942,484,COLOR_SEC
19:03:30.494,600,litter_colour,1424,344,1369,324,1480,364,COLOR_SEC
19:03:30.620,601,litter_motion,1034,908,1008,888,1060,929,COLOR_SEC
19:03:30.620,601,litter_colour,1034,909,1007,887,1061,932,COLOR_SEC
19:03:30.620,601,litter_colour,1095,663,1045,610,1146,717,COLOR_SEC
19:03:30.620,601,litter_colour,968,614,948,590,988,639,COLOR_SEC
19:03:30.620,601,litter_colour,1038,588,1017,571,1059,606,COLOR_SEC
19:03:30.620,601,litter_colour,1137,563,1068,515,1207,612,COLOR_SEC
19:03:30.620,601,litter_colour,907,456,871,428,943,484,COLOR_SEC
19:03:30.620,601,litter_colour,1425,344,1370,324,1480,364,COLOR_SEC
19:03:30.620,601,litter_colour,799,339,764,324,835,355,COLOR_SEC
19:03:30.660,602,litter_yolo,454,714,1,379,907,1049,YOLO
19:03:30.743,602,litter_motion,1034,910,1009,890,1060,931,COLOR_SEC
19:03:30.743,602,litter_motion,1796,372,1765,353,1828,391,COLOR_SEC
19:03:30.743,602,litter_colour,1034,911,1006,889,1062,934,COLOR_SEC
19:03:30.743,602,litter_colour,1095,664,1045,611,1146,718,COLOR_SEC
19:03:30.743,602,litter_colour,1036,589,1014,572,1059,607,COLOR_SEC
19:03:30.743,602,litter_colour,1137,565,1067,515,1207,615,COLOR_SEC
19:03:30.743,602,litter_colour,908,461,870,428,947,495,COLOR_SEC
19:03:30.743,602,litter_colour,1424,344,1369,324,1480,364,COLOR_SEC
19:03:30.743,602,litter_colour,794,339,754,324,835,355,COLOR_SEC
19:03:30.785,603,litter_yolo,452,696,1,379,904,1014,YOLO
19:03:30.869,603,litter_motion,1034,913,1009,893,1060,934,COLOR_SEC
19:03:30.869,603,litter_motion,1795,371,1764,352,1827,391,COLOR_SEC
19:03:30.869,603,litter_colour,1035,913,1008,891,1063,936,COLOR_SEC
19:03:30.869,603,litter_colour,1096,665,1045,611,1147,719,COLOR_SEC
19:03:30.869,603,litter_colour,1037,589,1014,572,1060,607,COLOR_SEC
19:03:30.869,603,litter_colour,1137,566,1067,515,1207,617,COLOR_SEC
19:03:30.869,603,litter_colour,908,460,870,427,947,494,COLOR_SEC
19:03:30.869,603,litter_colour,1424,344,1369,324,1479,364,COLOR_SEC
19:03:30.869,603,litter_colour,799,340,764,324,835,356,COLOR_SEC
19:03:30.912,604,litter_yolo,454,725,4,385,905,1066,YOLO
19:03:30.996,604,litter_motion,1035,915,1010,895,1061,936,COLOR_SEC
19:03:30.996,604,litter_motion,1795,372,1763,353,1827,391,COLOR_SEC
19:03:30.996,604,litter_colour,1035,916,1008,893,1063,939,COLOR_SEC
19:03:30.996,604,litter_colour,1097,665,1048,611,1147,719,COLOR_SEC
19:03:30.996,604,litter_colour,1036,589,1013,572,1059,607,COLOR_SEC
19:03:30.996,604,litter_colour,964,606,939,572,989,640,COLOR_SEC
19:03:30.996,604,litter_colour,1138,573,1068,516,1208,631,COLOR_SEC
19:03:30.996,604,litter_colour,908,460,869,427,947,494,COLOR_SEC
19:03:30.996,604,litter_colour,1423,344,1368,324,1479,364,COLOR_SEC
19:03:30.996,604,litter_colour,793,339,753,324,833,355,COLOR_SEC
19:03:31.037,605,litter_yolo,455,724,4,385,906,1063,YOLO
19:03:31.122,605,litter_motion,1036,918,1010,897,1062,939,COLOR_SEC
19:03:31.122,605,litter_motion,1794,372,1763,353,1826,391,COLOR_SEC
19:03:31.122,605,litter_colour,1036,918,1009,895,1064,941,COLOR_SEC
19:03:31.122,605,litter_colour,1097,666,1046,612,1148,720,COLOR_SEC
19:03:31.122,605,litter_colour,963,609,939,578,988,641,COLOR_SEC
19:03:31.122,605,litter_colour,1030,590,1002,572,1059,608,COLOR_SEC
19:03:31.122,605,litter_colour,1138,567,1068,516,1208,618,COLOR_SEC
19:03:31.122,605,litter_colour,907,459,869,424,946,494,COLOR_SEC
19:03:31.122,605,litter_colour,1117,445,1017,404,1218,487,COLOR_SEC
19:03:31.122,605,litter_colour,1423,344,1368,324,1478,364,COLOR_SEC
19:03:31.122,605,litter_colour,797,340,762,324,833,356,COLOR_SEC
19:03:31.165,606,litter_yolo,451,722,0,380,902,1064,YOLO
19:03:31.250,606,litter_motion,1793,372,1762,353,1825,391,COLOR_SEC
19:03:31.250,606,litter_colour,1097,667,1045,612,1149,722,COLOR_SEC
19:03:31.250,606,litter_colour,963,609,939,578,988,641,COLOR_SEC
19:03:31.250,606,litter_colour,1029,590,1001,572,1058,608,COLOR_SEC
19:03:31.250,606,litter_colour,1137,573,1067,515,1208,631,COLOR_SEC
19:03:31.250,606,litter_colour,907,459,868,424,947,495,COLOR_SEC
19:03:31.250,606,litter_colour,1117,445,1016,404,1218,487,COLOR_SEC
19:03:31.250,606,litter_colour,1422,344,1367,324,1477,364,COLOR_SEC
19:03:31.250,606,litter_colour,798,339,762,324,834,355,COLOR_SEC
19:03:31.291,607,litter_yolo,449,724,0,380,898,1069,YOLO
19:03:31.375,607,litter_motion,1791,371,1761,352,1821,391,COLOR_SEC
19:03:31.375,607,litter_colour,1096,667,1044,612,1149,722,COLOR_SEC
19:03:31.375,607,litter_colour,963,608,938,573,988,643,COLOR_SEC
19:03:31.375,607,litter_colour,1027,590,996,572,1059,608,COLOR_SEC
19:03:31.375,607,litter_colour,1137,574,1067,515,1207,633,COLOR_SEC
19:03:31.375,607,litter_colour,906,459,867,424,946,494,COLOR_SEC
19:03:31.375,607,litter_colour,1096,441,1015,404,1177,479,COLOR_SEC
19:03:31.375,607,litter_colour,1421,344,1366,324,1476,364,COLOR_SEC
19:03:31.375,607,litter_colour,791,339,751,324,832,355,COLOR_SEC
19:03:31.413,608,litter_yolo,448,726,0,378,897,1075,YOLO
19:03:31.496,608,litter_motion,1790,371,1759,352,1822,391,COLOR_SEC
19:03:31.496,608,litter_colour,962,607,938,573,986,641,COLOR_SEC
19:03:31.496,608,litter_colour,1035,590,1012,572,1058,608,COLOR_SEC
19:03:31.496,608,litter_colour,1136,573,1066,515,1207,632,COLOR_SEC
19:03:31.496,608,litter_colour,909,459,867,424,951,494,COLOR_SEC
19:03:31.496,608,litter_colour,1115,445,1013,404,1218,487,COLOR_SEC
19:03:31.496,608,litter_colour,1789,374,1761,358,1817,390,COLOR_SEC
19:03:31.496,608,litter_colour,1420,344,1365,324,1476,364,COLOR_SEC
19:03:31.496,608,litter_colour,790,339,750,324,831,355,COLOR_SEC
19:03:31.619,609,litter_motion,963,770,920,752,1006,789,COLOR_SEC
19:03:31.619,609,litter_motion,1790,371,1759,352,1822,390,COLOR_SEC
19:03:31.619,609,litter_colour,964,616,944,592,985,641,COLOR_SEC
19:03:31.619,609,litter_colour,1034,590,1012,572,1057,609,COLOR_SEC
19:03:31.619,609,litter_colour,1136,573,1066,515,1207,632,COLOR_SEC
19:03:31.619,609,litter_colour,906,459,865,424,947,494,COLOR_SEC
19:03:31.619,609,litter_colour,1096,441,1014,403,1178,479,COLOR_SEC
19:03:31.619,609,litter_colour,1420,343,1365,324,1475,363,COLOR_SEC
19:03:31.619,609,litter_colour,789,339,749,324,830,355,COLOR_SEC
19:03:31.744,610,litter_motion,963,765,918,726,1008,805,COLOR_SEC
19:03:31.744,610,litter_motion,1789,370,1757,351,1821,390,COLOR_SEC
19:03:31.744,610,litter_colour,961,611,935,578,987,645,COLOR_SEC
19:03:31.744,610,litter_colour,1034,590,1012,572,1057,608,COLOR_SEC
19:03:31.744,610,litter_colour,1136,573,1065,514,1207,632,COLOR_SEC
19:03:31.744,610,litter_colour,905,459,865,423,946,495,COLOR_SEC
19:03:31.744,610,litter_colour,1115,444,1013,403,1217,486,COLOR_SEC
19:03:31.744,610,litter_colour,1419,343,1364,324,1474,363,COLOR_SEC
19:03:31.744,610,litter_colour,789,339,748,324,831,355,COLOR_SEC
19:03:31.872,611,litter_motion,965,776,921,753,1009,799,COLOR_SEC
19:03:31.872,611,litter_motion,1788,370,1757,351,1820,389,COLOR_SEC
19:03:31.872,611,litter_colour,961,609,936,573,987,645,COLOR_SEC
19:03:31.872,611,litter_colour,1036,590,1015,572,1057,608,COLOR_SEC
19:03:31.872,611,litter_colour,1135,573,1064,514,1207,632,COLOR_SEC
19:03:31.872,611,litter_colour,903,458,864,422,942,495,COLOR_SEC
19:03:31.872,611,litter_colour,1094,440,1013,403,1175,478,COLOR_SEC
19:03:31.872,611,litter_colour,1786,373,1758,357,1814,389,COLOR_SEC
19:03:31.872,611,litter_colour,1431,349,1363,324,1500,374,COLOR_SEC
19:03:31.872,611,litter_colour,793,339,758,324,829,354,COLOR_SEC
19:03:31.915,612,litter_yolo,452,726,3,383,902,1070,YOLO
19:03:32.000,612,litter_motion,965,778,931,754,1000,803,COLOR_SEC
19:03:32.000,612,litter_motion,1787,370,1756,351,1818,389,COLOR_SEC
19:03:32.000,612,litter_colour,960,611,936,578,984,645,COLOR_SEC
19:03:32.000,612,litter_colour,1036,590,1015,572,1057,608,COLOR_SEC
19:03:32.000,612,litter_colour,1136,573,1065,514,1207,632,COLOR_SEC
19:03:32.000,612,litter_colour,903,458,864,422,942,495,COLOR_SEC
19:03:32.000,612,litter_colour,1093,440,1011,402,1175,478,COLOR_SEC
19:03:32.000,612,litter_colour,1785,373,1757,357,1813,389,COLOR_SEC
19:03:32.000,612,litter_colour,1431,349,1364,324,1499,374,COLOR_SEC
19:03:32.000,612,litter_colour,792,339,755,324,829,354,COLOR_SEC
19:03:32.127,613,litter_motion,1038,935,1012,913,1065,957,COLOR_SEC
19:03:32.127,613,litter_motion,966,766,933,744,1000,788,COLOR_SEC
19:03:32.127,613,litter_motion,1787,369,1756,350,1818,389,COLOR_SEC
19:03:32.127,613,litter_colour,1039,936,1011,912,1067,960,COLOR_SEC
19:03:32.127,613,litter_colour,964,610,942,578,986,643,COLOR_SEC
19:03:32.127,613,litter_colour,1036,590,1015,572,1057,609,COLOR_SEC
19:03:32.127,613,litter_colour,1136,573,1065,514,1207,632,COLOR_SEC
19:03:32.127,613,litter_colour,904,458,862,423,946,493,COLOR_SEC
19:03:32.127,613,litter_colour,1092,440,1012,402,1172,478,COLOR_SEC
19:03:32.127,613,litter_colour,1435,349,1372,324,1498,374,COLOR_SEC
19:03:32.127,613,litter_colour,792,339,757,324,828,354,COLOR_SEC
19:03:32.170,614,litter_yolo,449,726,0,379,899,1074,YOLO
19:03:32.252,614,litter_motion,1039,937,1012,915,1067,959,COLOR_SEC
19:03:32.252,614,litter_motion,966,773,933,756,1000,790,COLOR_SEC
19:03:32.252,614,litter_motion,1786,367,1755,345,1818,389,COLOR_SEC
19:03:32.252,614,litter_colour,1039,938,1011,913,1068,963,COLOR_SEC
19:03:32.252,614,litter_colour,1098,677,1047,629,1150,726,COLOR_SEC
19:03:32.252,614,litter_colour,961,610,936,573,987,647,COLOR_SEC
19:03:32.253,614,litter_colour,1035,591,1015,571,1056,611,COLOR_SEC
19:03:32.253,614,litter_colour,1136,573,1065,514,1207,632,COLOR_SEC
19:03:32.253,614,litter_colour,905,457,862,421,948,494,COLOR_SEC
19:03:32.253,614,litter_colour,1113,443,1011,402,1216,485,COLOR_SEC
19:03:32.253,614,litter_colour,1784,372,1756,356,1812,388,COLOR_SEC
19:03:32.253,614,litter_colour,1434,348,1372,324,1497,373,COLOR_SEC
19:03:32.253,614,litter_colour,791,339,755,324,828,354,COLOR_SEC
19:03:32.294,615,litter_yolo,448,727,0,379,896,1075,YOLO
19:03:32.377,615,litter_motion,1039,939,1012,917,1067,962,COLOR_SEC
19:03:32.377,615,litter_motion,1534,817,1499,793,1570,841,COLOR_SEC
19:03:32.377,615,litter_motion,972,766,936,725,1009,807,COLOR_SEC
19:03:32.377,615,litter_motion,1787,366,1755,344,1819,389,COLOR_SEC
19:03:32.377,615,litter_colour,1098,670,1044,613,1152,727,COLOR_SEC
19:03:32.377,615,litter_colour,1035,591,1015,572,1056,611,COLOR_SEC
19:03:32.377,615,litter_colour,1136,573,1065,514,1208,633,COLOR_SEC
19:03:32.377,615,litter_colour,904,457,862,421,947,494,COLOR_SEC
19:03:32.377,615,litter_colour,1119,448,1011,402,1228,495,COLOR_SEC
19:03:32.377,615,litter_colour,1784,372,1756,356,1812,388,COLOR_SEC
19:03:32.377,615,litter_colour,1433,348,1371,324,1496,373,COLOR_SEC
19:03:32.378,615,litter_colour,791,338,755,324,828,353,COLOR_SEC
19:03:32.418,616,litter_yolo,447,728,0,378,894,1079,YOLO
19:03:32.503,616,litter_motion,1536,823,1501,803,1572,843,COLOR_SEC
19:03:32.503,616,litter_motion,1787,366,1755,344,1819,389,COLOR_SEC
19:03:32.503,616,litter_colour,1099,678,1046,630,1152,727,COLOR_SEC
19:03:32.503,616,litter_colour,1035,591,1015,572,1056,611,COLOR_SEC
19:03:32.503,616,litter_colour,1136,573,1064,514,1208,633,COLOR_SEC
19:03:32.503,616,litter_colour,905,457,863,421,947,494,COLOR_SEC
19:03:32.503,616,litter_colour,1783,372,1755,356,1812,388,COLOR_SEC
19:03:32.503,616,litter_colour,1433,349,1371,324,1496,374,COLOR_SEC
19:03:32.503,616,litter_colour,791,339,754,324,828,354,COLOR_SEC
19:03:32.545,617,litter_yolo,449,724,3,384,896,1065,YOLO
19:03:32.629,617,litter_motion,1536,823,1499,802,1574,845,COLOR_SEC
19:03:32.629,617,litter_motion,968,774,935,750,1001,798,COLOR_SEC
19:03:32.629,617,litter_motion,1786,366,1754,344,1819,389,COLOR_SEC
19:03:32.629,617,litter_colour,1033,592,1015,573,1051,612,COLOR_SEC
19:03:32.629,617,litter_colour,1136,574,1065,515,1208,634,COLOR_SEC
19:03:32.629,617,litter_colour,902,469,862,445,942,494,COLOR_SEC
19:03:32.629,617,litter_colour,1783,372,1755,356,1811,388,COLOR_SEC
19:03:32.629,617,litter_colour,1433,349,1371,324,1495,374,COLOR_SEC
19:03:32.629,617,litter_colour,791,339,754,324,828,354,COLOR_SEC
19:03:32.751,618,litter_motion,971,785,930,762,1013,809,COLOR_SEC
19:03:32.751,618,litter_motion,1786,367,1754,345,1818,389,COLOR_SEC
19:03:32.751,618,litter_colour,1033,593,1015,574,1051,612,COLOR_SEC
19:03:32.751,618,litter_colour,1136,575,1064,515,1208,635,COLOR_SEC
19:03:32.751,618,litter_colour,903,461,862,422,945,501,COLOR_SEC
19:03:32.751,618,litter_colour,1428,349,1362,324,1494,374,COLOR_SEC
19:03:32.751,618,litter_colour,790,339,753,324,828,354,COLOR_SEC
19:03:32.876,619,litter_motion,965,783,929,764,1002,802,COLOR_SEC
19:03:32.876,619,litter_motion,1784,370,1753,351,1815,390,COLOR_SEC
19:03:32.876,619,litter_colour,1033,594,1015,575,1051,613,COLOR_SEC
19:03:32.876,619,litter_colour,1136,575,1064,515,1209,636,COLOR_SEC
19:03:32.876,619,litter_colour,904,456,862,427,947,485,COLOR_SEC
19:03:32.876,619,litter_colour,1094,440,1011,403,1178,477,COLOR_SEC
19:03:32.876,619,litter_colour,1426,349,1360,324,1493,375,COLOR_SEC
19:03:32.876,619,litter_colour,786,339,745,324,827,355,COLOR_SEC
19:03:33.002,620,litter_motion,963,787,928,769,999,805,COLOR_SEC
19:03:33.002,620,litter_motion,1783,371,1752,352,1815,390,COLOR_SEC
19:03:33.002,620,litter_colour,1032,595,1014,576,1051,614,COLOR_SEC
19:03:33.002,620,litter_colour,903,454,861,423,945,486,COLOR_SEC
19:03:33.002,620,litter_colour,1088,440,1009,404,1168,477,COLOR_SEC
19:03:33.002,620,litter_colour,1780,373,1753,357,1808,389,COLOR_SEC
19:03:33.002,620,litter_colour,1426,350,1361,324,1491,376,COLOR_SEC
19:03:33.002,620,litter_colour,785,339,744,324,827,355,COLOR_SEC
19:03:33.128,621,litter_motion,966,787,931,768,1002,806,COLOR_SEC
19:03:33.128,621,litter_motion,1782,371,1752,352,1812,390,COLOR_SEC
19:03:33.128,621,litter_colour,1022,596,993,577,1051,615,COLOR_SEC
19:03:33.128,621,litter_colour,894,466,861,446,928,486,COLOR_SEC
19:03:33.128,621,litter_colour,1090,441,1011,404,1169,478,COLOR_SEC
19:03:33.128,621,litter_colour,1425,350,1360,324,1490,376,COLOR_SEC
19:03:33.128,621,litter_colour,785,340,744,324,826,356,COLOR_SEC
19:03:33.251,622,litter_motion,965,788,930,769,1001,808,COLOR_SEC
19:03:33.251,622,litter_motion,1781,372,1751,353,1812,391,COLOR_SEC
19:03:33.251,622,litter_colour,1032,596,1014,577,1050,616,COLOR_SEC
19:03:33.251,622,litter_colour,1136,577,1063,517,1209,638,COLOR_SEC
19:03:33.251,622,litter_colour,902,461,860,429,945,493,COLOR_SEC
19:03:33.251,622,litter_colour,1089,442,1009,404,1169,480,COLOR_SEC
19:03:33.251,622,litter_colour,1169,391,1146,363,1192,420,COLOR_SEC
19:03:33.251,622,litter_colour,1780,374,1752,358,1808,390,COLOR_SEC
19:03:33.251,622,litter_colour,1424,354,1360,324,1489,384,COLOR_SEC
19:03:33.251,622,litter_colour,784,340,743,324,826,356,COLOR_SEC
19:03:33.292,623,litter_yolo,445,729,0,383,891,1076,YOLO
19:03:33.375,623,litter_motion,970,772,932,723,1009,822,COLOR_SEC
19:03:33.375,623,litter_motion,1780,372,1751,353,1810,391,COLOR_SEC
19:03:33.375,623,litter_colour,1032,597,1014,578,1051,617,COLOR_SEC
19:03:33.375,623,litter_colour,902,458,860,429,945,487,COLOR_SEC
19:03:33.375,623,litter_colour,1089,442,1009,404,1169,480,COLOR_SEC
19:03:33.375,623,litter_colour,1779,374,1752,358,1807,390,COLOR_SEC
19:03:33.375,623,litter_colour,1424,351,1360,324,1488,378,COLOR_SEC
19:03:33.375,623,litter_colour,784,340,743,324,825,356,COLOR_SEC
19:03:33.498,624,litter_motion,1780,372,1751,353,1810,391,COLOR_SEC
19:03:33.498,624,litter_colour,1033,598,1014,578,1052,618,COLOR_SEC
19:03:33.498,624,litter_colour,1136,579,1063,519,1209,639,COLOR_SEC
19:03:33.498,624,litter_colour,902,461,860,429,945,493,COLOR_SEC
19:03:33.498,624,litter_colour,1089,442,1010,404,1169,480,COLOR_SEC
19:03:33.498,624,litter_colour,1779,374,1752,358,1807,390,COLOR_SEC
19:03:33.498,624,litter_colour,1424,354,1360,324,1488,384,COLOR_SEC
19:03:33.498,624,litter_colour,784,340,743,324,825,356,COLOR_SEC
19:03:33.540,625,litter_yolo,446,731,0,383,893,1080,YOLO
19:03:33.622,625,litter_motion,1780,372,1751,353,1810,391,COLOR_SEC
19:03:33.622,625,litter_colour,1032,598,1014,578,1051,619,COLOR_SEC
19:03:33.622,625,litter_colour,902,458,860,429,945,488,COLOR_SEC
19:03:33.622,625,litter_colour,1093,442,1009,405,1177,480,COLOR_SEC
19:03:33.622,625,litter_colour,1779,375,1751,359,1807,391,COLOR_SEC
19:03:33.622,625,litter_colour,1423,351,1360,324,1487,378,COLOR_SEC
19:03:33.622,625,litter_colour,784,340,743,324,825,356,COLOR_SEC
19:03:33.746,626,litter_motion,1780,372,1751,353,1810,391,COLOR_SEC
19:03:33.746,626,litter_colour,1033,598,1014,579,1053,618,COLOR_SEC
19:03:33.746,626,litter_colour,902,454,860,422,945,487,COLOR_SEC
19:03:33.746,626,litter_colour,1091,442,1007,404,1175,480,COLOR_SEC
19:03:33.746,626,litter_colour,1779,374,1751,359,1807,390,COLOR_SEC
19:03:33.746,626,litter_colour,1422,351,1358,324,1486,378,COLOR_SEC
19:03:33.746,626,litter_colour,783,340,742,324,824,356,COLOR_SEC
19:03:33.869,627,litter_motion,1780,371,1750,352,1811,391,COLOR_SEC
19:03:33.869,627,litter_colour,1033,598,1014,579,1053,618,COLOR_SEC
19:03:33.869,627,litter_colour,1136,578,1063,517,1210,640,COLOR_SEC
19:03:33.869,627,litter_colour,902,457,860,428,944,487,COLOR_SEC
19:03:33.869,627,litter_colour,1081,441,992,404,1170,479,COLOR_SEC
19:03:33.869,627,litter_colour,1779,374,1751,358,1807,390,COLOR_SEC
19:03:33.869,627,litter_colour,1422,353,1359,324,1486,383,COLOR_SEC
19:03:33.869,627,litter_colour,783,340,742,324,824,356,COLOR_SEC
19:03:33.992,628,litter_motion,1781,371,1750,352,1812,390,COLOR_SEC
19:03:33.992,628,litter_colour,1032,598,1014,578,1051,618,COLOR_SEC
19:03:33.992,628,litter_colour,901,456,859,425,944,487,COLOR_SEC
19:03:33.992,628,litter_colour,1778,373,1751,357,1806,389,COLOR_SEC
19:03:33.992,628,litter_colour,1421,350,1358,324,1485,376,COLOR_SEC
19:03:33.992,628,litter_colour,783,339,742,324,824,355,COLOR_SEC
19:03:34.117,629,litter_motion,1045,974,1017,949,1074,999,COLOR_SEC
19:03:34.117,629,litter_motion,1780,370,1750,352,1811,389,COLOR_SEC
19:03:34.117,629,litter_colour,1046,975,1016,948,1076,1003,COLOR_SEC
19:03:34.117,629,litter_colour,1032,598,1014,578,1051,618,COLOR_SEC
19:03:34.117,629,litter_colour,901,456,859,427,943,486,COLOR_SEC
19:03:34.117,629,litter_colour,1089,440,1011,403,1168,477,COLOR_SEC
19:03:34.117,629,litter_colour,1778,373,1751,357,1806,389,COLOR_SEC
19:03:34.117,629,litter_colour,1421,349,1359,324,1484,375,COLOR_SEC
19:03:34.117,629,litter_colour,788,339,752,324,824,355,COLOR_SEC
19:03:34.241,630,litter_motion,1046,976,1017,951,1075,1001,COLOR_SEC
19:03:34.241,630,litter_motion,1782,366,1750,345,1814,388,COLOR_SEC
19:03:34.241,630,litter_colour,1046,977,1016,949,1076,1005,COLOR_SEC
19:03:34.241,630,litter_colour,1034,598,1014,578,1055,618,COLOR_SEC
19:03:34.241,630,litter_colour,900,455,858,424,943,486,COLOR_SEC
19:03:34.241,630,litter_colour,1422,349,1360,324,1484,375,COLOR_SEC
19:03:34.241,630,litter_colour,787,339,752,324,823,354,COLOR_SEC
19:03:34.282,631,litter_yolo,445,727,0,378,891,1076,YOLO
19:03:34.366,631,litter_motion,1046,978,1017,953,1076,1003,COLOR_SEC
19:03:34.366,631,litter_motion,1780,369,1749,350,1811,388,COLOR_SEC
19:03:34.366,631,litter_colour,1046,978,1016,950,1076,1006,COLOR_SEC
19:03:34.366,631,litter_colour,1112,695,1068,649,1157,741,COLOR_SEC
19:03:34.366,631,litter_colour,1034,598,1014,578,1055,618,COLOR_SEC
19:03:34.366,631,litter_colour,892,464,858,444,926,485,COLOR_SEC
19:03:34.366,631,litter_colour,1777,372,1750,356,1805,388,COLOR_SEC
19:03:34.366,631,litter_colour,1424,349,1366,324,1483,374,COLOR_SEC
19:03:34.366,631,litter_colour,787,338,751,324,823,353,COLOR_SEC
19:03:34.406,632,litter_yolo,445,728,0,379,891,1078,YOLO
19:03:34.490,632,litter_motion,1046,979,1017,954,1076,1005,COLOR_SEC
19:03:34.490,632,litter_motion,1780,369,1749,350,1811,388,COLOR_SEC
19:03:34.490,632,litter_colour,1046,980,1016,952,1077,1008,COLOR_SEC
19:03:34.490,632,litter_colour,1112,718,1069,695,1156,741,COLOR_SEC
19:03:34.490,632,litter_colour,1034,597,1014,578,1055,617,COLOR_SEC
19:03:34.490,632,litter_colour,1135,578,1061,518,1210,639,COLOR_SEC
19:03:34.490,632,litter_colour,900,454,858,423,943,485,COLOR_SEC
19:03:34.490,632,litter_colour,1424,348,1367,324,1482,373,COLOR_SEC
19:03:34.490,632,litter_colour,787,338,751,324,823,353,COLOR_SEC
19:03:34.530,633,litter_yolo,445,728,0,379,890,1078,YOLO
19:03:34.613,633,litter_motion,1046,981,1017,956,1075,1006,COLOR_SEC
19:03:34.613,633,litter_motion,1780,368,1749,350,1811,387,COLOR_SEC
19:03:34.613,633,litter_colour,1046,982,1016,954,1077,1010,COLOR_SEC
19:03:34.613,633,litter_colour,1112,719,1069,696,1156,742,COLOR_SEC
19:03:34.613,633,litter_colour,1033,597,1014,577,1053,617,COLOR_SEC
19:03:34.613,633,litter_colour,1136,578,1062,517,1211,639,COLOR_SEC
19:03:34.613,633,litter_colour,892,465,858,445,926,485,COLOR_SEC
19:03:34.613,633,litter_colour,1424,348,1368,324,1481,373,COLOR_SEC
19:03:34.613,633,litter_colour,786,338,751,324,822,353,COLOR_SEC
19:03:34.653,634,litter_yolo,444,726,0,376,889,1077,YOLO
19:03:34.737,634,litter_motion,1046,983,1017,957,1076,1009,COLOR_SEC
19:03:34.737,634,litter_motion,1780,368,1750,349,1810,387,COLOR_SEC
19:03:34.737,634,litter_colour,1046,983,1016,955,1077,1012,COLOR_SEC
19:03:34.737,634,litter_colour,1112,696,1069,651,1156,742,COLOR_SEC
19:03:34.737,634,litter_colour,1033,597,1014,577,1053,617,COLOR_SEC
19:03:34.737,634,litter_colour,1136,578,1062,517,1211,639,COLOR_SEC
19:03:34.737,634,litter_colour,900,453,858,421,942,485,COLOR_SEC
19:03:34.737,634,litter_colour,1424,348,1368,324,1481,372,COLOR_SEC
19:03:34.737,634,litter_colour,786,338,751,324,822,353,COLOR_SEC
19:03:34.777,635,litter_yolo,445,721,0,365,890,1077,YOLO
19:03:34.860,635,litter_motion,1047,985,1017,960,1077,1011,COLOR_SEC
19:03:34.861,635,litter_motion,1780,367,1750,349,1811,386,COLOR_SEC
19:03:34.861,635,litter_colour,1046,985,1016,957,1077,1014,COLOR_SEC
19:03:34.861,635,litter_colour,1114,697,1069,652,1159,743,COLOR_SEC
19:03:34.861,635,litter_colour,1033,597,1014,577,1053,617,COLOR_SEC
19:03:34.861,635,litter_colour,1136,578,1062,517,1211,639,COLOR_SEC
19:03:34.861,635,litter_colour,899,452,857,421,942,484,COLOR_SEC
19:03:34.861,635,litter_colour,1424,348,1369,324,1480,372,COLOR_SEC
19:03:34.861,635,litter_colour,786,338,751,324,822,352,COLOR_SEC
19:03:34.901,636,litter_yolo,446,725,0,373,892,1078,YOLO
19:03:34.983,636,litter_motion,1046,987,1017,961,1075,1013,COLOR_SEC
19:03:34.984,636,litter_motion,1780,367,1750,348,1810,386,COLOR_SEC
19:03:34.984,636,litter_colour,1047,987,1016,958,1078,1017,COLOR_SEC
19:03:34.984,636,litter_colour,1113,697,1069,652,1158,743,COLOR_SEC
19:03:34.984,636,litter_colour,1033,597,1014,577,1053,617,COLOR_SEC
19:03:34.984,636,litter_colour,1136,577,1062,516,1211,639,COLOR_SEC
19:03:34.984,636,litter_colour,899,456,857,419,942,493,COLOR_SEC
19:03:34.984,636,litter_colour,1777,370,1750,354,1805,386,COLOR_SEC
19:03:34.984,636,litter_colour,1424,348,1369,324,1480,372,COLOR_SEC
19:03:34.984,636,litter_colour,786,338,751,324,822,352,COLOR_SEC
19:03:35.025,637,litter_yolo,446,727,0,379,892,1075,YOLO
19:03:35.111,637,litter_motion,1047,989,1017,963,1077,1015,COLOR_SEC
19:03:35.111,637,litter_motion,1779,367,1750,348,1809,386,COLOR_SEC
19:03:35.111,637,litter_colour,1047,989,1016,960,1078,1019,COLOR_SEC
19:03:35.111,637,litter_colour,1110,696,1069,650,1152,743,COLOR_SEC
19:03:35.111,637,litter_colour,1033,597,1014,578,1052,617,COLOR_SEC
19:03:35.111,637,litter_colour,1137,578,1062,517,1212,639,COLOR_SEC
19:03:35.111,637,litter_colour,899,451,856,419,942,484,COLOR_SEC
19:03:35.111,637,litter_colour,1777,369,1750,354,1805,385,COLOR_SEC
19:03:35.111,637,litter_colour,1424,348,1369,324,1479,372,COLOR_SEC
19:03:35.111,637,litter_colour,786,338,751,324,822,352,COLOR_SEC
19:03:35.154,638,litter_yolo,446,728,0,377,892,1080,YOLO
19:03:35.240,638,litter_motion,1046,991,1017,965,1075,1017,COLOR_SEC
19:03:35.240,638,litter_motion,1780,367,1750,348,1810,386,COLOR_SEC
19:03:35.240,638,litter_colour,1047,991,1016,962,1078,1020,COLOR_SEC
19:03:35.240,638,litter_colour,1113,697,1069,650,1157,744,COLOR_SEC
19:03:35.240,638,litter_colour,1032,597,1013,577,1052,617,COLOR_SEC
19:03:35.240,638,litter_colour,1136,577,1061,516,1212,639,COLOR_SEC
19:03:35.240,638,litter_colour,899,462,857,419,942,506,COLOR_SEC
19:03:35.240,638,litter_colour,1424,348,1369,324,1479,372,COLOR_SEC
19:03:35.240,638,litter_colour,786,338,751,324,822,352,COLOR_SEC
19:03:35.281,639,litter_yolo,445,727,0,377,890,1078,YOLO
19:03:35.368,639,litter_motion,1046,992,1017,966,1076,1019,COLOR_SEC
19:03:35.368,639,litter_motion,1780,366,1750,348,1811,385,COLOR_SEC
19:03:35.368,639,litter_colour,1046,993,1015,964,1078,1022,COLOR_SEC
19:03:35.368,639,litter_colour,1032,597,1013,577,1052,617,COLOR_SEC
19:03:35.368,639,litter_colour,1136,577,1061,516,1212,639,COLOR_SEC
19:03:35.368,639,litter_colour,899,462,857,418,942,506,COLOR_SEC
19:03:35.368,639,litter_colour,1777,369,1750,353,1805,385,COLOR_SEC
19:03:35.368,639,litter_colour,1424,348,1369,324,1479,372,COLOR_SEC
19:03:35.368,639,litter_colour,786,337,751,324,822,351,COLOR_SEC
19:03:35.494,640,litter_motion,1046,994,1016,968,1076,1021,COLOR_SEC
19:03:35.494,640,litter_motion,1780,366,1750,348,1811,385,COLOR_SEC
19:03:35.494,640,litter_colour,1047,994,1016,965,1078,1024,COLOR_SEC
19:03:35.494,640,litter_colour,1032,597,1013,577,1052,617,COLOR_SEC
19:03:35.494,640,litter_colour,1136,577,1061,516,1212,639,COLOR_SEC
19:03:35.494,640,litter_colour,899,450,857,418,942,483,COLOR_SEC
19:03:35.494,640,litter_colour,1778,369,1751,353,1805,385,COLOR_SEC
19:03:35.494,640,litter_colour,1424,348,1369,324,1479,372,COLOR_SEC
19:03:35.494,640,litter_colour,786,337,751,324,822,351,COLOR_SEC
19:03:35.537,641,litter_yolo,445,730,0,380,890,1080,YOLO
19:03:35.622,641,litter_motion,1046,996,1017,970,1076,1023,COLOR_SEC
19:03:35.622,641,litter_motion,1780,366,1750,348,1811,385,COLOR_SEC
19:03:35.622,641,litter_colour,1046,997,1015,967,1078,1027,COLOR_SEC
19:03:35.622,641,litter_colour,1032,597,1013,577,1052,617,COLOR_SEC
19:03:35.622,641,litter_colour,1136,577,1061,516,1212,639,COLOR_SEC
19:03:35.622,641,litter_colour,899,450,857,418,942,483,COLOR_SEC
19:03:35.622,641,litter_colour,1778,368,1751,352,1806,384,COLOR_SEC
19:03:35.622,641,litter_colour,1417,341,1370,324,1465,358,COLOR_SEC
19:03:35.622,641,litter_colour,787,337,752,324,822,351,COLOR_SEC
19:03:35.746,642,litter_motion,1047,998,1016,972,1078,1025,COLOR_SEC
19:03:35.746,642,litter_motion,1780,366,1750,348,1811,385,COLOR_SEC
19:03:35.746,642,litter_colour,1046,999,1015,969,1078,1029,COLOR_SEC
19:03:35.746,642,litter_colour,1112,699,1069,653,1155,745,COLOR_SEC
19:03:35.746,642,litter_colour,1032,597,1013,577,1052,617,COLOR_SEC
19:03:35.746,642,litter_colour,1136,577,1061,516,1212,639,COLOR_SEC
19:03:35.746,642,litter_colour,899,450,857,418,942,483,COLOR_SEC
19:03:35.746,642,litter_colour,1778,368,1751,352,1805,384,COLOR_SEC
19:03:35.746,642,litter_colour,1417,341,1370,324,1465,358,COLOR_SEC
19:03:35.746,642,litter_colour,787,337,752,324,822,351,COLOR_SEC
19:03:35.870,643,litter_motion,1781,366,1751,348,1812,384,COLOR_SEC
19:03:35.870,643,litter_colour,1115,700,1070,654,1161,746,COLOR_SEC
19:03:35.870,643,litter_colour,1032,597,1013,578,1052,617,COLOR_SEC
19:03:35.870,643,litter_colour,1137,577,1061,516,1213,639,COLOR_SEC
19:03:35.870,643,litter_colour,900,451,858,419,942,483,COLOR_SEC
19:03:35.870,643,litter_colour,1778,368,1751,352,1806,384,COLOR_SEC
19:03:35.870,643,litter_colour,1418,341,1370,324,1466,358,COLOR_SEC
19:03:35.870,643,litter_colour,786,337,752,324,821,351,COLOR_SEC
19:03:35.993,644,litter_colour,1032,597,1012,578,1052,617,COLOR_SEC
19:03:35.993,644,litter_colour,1138,577,1061,516,1215,639,COLOR_SEC
19:03:35.993,644,litter_colour,899,451,856,419,942,483,COLOR_SEC
19:03:35.993,644,litter_colour,1779,368,1752,352,1807,384,COLOR_SEC
19:03:35.993,644,litter_colour,1417,340,1370,324,1465,357,COLOR_SEC
19:03:35.993,644,litter_colour,787,337,752,324,822,351,COLOR_SEC
19:03:36.116,645,litter_colour,1032,597,1012,577,1052,618,COLOR_SEC
19:03:36.116,645,litter_colour,1138,577,1062,516,1215,639,COLOR_SEC
19:03:36.116,645,litter_colour,899,451,856,419,942,483,COLOR_SEC
19:03:36.116,645,litter_colour,1779,367,1752,351,1807,383,COLOR_SEC
19:03:36.116,645,litter_colour,1418,340,1371,324,1465,357,COLOR_SEC
19:03:36.116,645,litter_colour,787,337,752,324,822,351,COLOR_SEC
19:03:36.240,646,litter_motion,1782,365,1752,346,1812,384,COLOR_SEC
19:03:36.240,646,litter_colour,1032,597,1012,577,1053,618,COLOR_SEC
19:03:36.240,646,litter_colour,1138,577,1062,516,1215,639,COLOR_SEC
19:03:36.240,646,litter_colour,890,456,856,430,924,483,COLOR_SEC
19:03:36.240,646,litter_colour,1418,340,1371,324,1465,357,COLOR_SEC
19:03:36.240,646,litter_colour,787,337,752,324,822,351,COLOR_SEC
19:03:36.364,647,litter_colour,1032,598,1012,578,1053,618,COLOR_SEC
19:03:36.364,647,litter_colour,898,453,856,423,941,483,COLOR_SEC
19:03:36.364,647,litter_colour,1779,367,1752,351,1806,383,COLOR_SEC
19:03:36.364,647,litter_colour,1418,340,1371,324,1465,357,COLOR_SEC
19:03:36.364,647,litter_colour,786,337,752,324,821,351,COLOR_SEC
19:03:36.488,648,litter_motion,1781,364,1752,346,1811,383,COLOR_SEC
19:03:36.488,648,litter_colour,1033,598,1012,578,1055,618,COLOR_SEC
19:03:36.488,648,litter_colour,1138,577,1062,515,1214,640,COLOR_SEC
19:03:36.488,648,litter_colour,898,452,856,422,941,483,COLOR_SEC
19:03:36.488,648,litter_colour,1779,367,1752,351,1807,383,COLOR_SEC
19:03:36.488,648,litter_colour,1418,340,1372,324,1465,357,COLOR_SEC
19:03:36.488,648,litter_colour,786,337,752,324,821,351,COLOR_SEC
19:03:36.610,649,litter_motion,1781,364,1752,346,1810,383,COLOR_SEC
19:03:36.610,649,litter_colour,1032,598,1012,578,1052,618,COLOR_SEC
19:03:36.610,649,litter_colour,1138,577,1062,515,1214,640,COLOR_SEC
19:03:36.610,649,litter_colour,898,452,856,422,941,482,COLOR_SEC
19:03:36.610,649,litter_colour,1780,366,1753,350,1807,382,COLOR_SEC
19:03:36.610,649,litter_colour,1418,340,1372,324,1465,357,COLOR_SEC
19:03:36.610,649,litter_colour,786,337,752,324,821,351,COLOR_SEC
19:03:36.733,650,litter_motion,1044,1019,1012,992,1077,1047,COLOR_SEC
19:03:36.733,650,litter_colour,1044,1019,1011,987,1078,1051,COLOR_SEC
19:03:36.733,650,litter_colour,1031,598,1012,578,1051,618,COLOR_SEC
19:03:36.733,650,litter_colour,898,452,856,422,941,483,COLOR_SEC
19:03:36.733,650,litter_colour,1093,433,1007,393,1179,473,COLOR_SEC
19:03:36.733,650,litter_colour,1780,366,1753,350,1807,382,COLOR_SEC
19:03:36.733,650,litter_colour,1418,340,1372,324,1465,356,COLOR_SEC
19:03:36.733,650,litter_colour,786,337,752,324,821,351,COLOR_SEC
19:03:36.860,651,litter_motion,1044,1021,1012,992,1077,1051,COLOR_SEC
19:03:36.860,651,litter_motion,1783,363,1753,345,1813,382,COLOR_SEC
19:03:36.860,651,litter_colour,1044,1022,1010,990,1078,1054,COLOR_SEC
19:03:36.860,651,litter_colour,1031,598,1012,578,1051,619,COLOR_SEC
19:03:36.860,651,litter_colour,899,452,856,422,943,483,COLOR_SEC
19:03:36.860,651,litter_colour,1084,433,990,393,1179,473,COLOR_SEC
19:03:36.860,651,litter_colour,1780,366,1753,350,1807,382,COLOR_SEC
19:03:36.860,651,litter_colour,1419,340,1373,324,1465,356,COLOR_SEC
19:03:36.860,651,litter_colour,786,337,752,324,821,350,COLOR_SEC
19:03:36.984,652,litter_motion,1042,1024,1011,995,1074,1054,COLOR_SEC
19:03:36.984,652,litter_motion,1783,363,1753,344,1813,382,COLOR_SEC
19:03:36.984,652,litter_colour,1044,1025,1010,993,1078,1058,COLOR_SEC
19:03:36.984,652,litter_colour,1138,578,1062,515,1215,641,COLOR_SEC
19:03:36.984,652,litter_colour,900,464,857,422,943,506,COLOR_SEC
19:03:36.984,652,litter_colour,1084,433,990,398,1179,468,COLOR_SEC
19:03:36.984,652,litter_colour,1780,366,1753,350,1808,382,COLOR_SEC
19:03:36.984,652,litter_colour,1423,352,1373,324,1473,380,COLOR_SEC
19:03:36.984,652,litter_colour,786,337,752,324,821,350,COLOR_SEC
19:03:37.106,653,litter_motion,1043,1028,1010,998,1076,1059,COLOR_SEC
19:03:37.106,653,litter_colour,1043,1029,1010,996,1077,1062,COLOR_SEC
19:03:37.106,653,litter_colour,1030,599,1011,579,1050,619,COLOR_SEC
19:03:37.106,653,litter_colour,1139,578,1062,515,1217,641,COLOR_SEC
19:03:37.106,653,litter_colour,900,464,857,422,943,506,COLOR_SEC
19:03:37.106,653,litter_colour,1084,428,989,388,1180,469,COLOR_SEC
19:03:37.106,653,litter_colour,1781,366,1754,350,1808,382,COLOR_SEC
19:03:37.106,653,litter_colour,1423,352,1373,324,1473,380,COLOR_SEC
19:03:37.106,653,litter_colour,786,337,752,324,821,350,COLOR_SEC
19:03:37.231,654,litter_motion,1042,1033,1010,1003,1074,1063,COLOR_SEC
19:03:37.231,654,litter_colour,1042,1032,1008,999,1077,1066,COLOR_SEC
19:03:37.231,654,litter_colour,1033,599,1011,579,1055,620,COLOR_SEC
19:03:37.231,654,litter_colour,900,463,857,422,943,505,COLOR_SEC
19:03:37.231,654,litter_colour,1105,435,989,388,1222,482,COLOR_SEC
19:03:37.231,654,litter_colour,1781,366,1754,350,1809,382,COLOR_SEC
19:03:37.231,654,litter_colour,1422,352,1373,324,1472,380,COLOR_SEC
19:03:37.231,654,litter_colour,786,337,752,324,821,350,COLOR_SEC
19:03:37.354,655,litter_motion,1041,1036,1009,1005,1073,1067,COLOR_SEC
19:03:37.354,655,litter_colour,1042,1037,1007,1004,1077,1070,COLOR_SEC
19:03:37.354,655,litter_colour,899,464,856,423,942,506,COLOR_SEC
19:03:37.354,655,litter_colour,1084,431,989,388,1180,474,COLOR_SEC
19:03:37.354,655,litter_colour,1781,366,1754,350,1809,382,COLOR_SEC
19:03:37.354,655,litter_colour,1422,352,1373,324,1472,380,COLOR_SEC
19:03:37.354,655,litter_colour,786,337,752,324,821,350,COLOR_SEC
19:03:37.474,656,litter_colour,898,452,855,422,942,483,COLOR_SEC
19:03:37.474,656,litter_colour,375,416,349,394,401,439,COLOR_SEC
19:03:37.474,656,litter_colour,1084,431,989,388,1180,474,COLOR_SEC
19:03:37.474,656,litter_colour,1781,366,1754,350,1809,382,COLOR_SEC
19:03:37.474,656,litter_colour,1422,352,1373,324,1472,381,COLOR_SEC
19:03:37.474,656,litter_colour,787,337,752,324,822,350,COLOR_SEC
19:03:37.597,657,litter_colour,1138,579,1062,516,1215,643,COLOR_SEC
19:03:37.597,657,litter_colour,898,452,855,422,942,483,COLOR_SEC
19:03:37.597,657,litter_colour,374,416,348,394,401,439,COLOR_SEC
19:03:37.597,657,litter_colour,1085,431,990,388,1180,474,COLOR_SEC
19:03:37.597,657,litter_colour,1782,365,1755,349,1810,382,COLOR_SEC
19:03:37.597,657,litter_colour,1422,347,1374,324,1471,371,COLOR_SEC
19:03:37.597,657,litter_colour,787,337,752,324,822,350,COLOR_SEC
19:03:37.719,658,litter_colour,898,452,855,422,942,483,COLOR_SEC
19:03:37.719,658,litter_colour,374,416,348,394,401,439,COLOR_SEC
19:03:37.719,658,litter_colour,1085,431,990,388,1180,474,COLOR_SEC
19:03:37.719,658,litter_colour,1782,365,1755,349,1809,381,COLOR_SEC
19:03:37.719,658,litter_colour,1422,352,1374,324,1471,381,COLOR_SEC
19:03:37.719,658,litter_colour,787,337,752,324,822,350,COLOR_SEC
19:03:37.843,659,litter_colour,899,452,856,422,943,483,COLOR_SEC
19:03:37.843,659,litter_colour,374,416,348,394,401,439,COLOR_SEC
19:03:37.843,659,litter_colour,1085,431,990,388,1181,474,COLOR_SEC
19:03:37.843,659,litter_colour,1782,365,1755,349,1809,381,COLOR_SEC
19:03:37.843,659,litter_colour,1422,353,1374,324,1470,382,COLOR_SEC
19:03:37.843,659,litter_colour,787,337,752,324,822,350,COLOR_SEC
19:03:37.965,660,litter_colour,1139,580,1062,515,1216,645,COLOR_SEC
19:03:37.965,660,litter_colour,898,453,855,423,941,484,COLOR_SEC
19:03:37.965,660,litter_colour,374,417,347,394,401,440,COLOR_SEC
19:03:37.965,660,litter_colour,1105,436,987,388,1223,484,COLOR_SEC
19:03:37.965,660,litter_colour,1782,365,1755,349,1809,381,COLOR_SEC
19:03:37.965,660,litter_colour,1422,352,1374,324,1470,381,COLOR_SEC
19:03:37.965,660,litter_colour,786,337,752,324,821,351,COLOR_SEC
19:03:38.091,661,litter_colour,1114,740,1067,714,1162,766,COLOR_SEC
19:03:38.091,661,litter_colour,897,453,854,423,940,484,COLOR_SEC
19:03:38.091,661,litter_colour,373,417,347,395,400,439,COLOR_SEC
19:03:38.091,661,litter_colour,1104,436,986,388,1223,484,COLOR_SEC
19:03:38.091,661,litter_colour,1782,365,1755,349,1809,381,COLOR_SEC
19:03:38.091,661,litter_colour,1422,347,1374,324,1470,370,COLOR_SEC
19:03:38.091,661,litter_colour,787,337,752,324,822,351,COLOR_SEC
19:03:38.213,662,litter_colour,1114,741,1066,715,1162,767,COLOR_SEC
19:03:38.213,662,litter_colour,1136,581,1057,516,1216,646,COLOR_SEC
19:03:38.213,662,litter_colour,898,465,854,423,942,507,COLOR_SEC
19:03:38.213,662,litter_colour,373,417,346,395,400,440,COLOR_SEC
19:03:38.213,662,litter_colour,1782,365,1755,349,1809,381,COLOR_SEC
19:03:38.213,662,litter_colour,1422,352,1374,324,1470,381,COLOR_SEC
19:03:38.213,662,litter_colour,786,337,752,324,821,351,COLOR_SEC
19:03:38.336,663,litter_colour,1114,742,1066,716,1162,769,COLOR_SEC
19:03:38.336,663,litter_colour,898,453,855,423,942,484,COLOR_SEC
19:03:38.336,663,litter_colour,1084,436,987,398,1181,474,COLOR_SEC
19:03:38.336,663,litter_colour,372,417,345,395,400,440,COLOR_SEC
19:03:38.336,663,litter_colour,1782,365,1755,349,1809,381,COLOR_SEC
19:03:38.336,663,litter_colour,1422,350,1374,324,1470,376,COLOR_SEC
19:03:38.336,663,litter_colour,786,337,751,324,821,350,COLOR_SEC
19:03:38.458,664,litter_colour,1113,745,1065,718,1161,773,COLOR_SEC
19:03:38.458,664,litter_colour,1138,581,1060,516,1216,647,COLOR_SEC
19:03:38.458,664,litter_colour,897,465,853,423,941,507,COLOR_SEC
19:03:38.458,664,litter_colour,1084,437,986,398,1182,476,COLOR_SEC
19:03:38.458,664,litter_colour,372,417,344,394,400,440,COLOR_SEC
19:03:38.458,664,litter_colour,1781,365,1755,349,1808,381,COLOR_SEC
19:03:38.458,664,litter_colour,1422,350,1374,324,1470,376,COLOR_SEC
19:03:38.458,664,litter_colour,786,337,751,324,821,350,COLOR_SEC
19:03:38.581,665,litter_colour,1113,745,1065,719,1161,772,COLOR_SEC
19:03:38.582,665,litter_colour,897,454,855,424,940,484,COLOR_SEC
19:03:38.582,665,litter_colour,1083,437,985,398,1181,476,COLOR_SEC
19:03:38.582,665,litter_colour,371,417,344,395,399,440,COLOR_SEC
19:03:38.582,665,litter_colour,1421,350,1373,324,1469,376,COLOR_SEC
19:03:38.582,665,litter_colour,785,337,751,324,820,350,COLOR_SEC
19:03:38.703,666,litter_colour,1112,748,1064,720,1160,777,COLOR_SEC
19:03:38.703,666,litter_colour,1138,582,1060,516,1216,648,COLOR_SEC
19:03:38.703,666,litter_colour,894,453,852,423,937,484,COLOR_SEC
19:03:38.703,666,litter_colour,371,417,343,395,399,440,COLOR_SEC
19:03:38.703,666,litter_colour,1083,431,985,388,1181,475,COLOR_SEC
19:03:38.703,666,litter_colour,1781,365,1754,349,1808,381,COLOR_SEC
19:03:38.703,666,litter_colour,1421,347,1374,324,1469,370,COLOR_SEC
19:03:38.703,666,litter_colour,785,337,751,324,820,351,COLOR_SEC
19:03:38.826,667,litter_motion,1033,1066,1003,1053,1063,1080,COLOR_SEC
19:03:38.826,667,litter_colour,1033,1066,1002,1053,1064,1080,COLOR_SEC
19:03:38.826,667,litter_colour,1112,749,1064,721,1160,777,COLOR_SEC
19:03:38.826,667,litter_colour,896,456,854,423,938,490,COLOR_SEC
19:03:38.826,667,litter_colour,370,417,342,395,398,440,COLOR_SEC
19:03:38.826,667,litter_colour,1083,432,985,388,1181,476,COLOR_SEC
19:03:38.826,667,litter_colour,1781,364,1754,349,1808,380,COLOR_SEC
19:03:38.826,667,litter_colour,1421,349,1373,324,1469,375,COLOR_SEC
19:03:38.826,667,litter_colour,785,337,750,324,820,350,COLOR_SEC
19:03:38.948,668,litter_colour,1111,749,1063,722,1160,777,COLOR_SEC
19:03:38.948,668,litter_colour,906,472,882,455,930,490,COLOR_SEC
19:03:38.948,668,litter_colour,895,449,853,423,938,475,COLOR_SEC
19:03:38.948,668,litter_colour,369,417,341,395,397,440,COLOR_SEC
19:03:38.948,668,litter_colour,1082,432,985,388,1180,476,COLOR_SEC
19:03:38.948,668,litter_colour,1420,350,1373,324,1468,376,COLOR_SEC
19:03:38.948,668,litter_colour,785,337,750,324,820,350,COLOR_SEC
19:03:39.076,669,litter_colour,1110,753,1062,727,1159,780,COLOR_SEC
19:03:39.076,669,litter_colour,1029,605,1008,580,1051,631,COLOR_SEC
19:03:39.076,669,litter_colour,1137,583,1059,517,1216,650,COLOR_SEC
19:03:39.076,669,litter_colour,1082,438,985,399,1179,477,COLOR_SEC
19:03:39.076,669,litter_colour,368,418,340,396,396,440,COLOR_SEC
19:03:39.076,669,litter_colour,1420,350,1373,324,1468,376,COLOR_SEC
19:03:39.076,669,litter_colour,784,337,749,324,819,351,COLOR_SEC
19:03:39.201,670,litter_colour,1109,754,1061,726,1158,783,COLOR_SEC
19:03:39.201,670,litter_colour,1098,696,1068,673,1129,720,COLOR_SEC
19:03:39.201,670,litter_colour,1027,609,1006,589,1049,630,COLOR_SEC
19:03:39.201,670,litter_colour,1136,583,1058,516,1215,650,COLOR_SEC
19:03:39.201,670,litter_colour,887,454,851,423,923,485,COLOR_SEC
19:03:39.201,670,litter_colour,1082,437,985,399,1179,476,COLOR_SEC
19:03:39.201,670,litter_colour,367,418,339,396,396,441,COLOR_SEC
19:03:39.201,670,litter_colour,1419,350,1372,324,1467,376,COLOR_SEC
19:03:39.201,670,litter_colour,783,337,749,324,818,351,COLOR_SEC
19:03:39.324,671,litter_colour,1107,755,1061,727,1154,783,COLOR_SEC
19:03:39.324,671,litter_colour,1097,697,1067,674,1128,721,COLOR_SEC
19:03:39.324,671,litter_colour,1027,610,1006,589,1049,631,COLOR_SEC
19:03:39.324,671,litter_colour,1137,585,1057,519,1217,651,COLOR_SEC
19:03:39.324,671,litter_colour,904,473,881,456,928,491,COLOR_SEC
19:03:39.324,671,litter_colour,1083,436,987,402,1179,471,COLOR_SEC
19:03:39.324,671,litter_colour,366,418,338,396,395,441,COLOR_SEC
19:03:39.324,671,litter_colour,1419,349,1372,324,1467,375,COLOR_SEC
19:03:39.324,671,litter_colour,783,337,748,324,818,350,COLOR_SEC
19:03:39.445,672,litter_colour,1108,756,1060,728,1157,784,COLOR_SEC
19:03:39.446,672,litter_colour,1096,698,1066,675,1127,722,COLOR_SEC
19:03:39.446,672,litter_colour,1027,610,1006,589,1048,632,COLOR_SEC
19:03:39.446,672,litter_colour,366,418,338,396,394,441,COLOR_SEC
19:03:39.446,672,litter_colour,1419,349,1372,324,1467,375,COLOR_SEC
19:03:39.446,672,litter_colour,783,337,748,324,818,351,COLOR_SEC
19:03:39.569,673,litter_colour,1107,757,1059,729,1155,786,COLOR_SEC
19:03:39.569,673,litter_colour,1101,702,1069,683,1134,722,COLOR_SEC
19:03:39.569,673,litter_colour,1027,611,1006,590,1048,632,COLOR_SEC
19:03:39.569,673,litter_colour,1136,574,1056,518,1216,631,COLOR_SEC
19:03:39.569,673,litter_colour,884,460,850,428,918,492,COLOR_SEC
19:03:39.569,673,litter_colour,365,418,337,396,393,441,COLOR_SEC
19:03:39.569,673,litter_colour,1419,347,1372,324,1466,370,COLOR_SEC
19:03:39.569,673,litter_colour,782,337,748,324,816,350,COLOR_SEC
19:03:39.693,674,litter_colour,1101,757,1058,730,1144,785,COLOR_SEC
19:03:39.693,674,litter_colour,1095,706,1065,688,1126,725,COLOR_SEC
19:03:39.693,674,litter_colour,1026,611,1005,590,1047,633,COLOR_SEC
19:03:39.693,674,litter_colour,1081,439,986,406,1177,472,COLOR_SEC
19:03:39.693,674,litter_colour,364,418,336,396,393,441,COLOR_SEC
19:03:39.693,674,litter_colour,1419,347,1372,324,1466,370,COLOR_SEC
19:03:39.693,674,litter_colour,782,337,747,324,817,350,COLOR_SEC
19:03:39.818,675,litter_colour,1095,704,1064,684,1126,725,COLOR_SEC
19:03:39.818,675,litter_colour,1025,611,1004,590,1046,633,COLOR_SEC
19:03:39.818,675,litter_colour,1135,584,1055,517,1215,652,COLOR_SEC
19:03:39.818,675,litter_colour,363,419,335,396,392,442,COLOR_SEC
19:03:39.818,675,litter_colour,1418,346,1371,324,1466,369,COLOR_SEC
19:03:39.818,675,litter_colour,781,337,747,324,816,351,COLOR_SEC
19:03:39.945,676,litter_colour,1095,705,1064,685,1126,725,COLOR_SEC
19:03:39.946,676,litter_colour,1025,612,1004,590,1046,634,COLOR_SEC
19:03:39.946,676,litter_colour,1081,439,985,406,1177,472,COLOR_SEC
19:03:39.946,676,litter_colour,362,419,334,396,391,442,COLOR_SEC
19:03:39.946,676,litter_colour,1418,347,1371,324,1465,370,COLOR_SEC
19:03:39.946,676,litter_colour,781,337,746,324,816,350,COLOR_SEC
19:03:40.072,677,litter_colour,1094,706,1063,686,1125,727,COLOR_SEC
19:03:40.072,677,litter_colour,1024,612,1003,590,1045,634,COLOR_SEC
19:03:40.072,677,litter_colour,1134,586,1055,521,1214,652,COLOR_SEC
19:03:40.072,677,litter_colour,882,461,848,430,916,492,COLOR_SEC
19:03:40.072,677,litter_colour,1081,439,985,406,1177,472,COLOR_SEC
19:03:40.072,677,litter_colour,361,419,333,396,390,442,COLOR_SEC
19:03:40.072,677,litter_colour,1417,347,1371,324,1464,370,COLOR_SEC
19:03:40.072,677,litter_colour,781,337,746,324,816,350,COLOR_SEC
19:03:40.195,678,litter_colour,1098,707,1063,687,1133,728,COLOR_SEC
19:03:40.195,678,litter_colour,1023,612,1002,590,1045,634,COLOR_SEC
19:03:40.195,678,litter_colour,884,458,847,424,922,492,COLOR_SEC
19:03:40.195,678,litter_colour,360,419,332,396,389,442,COLOR_SEC
19:03:40.195,678,litter_colour,1417,347,1370,324,1464,370,COLOR_SEC
19:03:40.195,678,litter_colour,780,337,745,324,816,350,COLOR_SEC
19:03:40.319,679,litter_colour,1825,917,1791,894,1859,940,COLOR_SEC
19:03:40.319,679,litter_colour,1093,709,1062,690,1124,729,COLOR_SEC
19:03:40.319,679,litter_colour,1020,613,1002,591,1039,635,COLOR_SEC
19:03:40.319,679,litter_colour,884,458,847,424,922,493,COLOR_SEC
19:03:40.319,679,litter_colour,1080,439,984,406,1177,473,COLOR_SEC
19:03:40.319,679,litter_colour,360,419,332,396,389,442,COLOR_SEC
19:03:40.319,679,litter_colour,1417,347,1370,324,1464,370,COLOR_SEC
19:03:40.319,679,litter_colour,780,337,745,324,815,350,COLOR_SEC
19:03:40.441,680,litter_colour,1828,918,1793,895,1864,942,COLOR_SEC
19:03:40.441,680,litter_colour,1092,711,1061,692,1124,730,COLOR_SEC
19:03:40.441,680,litter_colour,1008,613,976,591,1040,636,COLOR_SEC
19:03:40.441,680,litter_colour,884,449,847,424,921,474,COLOR_SEC
19:03:40.441,680,litter_colour,1417,347,1370,324,1464,371,COLOR_SEC
19:03:40.441,680,litter_colour,780,337,745,324,815,350,COLOR_SEC
19:03:40.566,681,litter_colour,1830,919,1795,897,1866,942,COLOR_SEC
19:03:40.566,681,litter_colour,1092,711,1061,693,1124,730,COLOR_SEC
19:03:40.566,681,litter_colour,1022,614,1002,592,1043,636,COLOR_SEC
19:03:40.566,681,litter_colour,1133,573,1053,513,1213,634,COLOR_SEC
19:03:40.566,681,litter_colour,883,457,846,423,921,492,COLOR_SEC
19:03:40.566,681,litter_colour,1417,347,1370,324,1464,371,COLOR_SEC
19:03:40.566,681,litter_colour,779,337,744,324,814,350,COLOR_SEC
19:03:40.689,682,litter_colour,1092,711,1061,692,1124,731,COLOR_SEC
19:03:40.689,682,litter_colour,1019,615,1000,592,1038,638,COLOR_SEC
19:03:40.689,682,litter_colour,887,457,853,423,921,492,COLOR_SEC
19:03:40.689,682,litter_colour,1416,347,1370,324,1463,371,COLOR_SEC
19:03:40.689,682,litter_colour,779,337,744,324,814,350,COLOR_SEC
19:03:40.810,683,litter_colour,1092,712,1060,692,1124,732,COLOR_SEC
19:03:40.810,683,litter_colour,1019,614,1000,592,1039,636,COLOR_SEC
19:03:40.811,683,litter_colour,885,446,851,423,920,470,COLOR_SEC
19:03:40.811,683,litter_colour,1416,347,1370,324,1463,371,COLOR_SEC
19:03:40.811,683,litter_colour,779,337,744,324,814,350,COLOR_SEC
19:03:40.932,684,litter_colour,1092,708,1060,683,1124,733,COLOR_SEC
19:03:40.932,684,litter_colour,1017,614,998,592,1037,636,COLOR_SEC
19:03:40.932,684,litter_colour,885,458,851,423,920,493,COLOR_SEC
19:03:40.932,684,litter_colour,1416,347,1370,324,1463,371,COLOR_SEC
19:03:40.932,684,litter_colour,779,337,744,324,814,350,COLOR_SEC
19:03:41.059,685,litter_colour,1088,713,1059,694,1117,733,COLOR_SEC
19:03:41.059,685,litter_colour,1017,614,998,593,1037,636,COLOR_SEC
19:03:41.059,685,litter_colour,1158,583,1052,513,1264,654,COLOR_SEC
19:03:41.059,685,litter_colour,884,460,851,429,917,492,COLOR_SEC
19:03:41.059,685,litter_colour,1416,347,1370,324,1462,371,COLOR_SEC
19:03:41.059,685,litter_colour,778,337,743,324,814,350,COLOR_SEC
19:03:41.184,686,litter_colour,1091,709,1059,684,1123,734,COLOR_SEC
19:03:41.184,686,litter_colour,1016,615,996,593,1036,637,COLOR_SEC
19:03:41.184,686,litter_colour,885,455,851,423,920,487,COLOR_SEC
19:03:41.184,686,litter_colour,1415,348,1369,324,1462,372,COLOR_SEC
19:03:41.184,686,litter_colour,778,337,743,324,813,350,COLOR_SEC
19:03:41.307,687,litter_colour,1091,715,1059,695,1123,735,COLOR_SEC
19:03:41.307,687,litter_colour,1019,615,997,593,1041,638,COLOR_SEC
19:03:41.307,687,litter_colour,889,474,866,457,912,492,COLOR_SEC
19:03:41.307,687,litter_colour,1413,347,1369,324,1457,371,COLOR_SEC
19:03:41.307,687,litter_colour,777,337,743,324,812,350,COLOR_SEC
19:03:41.428,688,litter_colour,1090,715,1058,695,1122,736,COLOR_SEC
19:03:41.428,688,litter_colour,1017,614,998,592,1037,637,COLOR_SEC
19:03:41.428,688,litter_colour,885,458,851,423,919,493,COLOR_SEC
19:03:41.428,688,litter_colour,1412,347,1369,324,1456,371,COLOR_SEC
19:03:41.428,688,litter_colour,777,337,743,324,812,351,COLOR_SEC
19:03:41.559,689,litter_colour,1095,773,1052,746,1139,801,COLOR_SEC
19:03:41.559,689,litter_colour,1090,716,1058,696,1123,736,COLOR_SEC
19:03:41.559,689,litter_colour,1019,612,995,585,1043,639,COLOR_SEC
19:03:41.559,689,litter_colour,1131,588,1051,521,1212,656,COLOR_SEC
19:03:41.559,689,litter_colour,1412,346,1369,324,1456,369,COLOR_SEC
19:03:41.559,689,litter_colour,777,337,742,324,812,351,COLOR_SEC
19:03:41.687,690,litter_colour,1095,774,1051,747,1139,802,COLOR_SEC
19:03:41.687,690,litter_colour,1087,711,1053,685,1122,737,COLOR_SEC
19:03:41.687,690,litter_colour,1014,616,994,593,1035,639,COLOR_SEC
19:03:41.687,690,litter_colour,888,442,851,423,925,461,COLOR_SEC
19:03:41.687,690,litter_colour,1414,347,1368,324,1461,370,COLOR_SEC
19:03:41.687,690,litter_colour,777,337,742,324,812,350,COLOR_SEC
19:03:41.822,691,litter_colour,1095,775,1051,747,1139,803,COLOR_SEC
19:03:41.822,691,litter_colour,1016,616,997,594,1036,638,COLOR_SEC
19:03:41.822,691,litter_colour,888,475,865,457,911,493,COLOR_SEC
19:03:41.822,691,litter_colour,890,442,851,423,929,462,COLOR_SEC
19:03:41.822,691,litter_colour,1412,347,1368,324,1456,371,COLOR_SEC
19:03:41.822,691,litter_colour,777,337,742,324,812,351,COLOR_SEC
19:03:41.959,692,litter_motion,1645,941,1607,906,1683,977,COLOR_SEC
19:03:41.959,692,litter_motion,1536,864,1504,835,1568,894,COLOR_SEC
19:03:41.959,692,litter_colour,1094,774,1050,745,1139,804,COLOR_SEC
19:03:41.959,692,litter_colour,1089,712,1057,686,1122,738,COLOR_SEC
19:03:41.959,692,litter_colour,1015,616,994,593,1036,640,COLOR_SEC
19:03:41.959,692,litter_colour,888,455,850,424,926,487,COLOR_SEC
19:03:41.959,692,litter_colour,1411,347,1368,324,1455,370,COLOR_SEC
19:03:41.959,692,litter_colour,777,337,742,324,812,351,COLOR_SEC
19:03:42.087,693,litter_motion,1650,943,1618,909,1683,978,COLOR_SEC
19:03:42.087,693,litter_motion,1535,854,1501,821,1569,887,COLOR_SEC
19:03:42.087,693,litter_colour,1094,775,1050,745,1139,805,COLOR_SEC
19:03:42.087,693,litter_colour,1016,617,996,594,1036,640,COLOR_SEC
19:03:42.087,693,litter_colour,1414,350,1368,324,1461,376,COLOR_SEC
19:03:42.087,693,litter_colour,776,337,741,324,811,351,COLOR_SEC
19:03:42.209,694,litter_motion,1646,938,1609,905,1684,972,COLOR_SEC
19:03:42.209,694,litter_motion,1520,844,1471,802,1570,887,COLOR_SEC
19:03:42.209,694,litter_colour,326,1033,266,986,387,1080,COLOR_SEC
19:03:42.209,694,litter_colour,446,902,419,877,473,928,COLOR_SEC
19:03:42.209,694,litter_colour,1094,777,1050,748,1139,806,COLOR_SEC
19:03:42.209,694,litter_colour,1013,616,993,594,1034,639,COLOR_SEC
19:03:42.209,694,litter_colour,886,442,849,422,923,462,COLOR_SEC
19:03:42.209,694,litter_colour,351,420,322,397,380,443,COLOR_SEC
19:03:42.209,694,litter_colour,1414,350,1368,324,1460,377,COLOR_SEC
19:03:42.209,694,litter_colour,776,337,741,324,811,351,COLOR_SEC
19:03:42.336,695,litter_motion,1652,947,1620,919,1684,975,COLOR_SEC
19:03:42.336,695,litter_motion,1524,849,1478,805,1570,894,COLOR_SEC
19:03:42.336,695,litter_colour,324,1034,265,988,384,1080,COLOR_SEC
19:03:42.336,695,litter_colour,443,904,416,879,471,930,COLOR_SEC
19:03:42.336,695,litter_colour,1094,777,1050,748,1139,807,COLOR_SEC
19:03:42.336,695,litter_colour,1014,616,993,594,1035,639,COLOR_SEC
19:03:42.336,695,litter_colour,886,454,849,422,923,487,COLOR_SEC
19:03:42.336,695,litter_colour,350,420,321,397,380,443,COLOR_SEC
19:03:42.336,695,litter_colour,1414,350,1368,324,1460,377,COLOR_SEC
19:03:42.336,695,litter_colour,775,337,741,324,810,350,COLOR_SEC
19:03:42.457,696,litter_motion,1653,949,1619,922,1687,976,COLOR_SEC
19:03:42.457,696,litter_motion,1538,856,1506,819,1571,894,COLOR_SEC
19:03:42.457,696,litter_colour,326,1035,271,990,381,1080,COLOR_SEC
19:03:42.457,696,litter_colour,441,906,414,881,468,931,COLOR_SEC
19:03:42.457,696,litter_colour,1093,779,1049,750,1138,808,COLOR_SEC
19:03:42.457,696,litter_colour,1014,617,993,594,1035,640,COLOR_SEC
19:03:42.457,696,litter_colour,888,455,853,423,923,487,COLOR_SEC
19:03:42.457,696,litter_colour,350,420,321,397,379,443,COLOR_SEC
19:03:42.457,696,litter_colour,1413,350,1367,324,1460,377,COLOR_SEC
19:03:42.457,696,litter_colour,775,337,741,324,810,350,COLOR_SEC
19:03:42.579,697,litter_motion,1535,858,1498,821,1572,895,COLOR_SEC
19:03:42.580,697,litter_colour,326,1038,276,997,377,1080,COLOR_SEC
19:03:42.580,697,litter_colour,1093,780,1048,751,1139,809,COLOR_SEC
19:03:42.580,697,litter_colour,1013,617,991,595,1035,640,COLOR_SEC
19:03:42.580,697,litter_colour,888,446,853,422,923,471,COLOR_SEC
19:03:42.580,697,litter_colour,349,420,320,397,379,443,COLOR_SEC
19:03:42.580,697,litter_colour,1411,350,1367,324,1455,377,COLOR_SEC
19:03:42.580,697,litter_colour,775,337,740,324,810,350,COLOR_SEC
19:03:42.702,698,litter_motion,1651,946,1615,914,1687,978,COLOR_SEC
19:03:42.702,698,litter_motion,1536,856,1499,821,1574,892,COLOR_SEC
19:03:42.702,698,litter_colour,1093,781,1048,752,1138,810,COLOR_SEC
19:03:42.703,698,litter_colour,1089,715,1057,689,1121,742,COLOR_SEC
19:03:42.703,698,litter_colour,1014,618,996,595,1033,641,COLOR_SEC
19:03:42.703,698,litter_colour,885,475,862,457,909,493,COLOR_SEC
19:03:42.703,698,litter_colour,885,442,848,422,923,462,COLOR_SEC
19:03:42.703,698,litter_colour,349,420,320,397,378,443,COLOR_SEC
19:03:42.703,698,litter_colour,1410,350,1367,324,1454,377,COLOR_SEC
19:03:42.703,698,litter_colour,775,337,740,324,810,350,COLOR_SEC
19:03:42.826,699,litter_motion,1534,857,1493,821,1575,894,COLOR_SEC
19:03:42.826,699,litter_colour,1093,782,1048,753,1139,811,COLOR_SEC
19:03:42.826,699,litter_colour,1089,716,1057,689,1121,743,COLOR_SEC
19:03:42.826,699,litter_colour,1016,618,995,596,1037,640,COLOR_SEC
19:03:42.826,699,litter_colour,884,442,848,422,921,462,COLOR_SEC
19:03:42.826,699,litter_colour,348,420,319,397,378,443,COLOR_SEC
19:03:42.826,699,litter_colour,1413,350,1367,324,1460,377,COLOR_SEC
19:03:42.826,699,litter_colour,775,337,740,324,810,351,COLOR_SEC
19:03:42.949,700,litter_motion,1644,944,1617,917,1671,971,COLOR_SEC
19:03:42.949,700,litter_motion,1534,857,1498,821,1570,894,COLOR_SEC
19:03:42.949,700,litter_colour,1876,951,1837,922,1916,980,COLOR_SEC
19:03:42.949,700,litter_colour,1093,782,1048,753,1139,811,COLOR_SEC
19:03:42.949,700,litter_colour,1088,717,1056,690,1121,744,COLOR_SEC
19:03:42.949,700,litter_colour,1012,619,991,596,1034,642,COLOR_SEC
19:03:42.949,700,litter_colour,886,442,848,423,924,462,COLOR_SEC
19:03:42.949,700,litter_colour,348,420,319,397,377,443,COLOR_SEC
19:03:42.949,700,litter_colour,1413,350,1367,324,1460,377,COLOR_SEC
19:03:42.949,700,litter_colour,775,337,740,324,810,351,COLOR_SEC
19:03:43.075,701,litter_motion,1524,856,1477,816,1571,896,COLOR_SEC
19:03:43.075,701,litter_colour,1093,783,1048,754,1139,812,COLOR_SEC
19:03:43.075,701,litter_colour,1088,717,1056,690,1121,744,COLOR_SEC
19:03:43.075,701,litter_colour,1014,618,995,595,1034,641,COLOR_SEC
19:03:43.075,701,litter_colour,884,442,848,422,921,462,COLOR_SEC
19:03:43.075,701,litter_colour,347,420,318,397,377,443,COLOR_SEC
19:03:43.075,701,litter_colour,1413,350,1367,324,1460,377,COLOR_SEC
19:03:43.075,701,litter_colour,775,337,740,324,810,350,COLOR_SEC
19:03:43.200,702,litter_motion,1537,858,1504,821,1571,896,COLOR_SEC
19:03:43.200,702,litter_colour,1093,784,1047,754,1139,814,COLOR_SEC
19:03:43.200,702,litter_colour,1088,718,1056,691,1120,745,COLOR_SEC
19:03:43.200,702,litter_colour,1013,619,990,597,1037,641,COLOR_SEC
19:03:43.200,702,litter_colour,884,454,848,422,921,487,COLOR_SEC
19:03:43.201,702,litter_colour,347,420,317,397,377,443,COLOR_SEC
19:03:43.201,702,litter_colour,1410,350,1367,324,1454,377,COLOR_SEC
19:03:43.201,702,litter_colour,775,337,740,324,810,350,COLOR_SEC
19:03:43.324,703,litter_motion,1534,859,1499,821,1569,897,COLOR_SEC
19:03:43.324,703,litter_colour,1092,785,1046,755,1139,815,COLOR_SEC
19:03:43.324,703,litter_colour,1089,718,1058,691,1120,746,COLOR_SEC
19:03:43.324,703,litter_colour,1011,618,990,595,1032,642,COLOR_SEC
19:03:43.324,703,litter_colour,885,442,848,422,923,462,COLOR_SEC
19:03:43.324,703,litter_colour,346,420,317,397,376,443,COLOR_SEC
19:03:43.324,703,litter_colour,1410,350,1367,324,1454,377,COLOR_SEC
19:03:43.324,703,litter_colour,774,337,739,324,809,351,COLOR_SEC
19:03:43.447,704,litter_motion,1535,859,1500,821,1570,898,COLOR_SEC
19:03:43.447,704,litter_colour,1092,786,1046,756,1138,816,COLOR_SEC
19:03:43.447,704,litter_colour,1087,719,1054,692,1120,747,COLOR_SEC
19:03:43.447,704,litter_colour,1013,618,990,595,1037,642,COLOR_SEC
19:03:43.447,704,litter_colour,884,475,860,457,908,493,COLOR_SEC
19:03:43.447,704,litter_colour,884,442,846,422,923,462,COLOR_SEC
19:03:43.447,704,litter_colour,345,420,316,397,375,443,COLOR_SEC
19:03:43.447,704,litter_colour,1409,350,1366,324,1453,377,COLOR_SEC
19:03:43.447,704,litter_colour,774,337,739,324,809,351,COLOR_SEC
19:03:43.572,705,litter_motion,1524,860,1477,819,1571,902,COLOR_SEC
19:03:43.572,705,litter_colour,1092,787,1046,757,1138,817,COLOR_SEC
19:03:43.572,705,litter_colour,1013,618,993,595,1033,642,COLOR_SEC
19:03:43.572,705,litter_colour,882,442,846,422,919,462,COLOR_SEC
19:03:43.572,705,litter_colour,345,420,315,397,375,443,COLOR_SEC
19:03:43.572,705,litter_colour,1412,350,1366,324,1459,377,COLOR_SEC
19:03:43.572,705,litter_colour,773,337,739,324,808,351,COLOR_SEC
19:03:43.696,706,litter_motion,1525,860,1477,819,1573,902,COLOR_SEC
19:03:43.696,706,litter_colour,1091,788,1045,758,1138,818,COLOR_SEC
19:03:43.696,706,litter_colour,1011,619,989,596,1033,643,COLOR_SEC
19:03:43.696,706,litter_colour,882,441,846,421,919,461,COLOR_SEC
19:03:43.696,706,litter_colour,344,419,314,396,374,443,COLOR_SEC
19:03:43.696,706,litter_colour,1412,350,1366,324,1459,377,COLOR_SEC
19:03:43.696,706,litter_colour,773,337,739,324,808,350,COLOR_SEC
19:03:43.820,707,litter_motion,1540,860,1505,821,1575,899,COLOR_SEC
19:03:43.820,707,litter_colour,1091,788,1045,758,1138,819,COLOR_SEC
19:03:43.820,707,litter_colour,1013,619,992,595,1035,644,COLOR_SEC
19:03:43.820,707,litter_colour,886,454,851,421,922,487,COLOR_SEC
19:03:43.820,707,litter_colour,344,419,314,396,374,443,COLOR_SEC
19:03:43.820,707,litter_colour,1409,350,1366,324,1453,377,COLOR_SEC
19:03:43.820,707,litter_colour,773,337,738,324,808,351,COLOR_SEC
19:03:43.941,708,litter_motion,1527,859,1480,821,1575,898,COLOR_SEC
19:03:43.941,708,litter_colour,1091,789,1045,759,1138,820,COLOR_SEC
19:03:43.941,708,litter_colour,1012,620,989,596,1035,644,COLOR_SEC
19:03:43.941,708,litter_colour,882,454,846,422,918,487,COLOR_SEC
19:03:43.941,708,litter_colour,343,419,313,396,373,443,COLOR_SEC
19:03:43.941,708,litter_colour,1412,350,1366,324,1458,377,COLOR_SEC
19:03:43.941,708,litter_colour,773,337,738,324,808,351,COLOR_SEC
19:03:44.065,709,litter_motion,454,1029,429,1011,480,1048,COLOR_SEC
19:03:44.065,709,litter_motion,1529,863,1484,825,1574,901,COLOR_SEC
19:03:44.065,709,litter_colour,454,1029,428,1009,481,1050,COLOR_SEC
19:03:44.065,709,litter_colour,1091,791,1044,761,1138,822,COLOR_SEC
19:03:44.065,709,litter_colour,1012,620,991,596,1034,644,COLOR_SEC
19:03:44.065,709,litter_colour,342,420,312,397,372,443,COLOR_SEC
19:03:44.065,709,litter_colour,1411,350,1365,324,1458,377,COLOR_SEC
19:03:44.065,709,litter_colour,771,337,737,324,806,351,COLOR_SEC
19:03:44.189,710,litter_motion,451,1033,425,1014,477,1052,COLOR_SEC
19:03:44.189,710,litter_motion,1527,860,1477,819,1577,902,COLOR_SEC
19:03:44.189,710,litter_colour,451,1033,424,1012,478,1054,COLOR_SEC
19:03:44.189,710,litter_colour,1091,791,1044,760,1138,823,COLOR_SEC
19:03:44.189,710,litter_colour,1009,620,988,596,1031,645,COLOR_SEC
19:03:44.189,710,litter_colour,882,454,846,421,918,487,COLOR_SEC
19:03:44.189,710,litter_colour,341,419,311,396,371,443,COLOR_SEC
19:03:44.189,710,litter_colour,1408,350,1365,324,1452,377,COLOR_SEC
19:03:44.189,710,litter_colour,771,337,737,324,806,350,COLOR_SEC
19:03:44.316,711,litter_motion,447,1036,421,1017,473,1056,COLOR_SEC
19:03:44.316,711,litter_motion,1528,852,1477,815,1580,889,COLOR_SEC
19:03:44.316,711,litter_colour,447,1036,421,1016,474,1057,COLOR_SEC
19:03:44.316,711,litter_colour,1090,793,1043,762,1138,824,COLOR_SEC
19:03:44.316,711,litter_colour,1009,620,987,597,1031,644,COLOR_SEC
19:03:44.316,711,litter_colour,885,454,854,421,917,487,COLOR_SEC
19:03:44.316,711,litter_colour,340,419,310,396,370,443,COLOR_SEC
19:03:44.316,711,litter_colour,1411,351,1365,324,1458,379,COLOR_SEC
19:03:44.316,711,litter_colour,771,337,737,324,806,350,COLOR_SEC
19:03:44.441,712,litter_motion,444,1039,418,1020,470,1059,COLOR_SEC
19:03:44.441,712,litter_motion,1529,861,1477,819,1582,904,COLOR_SEC
19:03:44.441,712,litter_colour,1090,796,1043,766,1137,826,COLOR_SEC
19:03:44.441,712,litter_colour,1010,621,987,597,1033,645,COLOR_SEC
19:03:44.441,712,litter_colour,885,454,854,421,917,487,COLOR_SEC
19:03:44.441,712,litter_colour,339,419,310,396,369,443,COLOR_SEC
19:03:44.441,712,litter_colour,1411,350,1365,324,1457,377,COLOR_SEC
19:03:44.441,712,litter_colour,771,337,736,324,806,351,COLOR_SEC
19:03:44.564,713,litter_motion,1532,862,1477,819,1587,905,COLOR_SEC
19:03:44.565,713,litter_colour,1090,796,1042,765,1138,828,COLOR_SEC
19:03:44.565,713,litter_colour,1007,622,987,599,1028,646,COLOR_SEC
19:03:44.565,713,litter_colour,887,454,854,421,920,487,COLOR_SEC
19:03:44.565,713,litter_colour,339,419,309,396,369,443,COLOR_SEC
19:03:44.565,713,litter_colour,1410,346,1364,324,1457,369,COLOR_SEC
19:03:44.565,713,litter_colour,771,337,736,324,806,351,COLOR_SEC
19:03:44.689,714,litter_motion,1531,862,1477,818,1585,907,COLOR_SEC
19:03:44.689,714,litter_colour,280,1062,251,1045,309,1080,COLOR_SEC
19:03:44.689,714,litter_colour,1089,797,1042,765,1137,829,COLOR_SEC
19:03:44.689,714,litter_colour,1007,622,987,598,1028,646,COLOR_SEC
19:03:44.689,714,litter_colour,886,455,854,422,919,488,COLOR_SEC
19:03:44.689,714,litter_colour,338,419,308,396,368,443,COLOR_SEC
19:03:44.689,714,litter_colour,1410,346,1364,324,1457,369,COLOR_SEC
19:03:44.689,714,litter_colour,771,337,736,324,806,350,COLOR_SEC
19:03:44.812,715,litter_motion,1537,865,1488,824,1586,906,COLOR_SEC
19:03:44.812,715,litter_colour,1090,799,1042,767,1138,831,COLOR_SEC
19:03:44.812,715,litter_colour,1010,622,987,598,1034,646,COLOR_SEC
19:03:44.812,715,litter_colour,884,454,853,422,916,487,COLOR_SEC
19:03:44.812,715,litter_colour,338,420,308,397,368,443,COLOR_SEC
19:03:44.813,715,litter_colour,1410,346,1364,324,1457,369,COLOR_SEC
19:03:44.813,715,litter_colour,771,337,736,324,806,350,COLOR_SEC
19:03:44.933,716,litter_motion,1532,865,1490,827,1575,903,COLOR_SEC
19:03:44.933,716,litter_colour,1008,623,987,598,1030,648,COLOR_SEC
19:03:44.933,716,litter_colour,337,420,308,397,367,443,COLOR_SEC
19:03:44.934,716,litter_colour,1410,346,1364,324,1457,369,COLOR_SEC
19:03:44.934,716,litter_colour,771,337,736,324,806,350,COLOR_SEC
19:03:45.057,717,litter_motion,1532,864,1492,828,1573,900,COLOR_SEC
19:03:45.057,717,litter_colour,1008,624,986,601,1030,648,COLOR_SEC
19:03:45.057,717,litter_colour,337,420,307,397,367,443,COLOR_SEC
19:03:45.057,717,litter_colour,1410,347,1364,324,1457,370,COLOR_SEC
19:03:45.057,717,litter_colour,771,337,736,324,806,350,COLOR_SEC
19:03:45.182,718,litter_motion,1533,862,1492,829,1575,895,COLOR_SEC
19:03:45.182,718,litter_colour,1008,624,986,599,1030,649,COLOR_SEC
19:03:45.182,718,litter_colour,884,455,852,422,916,488,COLOR_SEC
19:03:45.182,718,litter_colour,336,420,307,397,366,443,COLOR_SEC
19:03:45.182,718,litter_colour,1410,346,1364,324,1457,369,COLOR_SEC
19:03:45.182,718,litter_colour,770,337,735,324,806,350,COLOR_SEC
19:03:45.308,719,litter_motion,1534,861,1494,829,1575,893,COLOR_SEC
19:03:45.308,719,litter_colour,1008,625,986,602,1030,649,COLOR_SEC
19:03:45.308,719,litter_colour,884,455,852,422,916,488,COLOR_SEC
19:03:45.308,719,litter_colour,336,420,306,397,366,443,COLOR_SEC
19:03:45.308,719,litter_colour,1071,432,974,387,1169,478,COLOR_SEC
19:03:45.308,719,litter_colour,1410,346,1364,324,1457,368,COLOR_SEC
19:03:45.308,719,litter_colour,770,337,735,324,806,350,COLOR_SEC
19:03:45.430,720,litter_motion,1538,863,1499,832,1577,894,COLOR_SEC
19:03:45.430,720,litter_colour,1009,626,985,602,1034,650,COLOR_SEC
19:03:45.430,720,litter_colour,883,455,852,423,915,488,COLOR_SEC
19:03:45.430,720,litter_colour,336,420,306,397,366,443,COLOR_SEC
19:03:45.430,720,litter_colour,1072,433,974,387,1170,479,COLOR_SEC
19:03:45.430,720,litter_colour,1410,346,1364,324,1457,368,COLOR_SEC
19:03:45.430,720,litter_colour,770,337,735,324,806,350,COLOR_SEC
19:03:45.555,721,litter_motion,415,1066,389,1052,441,1080,COLOR_SEC
19:03:45.555,721,litter_motion,1546,865,1515,835,1578,896,COLOR_SEC
19:03:45.555,721,litter_colour,415,1065,389,1051,441,1080,COLOR_SEC
19:03:45.555,721,litter_colour,1010,626,986,603,1034,650,COLOR_SEC
19:03:45.555,721,litter_colour,883,455,852,422,915,488,COLOR_SEC
19:03:45.555,721,litter_colour,335,419,305,396,365,443,COLOR_SEC
19:03:45.555,721,litter_colour,1072,433,974,387,1170,479,COLOR_SEC
19:03:45.555,721,litter_colour,1410,346,1364,324,1457,368,COLOR_SEC
19:03:45.555,721,litter_colour,770,337,735,324,806,350,COLOR_SEC
19:03:45.676,722,litter_motion,1537,865,1492,833,1582,897,COLOR_SEC
19:03:45.676,722,litter_colour,413,1067,389,1055,438,1080,COLOR_SEC
19:03:45.676,722,litter_colour,1009,626,985,602,1034,651,COLOR_SEC
19:03:45.676,722,litter_colour,995,563,954,536,1036,591,COLOR_SEC
19:03:45.676,722,litter_colour,1388,450,1366,433,1410,467,COLOR_SEC
19:03:45.676,722,litter_colour,883,455,852,423,915,488,COLOR_SEC
19:03:45.676,722,litter_colour,334,419,305,396,363,443,COLOR_SEC
19:03:45.676,722,litter_colour,1065,433,974,387,1157,479,COLOR_SEC
19:03:45.676,722,litter_colour,1410,345,1364,324,1457,367,COLOR_SEC
19:03:45.676,722,litter_colour,770,337,735,324,806,350,COLOR_SEC
19:03:45.798,723,litter_motion,1541,867,1499,836,1583,899,COLOR_SEC
19:03:45.798,723,litter_colour,1009,626,985,602,1034,651,COLOR_SEC
19:03:45.798,723,litter_colour,1388,449,1367,433,1410,466,COLOR_SEC
19:03:45.798,723,litter_colour,883,455,852,423,915,488,COLOR_SEC
19:03:45.798,723,litter_colour,333,419,304,396,362,443,COLOR_SEC
19:03:45.798,723,litter_colour,1059,426,974,387,1144,466,COLOR_SEC
19:03:45.798,723,litter_colour,1411,345,1364,324,1458,367,COLOR_SEC
19:03:45.798,723,litter_colour,770,337,735,324,806,350,COLOR_SEC
19:03:45.920,724,litter_motion,1535,867,1492,833,1578,901,COLOR_SEC
19:03:45.920,724,litter_colour,1081,764,1042,733,1121,796,COLOR_SEC
19:03:45.920,724,litter_colour,1009,628,985,604,1034,652,COLOR_SEC
19:03:45.920,724,litter_colour,1387,449,1365,433,1410,466,COLOR_SEC
19:03:45.920,724,litter_colour,883,456,852,424,915,488,COLOR_SEC
19:03:45.920,724,litter_colour,333,419,304,396,362,443,COLOR_SEC
19:03:45.920,724,litter_colour,1059,426,975,387,1144,466,COLOR_SEC
19:03:45.920,724,litter_colour,1411,345,1364,324,1458,367,COLOR_SEC
19:03:45.920,724,litter_colour,770,337,735,324,806,350,COLOR_SEC
19:03:46.044,725,litter_motion,1536,868,1492,834,1580,902,COLOR_SEC
19:03:46.044,725,litter_colour,1010,628,986,605,1034,652,COLOR_SEC
19:03:46.044,725,litter_colour,1390,450,1368,434,1412,467,COLOR_SEC
19:03:46.044,725,litter_colour,333,419,304,396,362,443,COLOR_SEC
19:03:46.044,725,litter_colour,1064,432,975,387,1153,478,COLOR_SEC
19:03:46.044,725,litter_colour,1407,345,1364,324,1451,367,COLOR_SEC
19:03:46.044,725,litter_colour,770,337,735,324,806,350,COLOR_SEC
19:03:46.167,726,litter_motion,1543,873,1505,841,1581,905,COLOR_SEC
19:03:46.167,726,litter_colour,1009,628,985,603,1034,653,COLOR_SEC
19:03:46.167,726,litter_colour,1393,455,1369,434,1418,477,COLOR_SEC
19:03:46.167,726,litter_colour,332,420,303,396,362,444,COLOR_SEC
19:03:46.167,726,litter_colour,1065,432,975,386,1156,479,COLOR_SEC
19:03:46.167,726,litter_colour,1411,345,1364,324,1458,367,COLOR_SEC
19:03:46.167,726,litter_colour,770,337,735,324,806,350,COLOR_SEC
19:03:46.292,727,litter_motion,1542,874,1503,840,1582,908,COLOR_SEC
19:03:46.292,727,litter_colour,1009,628,985,603,1034,654,COLOR_SEC
19:03:46.292,727,litter_colour,1394,457,1367,435,1421,479,COLOR_SEC
19:03:46.292,727,litter_colour,332,420,303,397,362,444,COLOR_SEC
19:03:46.292,727,litter_colour,1074,433,975,386,1173,480,COLOR_SEC
19:03:46.292,727,litter_colour,1411,346,1364,324,1458,368,COLOR_SEC
19:03:46.292,727,litter_colour,770,337,735,324,806,350,COLOR_SEC
19:03:46.415,728,litter_motion,1537,875,1493,841,1582,910,COLOR_SEC
19:03:46.415,728,litter_colour,1082,760,1043,718,1122,803,COLOR_SEC
19:03:46.415,728,litter_colour,1011,631,988,607,1034,655,COLOR_SEC
19:03:46.415,728,litter_colour,1394,457,1367,434,1422,480,COLOR_SEC
19:03:46.415,728,litter_colour,332,420,303,397,361,444,COLOR_SEC
19:03:46.415,728,litter_colour,1074,433,975,387,1173,479,COLOR_SEC
19:03:46.415,728,litter_colour,1411,346,1364,324,1458,368,COLOR_SEC
19:03:46.415,728,litter_colour,770,337,735,324,806,351,COLOR_SEC
19:03:46.540,729,litter_colour,1083,763,1043,722,1123,805,COLOR_SEC
19:03:46.540,729,litter_colour,1011,632,988,608,1034,656,COLOR_SEC
19:03:46.540,729,litter_colour,1394,458,1366,435,1422,481,COLOR_SEC
19:03:46.540,729,litter_colour,332,421,303,398,361,445,COLOR_SEC
19:03:46.540,729,litter_colour,1410,346,1363,324,1458,369,COLOR_SEC
19:03:46.540,729,litter_colour,770,337,735,324,805,351,COLOR_SEC
19:03:46.663,730,litter_colour,1093,823,1042,789,1144,858,COLOR_SEC
19:03:46.663,730,litter_colour,1083,766,1043,725,1123,807,COLOR_SEC
19:03:46.663,730,litter_colour,1011,633,988,609,1034,657,COLOR_SEC
19:03:46.663,730,litter_colour,1394,459,1366,436,1423,482,COLOR_SEC
19:03:46.663,730,litter_colour,331,421,302,398,361,445,COLOR_SEC
19:03:46.663,730,litter_colour,1410,347,1362,324,1458,370,COLOR_SEC
19:03:46.663,730,litter_colour,769,338,734,324,804,352,COLOR_SEC
19:03:46.784,731,litter_colour,1094,826,1043,791,1145,861,COLOR_SEC
19:03:46.784,731,litter_colour,1083,767,1043,726,1124,808,COLOR_SEC
19:03:46.784,731,litter_colour,1011,634,988,610,1034,659,COLOR_SEC
19:03:46.785,731,litter_colour,1395,459,1366,436,1425,483,COLOR_SEC
19:03:46.785,731,litter_colour,331,422,302,399,361,446,COLOR_SEC
19:03:46.785,731,litter_colour,1409,347,1360,324,1458,370,COLOR_SEC
19:03:46.785,731,litter_colour,770,338,734,324,806,352,COLOR_SEC
19:03:46.909,732,litter_colour,1094,828,1043,793,1145,863,COLOR_SEC
19:03:46.909,732,litter_colour,1083,768,1043,727,1124,810,COLOR_SEC
19:03:46.909,732,litter_colour,1011,635,988,611,1034,660,COLOR_SEC
19:03:46.909,732,litter_colour,1395,460,1366,437,1425,484,COLOR_SEC
19:03:46.909,732,litter_colour,331,422,302,399,361,446,COLOR_SEC
19:03:46.909,732,litter_colour,1074,433,976,389,1173,478,COLOR_SEC
19:03:46.909,732,litter_colour,1409,347,1360,324,1458,371,COLOR_SEC
19:03:46.909,732,litter_colour,770,338,734,324,806,353,COLOR_SEC
19:03:47.031,733,litter_colour,1110,819,1079,794,1142,845,COLOR_SEC
19:03:47.032,733,litter_colour,1084,770,1043,729,1125,812,COLOR_SEC
19:03:47.032,733,litter_colour,1011,636,988,612,1034,661,COLOR_SEC
19:03:47.032,733,litter_colour,1398,461,1371,438,1425,484,COLOR_SEC
19:03:47.032,733,litter_colour,331,423,301,399,361,447,COLOR_SEC
19:03:47.032,733,litter_colour,1409,348,1360,324,1458,372,COLOR_SEC
19:03:47.032,733,litter_colour,769,338,733,324,805,353,COLOR_SEC
19:03:47.156,734,litter_colour,1095,832,1043,798,1147,867,COLOR_SEC
19:03:47.156,734,litter_colour,1011,637,988,612,1035,662,COLOR_SEC
19:03:47.156,734,litter_colour,994,571,952,542,1037,600,COLOR_SEC
19:03:47.156,734,litter_colour,1398,461,1371,438,1426,485,COLOR_SEC
19:03:47.156,734,litter_colour,331,423,301,400,361,447,COLOR_SEC
19:03:47.156,734,litter_colour,1061,430,975,390,1147,471,COLOR_SEC
19:03:47.156,734,litter_colour,1408,348,1359,324,1458,372,COLOR_SEC
19:03:47.156,734,litter_colour,769,338,734,324,805,353,COLOR_SEC
19:03:47.279,735,litter_motion,1531,873,1503,856,1560,890,COLOR_SEC
19:03:47.279,735,litter_colour,1113,823,1080,797,1147,849,COLOR_SEC
19:03:47.279,735,litter_colour,1011,638,988,613,1035,663,COLOR_SEC
19:03:47.279,735,litter_colour,994,572,952,543,1036,601,COLOR_SEC
19:03:47.279,735,litter_colour,1397,462,1368,438,1427,486,COLOR_SEC
19:03:47.279,735,litter_colour,331,423,301,400,361,447,COLOR_SEC
19:03:47.279,735,litter_colour,1061,431,975,391,1148,471,COLOR_SEC
19:03:47.279,735,litter_colour,1408,348,1358,324,1458,372,COLOR_SEC
19:03:47.279,735,litter_colour,769,338,733,324,806,353,COLOR_SEC
19:03:47.403,736,litter_motion,1549,978,1532,949,1567,1008,COLOR_SEC
19:03:47.403,736,litter_colour,1096,835,1044,799,1148,871,COLOR_SEC
19:03:47.403,736,litter_colour,1011,638,988,613,1035,664,COLOR_SEC
19:03:47.404,736,litter_colour,995,572,953,543,1037,601,COLOR_SEC
19:03:47.404,736,litter_colour,1398,462,1368,438,1428,486,COLOR_SEC
19:03:47.404,736,litter_colour,331,423,301,400,361,447,COLOR_SEC
19:03:47.404,736,litter_colour,1061,428,975,390,1148,467,COLOR_SEC
19:03:47.404,736,litter_colour,1408,348,1358,324,1458,372,COLOR_SEC
19:03:47.404,736,litter_colour,769,339,733,324,806,354,COLOR_SEC
19:03:47.526,737,litter_motion,1549,979,1532,949,1567,1010,COLOR_SEC
19:03:47.526,737,litter_motion,1538,878,1509,858,1568,899,COLOR_SEC
19:03:47.526,737,litter_colour,1096,836,1044,800,1149,872,COLOR_SEC
19:03:47.526,737,litter_colour,1011,638,988,613,1035,664,COLOR_SEC
19:03:47.526,737,litter_colour,994,572,953,544,1036,601,COLOR_SEC
19:03:47.526,737,litter_colour,1399,462,1370,439,1428,486,COLOR_SEC
19:03:47.526,737,litter_colour,331,424,301,400,361,448,COLOR_SEC
19:03:47.526,737,litter_colour,1061,429,975,391,1148,467,COLOR_SEC
19:03:47.526,737,litter_colour,1408,348,1358,324,1459,373,COLOR_SEC
19:03:47.526,737,litter_colour,769,339,733,324,806,354,COLOR_SEC
19:03:47.650,738,litter_motion,1551,979,1534,939,1568,1019,COLOR_SEC
19:03:47.650,738,litter_motion,1623,944,1581,896,1665,992,COLOR_SEC
19:03:47.650,738,litter_motion,1541,878,1509,858,1573,899,COLOR_SEC
19:03:47.650,738,litter_colour,1096,837,1044,801,1148,874,COLOR_SEC
19:03:47.650,738,litter_colour,1011,639,988,613,1035,665,COLOR_SEC
19:03:47.650,738,litter_colour,994,573,952,544,1036,602,COLOR_SEC
19:03:47.650,738,litter_colour,1399,463,1370,440,1429,486,COLOR_SEC
19:03:47.650,738,litter_colour,331,423,301,400,361,447,COLOR_SEC
19:03:47.650,738,litter_colour,1068,428,975,390,1162,467,COLOR_SEC
19:03:47.650,738,litter_colour,1408,348,1358,324,1459,373,COLOR_SEC
19:03:47.650,738,litter_colour,769,338,733,324,806,353,COLOR_SEC
19:03:47.772,739,litter_motion,1552,988,1537,955,1568,1021,COLOR_SEC
19:03:47.772,739,litter_motion,1623,945,1583,897,1664,993,COLOR_SEC
19:03:47.772,739,litter_colour,1093,838,1044,801,1143,875,COLOR_SEC
19:03:47.772,739,litter_colour,1011,639,988,614,1035,665,COLOR_SEC
19:03:47.772,739,litter_colour,994,572,952,543,1037,602,COLOR_SEC
19:03:47.772,739,litter_colour,872,462,842,430,902,494,COLOR_SEC
19:03:47.772,739,litter_colour,330,423,300,400,361,447,COLOR_SEC
19:03:47.772,739,litter_colour,1068,429,975,391,1162,467,COLOR_SEC
19:03:47.772,739,litter_colour,1408,348,1358,324,1459,373,COLOR_SEC
19:03:47.772,739,litter_colour,769,338,733,324,806,353,COLOR_SEC
19:03:47.894,740,litter_motion,1554,986,1540,949,1568,1024,COLOR_SEC
19:03:47.894,740,litter_motion,1625,939,1584,884,1667,994,COLOR_SEC
19:03:47.894,740,litter_colour,1115,830,1081,803,1149,857,COLOR_SEC
19:03:47.894,740,litter_colour,1012,639,988,614,1036,665,COLOR_SEC
19:03:47.894,740,litter_colour,994,572,952,543,1037,602,COLOR_SEC
19:03:47.894,740,litter_colour,872,462,842,430,902,494,COLOR_SEC
19:03:47.894,740,litter_colour,330,423,300,400,361,447,COLOR_SEC
19:03:47.894,740,litter_colour,1068,428,975,390,1162,467,COLOR_SEC
19:03:47.894,740,litter_colour,1409,348,1359,324,1459,372,COLOR_SEC
19:03:47.894,740,litter_colour,769,338,733,324,806,353,COLOR_SEC
19:03:48.015,741,litter_motion,1624,943,1585,891,1664,995,COLOR_SEC
19:03:48.015,741,litter_colour,994,573,951,544,1038,602,COLOR_SEC
19:03:48.015,741,litter_colour,872,462,842,430,902,494,COLOR_SEC
19:03:48.015,741,litter_colour,330,423,300,400,360,447,COLOR_SEC
19:03:48.015,741,litter_colour,1068,428,975,390,1162,467,COLOR_SEC
19:03:48.015,741,litter_colour,1409,348,1359,324,1460,372,COLOR_SEC
19:03:48.015,741,litter_colour,769,338,733,324,806,353,COLOR_SEC
19:03:48.144,742,litter_motion,1625,950,1586,903,1665,997,COLOR_SEC
19:03:48.144,742,litter_colour,1116,832,1082,805,1150,860,COLOR_SEC
19:03:48.144,742,litter_colour,994,573,951,544,1038,603,COLOR_SEC
19:03:48.144,742,litter_colour,1398,463,1365,440,1432,487,COLOR_SEC
19:03:48.144,742,litter_colour,872,462,842,430,902,494,COLOR_SEC
19:03:48.144,742,litter_colour,330,423,300,400,360,447,COLOR_SEC
19:03:48.144,742,litter_colour,1068,431,975,390,1162,472,COLOR_SEC
19:03:48.144,742,litter_colour,1409,348,1359,324,1460,373,COLOR_SEC
19:03:48.144,742,litter_colour,769,338,733,324,806,353,COLOR_SEC
19:03:48.267,743,litter_motion,1621,956,1577,916,1665,997,COLOR_SEC
19:03:48.267,743,litter_colour,1117,833,1082,804,1152,862,COLOR_SEC
19:03:48.267,743,litter_colour,975,566,951,545,1000,588,COLOR_SEC
19:03:48.267,743,litter_colour,1398,463,1365,439,1432,487,COLOR_SEC
19:03:48.267,743,litter_colour,872,462,842,430,902,494,COLOR_SEC
19:03:48.267,743,litter_colour,330,423,300,400,360,447,COLOR_SEC
19:03:48.267,743,litter_colour,1061,431,975,391,1147,472,COLOR_SEC
19:03:48.267,743,litter_colour,1409,348,1359,324,1460,373,COLOR_SEC
19:03:48.267,743,litter_colour,769,339,733,324,806,354,COLOR_SEC
19:03:48.390,744,litter_motion,1623,946,1579,894,1667,999,COLOR_SEC
19:03:48.391,744,litter_colour,975,567,951,545,1000,589,COLOR_SEC
19:03:48.391,744,litter_colour,1396,463,1358,440,1434,487,COLOR_SEC
19:03:48.391,744,litter_colour,872,462,842,430,902,494,COLOR_SEC
19:03:48.391,744,litter_colour,330,423,300,400,360,447,COLOR_SEC
19:03:48.391,744,litter_colour,1069,429,976,391,1162,467,COLOR_SEC
19:03:48.391,744,litter_colour,1409,348,1359,324,1460,373,COLOR_SEC
19:03:48.391,744,litter_colour,769,339,733,324,806,354,COLOR_SEC
19:03:48.512,745,litter_motion,1626,946,1584,894,1669,999,COLOR_SEC
19:03:48.512,745,litter_colour,974,569,952,544,996,594,COLOR_SEC
19:03:48.512,745,litter_colour,1397,463,1360,439,1434,487,COLOR_SEC
19:03:48.512,745,litter_colour,872,462,843,430,902,494,COLOR_SEC
19:03:48.512,745,litter_colour,329,423,299,400,359,447,COLOR_SEC
19:03:48.512,745,litter_colour,1069,429,976,391,1162,467,COLOR_SEC
19:03:48.512,745,litter_colour,1410,348,1360,324,1460,373,COLOR_SEC
19:03:48.512,745,litter_colour,769,339,733,324,806,354,COLOR_SEC
19:03:48.636,746,litter_motion,1622,946,1579,893,1665,999,COLOR_SEC
19:03:48.636,746,litter_colour,976,566,952,544,1001,589,COLOR_SEC
19:03:48.636,746,litter_colour,1397,464,1360,440,1435,488,COLOR_SEC
19:03:48.636,746,litter_colour,872,462,842,430,902,494,COLOR_SEC
19:03:48.636,746,litter_colour,329,423,299,400,360,447,COLOR_SEC
19:03:48.636,746,litter_colour,1069,429,976,391,1163,468,COLOR_SEC
19:03:48.636,746,litter_colour,1410,349,1360,324,1460,374,COLOR_SEC
19:03:48.636,746,litter_colour,770,338,734,324,806,353,COLOR_SEC
19:03:48.760,747,litter_motion,1624,956,1581,912,1667,1001,COLOR_SEC
19:03:48.760,747,litter_colour,973,567,951,545,996,589,COLOR_SEC
19:03:48.760,747,litter_colour,1398,464,1360,440,1436,488,COLOR_SEC
19:03:48.760,747,litter_colour,872,462,842,430,902,495,COLOR_SEC
19:03:48.760,747,litter_colour,329,423,299,400,360,447,COLOR_SEC
19:03:48.760,747,litter_colour,1069,429,976,391,1163,468,COLOR_SEC
19:03:48.760,747,litter_colour,1410,349,1360,324,1461,374,COLOR_SEC
19:03:48.760,747,litter_colour,770,338,735,324,806,353,COLOR_SEC
19:03:48.882,748,litter_motion,1626,956,1583,912,1669,1001,COLOR_SEC
19:03:48.882,748,litter_colour,994,574,952,545,1037,604,COLOR_SEC
19:03:48.882,748,litter_colour,1398,464,1361,440,1436,488,COLOR_SEC
19:03:48.882,748,litter_colour,872,462,842,430,902,495,COLOR_SEC
19:03:48.882,748,litter_colour,329,424,299,400,360,448,COLOR_SEC
19:03:48.882,748,litter_colour,1069,430,976,392,1163,468,COLOR_SEC
19:03:48.882,748,litter_colour,1410,348,1360,324,1461,373,COLOR_SEC
19:03:48.882,748,litter_colour,770,338,734,324,806,353,COLOR_SEC
19:03:49.005,749,litter_colour,976,570,952,545,1000,595,COLOR_SEC
19:03:49.005,749,litter_colour,1399,464,1362,441,1437,488,COLOR_SEC
19:03:49.005,749,litter_colour,872,462,842,430,902,495,COLOR_SEC
19:03:49.005,749,litter_colour,329,424,299,400,360,448,COLOR_SEC
19:03:49.005,749,litter_colour,1069,429,976,391,1163,467,COLOR_SEC
19:03:49.005,749,litter_colour,1410,348,1360,324,1461,373,COLOR_SEC
19:03:49.005,749,litter_colour,770,339,734,324,806,354,COLOR_SEC
19:03:49.126,750,litter_motion,1629,952,1587,906,1672,999,COLOR_SEC
19:03:49.126,750,litter_colour,976,570,952,545,1000,595,COLOR_SEC
19:03:49.126,750,litter_colour,872,462,842,430,902,495,COLOR_SEC
19:03:49.126,750,litter_colour,329,424,299,400,360,448,COLOR_SEC
19:03:49.126,750,litter_colour,1069,429,976,391,1163,467,COLOR_SEC
19:03:49.126,750,litter_colour,1410,348,1360,324,1461,373,COLOR_SEC
19:03:49.126,750,litter_colour,770,339,734,324,806,354,COLOR_SEC
19:03:49.252,751,litter_motion,1629,953,1589,905,1669,1002,COLOR_SEC
19:03:49.252,751,litter_colour,993,574,950,544,1037,605,COLOR_SEC
19:03:49.252,751,litter_colour,869,473,831,451,907,495,COLOR_SEC
19:03:49.252,751,litter_colour,329,424,299,401,360,448,COLOR_SEC
19:03:49.252,751,litter_colour,1073,438,979,391,1167,485,COLOR_SEC
19:03:49.252,751,litter_colour,1409,348,1360,324,1459,373,COLOR_SEC
19:03:49.252,751,litter_colour,771,339,735,324,807,354,COLOR_SEC
19:03:49.377,752,litter_motion,1632,955,1591,907,1674,1003,COLOR_SEC
19:03:49.377,752,litter_motion,1072,871,1043,848,1101,895,COLOR_SEC
19:03:49.377,752,litter_colour,994,575,952,544,1037,606,COLOR_SEC
19:03:49.377,752,litter_colour,867,470,832,446,902,495,COLOR_SEC
19:03:49.377,752,litter_colour,329,424,299,401,360,448,COLOR_SEC
19:03:49.377,752,litter_colour,1073,438,977,392,1170,485,COLOR_SEC
19:03:49.377,752,litter_colour,1411,348,1360,324,1462,373,COLOR_SEC
19:03:49.377,752,litter_colour,771,339,735,324,808,354,COLOR_SEC
19:03:49.498,753,litter_motion,1632,955,1592,907,1673,1004,COLOR_SEC
19:03:49.498,753,litter_motion,1072,873,1043,849,1101,897,COLOR_SEC
19:03:49.498,753,litter_colour,994,575,952,544,1037,606,COLOR_SEC
19:03:49.498,753,litter_colour,871,470,832,446,910,495,COLOR_SEC
19:03:49.498,753,litter_colour,329,424,299,401,360,448,COLOR_SEC
19:03:49.498,753,litter_colour,1073,438,976,392,1170,485,COLOR_SEC
19:03:49.498,753,litter_colour,1770,366,1749,351,1792,382,COLOR_SEC
19:03:49.498,753,litter_colour,1411,348,1360,324,1462,373,COLOR_SEC
19:03:49.498,753,litter_colour,771,339,735,324,808,354,COLOR_SEC
19:03:49.626,754,litter_motion,1635,956,1595,908,1675,1005,COLOR_SEC
19:03:49.626,754,litter_motion,1072,873,1043,850,1101,897,COLOR_SEC
19:03:49.626,754,litter_colour,994,576,952,545,1037,607,COLOR_SEC
19:03:49.626,754,litter_colour,872,470,834,446,910,495,COLOR_SEC
19:03:49.626,754,litter_colour,329,424,299,401,360,448,COLOR_SEC
19:03:49.626,754,litter_colour,1074,436,976,392,1172,481,COLOR_SEC
19:03:49.626,754,litter_colour,1771,367,1750,351,1793,383,COLOR_SEC
19:03:49.626,754,litter_colour,1412,348,1361,324,1464,373,COLOR_SEC
19:03:49.626,754,litter_colour,770,339,733,324,808,354,COLOR_SEC
19:03:49.749,755,litter_motion,1635,955,1597,906,1674,1005,COLOR_SEC
19:03:49.749,755,litter_motion,1072,876,1043,852,1102,900,COLOR_SEC
19:03:49.749,755,litter_colour,1011,646,987,620,1036,673,COLOR_SEC
19:03:49.749,755,litter_colour,994,576,952,545,1037,607,COLOR_SEC
19:03:49.749,755,litter_colour,871,473,834,451,909,495,COLOR_SEC
19:03:49.749,755,litter_colour,329,424,299,401,360,448,COLOR_SEC
19:03:49.749,755,litter_colour,1772,367,1750,351,1794,383,COLOR_SEC
19:03:49.749,755,litter_colour,1412,348,1361,324,1464,373,COLOR_SEC
19:03:49.749,755,litter_colour,771,339,734,324,808,354,COLOR_SEC
19:03:49.872,756,litter_motion,1637,956,1599,908,1676,1004,COLOR_SEC
19:03:49.872,756,litter_motion,1072,878,1043,854,1101,902,COLOR_SEC
19:03:49.872,756,litter_colour,1074,878,1043,853,1105,903,COLOR_SEC
19:03:49.872,756,litter_colour,1008,646,985,619,1031,674,COLOR_SEC
19:03:49.872,756,litter_colour,995,576,952,545,1038,607,COLOR_SEC
19:03:49.872,756,litter_colour,871,473,834,451,908,495,COLOR_SEC
19:03:49.872,756,litter_colour,329,424,299,401,359,448,COLOR_SEC
19:03:49.872,756,litter_colour,1074,436,976,392,1172,481,COLOR_SEC
19:03:49.872,756,litter_colour,1772,367,1751,351,1794,383,COLOR_SEC
19:03:49.872,756,litter_colour,1412,348,1361,324,1464,373,COLOR_SEC
19:03:49.872,756,litter_colour,771,339,734,324,808,354,COLOR_SEC
19:03:49.994,757,litter_motion,1636,955,1601,910,1671,1001,COLOR_SEC
19:03:49.994,757,litter_motion,1072,879,1043,855,1101,904,COLOR_SEC
19:03:49.994,757,litter_colour,1072,879,1043,854,1102,905,COLOR_SEC
19:03:49.994,757,litter_colour,1008,647,985,620,1031,674,COLOR_SEC
19:03:49.994,757,litter_colour,994,576,951,546,1038,607,COLOR_SEC
19:03:49.994,757,litter_colour,871,463,834,432,908,495,COLOR_SEC
19:03:49.994,757,litter_colour,328,424,298,401,359,448,COLOR_SEC
19:03:49.994,757,litter_colour,1074,436,977,392,1172,481,COLOR_SEC
19:03:49.994,757,litter_colour,1773,367,1751,351,1795,383,COLOR_SEC
19:03:49.994,757,litter_colour,1412,348,1361,324,1464,373,COLOR_SEC
19:03:49.994,757,litter_colour,772,339,736,324,808,354,COLOR_SEC
19:03:50.117,758,litter_colour,1096,864,1043,821,1149,907,COLOR_SEC
19:03:50.117,758,litter_colour,1010,648,985,621,1036,675,COLOR_SEC
19:03:50.117,758,litter_colour,994,577,951,546,1037,608,COLOR_SEC
19:03:50.117,758,litter_colour,870,463,834,432,907,495,COLOR_SEC
19:03:50.117,758,litter_colour,328,425,298,401,359,449,COLOR_SEC
19:03:50.117,758,litter_colour,1074,439,977,392,1172,486,COLOR_SEC
19:03:50.117,758,litter_colour,1773,367,1752,351,1795,383,COLOR_SEC
19:03:50.117,758,litter_colour,1412,348,1361,324,1464,373,COLOR_SEC
19:03:50.118,758,litter_colour,772,339,736,324,808,354,COLOR_SEC
19:03:50.243,759,litter_colour,1095,866,1042,823,1149,909,COLOR_SEC
19:03:50.243,759,litter_colour,1010,647,984,620,1036,675,COLOR_SEC
19:03:50.243,759,litter_colour,994,577,951,546,1037,608,COLOR_SEC
19:03:50.243,759,litter_colour,872,463,834,432,910,495,COLOR_SEC
19:03:50.243,759,litter_colour,328,425,298,401,359,449,COLOR_SEC
19:03:50.243,759,litter_colour,1774,367,1752,351,1796,383,COLOR_SEC
19:03:50.243,759,litter_colour,1412,348,1361,324,1464,373,COLOR_SEC
19:03:50.243,759,litter_colour,772,339,736,324,808,355,COLOR_SEC
19:03:50.367,760,litter_motion,1538,978,1508,943,1568,1014,COLOR_SEC
19:03:50.367,760,litter_colour,1095,867,1042,824,1149,911,COLOR_SEC
19:03:50.367,760,litter_colour,1010,649,984,622,1036,676,COLOR_SEC
19:03:50.367,760,litter_colour,995,577,951,546,1039,609,COLOR_SEC
19:03:50.367,760,litter_colour,866,468,831,432,902,504,COLOR_SEC
19:03:50.367,760,litter_colour,328,425,298,402,359,449,COLOR_SEC
19:03:50.367,760,litter_colour,1774,367,1752,351,1796,383,COLOR_SEC
19:03:50.367,760,litter_colour,1412,349,1361,324,1464,374,COLOR_SEC
19:03:50.367,760,litter_colour,771,339,734,324,808,355,COLOR_SEC
19:03:50.490,761,litter_motion,1537,988,1507,946,1568,1030,COLOR_SEC
19:03:50.490,761,litter_colour,1094,869,1040,826,1149,913,COLOR_SEC
19:03:50.490,761,litter_colour,1009,649,983,622,1036,677,COLOR_SEC
19:03:50.490,761,litter_colour,994,577,951,546,1037,609,COLOR_SEC
19:03:50.490,761,litter_colour,878,464,832,432,925,496,COLOR_SEC
19:03:50.490,761,litter_colour,328,425,297,401,359,449,COLOR_SEC
19:03:50.490,761,litter_colour,1774,368,1753,352,1796,384,COLOR_SEC
19:03:50.490,761,litter_colour,1412,349,1361,324,1464,374,COLOR_SEC
19:03:50.490,761,litter_colour,771,339,734,324,808,355,COLOR_SEC
19:03:50.612,762,litter_motion,1524,962,1479,913,1570,1012,COLOR_SEC
19:03:50.612,762,litter_motion,1609,943,1547,896,1672,990,COLOR_SEC
19:03:50.612,762,litter_colour,1114,862,1081,828,1148,897,COLOR_SEC
19:03:50.612,762,litter_colour,1009,650,983,622,1035,678,COLOR_SEC
19:03:50.612,762,litter_colour,995,578,951,547,1039,610,COLOR_SEC
19:03:50.612,762,litter_colour,879,463,833,431,925,496,COLOR_SEC
19:03:50.612,762,litter_colour,328,425,297,402,359,449,COLOR_SEC
19:03:50.612,762,litter_colour,1775,368,1753,352,1797,384,COLOR_SEC
19:03:50.612,762,litter_colour,1412,349,1360,324,1464,374,COLOR_SEC
19:03:50.612,762,litter_colour,766,339,725,324,808,355,COLOR_SEC
19:03:50.733,763,litter_motion,1537,978,1504,944,1570,1013,COLOR_SEC
19:03:50.733,763,litter_colour,1114,864,1081,829,1148,899,COLOR_SEC
19:03:50.733,763,litter_colour,1193,774,1162,757,1224,791,COLOR_SEC
19:03:50.733,763,litter_colour,1009,652,984,623,1035,681,COLOR_SEC
19:03:50.733,763,litter_colour,994,578,951,547,1037,610,COLOR_SEC
19:03:50.733,763,litter_colour,879,464,834,432,925,496,COLOR_SEC
19:03:50.733,763,litter_colour,328,425,297,402,359,449,COLOR_SEC
19:03:50.733,763,litter_colour,1775,368,1753,352,1797,384,COLOR_SEC
19:03:50.733,763,litter_colour,1412,349,1360,324,1465,374,COLOR_SEC
19:03:50.733,763,litter_colour,766,339,725,324,808,355,COLOR_SEC
19:03:50.856,764,litter_motion,1524,969,1480,921,1568,1017,COLOR_SEC
19:03:50.856,764,litter_motion,1620,956,1566,918,1674,994,COLOR_SEC
19:03:50.856,764,litter_colour,1114,865,1081,831,1148,899,COLOR_SEC
19:03:50.856,764,litter_colour,1193,775,1163,758,1224,792,COLOR_SEC
19:03:50.856,764,litter_colour,1009,651,983,624,1035,679,COLOR_SEC
19:03:50.856,764,litter_colour,993,578,950,547,1037,610,COLOR_SEC
19:03:50.856,764,litter_colour,1416,461,1381,435,1451,488,COLOR_SEC
19:03:50.856,764,litter_colour,866,462,831,428,902,497,COLOR_SEC
19:03:50.856,764,litter_colour,328,425,297,402,359,449,COLOR_SEC
19:03:50.856,764,litter_colour,1776,368,1754,352,1798,384,COLOR_SEC
19:03:50.856,764,litter_colour,1413,349,1360,324,1467,375,COLOR_SEC
19:03:50.856,764,litter_colour,767,339,726,324,808,355,COLOR_SEC
19:03:50.979,765,litter_motion,1537,981,1505,946,1570,1017,COLOR_SEC
19:03:50.979,765,litter_motion,1623,958,1569,918,1677,998,COLOR_SEC
19:03:50.979,765,litter_colour,1093,877,1039,833,1148,922,COLOR_SEC
19:03:50.979,765,litter_colour,1193,777,1162,760,1224,794,COLOR_SEC
19:03:50.979,765,litter_colour,1008,652,982,625,1035,680,COLOR_SEC
19:03:50.979,765,litter_colour,994,579,951,548,1037,611,COLOR_SEC
19:03:50.979,765,litter_colour,1416,462,1381,435,1452,489,COLOR_SEC
19:03:50.979,765,litter_colour,866,466,830,428,902,505,COLOR_SEC
19:03:50.979,765,litter_colour,328,425,297,402,359,449,COLOR_SEC
19:03:50.979,765,litter_colour,1776,368,1754,352,1799,385,COLOR_SEC
19:03:50.979,765,litter_colour,1411,349,1360,324,1463,375,COLOR_SEC
19:03:50.979,765,litter_colour,767,339,726,324,808,355,COLOR_SEC
19:03:51.100,766,litter_motion,1526,974,1482,925,1571,1023,COLOR_SEC
19:03:51.100,766,litter_colour,1093,879,1038,834,1148,925,COLOR_SEC
19:03:51.100,766,litter_colour,1193,779,1163,761,1224,797,COLOR_SEC
19:03:51.100,766,litter_colour,1008,653,982,626,1035,681,COLOR_SEC
19:03:51.100,766,litter_colour,993,580,950,548,1037,612,COLOR_SEC
19:03:51.100,766,litter_colour,1416,462,1381,435,1452,489,COLOR_SEC
19:03:51.100,766,litter_colour,866,463,831,429,902,497,COLOR_SEC
19:03:51.100,766,litter_colour,327,426,297,403,358,450,COLOR_SEC
19:03:51.100,766,litter_colour,1777,368,1755,352,1799,384,COLOR_SEC
19:03:51.100,766,litter_colour,1413,349,1361,324,1466,375,COLOR_SEC
19:03:51.100,766,litter_colour,767,340,726,324,808,356,COLOR_SEC
19:03:51.228,767,litter_motion,1535,987,1499,950,1572,1025,COLOR_SEC
19:03:51.228,767,litter_colour,1194,780,1163,763,1225,797,COLOR_SEC
19:03:51.228,767,litter_colour,993,580,949,549,1037,612,COLOR_SEC
19:03:51.228,767,litter_colour,1417,462,1382,435,1452,490,COLOR_SEC
19:03:51.228,767,litter_colour,869,462,832,428,907,497,COLOR_SEC
19:03:51.228,767,litter_colour,327,426,296,402,358,450,COLOR_SEC
19:03:51.228,767,litter_colour,1777,368,1755,352,1800,385,COLOR_SEC
19:03:51.228,767,litter_colour,1413,350,1361,324,1466,376,COLOR_SEC
19:03:51.228,767,litter_colour,772,340,735,324,809,356,COLOR_SEC
19:03:51.351,768,litter_motion,1537,981,1508,949,1566,1014,COLOR_SEC
19:03:51.351,768,litter_colour,1194,782,1163,764,1225,801,COLOR_SEC
19:03:51.351,768,litter_colour,1008,654,981,627,1035,682,COLOR_SEC
19:03:51.351,768,litter_colour,993,581,950,549,1037,613,COLOR_SEC
19:03:51.351,768,litter_colour,1419,462,1383,435,1455,490,COLOR_SEC
19:03:51.351,768,litter_colour,878,467,830,428,926,506,COLOR_SEC
19:03:51.351,768,litter_colour,327,426,296,402,358,450,COLOR_SEC
19:03:51.351,768,litter_colour,1777,368,1755,352,1800,385,COLOR_SEC
19:03:51.351,768,litter_colour,1412,350,1361,324,1464,376,COLOR_SEC
19:03:51.351,768,litter_colour,767,340,726,324,809,356,COLOR_SEC
19:03:51.472,769,litter_motion,1541,989,1507,951,1575,1028,COLOR_SEC
19:03:51.472,769,litter_motion,1067,905,1037,879,1098,932,COLOR_SEC
19:03:51.472,769,litter_colour,1075,905,1036,878,1114,933,COLOR_SEC
19:03:51.472,769,litter_colour,1112,876,1079,841,1145,911,COLOR_SEC
19:03:51.472,769,litter_colour,1193,783,1162,766,1225,801,COLOR_SEC
19:03:51.472,769,litter_colour,993,581,950,549,1037,614,COLOR_SEC
19:03:51.472,769,litter_colour,1419,462,1383,436,1455,489,COLOR_SEC
19:03:51.472,769,litter_colour,878,463,831,428,925,498,COLOR_SEC
19:03:51.472,769,litter_colour,326,426,296,403,357,450,COLOR_SEC
19:03:51.472,769,litter_colour,1778,369,1756,353,1801,385,COLOR_SEC
19:03:51.472,769,litter_colour,1414,350,1361,324,1467,377,COLOR_SEC
19:03:51.472,769,litter_colour,767,340,726,324,809,356,COLOR_SEC
19:03:51.596,770,litter_motion,1540,992,1503,953,1578,1032,COLOR_SEC
19:03:51.596,770,litter_motion,1067,908,1036,881,1098,935,COLOR_SEC
19:03:51.596,770,litter_colour,1075,908,1036,880,1114,936,COLOR_SEC
19:03:51.596,770,litter_colour,1112,878,1079,842,1145,914,COLOR_SEC
19:03:51.596,770,litter_colour,1193,785,1162,767,1225,803,COLOR_SEC
19:03:51.596,770,litter_colour,1007,657,980,628,1034,687,COLOR_SEC
19:03:51.596,770,litter_colour,994,582,950,550,1038,615,COLOR_SEC
19:03:51.596,770,litter_colour,1415,463,1376,436,1455,490,COLOR_SEC
19:03:51.596,770,litter_colour,879,463,832,429,926,498,COLOR_SEC
19:03:51.596,770,litter_colour,326,426,295,402,357,450,COLOR_SEC
19:03:51.596,770,litter_colour,1778,369,1756,353,1801,385,COLOR_SEC
19:03:51.596,770,litter_colour,1413,350,1359,324,1467,377,COLOR_SEC
19:03:51.596,770,litter_colour,768,340,726,324,810,356,COLOR_SEC
19:03:51.724,771,litter_motion,1554,995,1529,954,1580,1036,COLOR_SEC
19:03:51.724,771,litter_motion,1066,911,1035,884,1098,938,COLOR_SEC
19:03:51.724,771,litter_colour,1194,786,1163,769,1226,804,COLOR_SEC
19:03:51.724,771,litter_colour,1007,657,980,628,1034,686,COLOR_SEC
19:03:51.724,771,litter_colour,984,590,930,550,1038,630,COLOR_SEC
19:03:51.724,771,litter_colour,1419,464,1384,437,1454,492,COLOR_SEC
19:03:51.724,771,litter_colour,879,464,833,429,926,499,COLOR_SEC
19:03:51.724,771,litter_colour,326,427,295,403,357,451,COLOR_SEC
19:03:51.724,771,litter_colour,1779,369,1757,353,1802,386,COLOR_SEC
19:03:51.724,771,litter_colour,1412,351,1357,324,1467,378,COLOR_SEC
19:03:51.724,771,litter_colour,768,340,726,324,810,357,COLOR_SEC
19:03:51.848,772,litter_motion,1552,996,1532,959,1572,1033,COLOR_SEC
19:03:51.848,772,litter_motion,1066,914,1035,887,1097,942,COLOR_SEC
19:03:51.848,772,litter_colour,1194,793,1163,770,1226,816,COLOR_SEC
19:03:51.848,772,litter_colour,984,591,930,551,1038,631,COLOR_SEC
19:03:51.848,772,litter_colour,1414,464,1373,437,1456,492,COLOR_SEC
19:03:51.848,772,litter_colour,886,449,847,430,925,469,COLOR_SEC
19:03:51.848,772,litter_colour,326,427,295,403,357,451,COLOR_SEC
19:03:51.848,772,litter_colour,1779,370,1757,354,1802,386,COLOR_SEC
19:03:51.848,772,litter_colour,1413,351,1358,324,1468,379,COLOR_SEC
19:03:51.848,772,litter_colour,768,340,726,324,810,357,COLOR_SEC
19:03:51.970,773,litter_motion,1539,999,1506,958,1573,1040,COLOR_SEC
19:03:51.970,773,litter_motion,1066,917,1035,890,1098,945,COLOR_SEC
19:03:51.970,773,litter_colour,1194,796,1162,773,1226,820,COLOR_SEC
19:03:51.970,773,litter_colour,1006,659,979,631,1034,688,COLOR_SEC
19:03:51.970,773,litter_colour,993,584,949,552,1037,617,COLOR_SEC
19:03:51.970,773,litter_colour,1421,465,1385,438,1457,493,COLOR_SEC
19:03:51.970,773,litter_colour,879,465,832,431,926,500,COLOR_SEC
19:03:51.970,773,litter_colour,326,428,295,404,358,452,COLOR_SEC
19:03:51.970,773,litter_colour,1780,370,1758,354,1803,387,COLOR_SEC
19:03:51.970,773,litter_colour,1413,351,1358,324,1468,379,COLOR_SEC
19:03:51.970,773,litter_colour,768,341,726,324,810,358,COLOR_SEC
19:03:52.091,774,litter_colour,1194,793,1162,775,1227,811,COLOR_SEC
19:03:52.091,774,litter_colour,1006,661,979,633,1034,690,COLOR_SEC
19:03:52.091,774,litter_colour,994,586,950,553,1038,619,COLOR_SEC
19:03:52.091,774,litter_colour,1411,467,1363,439,1459,495,COLOR_SEC
19:03:52.091,774,litter_colour,887,451,848,432,926,471,COLOR_SEC
19:03:52.091,774,litter_colour,326,429,295,405,358,453,COLOR_SEC
19:03:52.091,774,litter_colour,1781,371,1758,355,1804,388,COLOR_SEC
19:03:52.091,774,litter_colour,1412,352,1357,324,1468,380,COLOR_SEC
19:03:52.091,774,litter_colour,768,341,727,324,810,359,COLOR_SEC
19:03:52.215,775,litter_colour,1194,795,1162,777,1227,813,COLOR_SEC
19:03:52.215,775,litter_colour,993,587,949,554,1037,620,COLOR_SEC
19:03:52.215,775,litter_colour,1423,467,1387,440,1460,495,COLOR_SEC
19:03:52.215,775,litter_colour,886,451,847,433,926,470,COLOR_SEC
19:03:52.215,775,litter_colour,326,429,295,405,358,453,COLOR_SEC
19:03:52.215,775,litter_colour,1781,372,1759,356,1804,389,COLOR_SEC
19:03:52.215,775,litter_colour,1413,352,1358,324,1469,381,COLOR_SEC
19:03:52.215,775,litter_colour,768,341,726,324,810,359,COLOR_SEC
19:03:52.338,776,litter_colour,1195,797,1162,779,1228,816,COLOR_SEC
19:03:52.338,776,litter_colour,1006,664,980,635,1033,693,COLOR_SEC
19:03:52.338,776,litter_colour,983,594,929,554,1037,635,COLOR_SEC
19:03:52.338,776,litter_colour,1424,468,1387,441,1462,496,COLOR_SEC
19:03:52.338,776,litter_colour,879,468,833,434,926,502,COLOR_SEC
19:03:52.338,776,litter_colour,327,430,296,407,359,454,COLOR_SEC
19:03:52.338,776,litter_colour,1782,373,1759,357,1805,389,COLOR_SEC
19:03:52.338,776,litter_colour,1414,353,1358,324,1470,382,COLOR_SEC
19:03:52.338,776,litter_colour,768,342,726,324,810,360,COLOR_SEC
19:03:52.459,777,litter_motion,1549,989,1529,951,1569,1027,COLOR_SEC
19:03:52.459,777,litter_colour,1006,665,980,636,1033,694,COLOR_SEC
19:03:52.459,777,litter_colour,1014,605,992,588,1037,622,COLOR_SEC
19:03:52.459,777,litter_colour,974,582,949,555,999,610,COLOR_SEC
19:03:52.459,777,litter_colour,1425,469,1389,442,1462,497,COLOR_SEC
19:03:52.459,777,litter_colour,879,469,832,435,926,503,COLOR_SEC
19:03:52.459,777,litter_colour,327,431,296,407,359,455,COLOR_SEC
19:03:52.459,777,litter_colour,1783,373,1760,357,1806,390,COLOR_SEC
19:03:52.459,777,litter_colour,1413,353,1358,324,1469,382,COLOR_SEC
19:03:52.459,777,litter_colour,768,342,726,324,810,361,COLOR_SEC
19:03:52.581,778,litter_colour,1007,666,981,637,1033,695,COLOR_SEC
19:03:52.581,778,litter_colour,1014,606,991,589,1037,623,COLOR_SEC
19:03:52.581,778,litter_colour,975,583,950,556,1000,611,COLOR_SEC
19:03:52.581,778,litter_colour,1416,469,1369,442,1464,497,COLOR_SEC
19:03:52.581,778,litter_colour,886,453,847,434,926,472,COLOR_SEC
19:03:52.581,778,litter_colour,327,431,296,407,359,455,COLOR_SEC
19:03:52.581,778,litter_colour,1783,374,1761,358,1806,390,COLOR_SEC
19:03:52.581,778,litter_colour,1414,353,1359,324,1470,383,COLOR_SEC
19:03:52.581,778,litter_colour,767,342,725,324,810,361,COLOR_SEC
19:03:52.705,779,litter_colour,1007,666,981,637,1033,696,COLOR_SEC
19:03:52.705,779,litter_colour,1014,607,992,590,1037,624,COLOR_SEC
19:03:52.705,779,litter_colour,974,584,949,557,999,612,COLOR_SEC
19:03:52.705,779,litter_colour,1426,470,1389,443,1464,498,COLOR_SEC
19:03:52.705,779,litter_colour,879,470,833,436,926,504,COLOR_SEC
19:03:52.705,779,litter_colour,327,431,295,407,359,455,COLOR_SEC
19:03:52.705,779,litter_colour,1784,374,1761,358,1807,390,COLOR_SEC
19:03:52.705,779,litter_colour,1414,353,1359,324,1470,383,COLOR_SEC
19:03:52.705,779,litter_colour,768,342,724,324,812,361,COLOR_SEC
19:03:52.826,780,litter_motion,1792,373,1765,356,1820,391,COLOR_SEC
19:03:52.826,780,litter_colour,1006,667,980,638,1033,697,COLOR_SEC
19:03:52.826,780,litter_colour,1014,606,991,589,1037,624,COLOR_SEC
19:03:52.826,780,litter_colour,974,584,950,557,999,612,COLOR_SEC
19:03:52.826,780,litter_colour,1427,470,1389,443,1466,498,COLOR_SEC
19:03:52.826,780,litter_colour,886,454,847,436,926,472,COLOR_SEC
19:03:52.826,780,litter_colour,327,430,295,406,359,455,COLOR_SEC
19:03:52.826,780,litter_colour,1785,374,1762,358,1808,390,COLOR_SEC
19:03:52.826,780,litter_colour,1415,353,1360,324,1471,383,COLOR_SEC
19:03:52.826,780,litter_colour,769,342,726,324,812,361,COLOR_SEC
19:03:52.951,781,litter_colour,1005,667,978,637,1033,697,COLOR_SEC
19:03:52.951,781,litter_colour,993,590,950,557,1037,624,COLOR_SEC
19:03:52.951,781,litter_colour,1427,471,1389,443,1466,499,COLOR_SEC
19:03:52.951,781,litter_colour,879,469,833,434,926,504,COLOR_SEC
19:03:52.951,781,litter_colour,327,430,295,406,359,455,COLOR_SEC
19:03:52.951,781,litter_colour,1785,374,1763,358,1808,390,COLOR_SEC
19:03:52.951,781,litter_colour,1416,353,1360,324,1472,382,COLOR_SEC
19:03:52.951,781,litter_colour,769,342,726,324,812,361,COLOR_SEC
19:03:53.073,782,litter_motion,1062,942,1029,913,1096,972,COLOR_SEC
19:03:53.073,782,litter_motion,1794,372,1766,355,1822,390,COLOR_SEC
19:03:53.073,782,litter_colour,1070,942,1029,912,1112,973,COLOR_SEC
19:03:53.073,782,litter_colour,1006,667,979,637,1033,698,COLOR_SEC
19:03:53.073,782,litter_colour,993,590,949,556,1037,625,COLOR_SEC
19:03:53.073,782,litter_colour,1429,470,1390,442,1468,499,COLOR_SEC
19:03:53.073,782,litter_colour,886,454,847,435,926,473,COLOR_SEC
19:03:53.073,782,litter_colour,327,430,295,406,359,455,COLOR_SEC
19:03:53.073,782,litter_colour,1786,374,1763,358,1809,390,COLOR_SEC
19:03:53.073,782,litter_colour,1416,353,1360,324,1472,382,COLOR_SEC
19:03:53.073,782,litter_colour,769,342,727,324,812,361,COLOR_SEC
19:03:53.196,783,litter_motion,1062,944,1029,915,1095,974,COLOR_SEC
19:03:53.196,783,litter_colour,1070,944,1029,914,1111,975,COLOR_SEC
19:03:53.196,783,litter_colour,1073,873,1033,849,1113,898,COLOR_SEC
19:03:53.196,783,litter_colour,1005,667,977,637,1033,698,COLOR_SEC
19:03:53.196,783,litter_colour,1014,607,991,590,1037,625,COLOR_SEC
19:03:53.196,783,litter_colour,974,584,949,556,999,612,COLOR_SEC
19:03:53.196,783,litter_colour,1429,471,1391,443,1468,499,COLOR_SEC
19:03:53.196,783,litter_colour,886,454,847,435,926,473,COLOR_SEC
19:03:53.196,783,litter_colour,327,430,295,406,359,454,COLOR_SEC
19:03:53.196,783,litter_colour,1787,373,1764,357,1810,390,COLOR_SEC
19:03:53.196,783,litter_colour,1416,353,1361,324,1472,382,COLOR_SEC
19:03:53.196,783,litter_colour,769,342,727,324,812,360,COLOR_SEC
19:03:53.317,784,litter_motion,1061,946,1028,917,1095,976,COLOR_SEC
19:03:53.317,784,litter_motion,1795,372,1768,355,1822,390,COLOR_SEC
19:03:53.317,784,litter_colour,1069,946,1027,915,1111,977,COLOR_SEC
19:03:53.317,784,litter_colour,1072,875,1032,851,1112,900,COLOR_SEC
19:03:53.317,784,litter_colour,1001,668,979,637,1024,699,COLOR_SEC
19:03:53.317,784,litter_colour,1013,607,991,590,1036,625,COLOR_SEC
19:03:53.317,784,litter_colour,963,598,928,557,999,639,COLOR_SEC
19:03:53.317,784,litter_colour,1428,471,1391,443,1466,499,COLOR_SEC
19:03:53.317,784,litter_colour,886,454,847,435,926,473,COLOR_SEC
19:03:53.317,784,litter_colour,327,430,295,406,359,454,COLOR_SEC
19:03:53.317,784,litter_colour,1787,373,1764,357,1810,390,COLOR_SEC
19:03:53.317,784,litter_colour,1417,352,1362,324,1473,381,COLOR_SEC
19:03:53.317,784,litter_colour,770,342,728,324,812,360,COLOR_SEC
19:03:53.441,785,litter_motion,1061,949,1028,919,1095,979,COLOR_SEC
19:03:53.441,785,litter_motion,1796,373,1768,356,1824,390,COLOR_SEC
19:03:53.441,785,litter_colour,1068,948,1027,917,1110,980,COLOR_SEC
19:03:53.441,785,litter_colour,1108,917,1074,873,1143,961,COLOR_SEC
19:03:53.441,785,litter_colour,1071,877,1032,852,1111,902,COLOR_SEC
19:03:53.441,785,litter_colour,1001,668,978,638,1024,699,COLOR_SEC
19:03:53.441,785,litter_colour,982,597,927,556,1037,639,COLOR_SEC
19:03:53.441,785,litter_colour,1429,470,1392,443,1466,498,COLOR_SEC
19:03:53.441,785,litter_colour,886,454,846,436,926,473,COLOR_SEC
19:03:53.441,785,litter_colour,326,429,294,405,358,454,COLOR_SEC
19:03:53.441,785,litter_colour,1788,373,1765,357,1811,390,COLOR_SEC
19:03:53.441,785,litter_colour,1417,352,1362,324,1473,381,COLOR_SEC
19:03:53.441,785,litter_colour,770,342,728,324,812,360,COLOR_SEC
19:03:53.563,786,litter_motion,1060,951,1027,921,1094,981,COLOR_SEC
19:03:53.563,786,litter_motion,1796,373,1768,356,1824,390,COLOR_SEC
19:03:53.563,786,litter_colour,1068,950,1026,919,1110,982,COLOR_SEC
19:03:53.563,786,litter_colour,1108,919,1073,875,1143,963,COLOR_SEC
19:03:53.563,786,litter_colour,1071,878,1031,854,1111,903,COLOR_SEC
19:03:53.563,786,litter_colour,993,737,952,704,1035,771,COLOR_SEC
19:03:53.563,786,litter_colour,1000,669,978,638,1023,700,COLOR_SEC
19:03:53.563,786,litter_colour,982,598,927,557,1037,640,COLOR_SEC
19:03:53.563,786,litter_colour,1431,470,1392,443,1470,498,COLOR_SEC
19:03:53.563,786,litter_colour,886,453,846,436,926,471,COLOR_SEC
19:03:53.563,786,litter_colour,326,429,294,405,358,454,COLOR_SEC
19:03:53.563,786,litter_colour,1788,374,1765,358,1811,390,COLOR_SEC
19:03:53.563,786,litter_colour,1417,352,1362,324,1473,381,COLOR_SEC
19:03:53.563,786,litter_colour,770,342,728,324,812,360,COLOR_SEC
19:03:53.687,787,litter_motion,1060,953,1026,923,1094,983,COLOR_SEC
19:03:53.687,787,litter_motion,1796,372,1768,355,1825,390,COLOR_SEC
19:03:53.687,787,litter_colour,995,737,957,704,1033,770,COLOR_SEC
19:03:53.687,787,litter_colour,1000,669,978,639,1023,700,COLOR_SEC
19:03:53.687,787,litter_colour,963,598,927,557,999,640,COLOR_SEC
19:03:53.687,787,litter_colour,1431,468,1393,443,1470,494,COLOR_SEC
19:03:53.687,787,litter_colour,886,453,846,438,926,468,COLOR_SEC
19:03:53.687,787,litter_colour,326,429,294,405,358,454,COLOR_SEC
19:03:53.687,787,litter_colour,1788,374,1765,358,1812,390,COLOR_SEC
19:03:53.687,787,litter_colour,1418,352,1362,324,1474,381,COLOR_SEC
19:03:53.687,787,litter_colour,770,342,728,324,812,360,COLOR_SEC
19:03:53.812,788,litter_motion,1059,954,1025,924,1094,985,COLOR_SEC
19:03:53.812,788,litter_motion,1796,373,1768,355,1825,391,COLOR_SEC
19:03:53.812,788,litter_colour,995,738,958,705,1033,772,COLOR_SEC
19:03:53.812,788,litter_colour,1000,670,978,639,1023,701,COLOR_SEC
19:03:53.812,788,litter_colour,981,598,926,557,1037,640,COLOR_SEC
19:03:53.812,788,litter_colour,1432,469,1395,443,1470,496,COLOR_SEC
19:03:53.812,788,litter_colour,886,454,846,438,926,471,COLOR_SEC
19:03:53.812,788,litter_colour,326,430,294,406,358,454,COLOR_SEC
19:03:53.813,788,litter_colour,1789,374,1766,358,1812,390,COLOR_SEC
19:03:53.813,788,litter_colour,1418,352,1362,324,1474,381,COLOR_SEC
19:03:53.813,788,litter_colour,770,342,728,324,812,360,COLOR_SEC
19:03:53.934,789,litter_motion,1059,957,1025,926,1094,988,COLOR_SEC
19:03:53.934,789,litter_motion,1797,372,1769,353,1825,391,COLOR_SEC
19:03:53.934,789,litter_colour,992,739,951,705,1034,773,COLOR_SEC
19:03:53.934,789,litter_colour,1000,670,977,639,1024,702,COLOR_SEC
19:03:53.934,789,litter_colour,981,599,926,557,1036,641,COLOR_SEC
19:03:53.934,789,litter_colour,1432,469,1395,443,1470,495,COLOR_SEC
19:03:53.934,789,litter_colour,886,454,846,438,926,471,COLOR_SEC
19:03:53.934,789,litter_colour,326,430,294,406,358,454,COLOR_SEC
19:03:53.934,789,litter_colour,1789,374,1766,358,1813,390,COLOR_SEC
19:03:53.934,789,litter_colour,1418,352,1362,324,1474,381,COLOR_SEC
19:03:53.934,789,litter_colour,770,342,728,324,812,360,COLOR_SEC
19:03:54.060,790,litter_motion,1058,958,1024,928,1093,989,COLOR_SEC
19:03:54.060,790,litter_motion,1797,374,1769,357,1825,391,COLOR_SEC
19:03:54.060,790,litter_colour,994,739,956,706,1032,773,COLOR_SEC
19:03:54.060,790,litter_colour,1000,671,977,640,1023,702,COLOR_SEC
19:03:54.060,790,litter_colour,961,599,925,557,998,641,COLOR_SEC
19:03:54.060,790,litter_colour,1433,471,1394,443,1472,499,COLOR_SEC
19:03:54.060,790,litter_colour,886,453,846,436,926,471,COLOR_SEC
19:03:54.060,790,litter_colour,325,429,293,405,358,454,COLOR_SEC
19:03:54.060,790,litter_colour,1789,374,1766,358,1813,390,COLOR_SEC
19:03:54.060,790,litter_colour,1418,353,1363,324,1474,382,COLOR_SEC
19:03:54.060,790,litter_colour,770,342,728,324,812,360,COLOR_SEC
19:03:54.060,790,litter_colour,526,338,491,324,562,353,COLOR_SEC
19:03:54.183,791,litter_motion,1797,374,1770,357,1825,391,COLOR_SEC
19:03:54.183,791,litter_colour,1198,816,1165,796,1231,837,COLOR_SEC
19:03:54.183,791,litter_colour,994,740,957,706,1032,774,COLOR_SEC
19:03:54.183,791,litter_colour,961,599,925,558,998,641,COLOR_SEC
19:03:54.183,791,litter_colour,1433,469,1395,443,1472,496,COLOR_SEC
19:03:54.183,791,litter_colour,886,453,846,436,926,471,COLOR_SEC
19:03:54.183,791,litter_colour,325,429,293,405,358,454,COLOR_SEC
19:03:54.183,791,litter_colour,1790,374,1767,358,1813,391,COLOR_SEC
19:03:54.183,791,litter_colour,1418,353,1363,324,1474,382,COLOR_SEC
19:03:54.183,791,litter_colour,770,342,728,324,812,360,COLOR_SEC
19:03:54.183,791,litter_colour,526,338,491,324,562,353,COLOR_SEC
19:03:54.305,792,litter_motion,1798,374,1770,357,1827,391,COLOR_SEC
19:03:54.305,792,litter_colour,1197,817,1162,797,1232,837,COLOR_SEC
19:03:54.305,792,litter_colour,993,740,956,707,1031,774,COLOR_SEC
19:03:54.305,792,litter_colour,1434,471,1394,443,1474,499,COLOR_SEC
19:03:54.305,792,litter_colour,879,471,833,438,926,504,COLOR_SEC
19:03:54.305,792,litter_colour,325,429,293,405,358,454,COLOR_SEC
19:03:54.305,792,litter_colour,1790,374,1767,358,1814,391,COLOR_SEC
19:03:54.305,792,litter_colour,1418,353,1363,324,1474,382,COLOR_SEC
19:03:54.305,792,litter_colour,770,342,728,324,813,360,COLOR_SEC
19:03:54.305,792,litter_colour,526,338,491,324,562,353,COLOR_SEC
19:03:54.428,793,litter_motion,1799,374,1770,357,1828,391,COLOR_SEC
19:03:54.428,793,litter_colour,1199,817,1166,797,1232,838,COLOR_SEC
19:03:54.428,793,litter_colour,993,741,955,708,1032,775,COLOR_SEC
19:03:54.428,793,litter_colour,980,599,925,558,1036,641,COLOR_SEC
19:03:54.428,793,litter_colour,1434,470,1394,443,1474,497,COLOR_SEC
19:03:54.428,793,litter_colour,880,471,833,438,927,504,COLOR_SEC
19:03:54.428,793,litter_colour,325,429,293,405,358,454,COLOR_SEC
19:03:54.428,793,litter_colour,1791,375,1768,359,1814,391,COLOR_SEC
19:03:54.428,793,litter_colour,1419,353,1364,324,1474,382,COLOR_SEC
19:03:54.428,793,litter_colour,770,342,728,324,813,360,COLOR_SEC
19:03:54.428,793,litter_colour,526,338,491,324,562,353,COLOR_SEC
19:03:54.551,794,litter_motion,1799,372,1770,353,1828,391,COLOR_SEC
19:03:54.551,794,litter_colour,1197,819,1162,798,1232,840,COLOR_SEC
19:03:54.551,794,litter_colour,994,741,955,708,1033,775,COLOR_SEC
19:03:54.551,794,litter_colour,981,599,925,558,1037,641,COLOR_SEC
19:03:54.551,794,litter_colour,1436,471,1396,443,1476,499,COLOR_SEC
19:03:54.551,794,litter_colour,886,454,846,438,926,470,COLOR_SEC
19:03:54.551,794,litter_colour,325,429,293,405,358,454,COLOR_SEC
19:03:54.551,794,litter_colour,1791,374,1767,358,1815,391,COLOR_SEC
19:03:54.551,794,litter_colour,1419,353,1364,324,1474,382,COLOR_SEC
19:03:54.551,794,litter_colour,771,342,729,324,813,360,COLOR_SEC
19:03:54.551,794,litter_colour,526,338,490,324,562,353,COLOR_SEC
19:03:54.672,795,litter_colour,1065,944,1022,889,1109,1000,COLOR_SEC
19:03:54.672,795,litter_colour,1197,820,1162,799,1233,841,COLOR_SEC
19:03:54.672,795,litter_colour,990,743,948,709,1032,777,COLOR_SEC
19:03:54.672,795,litter_colour,1436,470,1396,443,1476,497,COLOR_SEC
19:03:54.672,795,litter_colour,886,454,846,438,927,470,COLOR_SEC
19:03:54.672,795,litter_colour,325,429,293,405,358,454,COLOR_SEC
19:03:54.672,795,litter_colour,1791,375,1768,359,1815,391,COLOR_SEC
19:03:54.672,795,litter_colour,1419,353,1364,324,1475,382,COLOR_SEC
19:03:54.672,795,litter_colour,771,342,729,324,813,361,COLOR_SEC
19:03:54.672,795,litter_colour,526,338,490,324,563,353,COLOR_SEC
19:03:54.795,796,litter_motion,1799,373,1771,355,1828,391,COLOR_SEC
19:03:54.795,796,litter_colour,993,743,953,709,1033,777,COLOR_SEC
19:03:54.795,796,litter_colour,1436,470,1396,443,1476,497,COLOR_SEC
19:03:54.795,796,litter_colour,886,454,846,438,927,470,COLOR_SEC
19:03:54.795,796,litter_colour,325,429,293,405,358,454,COLOR_SEC
19:03:54.795,796,litter_colour,1792,375,1768,359,1816,391,COLOR_SEC
19:03:54.795,796,litter_colour,1419,353,1364,324,1475,382,COLOR_SEC
19:03:54.795,796,litter_colour,771,342,729,324,813,360,COLOR_SEC
19:03:54.795,796,litter_colour,526,338,490,324,563,352,COLOR_SEC
19:03:54.922,797,litter_motion,1799,372,1771,354,1828,391,COLOR_SEC
19:03:54.922,797,litter_colour,994,744,955,710,1034,778,COLOR_SEC
19:03:54.922,797,litter_colour,1436,470,1396,443,1476,497,COLOR_SEC
19:03:54.922,797,litter_colour,886,454,846,438,927,470,COLOR_SEC
19:03:54.922,797,litter_colour,1081,453,983,411,1179,496,COLOR_SEC
19:03:54.922,797,litter_colour,325,429,293,405,358,454,COLOR_SEC
19:03:54.922,797,litter_colour,1792,375,1769,359,1816,391,COLOR_SEC
19:03:54.922,797,litter_colour,1420,353,1364,324,1476,382,COLOR_SEC
19:03:54.922,797,litter_colour,771,342,729,324,813,360,COLOR_SEC
19:03:54.922,797,litter_colour,526,338,490,324,563,352,COLOR_SEC
19:03:55.052,798,litter_motion,1799,373,1771,354,1828,392,COLOR_SEC
19:03:55.052,798,litter_colour,993,745,954,712,1033,779,COLOR_SEC
19:03:55.052,798,litter_colour,1437,470,1396,443,1478,498,COLOR_SEC
19:03:55.052,798,litter_colour,886,453,846,438,927,469,COLOR_SEC
19:03:55.052,798,litter_colour,1080,453,983,411,1178,495,COLOR_SEC
19:03:55.052,798,litter_colour,325,429,292,405,358,454,COLOR_SEC
19:03:55.052,798,litter_colour,1792,375,1769,359,1816,391,COLOR_SEC
19:03:55.052,798,litter_colour,1420,353,1365,324,1476,382,COLOR_SEC
19:03:55.052,798,litter_colour,771,342,729,324,813,360,COLOR_SEC
19:03:55.052,798,litter_colour,526,338,490,324,563,352,COLOR_SEC
19:03:55.182,799,litter_colour,993,745,955,712,1032,779,COLOR_SEC
19:03:55.182,799,litter_colour,1438,470,1398,443,1478,497,COLOR_SEC
19:03:55.182,799,litter_colour,886,453,846,438,927,469,COLOR_SEC
19:03:55.182,799,litter_colour,1080,453,983,411,1178,495,COLOR_SEC
19:03:55.182,799,litter_colour,324,429,292,405,357,454,COLOR_SEC
19:03:55.182,799,litter_colour,1793,375,1769,359,1817,391,COLOR_SEC
19:03:55.182,799,litter_colour,1420,353,1365,324,1476,382,COLOR_SEC
19:03:55.182,799,litter_colour,771,342,729,324,813,360,COLOR_SEC
19:03:55.182,799,litter_colour,526,338,490,324,563,352,COLOR_SEC
19:03:55.304,800,litter_motion,1058,976,1023,943,1094,1009,COLOR_SEC
19:03:55.304,800,litter_colour,1066,975,1022,941,1110,1009,COLOR_SEC
19:03:55.304,800,litter_colour,993,745,953,712,1033,779,COLOR_SEC
19:03:55.304,800,litter_colour,1436,469,1393,442,1480,497,COLOR_SEC
19:03:55.304,800,litter_colour,886,453,846,438,926,469,COLOR_SEC
19:03:55.304,800,litter_colour,324,429,292,405,357,454,COLOR_SEC
19:03:55.304,800,litter_colour,1793,375,1770,359,1817,391,COLOR_SEC
19:03:55.304,800,litter_colour,1420,353,1364,324,1476,382,COLOR_SEC
19:03:55.304,800,litter_colour,771,342,729,324,813,360,COLOR_SEC
19:03:55.304,800,litter_colour,526,338,490,324,563,352,COLOR_SEC
19:03:55.429,801,litter_motion,1058,977,1023,944,1094,1011,COLOR_SEC
19:03:55.429,801,litter_colour,1066,977,1022,943,1111,1011,COLOR_SEC
19:03:55.429,801,litter_colour,1070,898,1027,871,1113,925,COLOR_SEC
19:03:55.429,801,litter_colour,993,746,954,713,1032,779,COLOR_SEC
19:03:55.429,801,litter_colour,1436,469,1393,442,1480,497,COLOR_SEC
19:03:55.429,801,litter_colour,886,453,846,438,926,468,COLOR_SEC
19:03:55.429,801,litter_colour,1082,453,984,411,1181,495,COLOR_SEC
19:03:55.429,801,litter_colour,324,429,291,404,357,454,COLOR_SEC
19:03:55.429,801,litter_colour,1793,375,1770,359,1817,391,COLOR_SEC
19:03:55.429,801,litter_colour,1420,353,1365,324,1476,383,COLOR_SEC
19:03:55.429,801,litter_colour,771,342,729,324,813,360,COLOR_SEC
19:03:55.429,801,litter_colour,526,338,490,324,562,352,COLOR_SEC
19:03:55.556,802,litter_motion,1058,979,1022,946,1094,1012,COLOR_SEC
19:03:55.556,802,litter_colour,1066,978,1022,944,1111,1013,COLOR_SEC
19:03:55.556,802,litter_colour,1070,899,1028,872,1113,926,COLOR_SEC
19:03:55.556,802,litter_colour,992,746,953,713,1032,780,COLOR_SEC
19:03:55.556,802,litter_colour,869,487,832,471,906,504,COLOR_SEC
19:03:55.556,802,litter_colour,1437,469,1393,442,1482,496,COLOR_SEC
19:03:55.556,802,litter_colour,886,454,846,438,927,470,COLOR_SEC
19:03:55.556,802,litter_colour,324,429,291,404,357,454,COLOR_SEC
19:03:55.556,802,litter_colour,1794,375,1770,359,1818,391,COLOR_SEC
19:03:55.556,802,litter_colour,1420,353,1365,324,1476,383,COLOR_SEC
19:03:55.556,802,litter_colour,771,342,729,324,813,360,COLOR_SEC
19:03:55.556,802,litter_colour,526,338,490,324,562,352,COLOR_SEC
19:03:55.683,803,litter_motion,1059,980,1023,947,1095,1014,COLOR_SEC
19:03:55.683,803,litter_colour,1067,980,1022,946,1112,1015,COLOR_SEC
19:03:55.683,803,litter_colour,1070,900,1028,873,1113,927,COLOR_SEC
19:03:55.683,803,litter_colour,993,747,954,714,1032,780,COLOR_SEC
19:03:55.683,803,litter_colour,869,487,832,471,906,504,COLOR_SEC
19:03:55.683,803,litter_colour,324,429,291,405,357,454,COLOR_SEC
19:03:55.683,803,litter_colour,1794,375,1770,359,1818,391,COLOR_SEC
19:03:55.683,803,litter_colour,1420,353,1365,324,1475,383,COLOR_SEC
19:03:55.683,803,litter_colour,771,342,729,324,813,360,COLOR_SEC
19:03:55.683,803,litter_colour,526,338,490,324,562,352,COLOR_SEC
19:03:55.807,804,litter_motion,1059,982,1023,949,1096,1016,COLOR_SEC
19:03:55.807,804,litter_colour,1068,982,1022,947,1114,1017,COLOR_SEC
19:03:55.807,804,litter_colour,1110,948,1073,898,1148,999,COLOR_SEC
19:03:55.807,804,litter_colour,1071,901,1028,874,1114,929,COLOR_SEC
19:03:55.807,804,litter_colour,992,747,954,714,1031,781,COLOR_SEC
19:03:55.807,804,litter_colour,869,487,832,471,906,504,COLOR_SEC
19:03:55.807,804,litter_colour,324,429,291,405,357,454,COLOR_SEC
19:03:55.807,804,litter_colour,1794,375,1770,359,1818,391,COLOR_SEC
19:03:55.807,804,litter_colour,1420,353,1365,324,1476,383,COLOR_SEC
19:03:55.807,804,litter_colour,771,342,729,324,813,360,COLOR_SEC
19:03:55.807,804,litter_colour,525,338,489,324,562,352,COLOR_SEC
19:03:55.933,805,litter_motion,1059,984,1023,951,1096,1018,COLOR_SEC
19:03:55.933,805,litter_colour,1067,984,1022,949,1113,1019,COLOR_SEC
19:03:55.933,805,litter_colour,1111,953,1074,905,1149,1002,COLOR_SEC
19:03:55.933,805,litter_colour,1071,902,1028,875,1115,930,COLOR_SEC
19:03:55.933,805,litter_colour,992,747,953,714,1032,781,COLOR_SEC
19:03:55.933,805,litter_colour,869,487,832,471,906,504,COLOR_SEC
19:03:55.933,805,litter_colour,323,429,291,405,356,454,COLOR_SEC
19:03:55.933,805,litter_colour,1795,375,1771,359,1819,391,COLOR_SEC
19:03:55.933,805,litter_colour,1420,353,1365,324,1476,383,COLOR_SEC
19:03:55.933,805,litter_colour,771,342,729,324,813,360,COLOR_SEC
19:03:55.933,805,litter_colour,526,338,489,324,563,352,COLOR_SEC
19:03:56.054,806,litter_motion,1061,986,1024,952,1098,1020,COLOR_SEC
19:03:56.054,806,litter_colour,1068,985,1023,950,1114,1021,COLOR_SEC
19:03:56.054,806,litter_colour,1112,954,1074,906,1150,1003,COLOR_SEC
19:03:56.054,806,litter_colour,1073,903,1029,876,1117,931,COLOR_SEC
19:03:56.054,806,litter_colour,993,748,953,714,1033,782,COLOR_SEC
19:03:56.054,806,litter_colour,323,429,290,404,356,454,COLOR_SEC
19:03:56.054,806,litter_colour,1795,375,1771,359,1819,391,COLOR_SEC
19:03:56.054,806,litter_colour,1420,353,1365,324,1476,383,COLOR_SEC
19:03:56.054,806,litter_colour,771,342,729,324,813,361,COLOR_SEC
19:03:56.054,806,litter_colour,526,338,489,324,563,352,COLOR_SEC
19:03:56.176,807,litter_motion,1061,987,1024,953,1098,1022,COLOR_SEC
19:03:56.177,807,litter_colour,1068,987,1023,952,1114,1023,COLOR_SEC
19:03:56.177,807,litter_colour,1112,956,1074,907,1151,1005,COLOR_SEC
19:03:56.177,807,litter_colour,1072,904,1029,877,1116,932,COLOR_SEC
19:03:56.177,807,litter_colour,992,748,953,714,1032,783,COLOR_SEC
19:03:56.177,807,litter_colour,323,428,290,404,357,453,COLOR_SEC
19:03:56.177,807,litter_colour,1795,375,1771,359,1820,391,COLOR_SEC
19:03:56.177,807,litter_colour,1421,353,1365,324,1477,383,COLOR_SEC
19:03:56.177,807,litter_colour,771,342,729,324,814,361,COLOR_SEC
19:03:56.177,807,litter_colour,526,338,489,324,563,352,COLOR_SEC
19:03:56.298,808,litter_motion,1061,989,1024,954,1098,1024,COLOR_SEC
19:03:56.298,808,litter_colour,1073,906,1029,878,1117,934,COLOR_SEC
19:03:56.298,808,litter_colour,993,749,954,715,1033,784,COLOR_SEC
19:03:56.298,808,litter_colour,887,452,847,434,927,471,COLOR_SEC
19:03:56.298,808,litter_colour,323,428,290,404,356,453,COLOR_SEC
19:03:56.298,808,litter_colour,1796,375,1772,359,1820,391,COLOR_SEC
19:03:56.298,808,litter_colour,1421,353,1366,324,1476,383,COLOR_SEC
19:03:56.298,808,litter_colour,772,342,730,324,814,361,COLOR_SEC
19:03:56.298,808,litter_colour,526,338,489,324,563,352,COLOR_SEC
19:03:56.420,809,litter_motion,1062,990,1024,955,1100,1026,COLOR_SEC
19:03:56.420,809,litter_colour,1069,990,1023,954,1116,1026,COLOR_SEC
19:03:56.420,809,litter_colour,1114,959,1075,910,1153,1009,COLOR_SEC
19:03:56.420,809,litter_colour,1073,907,1030,879,1117,935,COLOR_SEC
19:03:56.420,809,litter_colour,993,749,954,714,1033,784,COLOR_SEC
19:03:56.420,809,litter_colour,1000,673,977,639,1023,708,COLOR_SEC
19:03:56.420,809,litter_colour,961,601,924,558,999,644,COLOR_SEC
19:03:56.421,809,litter_colour,887,458,847,434,927,482,COLOR_SEC
19:03:56.421,809,litter_colour,323,428,290,404,356,453,COLOR_SEC
19:03:56.421,809,litter_colour,1796,375,1772,359,1821,391,COLOR_SEC
19:03:56.421,809,litter_colour,1422,353,1366,324,1478,383,COLOR_SEC
19:03:56.421,809,litter_colour,772,342,730,324,814,361,COLOR_SEC
19:03:56.421,809,litter_colour,526,338,489,324,563,352,COLOR_SEC
19:03:56.542,810,litter_motion,1062,992,1024,956,1100,1028,COLOR_SEC
19:03:56.542,810,litter_colour,1074,908,1030,880,1119,937,COLOR_SEC
19:03:56.542,810,litter_colour,1209,831,1175,809,1244,854,COLOR_SEC
19:03:56.542,810,litter_colour,993,749,953,714,1033,784,COLOR_SEC
19:03:56.542,810,litter_colour,1001,673,978,637,1024,709,COLOR_SEC
19:03:56.542,810,litter_colour,961,601,923,558,999,644,COLOR_SEC
19:03:56.542,810,litter_colour,887,458,847,434,927,482,COLOR_SEC
19:03:56.542,810,litter_colour,323,428,290,404,356,453,COLOR_SEC
19:03:56.542,810,litter_colour,1796,375,1772,359,1821,391,COLOR_SEC
19:03:56.542,810,litter_colour,1422,353,1366,324,1478,383,COLOR_SEC
19:03:56.542,810,litter_colour,772,342,730,324,814,361,COLOR_SEC
19:03:56.542,810,litter_colour,525,338,488,324,563,352,COLOR_SEC
19:03:56.664,811,litter_motion,1062,994,1025,959,1100,1030,COLOR_SEC
19:03:56.664,811,litter_colour,1075,909,1031,881,1119,938,COLOR_SEC
19:03:56.664,811,litter_colour,1211,832,1176,810,1246,855,COLOR_SEC
19:03:56.664,811,litter_colour,990,749,946,714,1034,784,COLOR_SEC
19:03:56.664,811,litter_colour,1001,673,977,637,1025,709,COLOR_SEC
19:03:56.664,811,litter_colour,961,601,923,558,999,644,COLOR_SEC
19:03:56.664,811,litter_colour,1353,541,1324,524,1382,559,COLOR_SEC
19:03:56.664,811,litter_colour,867,487,832,471,902,503,COLOR_SEC
19:03:56.664,811,litter_colour,887,457,847,433,927,482,COLOR_SEC
19:03:56.664,811,litter_colour,323,428,290,404,356,453,COLOR_SEC
19:03:56.664,811,litter_colour,1797,375,1773,358,1821,392,COLOR_SEC
19:03:56.664,811,litter_colour,1421,353,1366,324,1477,383,COLOR_SEC
19:03:56.664,811,litter_colour,772,342,730,324,814,360,COLOR_SEC
19:03:56.664,811,litter_colour,525,338,489,324,562,352,COLOR_SEC
19:03:56.786,812,litter_motion,1063,996,1025,961,1101,1032,COLOR_SEC
19:03:56.786,812,litter_colour,1072,996,1025,959,1119,1033,COLOR_SEC
19:03:56.786,812,litter_colour,1076,911,1031,882,1121,940,COLOR_SEC
19:03:56.786,812,litter_colour,1210,833,1173,811,1247,856,COLOR_SEC
19:03:56.786,812,litter_colour,994,749,954,714,1034,785,COLOR_SEC
19:03:56.786,812,litter_colour,1005,674,977,638,1034,710,COLOR_SEC
19:03:56.786,812,litter_colour,961,601,923,558,999,645,COLOR_SEC
19:03:56.786,812,litter_colour,1332,544,1280,524,1384,564,COLOR_SEC
19:03:56.786,812,litter_colour,322,428,289,404,356,453,COLOR_SEC
19:03:56.786,812,litter_colour,1797,375,1773,358,1821,392,COLOR_SEC
19:03:56.786,812,litter_colour,1422,353,1366,324,1478,383,COLOR_SEC
19:03:56.786,812,litter_colour,772,342,730,324,814,361,COLOR_SEC
19:03:56.786,812,litter_colour,525,338,488,324,562,352,COLOR_SEC
19:03:56.909,813,litter_motion,1064,998,1026,963,1102,1034,COLOR_SEC
19:03:56.909,813,litter_colour,1076,912,1031,883,1121,941,COLOR_SEC
19:03:56.909,813,litter_colour,1211,834,1174,812,1248,857,COLOR_SEC
19:03:56.909,813,litter_colour,991,751,947,716,1035,786,COLOR_SEC
19:03:56.909,813,litter_colour,1002,674,978,638,1026,711,COLOR_SEC
19:03:56.909,813,litter_colour,962,601,924,558,1000,645,COLOR_SEC
19:03:56.909,813,litter_colour,1355,543,1326,524,1384,562,COLOR_SEC
19:03:56.909,813,litter_colour,322,428,289,404,355,453,COLOR_SEC
19:03:56.909,813,litter_colour,1797,375,1773,359,1822,392,COLOR_SEC
19:03:56.909,813,litter_colour,1422,353,1366,324,1478,383,COLOR_SEC
19:03:56.909,813,litter_colour,771,342,729,324,814,361,COLOR_SEC
19:03:56.909,813,litter_colour,525,338,488,324,562,352,COLOR_SEC
19:03:57.032,814,litter_colour,1077,913,1032,884,1123,943,COLOR_SEC
19:03:57.032,814,litter_colour,1212,835,1175,812,1249,858,COLOR_SEC
19:03:57.032,814,litter_colour,994,751,953,715,1035,788,COLOR_SEC
19:03:57.032,814,litter_colour,1002,676,978,638,1026,714,COLOR_SEC
19:03:57.032,814,litter_colour,961,602,923,559,1000,645,COLOR_SEC
19:03:57.032,814,litter_colour,1355,545,1326,523,1385,567,COLOR_SEC
19:03:57.032,814,litter_colour,886,458,846,434,927,482,COLOR_SEC
19:03:57.032,814,litter_colour,321,429,288,405,355,453,COLOR_SEC
19:03:57.032,814,litter_colour,1797,375,1773,359,1822,392,COLOR_SEC
19:03:57.032,814,litter_colour,1422,353,1366,324,1478,383,COLOR_SEC
19:03:57.032,814,litter_colour,771,342,729,324,814,361,COLOR_SEC
19:03:57.032,814,litter_colour,525,338,488,324,562,352,COLOR_SEC
19:03:57.156,815,litter_colour,1074,915,1025,886,1123,944,COLOR_SEC
19:03:57.156,815,litter_colour,1214,836,1179,813,1250,859,COLOR_SEC
19:03:57.156,815,litter_colour,991,752,947,717,1035,787,COLOR_SEC
19:03:57.156,815,litter_colour,1001,676,978,639,1024,713,COLOR_SEC
19:03:57.156,815,litter_colour,961,602,923,559,1000,646,COLOR_SEC
19:03:57.156,815,litter_colour,1356,542,1327,524,1386,560,COLOR_SEC
19:03:57.156,815,litter_colour,886,458,846,434,927,482,COLOR_SEC
19:03:57.156,815,litter_colour,321,429,288,405,354,453,COLOR_SEC
19:03:57.156,815,litter_colour,1797,375,1773,359,1822,392,COLOR_SEC
19:03:57.156,815,litter_colour,1421,353,1366,324,1477,383,COLOR_SEC
19:03:57.156,815,litter_colour,771,342,729,324,814,361,COLOR_SEC
19:03:57.156,815,litter_colour,525,338,488,324,562,352,COLOR_SEC
19:03:57.279,816,litter_colour,1075,916,1026,887,1124,946,COLOR_SEC
19:03:57.279,816,litter_colour,1216,837,1180,814,1252,860,COLOR_SEC
19:03:57.279,816,litter_colour,994,752,953,716,1036,788,COLOR_SEC
19:03:57.279,816,litter_colour,1001,675,978,639,1025,712,COLOR_SEC
19:03:57.279,816,litter_colour,981,611,923,559,1039,664,COLOR_SEC
19:03:57.279,816,litter_colour,1358,543,1328,526,1388,561,COLOR_SEC
19:03:57.279,816,litter_colour,886,458,846,434,927,482,COLOR_SEC
19:03:57.279,816,litter_colour,1078,453,984,412,1172,495,COLOR_SEC
19:03:57.279,816,litter_colour,321,429,288,405,355,453,COLOR_SEC
19:03:57.279,816,litter_colour,1797,375,1773,359,1822,392,COLOR_SEC
19:03:57.279,816,litter_colour,1422,353,1366,324,1478,383,COLOR_SEC
19:03:57.279,816,litter_colour,771,342,729,324,813,361,COLOR_SEC
19:03:57.279,816,litter_colour,524,338,487,324,562,352,COLOR_SEC
19:03:57.403,817,litter_colour,1076,918,1026,888,1126,948,COLOR_SEC
19:03:57.403,817,litter_colour,1217,838,1182,815,1253,861,COLOR_SEC
19:03:57.403,817,litter_colour,991,753,947,718,1036,789,COLOR_SEC
19:03:57.403,817,litter_colour,1005,676,978,640,1032,712,COLOR_SEC
19:03:57.403,817,litter_colour,981,602,923,559,1039,646,COLOR_SEC
19:03:57.403,817,litter_colour,1336,545,1285,525,1388,565,COLOR_SEC
19:03:57.403,817,litter_colour,1449,468,1401,441,1498,495,COLOR_SEC
19:03:57.403,817,litter_colour,886,469,846,434,927,504,COLOR_SEC
19:03:57.403,817,litter_colour,320,428,287,404,354,453,COLOR_SEC
19:03:57.404,817,litter_colour,1798,375,1773,359,1823,392,COLOR_SEC
19:03:57.404,817,litter_colour,1421,353,1366,324,1477,383,COLOR_SEC
19:03:57.404,817,litter_colour,771,342,729,324,813,361,COLOR_SEC
19:03:57.404,817,litter_colour,524,338,487,324,562,352,COLOR_SEC
19:03:57.528,818,litter_colour,1076,919,1027,889,1126,950,COLOR_SEC
19:03:57.528,818,litter_colour,1216,838,1179,815,1254,862,COLOR_SEC
19:03:57.528,818,litter_colour,991,753,947,717,1036,789,COLOR_SEC
19:03:57.528,818,litter_colour,981,602,923,559,1039,646,COLOR_SEC
19:03:57.528,818,litter_colour,1337,547,1285,525,1389,569,COLOR_SEC
19:03:57.528,818,litter_colour,1450,467,1401,441,1499,494,COLOR_SEC
19:03:57.528,818,litter_colour,320,429,287,405,354,453,COLOR_SEC
19:03:57.528,818,litter_colour,1798,375,1773,359,1823,392,COLOR_SEC
19:03:57.528,818,litter_colour,1422,353,1366,324,1478,383,COLOR_SEC
19:03:57.528,818,litter_colour,771,342,729,324,813,361,COLOR_SEC
19:03:57.528,818,litter_colour,524,338,487,324,561,352,COLOR_SEC
19:03:57.655,819,litter_colour,992,754,948,718,1037,790,COLOR_SEC
19:03:57.655,819,litter_colour,961,603,922,559,1000,647,COLOR_SEC
19:03:57.655,819,litter_colour,1451,467,1403,440,1500,494,COLOR_SEC
19:03:57.655,819,litter_colour,886,469,846,434,927,504,COLOR_SEC
19:03:57.655,819,litter_colour,320,429,287,405,353,453,COLOR_SEC
19:03:57.655,819,litter_colour,1798,376,1774,359,1823,393,COLOR_SEC
19:03:57.655,819,litter_colour,1422,354,1366,324,1478,384,COLOR_SEC
19:03:57.655,819,litter_colour,771,343,729,324,813,362,COLOR_SEC
19:03:57.779,820,litter_colour,996,754,955,718,1037,791,COLOR_SEC
19:03:57.779,820,litter_colour,1006,677,978,640,1035,714,COLOR_SEC
19:03:57.779,820,litter_colour,981,603,923,559,1040,647,COLOR_SEC
19:03:57.779,820,litter_colour,1357,544,1330,526,1384,563,COLOR_SEC
19:03:57.779,820,litter_colour,1452,468,1403,441,1502,495,COLOR_SEC
19:03:57.779,820,litter_colour,1798,376,1774,359,1823,393,COLOR_SEC
19:03:57.779,820,litter_colour,1422,354,1366,324,1478,384,COLOR_SEC
19:03:57.779,820,litter_colour,771,343,729,324,813,362,COLOR_SEC
19:03:57.779,820,litter_colour,523,338,486,324,561,352,COLOR_SEC
19:03:57.902,821,litter_colour,996,755,954,719,1038,792,COLOR_SEC
19:03:57.902,821,litter_colour,1007,679,978,644,1036,714,COLOR_SEC
19:03:57.902,821,litter_colour,982,603,924,559,1040,647,COLOR_SEC
19:03:57.902,821,litter_colour,1355,544,1331,526,1379,563,COLOR_SEC
19:03:57.902,821,litter_colour,1454,468,1405,441,1504,495,COLOR_SEC
19:03:57.902,821,litter_colour,1798,376,1774,359,1823,393,COLOR_SEC
19:03:57.902,821,litter_colour,1422,354,1366,324,1478,384,COLOR_SEC
19:03:57.902,821,litter_colour,770,343,728,324,813,362,COLOR_SEC
19:03:57.902,821,litter_colour,524,338,486,324,562,353,COLOR_SEC
19:03:58.025,822,litter_colour,996,756,955,720,1038,793,COLOR_SEC
19:03:58.025,822,litter_colour,1006,678,976,641,1036,715,COLOR_SEC
19:03:58.025,822,litter_colour,981,603,922,560,1040,647,COLOR_SEC
19:03:58.025,822,litter_colour,1334,544,1288,524,1380,565,COLOR_SEC
19:03:58.025,822,litter_colour,1455,468,1405,441,1505,495,COLOR_SEC
19:03:58.025,822,litter_colour,1079,454,984,412,1174,496,COLOR_SEC
19:03:58.025,822,litter_colour,1798,376,1774,359,1823,393,COLOR_SEC
19:03:58.025,822,litter_colour,1422,354,1366,324,1478,384,COLOR_SEC
19:03:58.025,822,litter_colour,770,343,728,324,813,362,COLOR_SEC
19:03:58.025,822,litter_colour,524,338,486,324,562,353,COLOR_SEC
19:03:58.147,823,litter_colour,996,757,954,721,1039,794,COLOR_SEC
19:03:58.147,823,litter_colour,1007,678,977,641,1037,716,COLOR_SEC
19:03:58.147,823,litter_colour,962,604,923,560,1001,648,COLOR_SEC
19:03:58.147,823,litter_colour,1343,544,1306,527,1381,562,COLOR_SEC
19:03:58.147,823,litter_colour,1456,468,1407,441,1506,495,COLOR_SEC
19:03:58.147,823,litter_colour,1079,453,984,412,1174,494,COLOR_SEC
19:03:58.147,823,litter_colour,1798,376,1774,360,1823,393,COLOR_SEC
19:03:58.147,823,litter_colour,1422,354,1366,324,1478,384,COLOR_SEC
19:03:58.147,823,litter_colour,770,343,727,324,813,363,COLOR_SEC
19:03:58.147,823,litter_colour,523,338,485,324,562,353,COLOR_SEC
19:03:58.267,824,litter_colour,993,759,947,720,1039,799,COLOR_SEC
19:03:58.267,824,litter_colour,1006,679,976,643,1037,716,COLOR_SEC
19:03:58.267,824,litter_colour,982,604,922,561,1042,648,COLOR_SEC
19:03:58.267,824,litter_colour,1459,467,1409,440,1510,495,COLOR_SEC
19:03:58.267,824,litter_colour,1079,454,984,412,1174,496,COLOR_SEC
19:03:58.267,824,litter_colour,1799,377,1774,360,1824,394,COLOR_SEC
19:03:58.267,824,litter_colour,1422,354,1366,324,1478,385,COLOR_SEC
19:03:58.267,824,litter_colour,770,343,727,324,813,363,COLOR_SEC
19:03:58.267,824,litter_colour,523,338,485,324,562,353,COLOR_SEC
19:03:58.390,825,litter_colour,996,758,954,721,1039,796,COLOR_SEC
19:03:58.390,825,litter_colour,982,605,923,561,1041,649,COLOR_SEC
19:03:58.390,825,litter_colour,1459,467,1409,440,1510,494,COLOR_SEC
19:03:58.390,825,litter_colour,1079,454,985,413,1174,496,COLOR_SEC
19:03:58.390,825,litter_colour,1799,377,1774,360,1824,394,COLOR_SEC
19:03:58.390,825,litter_colour,1422,354,1367,324,1478,385,COLOR_SEC
19:03:58.390,825,litter_colour,770,343,727,324,814,363,COLOR_SEC
19:03:58.390,825,litter_colour,523,338,485,324,561,353,COLOR_SEC
19:03:58.516,826,litter_colour,1459,466,1409,440,1510,492,COLOR_SEC
19:03:58.516,826,litter_colour,1799,377,1775,360,1824,394,COLOR_SEC
19:03:58.516,826,litter_colour,1422,354,1367,324,1478,385,COLOR_SEC
19:03:58.516,826,litter_colour,770,343,727,324,814,363,COLOR_SEC
19:03:58.516,826,litter_colour,523,338,485,324,561,353,COLOR_SEC
19:03:58.640,827,litter_colour,962,605,923,561,1001,649,COLOR_SEC
19:03:58.640,827,litter_colour,1461,466,1411,440,1512,493,COLOR_SEC
19:03:58.640,827,litter_colour,1799,377,1775,361,1824,394,COLOR_SEC
19:03:58.640,827,litter_colour,1422,354,1367,324,1478,385,COLOR_SEC
19:03:58.640,827,litter_colour,770,343,727,324,814,363,COLOR_SEC
19:03:58.640,827,litter_colour,522,338,484,324,561,353,COLOR_SEC
19:03:58.762,828,litter_motion,484,868,451,828,517,909,COLOR_SEC
19:03:58.762,828,litter_colour,962,605,923,561,1001,649,COLOR_SEC
19:03:58.762,828,litter_colour,1457,468,1401,440,1513,497,COLOR_SEC
19:03:58.762,828,litter_colour,1799,376,1775,360,1824,393,COLOR_SEC
19:03:58.762,828,litter_colour,1423,354,1367,324,1479,385,COLOR_SEC
19:03:58.762,828,litter_colour,771,343,729,324,814,362,COLOR_SEC
19:03:58.884,829,litter_motion,491,873,450,836,533,910,COLOR_SEC
19:03:58.884,829,litter_colour,962,604,923,560,1001,649,COLOR_SEC
19:03:58.884,829,litter_colour,1458,468,1403,440,1514,497,COLOR_SEC
19:03:58.884,829,litter_colour,1423,354,1367,324,1479,384,COLOR_SEC
19:03:58.884,829,litter_colour,771,343,729,324,814,362,COLOR_SEC
19:03:58.884,829,litter_colour,522,338,484,324,561,352,COLOR_SEC
19:03:59.006,830,litter_motion,489,870,448,829,531,912,COLOR_SEC
19:03:59.006,830,litter_colour,962,604,922,559,1002,649,COLOR_SEC
19:03:59.006,830,litter_colour,1465,468,1415,439,1516,497,COLOR_SEC
19:03:59.006,830,litter_colour,1423,354,1367,324,1479,384,COLOR_SEC
19:03:59.006,830,litter_colour,771,342,730,324,813,361,COLOR_SEC
19:03:59.006,830,litter_colour,522,337,484,324,560,351,COLOR_SEC
19:03:59.129,831,litter_motion,489,871,446,829,533,913,COLOR_SEC
19:03:59.129,831,litter_colour,962,604,922,560,1002,648,COLOR_SEC
19:03:59.129,831,litter_colour,1465,467,1415,438,1516,496,COLOR_SEC
19:03:59.129,831,litter_colour,1423,353,1367,324,1479,383,COLOR_SEC
19:03:59.129,831,litter_colour,771,342,730,324,813,360,COLOR_SEC
19:03:59.251,832,litter_colour,962,603,922,559,1002,648,COLOR_SEC
19:03:59.252,832,litter_colour,1467,466,1417,437,1517,496,COLOR_SEC
19:03:59.252,832,litter_colour,890,457,854,434,927,481,COLOR_SEC
19:03:59.252,832,litter_colour,1423,353,1367,324,1479,383,COLOR_SEC
19:03:59.252,832,litter_colour,771,342,729,324,813,360,COLOR_SEC
19:03:59.373,833,litter_motion,483,877,441,839,526,915,COLOR_SEC
19:03:59.373,833,litter_colour,1236,857,1198,831,1274,883,COLOR_SEC
19:03:59.373,833,litter_colour,962,603,922,559,1002,648,COLOR_SEC
19:03:59.373,833,litter_colour,1467,466,1417,437,1518,496,COLOR_SEC
19:03:59.373,833,litter_colour,1423,353,1367,324,1479,382,COLOR_SEC
19:03:59.373,833,litter_colour,771,341,729,324,814,359,COLOR_SEC
19:03:59.498,834,litter_motion,482,878,440,840,524,917,COLOR_SEC
19:03:59.498,834,litter_colour,1230,857,1185,831,1275,884,COLOR_SEC
19:03:59.498,834,litter_colour,961,603,922,558,1001,648,COLOR_SEC
19:03:59.498,834,litter_colour,1467,465,1415,436,1519,495,COLOR_SEC
19:03:59.498,834,litter_colour,314,426,280,401,348,451,COLOR_SEC
19:03:59.498,834,litter_colour,1799,373,1775,357,1824,390,COLOR_SEC
19:03:59.498,834,litter_colour,1422,353,1366,324,1479,382,COLOR_SEC
19:03:59.498,834,litter_colour,771,341,729,324,813,359,COLOR_SEC
19:03:59.641,835,litter_colour,1229,858,1184,832,1275,885,COLOR_SEC
19:03:59.641,835,litter_colour,961,603,922,558,1001,648,COLOR_SEC
19:03:59.641,835,litter_colour,1468,465,1417,436,1520,494,COLOR_SEC
19:03:59.641,835,litter_colour,313,425,279,401,347,450,COLOR_SEC
19:03:59.641,835,litter_colour,1423,353,1367,324,1479,382,COLOR_SEC
19:03:59.641,835,litter_colour,770,341,729,324,812,358,COLOR_SEC
19:03:59.766,836,litter_colour,1232,859,1187,832,1277,886,COLOR_SEC
19:03:59.766,836,litter_colour,962,603,922,558,1002,648,COLOR_SEC
19:03:59.766,836,litter_colour,1465,464,1409,435,1521,494,COLOR_SEC
19:03:59.766,836,litter_colour,889,455,853,432,926,479,COLOR_SEC
19:03:59.766,836,litter_colour,312,425,278,400,346,450,COLOR_SEC
19:03:59.766,836,litter_colour,1799,372,1775,356,1824,389,COLOR_SEC
19:03:59.766,836,litter_colour,1423,352,1367,324,1479,381,COLOR_SEC
19:03:59.766,836,litter_colour,775,341,739,324,812,358,COLOR_SEC
19:03:59.889,837,litter_colour,1232,860,1188,833,1277,887,COLOR_SEC
19:03:59.889,837,litter_colour,961,602,921,557,1001,647,COLOR_SEC
19:03:59.889,837,litter_colour,1471,464,1419,435,1523,494,COLOR_SEC
19:03:59.889,837,litter_colour,312,424,278,400,346,449,COLOR_SEC
19:03:59.889,837,litter_colour,1422,352,1366,324,1479,381,COLOR_SEC
19:03:59.889,837,litter_colour,775,340,739,324,812,357,COLOR_SEC
19:04:00.011,838,litter_motion,1085,1047,1041,1015,1129,1080,COLOR_SEC
19:04:00.011,838,litter_colour,1084,1046,1039,1013,1130,1080,COLOR_SEC
19:04:00.011,838,litter_colour,1234,860,1190,833,1278,887,COLOR_SEC
19:04:00.011,838,litter_colour,962,601,922,556,1002,647,COLOR_SEC
19:04:00.011,838,litter_colour,1462,463,1400,433,1524,493,COLOR_SEC
19:04:00.011,838,litter_colour,310,423,277,398,344,448,COLOR_SEC
19:04:00.011,838,litter_colour,1423,352,1368,324,1479,380,COLOR_SEC
19:04:00.011,838,litter_colour,776,340,740,324,812,356,COLOR_SEC
19:04:00.142,839,litter_motion,1085,1048,1041,1017,1129,1080,COLOR_SEC
19:04:00.142,839,litter_colour,1084,1047,1039,1015,1130,1080,COLOR_SEC
19:04:00.142,839,litter_colour,999,756,955,724,1043,789,COLOR_SEC
19:04:00.142,839,litter_colour,961,601,921,556,1002,646,COLOR_SEC
19:04:00.142,839,litter_colour,1473,462,1421,433,1525,492,COLOR_SEC
19:04:00.142,839,litter_colour,891,446,856,430,926,463,COLOR_SEC
19:04:00.142,839,litter_colour,310,422,277,398,343,447,COLOR_SEC
19:04:00.142,839,litter_colour,1424,351,1369,324,1479,379,COLOR_SEC
19:04:00.142,839,litter_colour,776,339,741,324,812,355,COLOR_SEC
19:04:00.270,840,litter_motion,1085,1049,1041,1019,1130,1080,COLOR_SEC
19:04:00.270,840,litter_colour,1085,1048,1039,1017,1132,1080,COLOR_SEC
19:04:00.270,840,litter_colour,1235,861,1190,834,1280,889,COLOR_SEC
19:04:00.270,840,litter_colour,1018,610,993,591,1043,630,COLOR_SEC
19:04:00.270,840,litter_colour,962,600,922,555,1002,646,COLOR_SEC
19:04:00.270,840,litter_colour,865,478,826,460,905,497,COLOR_SEC
19:04:00.270,840,litter_colour,1464,462,1402,432,1526,492,COLOR_SEC
19:04:00.270,840,litter_colour,887,445,848,428,926,462,COLOR_SEC
19:04:00.270,840,litter_colour,309,421,276,396,343,446,COLOR_SEC
19:04:00.270,840,litter_colour,1423,350,1370,324,1477,377,COLOR_SEC
19:04:00.270,840,litter_colour,776,339,741,324,811,354,COLOR_SEC
19:04:00.394,841,litter_motion,1085,1050,1041,1021,1130,1080,COLOR_SEC
19:04:00.394,841,litter_colour,1085,1049,1040,1019,1131,1080,COLOR_SEC
19:04:00.394,841,litter_colour,1018,609,994,590,1042,629,COLOR_SEC
19:04:00.394,841,litter_colour,960,600,920,554,1001,646,COLOR_SEC
19:04:00.394,841,litter_colour,866,478,827,459,905,497,COLOR_SEC
19:04:00.394,841,litter_colour,1464,461,1404,432,1524,491,COLOR_SEC
19:04:00.394,841,litter_colour,889,444,853,428,926,461,COLOR_SEC
19:04:00.394,841,litter_colour,309,420,276,396,343,445,COLOR_SEC
19:04:00.394,841,litter_colour,1424,350,1371,324,1477,376,COLOR_SEC
19:04:00.394,841,litter_colour,776,339,741,324,811,354,COLOR_SEC
19:04:00.517,842,litter_motion,1086,1052,1042,1024,1130,1080,COLOR_SEC
19:04:00.517,842,litter_motion,487,827,457,798,518,856,COLOR_SEC
19:04:00.517,842,litter_colour,1086,1050,1040,1021,1132,1080,COLOR_SEC
19:04:00.517,842,litter_colour,1237,863,1193,836,1282,890,COLOR_SEC
19:04:00.517,842,litter_colour,1011,610,981,590,1042,631,COLOR_SEC
19:04:00.517,842,litter_colour,866,479,828,459,905,500,COLOR_SEC
19:04:00.517,842,litter_colour,1465,460,1406,431,1525,490,COLOR_SEC
19:04:00.517,842,litter_colour,888,443,850,425,926,461,COLOR_SEC
19:04:00.517,842,litter_colour,308,420,275,395,342,445,COLOR_SEC
19:04:00.517,842,litter_colour,1423,350,1370,324,1477,376,COLOR_SEC
19:04:00.517,842,litter_colour,776,338,741,324,811,353,COLOR_SEC
19:04:00.641,843,litter_motion,1087,1052,1042,1025,1132,1080,COLOR_SEC
19:04:00.641,843,litter_motion,486,828,455,798,517,858,COLOR_SEC
19:04:00.641,843,litter_colour,1086,1051,1040,1023,1132,1080,COLOR_SEC
19:04:00.641,843,litter_colour,998,766,954,724,1043,808,COLOR_SEC
19:04:00.641,843,litter_colour,1017,609,992,590,1042,629,COLOR_SEC
19:04:00.641,843,litter_colour,866,477,828,458,905,496,COLOR_SEC
19:04:00.641,843,litter_colour,1473,460,1421,431,1526,490,COLOR_SEC
19:04:00.641,843,litter_colour,308,419,275,395,342,444,COLOR_SEC
19:04:00.641,843,litter_colour,1424,349,1370,324,1479,375,COLOR_SEC
19:04:00.641,843,litter_colour,776,338,742,324,811,352,COLOR_SEC
19:04:00.764,844,litter_motion,1086,1053,1041,1027,1131,1080,COLOR_SEC
19:04:00.764,844,litter_motion,482,829,450,800,514,859,COLOR_SEC
19:04:00.764,844,litter_colour,1086,1053,1040,1026,1133,1080,COLOR_SEC
19:04:00.764,844,litter_colour,998,767,954,724,1043,811,COLOR_SEC
19:04:00.764,844,litter_colour,1466,459,1404,429,1528,490,COLOR_SEC
19:04:00.764,844,litter_colour,866,461,827,423,905,499,COLOR_SEC
19:04:00.764,844,litter_colour,308,419,274,394,342,444,COLOR_SEC
19:04:00.764,844,litter_colour,1424,349,1370,324,1479,374,COLOR_SEC
19:04:00.764,844,litter_colour,776,338,742,324,811,352,COLOR_SEC
19:04:00.805,845,litter_yolo,446,719,2,373,890,1065,YOLO
19:04:00.888,845,litter_motion,1086,1055,1041,1030,1132,1080,COLOR_SEC
19:04:00.888,845,litter_colour,1089,1054,1041,1028,1137,1080,COLOR_SEC
19:04:00.888,845,litter_colour,999,766,954,724,1044,808,COLOR_SEC
19:04:00.888,845,litter_colour,1467,459,1406,429,1528,489,COLOR_SEC
19:04:00.888,845,litter_colour,1424,349,1369,324,1480,374,COLOR_SEC
19:04:00.888,845,litter_colour,776,338,742,324,810,352,COLOR_SEC
19:04:01.011,846,litter_motion,1087,1056,1041,1032,1133,1080,COLOR_SEC
19:04:01.011,846,litter_motion,480,831,449,801,511,861,COLOR_SEC
19:04:01.011,846,litter_colour,1087,1055,1040,1030,1135,1080,COLOR_SEC
19:04:01.011,846,litter_colour,998,766,954,725,1043,808,COLOR_SEC
19:04:01.011,846,litter_colour,865,478,827,459,904,498,COLOR_SEC
19:04:01.011,846,litter_colour,1468,459,1407,429,1530,489,COLOR_SEC
19:04:01.011,846,litter_colour,307,418,273,393,341,443,COLOR_SEC
19:04:01.011,846,litter_colour,1422,348,1369,324,1476,373,COLOR_SEC
19:04:01.011,846,litter_colour,776,338,742,324,810,352,COLOR_SEC
19:04:01.135,847,litter_motion,1082,1057,1041,1034,1124,1080,COLOR_SEC
19:04:01.135,847,litter_motion,488,828,447,802,530,855,COLOR_SEC
19:04:01.135,847,litter_colour,1083,1056,1041,1032,1125,1080,COLOR_SEC
19:04:01.135,847,litter_colour,998,766,953,725,1044,808,COLOR_SEC
19:04:01.135,847,litter_colour,865,478,826,459,905,497,COLOR_SEC
19:04:01.135,847,litter_colour,1476,458,1423,429,1530,488,COLOR_SEC
19:04:01.135,847,litter_colour,307,418,273,393,341,443,COLOR_SEC
19:04:01.135,847,litter_colour,1422,348,1368,324,1476,373,COLOR_SEC
19:04:01.135,847,litter_colour,776,337,742,324,811,351,COLOR_SEC
19:04:01.256,848,litter_motion,1082,1058,1041,1037,1124,1080,COLOR_SEC
19:04:01.256,848,litter_colour,1083,1057,1041,1035,1125,1080,COLOR_SEC
19:04:01.256,848,litter_colour,998,767,953,725,1044,809,COLOR_SEC
19:04:01.256,848,litter_colour,864,476,825,456,904,497,COLOR_SEC
19:04:01.256,848,litter_colour,1468,457,1405,427,1532,488,COLOR_SEC
19:04:01.256,848,litter_colour,900,450,872,424,929,476,COLOR_SEC
19:04:01.256,848,litter_colour,306,418,273,393,340,443,COLOR_SEC
19:04:01.256,848,litter_colour,1424,348,1368,324,1480,372,COLOR_SEC
19:04:01.256,848,litter_colour,776,337,743,324,810,351,COLOR_SEC
19:04:01.380,849,litter_motion,1083,1059,1042,1039,1125,1080,COLOR_SEC
19:04:01.380,849,litter_motion,483,833,440,803,526,864,COLOR_SEC
19:04:01.380,849,litter_colour,1083,1058,1041,1037,1125,1080,COLOR_SEC
19:04:01.380,849,litter_colour,999,768,953,725,1045,811,COLOR_SEC
19:04:01.380,849,litter_colour,1010,610,979,588,1042,632,COLOR_SEC
19:04:01.380,849,litter_colour,864,476,825,455,904,497,COLOR_SEC
19:04:01.380,849,litter_colour,1469,457,1406,427,1532,487,COLOR_SEC
19:04:01.380,849,litter_colour,306,417,272,392,340,442,COLOR_SEC
19:04:01.380,849,litter_colour,1802,363,1778,347,1827,380,COLOR_SEC
19:04:01.380,849,litter_colour,1424,348,1368,324,1481,372,COLOR_SEC
19:04:01.380,849,litter_colour,776,337,743,324,810,350,COLOR_SEC
19:04:01.503,850,litter_motion,1083,1060,1042,1040,1125,1080,COLOR_SEC
19:04:01.503,850,litter_colour,1083,1060,1041,1040,1126,1080,COLOR_SEC
19:04:01.503,850,litter_colour,996,768,949,725,1043,811,COLOR_SEC
19:04:01.503,850,litter_colour,864,476,825,455,904,497,COLOR_SEC
19:04:01.503,850,litter_colour,1470,455,1406,427,1534,484,COLOR_SEC
19:04:01.503,850,litter_colour,306,417,272,392,340,442,COLOR_SEC
19:04:01.503,850,litter_colour,1803,363,1778,346,1828,380,COLOR_SEC
19:04:01.503,850,litter_colour,1424,347,1367,324,1481,371,COLOR_SEC
19:04:01.503,850,litter_colour,777,337,743,324,811,350,COLOR_SEC
19:04:01.628,851,litter_motion,1084,1061,1042,1043,1126,1080,COLOR_SEC
19:04:01.628,851,litter_colour,1083,1061,1041,1042,1126,1080,COLOR_SEC
19:04:01.628,851,litter_colour,998,768,953,726,1044,811,COLOR_SEC
19:04:01.628,851,litter_colour,864,474,825,452,904,496,COLOR_SEC
19:04:01.628,851,litter_colour,1471,456,1408,427,1534,486,COLOR_SEC
19:04:01.628,851,litter_colour,306,417,272,392,340,442,COLOR_SEC
19:04:01.628,851,litter_colour,1803,362,1779,346,1828,379,COLOR_SEC
19:04:01.628,851,litter_colour,1421,347,1367,324,1476,371,COLOR_SEC
19:04:01.628,851,litter_colour,776,336,743,324,810,349,COLOR_SEC
19:04:01.752,852,litter_motion,1084,1062,1041,1045,1127,1080,COLOR_SEC
19:04:01.752,852,litter_colour,1084,1062,1041,1044,1127,1080,COLOR_SEC
19:04:01.752,852,litter_colour,996,769,948,726,1044,813,COLOR_SEC
19:04:01.752,852,litter_colour,865,474,826,452,904,496,COLOR_SEC
19:04:01.752,852,litter_colour,1471,455,1407,425,1536,486,COLOR_SEC
19:04:01.752,852,litter_colour,305,416,271,391,340,442,COLOR_SEC
19:04:01.752,852,litter_colour,1803,362,1779,346,1828,379,COLOR_SEC
19:04:01.752,852,litter_colour,1420,347,1366,324,1475,371,COLOR_SEC
19:04:01.752,852,litter_colour,776,336,743,324,810,349,COLOR_SEC
19:04:01.875,853,litter_motion,1084,1064,1042,1048,1127,1080,COLOR_SEC
19:04:01.876,853,litter_colour,1084,1063,1041,1047,1128,1080,COLOR_SEC
19:04:01.876,853,litter_colour,996,769,948,726,1044,813,COLOR_SEC
19:04:01.876,853,litter_colour,864,474,824,454,904,495,COLOR_SEC
19:04:01.876,853,litter_colour,1472,455,1408,425,1536,486,COLOR_SEC
19:04:01.876,853,litter_colour,890,448,852,422,929,474,COLOR_SEC
19:04:01.876,853,litter_colour,305,416,271,391,339,441,COLOR_SEC
19:04:01.876,853,litter_colour,1803,362,1779,346,1828,379,COLOR_SEC
19:04:01.876,853,litter_colour,1430,339,1380,324,1481,354,COLOR_SEC
19:04:01.876,853,litter_colour,777,336,743,324,811,349,COLOR_SEC
19:04:01.999,854,litter_motion,1084,1065,1043,1051,1126,1080,COLOR_SEC
19:04:01.999,854,litter_colour,1084,1065,1041,1050,1127,1080,COLOR_SEC
19:04:01.999,854,litter_colour,996,770,948,726,1044,814,COLOR_SEC
19:04:01.999,854,litter_colour,865,474,826,454,904,495,COLOR_SEC
19:04:01.999,854,litter_colour,1473,455,1408,425,1538,486,COLOR_SEC
19:04:01.999,854,litter_colour,889,448,849,422,929,474,COLOR_SEC
19:04:01.999,854,litter_colour,304,415,270,390,339,441,COLOR_SEC
19:04:01.999,854,litter_colour,1804,361,1780,345,1829,378,COLOR_SEC
19:04:01.999,854,litter_colour,1089,406,983,330,1196,483,COLOR_SEC
19:04:01.999,854,litter_colour,1431,339,1381,324,1481,354,COLOR_SEC
19:04:01.999,854,litter_colour,777,336,744,324,810,349,COLOR_SEC
19:04:02.123,855,litter_motion,1083,1067,1042,1054,1125,1080,COLOR_SEC
19:04:02.123,855,litter_colour,1083,1066,1041,1052,1125,1080,COLOR_SEC
19:04:02.123,855,litter_colour,998,771,952,727,1044,815,COLOR_SEC
19:04:02.123,855,litter_colour,865,474,826,453,904,495,COLOR_SEC
19:04:02.123,855,litter_colour,1474,454,1410,425,1538,484,COLOR_SEC
19:04:02.123,855,litter_colour,304,415,270,390,339,441,COLOR_SEC
19:04:02.123,855,litter_colour,1089,415,983,348,1196,482,COLOR_SEC
19:04:02.123,855,litter_colour,1804,361,1780,345,1829,377,COLOR_SEC
19:04:02.123,855,litter_colour,1431,339,1381,324,1482,354,COLOR_SEC
19:04:02.123,855,litter_colour,777,336,744,324,810,348,COLOR_SEC
19:04:02.248,856,litter_colour,1081,1068,1040,1056,1123,1080,COLOR_SEC
19:04:02.248,856,litter_colour,998,773,952,727,1044,819,COLOR_SEC
19:04:02.248,856,litter_colour,981,597,919,549,1043,646,COLOR_SEC
19:04:02.248,856,litter_colour,865,474,826,453,904,495,COLOR_SEC
19:04:02.248,856,litter_colour,1475,453,1410,423,1540,484,COLOR_SEC
19:04:02.248,856,litter_colour,888,445,851,421,925,469,COLOR_SEC
19:04:02.248,856,litter_colour,303,411,268,382,339,441,COLOR_SEC
19:04:02.248,856,litter_colour,1093,414,983,346,1203,482,COLOR_SEC
19:04:02.248,856,litter_colour,1804,360,1780,344,1829,377,COLOR_SEC
19:04:02.248,856,litter_colour,1428,338,1381,324,1475,353,COLOR_SEC
19:04:02.248,856,litter_colour,777,336,744,324,811,348,COLOR_SEC
19:04:02.376,857,litter_colour,1080,1069,1040,1059,1121,1080,COLOR_SEC
19:04:02.376,857,litter_colour,1254,879,1212,849,1297,909,COLOR_SEC
19:04:02.376,857,litter_colour,997,773,951,727,1044,820,COLOR_SEC
19:04:02.376,857,litter_colour,981,597,919,549,1043,646,COLOR_SEC
19:04:02.376,857,litter_colour,1475,453,1410,423,1540,484,COLOR_SEC
19:04:02.376,857,litter_colour,900,447,871,420,929,474,COLOR_SEC
19:04:02.376,857,litter_colour,865,457,824,420,907,495,COLOR_SEC
19:04:02.376,857,litter_colour,304,415,269,390,339,440,COLOR_SEC
19:04:02.376,857,litter_colour,1093,411,983,346,1203,477,COLOR_SEC
19:04:02.376,857,litter_colour,1805,360,1781,344,1829,377,COLOR_SEC
19:04:02.376,857,litter_colour,1428,338,1381,324,1475,353,COLOR_SEC
19:04:02.376,857,litter_colour,778,336,746,324,810,348,COLOR_SEC
19:04:02.416,858,litter_yolo,448,716,2,368,894,1064,YOLO
19:04:02.515,858,litter_colour,1098,985,1045,947,1152,1023,COLOR_SEC
19:04:02.515,858,litter_colour,997,772,951,728,1044,817,COLOR_SEC
19:04:02.515,858,litter_colour,976,597,909,549,1043,646,COLOR_SEC
19:04:02.515,858,litter_colour,1476,453,1410,423,1542,484,COLOR_SEC
19:04:02.515,858,litter_colour,1093,403,983,325,1203,481,COLOR_SEC
19:04:02.515,858,litter_colour,1431,338,1381,324,1482,352,COLOR_SEC
19:04:02.515,858,litter_colour,778,335,746,324,811,347,COLOR_SEC
19:04:02.641,859,litter_colour,1098,987,1045,949,1152,1025,COLOR_SEC
19:04:02.641,859,litter_colour,997,773,951,728,1043,818,COLOR_SEC
19:04:02.641,859,litter_colour,864,473,824,452,904,494,COLOR_SEC
19:04:02.641,859,litter_colour,1479,453,1412,423,1546,483,COLOR_SEC
19:04:02.641,859,litter_colour,303,415,268,390,338,440,COLOR_SEC
19:04:02.641,859,litter_colour,1090,401,983,326,1197,476,COLOR_SEC
19:04:02.641,859,litter_colour,1431,338,1381,324,1482,352,COLOR_SEC
19:04:02.641,859,litter_colour,779,335,748,324,810,347,COLOR_SEC
19:04:02.766,860,litter_colour,1098,989,1044,951,1152,1028,COLOR_SEC
19:04:02.766,860,litter_colour,996,773,949,728,1043,819,COLOR_SEC
19:04:02.766,860,litter_colour,980,597,908,548,1052,646,COLOR_SEC
19:04:02.766,860,litter_colour,863,473,824,452,903,494,COLOR_SEC
19:04:02.766,860,litter_colour,1477,452,1411,421,1544,483,COLOR_SEC
19:04:02.766,860,litter_colour,302,409,266,380,338,439,COLOR_SEC
19:04:02.766,860,litter_colour,1090,402,983,325,1198,480,COLOR_SEC
19:04:02.766,860,litter_colour,1427,337,1381,324,1474,351,COLOR_SEC
19:04:02.766,860,litter_colour,779,335,748,324,810,347,COLOR_SEC
19:04:02.891,861,litter_colour,1098,992,1044,953,1152,1031,COLOR_SEC
19:04:02.891,861,litter_colour,997,774,950,729,1044,820,COLOR_SEC
19:04:02.891,861,litter_colour,976,597,907,548,1045,646,COLOR_SEC
19:04:02.891,861,litter_colour,1478,451,1412,421,1544,482,COLOR_SEC
19:04:02.891,861,litter_colour,873,456,824,419,922,493,COLOR_SEC
19:04:02.891,861,litter_colour,302,409,266,380,338,439,COLOR_SEC
19:04:02.891,861,litter_colour,1424,337,1382,324,1467,351,COLOR_SEC
19:04:02.891,861,litter_colour,1090,402,983,324,1197,480,COLOR_SEC
19:04:02.891,861,litter_colour,779,335,748,324,811,346,COLOR_SEC
19:04:03.014,862,litter_colour,1103,997,1044,955,1163,1039,COLOR_SEC
19:04:03.014,862,litter_colour,989,775,936,729,1043,821,COLOR_SEC
19:04:03.014,862,litter_colour,974,597,907,548,1042,646,COLOR_SEC
19:04:03.014,862,litter_colour,863,472,823,451,903,493,COLOR_SEC
19:04:03.014,862,litter_colour,1479,451,1414,421,1545,482,COLOR_SEC
19:04:03.014,862,litter_colour,302,414,267,389,337,439,COLOR_SEC
19:04:03.014,862,litter_colour,1425,337,1382,324,1468,350,COLOR_SEC
19:04:03.014,862,litter_colour,1093,401,983,324,1204,479,COLOR_SEC
19:04:03.014,862,litter_colour,779,335,749,324,810,346,COLOR_SEC
19:04:03.056,863,litter_yolo,451,715,1,370,902,1060,YOLO
19:04:03.140,863,litter_colour,1098,996,1043,957,1154,1036,COLOR_SEC
19:04:03.140,863,litter_colour,995,776,948,730,1043,822,COLOR_SEC
19:04:03.140,863,litter_colour,979,596,917,547,1042,646,COLOR_SEC
19:04:03.140,863,litter_colour,1425,337,1382,324,1468,350,COLOR_SEC
19:04:03.140,863,litter_colour,1090,401,983,324,1197,479,COLOR_SEC
19:04:03.182,864,litter_yolo,451,718,1,370,902,1067,YOLO
19:04:03.266,864,litter_colour,1103,999,1043,959,1163,1040,COLOR_SEC
19:04:03.266,864,litter_colour,989,779,936,730,1043,828,COLOR_SEC
19:04:03.266,864,litter_colour,1094,411,983,343,1205,479,COLOR_SEC
19:04:03.266,864,litter_colour,1425,336,1382,324,1468,349,COLOR_SEC
19:04:03.304,865,litter_yolo,451,718,1,367,902,1069,YOLO
19:04:03.388,865,litter_colour,995,780,947,731,1043,829,COLOR_SEC
19:04:03.388,865,litter_colour,1425,336,1382,324,1468,349,COLOR_SEC
19:04:03.388,865,litter_colour,1094,401,983,324,1205,478,COLOR_SEC
19:04:03.429,866,litter_yolo,451,715,1,365,901,1066,YOLO
19:04:03.514,866,litter_colour,988,778,934,731,1042,826,COLOR_SEC
19:04:03.514,866,litter_colour,1425,336,1383,324,1467,348,COLOR_SEC
19:04:03.514,866,litter_colour,1096,403,983,324,1209,483,COLOR_SEC
19:04:03.638,867,litter_colour,994,779,947,732,1042,827,COLOR_SEC
19:04:03.638,867,litter_colour,872,453,823,417,921,489,COLOR_SEC
19:04:03.638,867,litter_colour,1089,429,983,381,1196,477,COLOR_SEC
19:04:03.638,867,litter_colour,300,407,263,378,338,437,COLOR_SEC
19:04:03.638,867,litter_colour,1424,336,1383,324,1466,348,COLOR_SEC
19:04:03.762,868,litter_colour,987,784,933,733,1041,835,COLOR_SEC
19:04:03.762,868,litter_colour,860,453,824,418,896,489,COLOR_SEC
19:04:03.762,868,litter_colour,300,407,263,378,338,437,COLOR_SEC
19:04:03.762,868,litter_colour,1425,336,1383,324,1467,348,COLOR_SEC
19:04:03.762,868,litter_colour,1089,401,983,324,1196,478,COLOR_SEC
19:04:03.888,869,litter_colour,986,783,932,723,1041,843,COLOR_SEC
19:04:03.888,869,litter_colour,859,453,823,418,896,489,COLOR_SEC
19:04:03.888,869,litter_colour,300,407,262,377,338,437,COLOR_SEC
19:04:03.888,869,litter_colour,1425,335,1383,324,1467,347,COLOR_SEC
19:04:03.888,869,litter_colour,1089,400,982,324,1196,477,COLOR_SEC
19:04:04.010,870,litter_colour,985,784,931,723,1040,845,COLOR_SEC
19:04:04.010,870,litter_colour,872,452,823,416,921,489,COLOR_SEC
19:04:04.010,870,litter_colour,300,407,262,377,338,437,COLOR_SEC
19:04:04.010,870,litter_colour,1425,335,1383,324,1467,347,COLOR_SEC
19:04:04.010,870,litter_colour,1089,400,982,324,1197,477,COLOR_SEC
19:04:04.137,871,litter_colour,992,790,944,735,1040,846,COLOR_SEC
19:04:04.137,871,litter_colour,860,469,825,450,896,489,COLOR_SEC
19:04:04.137,871,litter_colour,299,407,261,377,338,437,COLOR_SEC
19:04:04.137,871,litter_colour,1425,335,1383,324,1468,347,COLOR_SEC
19:04:04.137,871,litter_colour,1090,400,983,324,1197,477,COLOR_SEC
19:04:04.262,872,litter_colour,1256,904,1204,870,1308,939,COLOR_SEC
19:04:04.262,872,litter_colour,985,792,930,736,1040,848,COLOR_SEC
19:04:04.262,872,litter_colour,858,472,822,453,895,491,COLOR_SEC
19:04:04.262,872,litter_colour,299,407,261,377,337,437,COLOR_SEC
19:04:04.262,872,litter_colour,1810,352,1786,336,1834,369,COLOR_SEC
19:04:04.262,872,litter_colour,1425,335,1384,324,1467,346,COLOR_SEC
19:04:04.262,872,litter_colour,1089,400,983,324,1196,477,COLOR_SEC
19:04:04.389,873,litter_colour,1256,907,1204,873,1309,941,COLOR_SEC
19:04:04.389,873,litter_colour,984,788,929,737,1039,840,COLOR_SEC
19:04:04.389,873,litter_colour,858,459,821,428,895,490,COLOR_SEC
19:04:04.389,873,litter_colour,298,406,260,377,337,436,COLOR_SEC
19:04:04.389,873,litter_colour,1810,352,1786,336,1834,369,COLOR_SEC
19:04:04.389,873,litter_colour,1426,335,1384,324,1468,346,COLOR_SEC
19:04:04.389,873,litter_colour,1089,400,983,324,1196,477,COLOR_SEC
19:04:04.513,874,litter_colour,1256,908,1204,874,1309,943,COLOR_SEC
19:04:04.513,874,litter_colour,983,795,928,738,1039,852,COLOR_SEC
19:04:04.513,874,litter_colour,858,454,821,417,895,491,COLOR_SEC
19:04:04.513,874,litter_colour,297,406,259,376,336,436,COLOR_SEC
19:04:04.513,874,litter_colour,1810,352,1786,335,1834,369,COLOR_SEC
19:04:04.513,874,litter_colour,1426,335,1385,324,1468,346,COLOR_SEC
19:04:04.513,874,litter_colour,1092,400,984,324,1201,477,COLOR_SEC
19:04:04.636,875,litter_colour,1263,911,1216,876,1310,946,COLOR_SEC
19:04:04.636,875,litter_colour,983,795,928,738,1038,853,COLOR_SEC
19:04:04.636,875,litter_colour,858,451,821,416,895,487,COLOR_SEC
19:04:04.636,875,litter_colour,297,406,259,376,336,436,COLOR_SEC
19:04:04.636,875,litter_colour,1810,351,1787,335,1834,368,COLOR_SEC
19:04:04.636,875,litter_colour,1426,334,1385,324,1468,345,COLOR_SEC
19:04:04.636,875,litter_colour,1092,400,987,324,1197,477,COLOR_SEC
19:04:04.759,876,litter_colour,1258,912,1205,877,1311,948,COLOR_SEC
19:04:04.759,876,litter_colour,983,797,928,739,1039,855,COLOR_SEC
19:04:04.759,876,litter_colour,870,451,821,414,920,489,COLOR_SEC
19:04:04.759,876,litter_colour,297,406,259,376,336,436,COLOR_SEC
19:04:04.759,876,litter_colour,1811,351,1787,334,1835,368,COLOR_SEC
19:04:04.759,876,litter_colour,1427,334,1386,324,1468,344,COLOR_SEC
19:04:04.759,876,litter_colour,1092,400,984,324,1201,477,COLOR_SEC
19:04:04.883,877,litter_colour,1258,915,1205,879,1311,951,COLOR_SEC
19:04:04.883,877,litter_colour,984,798,927,740,1041,856,COLOR_SEC
19:04:04.883,877,litter_colour,1490,447,1420,417,1560,478,COLOR_SEC
19:04:04.883,877,litter_colour,870,451,821,414,920,489,COLOR_SEC
19:04:04.883,877,litter_colour,297,406,259,376,336,436,COLOR_SEC
19:04:04.883,877,litter_colour,1812,350,1788,334,1836,367,COLOR_SEC
19:04:04.883,877,litter_colour,1428,334,1387,324,1469,344,COLOR_SEC
19:04:04.883,877,litter_colour,1092,400,984,324,1201,476,COLOR_SEC
19:04:04.924,878,litter_yolo,449,717,1,365,897,1070,YOLO
19:04:05.007,878,litter_colour,1259,917,1206,881,1312,954,COLOR_SEC
19:04:05.007,878,litter_colour,983,799,926,740,1041,859,COLOR_SEC
19:04:05.007,878,litter_colour,956,599,901,546,1011,652,COLOR_SEC
19:04:05.007,878,litter_colour,1491,447,1420,417,1562,478,COLOR_SEC
19:04:05.007,878,litter_colour,1812,350,1788,333,1836,367,COLOR_SEC
19:04:05.007,878,litter_colour,1428,334,1387,324,1469,344,COLOR_SEC
19:04:05.007,878,litter_colour,1098,400,989,324,1207,476,COLOR_SEC
19:04:05.048,879,litter_yolo,447,717,0,365,894,1069,YOLO
19:04:05.134,879,litter_colour,949,599,900,547,999,652,COLOR_SEC
19:04:05.134,879,litter_colour,1492,447,1422,417,1562,478,COLOR_SEC
19:04:05.134,879,litter_colour,1813,349,1789,333,1837,366,COLOR_SEC
19:04:05.134,879,litter_colour,1429,333,1389,324,1469,343,COLOR_SEC
19:04:05.134,879,litter_colour,1098,400,989,324,1207,476,COLOR_SEC
19:04:05.174,880,litter_yolo,445,719,1,366,890,1072,YOLO
19:04:05.259,880,litter_colour,1493,447,1422,417,1564,478,COLOR_SEC
19:04:05.259,880,litter_colour,1813,349,1789,332,1837,366,COLOR_SEC
19:04:05.259,880,litter_colour,1429,333,1389,324,1470,343,COLOR_SEC
19:04:05.259,880,litter_colour,1092,400,984,324,1200,476,COLOR_SEC
19:04:05.301,881,litter_yolo,442,715,1,364,884,1066,YOLO
19:04:05.384,881,litter_colour,1493,447,1422,417,1564,478,COLOR_SEC
19:04:05.384,881,litter_colour,1813,348,1790,332,1837,365,COLOR_SEC
19:04:05.384,881,litter_colour,1429,333,1389,324,1469,343,COLOR_SEC
19:04:05.384,881,litter_colour,1096,400,985,324,1207,476,COLOR_SEC
19:04:05.424,882,litter_yolo,440,716,1,363,880,1070,YOLO
19:04:05.507,882,litter_colour,1493,447,1422,417,1564,478,COLOR_SEC
19:04:05.507,882,litter_colour,1814,348,1790,332,1838,365,COLOR_SEC
19:04:05.507,882,litter_colour,1429,333,1389,324,1470,342,COLOR_SEC
19:04:05.549,883,litter_yolo,439,717,2,364,877,1070,YOLO
19:04:05.632,883,litter_colour,1495,447,1424,417,1566,478,COLOR_SEC
19:04:05.632,883,litter_colour,1814,348,1790,331,1838,365,COLOR_SEC
19:04:05.632,883,litter_colour,1429,333,1389,324,1470,342,COLOR_SEC
19:04:05.676,884,litter_yolo,439,713,1,362,878,1064,YOLO
19:04:05.760,884,litter_colour,1105,1048,1042,1016,1168,1080,COLOR_SEC
19:04:05.761,884,litter_colour,988,713,967,687,1010,740,COLOR_SEC
19:04:05.761,884,litter_colour,1496,446,1425,415,1568,478,COLOR_SEC
19:04:05.761,884,litter_colour,1815,347,1791,331,1839,364,COLOR_SEC
19:04:05.761,884,litter_colour,1430,332,1390,324,1471,341,COLOR_SEC
19:04:05.799,885,litter_yolo,442,713,1,361,884,1066,YOLO
19:04:05.883,885,litter_colour,1105,1049,1043,1019,1168,1080,COLOR_SEC
19:04:05.883,885,litter_colour,988,713,966,687,1010,740,COLOR_SEC
19:04:05.883,885,litter_colour,1497,447,1425,415,1570,480,COLOR_SEC
19:04:05.883,885,litter_colour,1815,346,1791,330,1839,363,COLOR_SEC
19:04:05.883,885,litter_colour,1431,332,1391,324,1471,341,COLOR_SEC
19:04:05.924,886,litter_yolo,447,714,1,359,894,1070,YOLO
19:04:06.009,886,litter_colour,1107,1050,1045,1021,1169,1080,COLOR_SEC
19:04:06.009,886,litter_colour,988,713,966,687,1011,740,COLOR_SEC
19:04:06.009,886,litter_colour,1499,446,1426,415,1572,478,COLOR_SEC
19:04:06.009,886,litter_colour,1816,346,1792,330,1840,363,COLOR_SEC
19:04:06.049,887,litter_yolo,449,714,1,358,897,1070,YOLO
19:04:06.134,887,litter_colour,1105,1052,1050,1024,1160,1080,COLOR_SEC
19:04:06.134,887,litter_colour,989,715,967,690,1011,741,COLOR_SEC
19:04:06.134,887,litter_colour,1499,447,1427,415,1572,479,COLOR_SEC
19:04:06.134,887,litter_colour,1094,424,987,374,1202,474,COLOR_SEC
19:04:06.134,887,litter_colour,1816,345,1792,329,1840,362,COLOR_SEC
19:04:06.175,888,litter_yolo,447,713,1,357,894,1069,YOLO
19:04:06.259,888,litter_colour,1109,1053,1050,1026,1168,1080,COLOR_SEC
19:04:06.259,888,litter_colour,989,714,966,687,1012,742,COLOR_SEC
19:04:06.259,888,litter_colour,1501,447,1429,415,1574,480,COLOR_SEC
19:04:06.259,888,litter_colour,1817,345,1793,328,1841,362,COLOR_SEC
19:04:06.300,889,litter_yolo,446,711,0,356,893,1067,YOLO
19:04:06.383,889,litter_colour,1112,1054,1056,1029,1168,1080,COLOR_SEC
19:04:06.384,889,litter_colour,989,716,966,690,1012,742,COLOR_SEC
19:04:06.384,889,litter_colour,1501,447,1429,415,1574,479,COLOR_SEC
19:04:06.384,889,litter_colour,1817,344,1794,328,1841,361,COLOR_SEC
19:04:06.423,890,litter_yolo,446,710,0,351,893,1069,YOLO
19:04:06.508,890,litter_colour,1117,1056,1061,1032,1173,1080,COLOR_SEC
19:04:06.508,890,litter_colour,1502,447,1429,415,1576,480,COLOR_SEC
19:04:06.508,890,litter_colour,1094,423,986,373,1203,474,COLOR_SEC
19:04:06.508,890,litter_colour,1818,344,1794,328,1842,361,COLOR_SEC
19:04:06.549,891,litter_yolo,446,712,1,354,892,1070,YOLO
19:04:06.634,891,litter_colour,1504,446,1431,415,1578,478,COLOR_SEC
19:04:06.634,891,litter_colour,1095,423,987,373,1204,474,COLOR_SEC
19:04:06.634,891,litter_colour,1819,344,1795,327,1843,361,COLOR_SEC
19:04:06.674,892,litter_yolo,445,713,0,357,891,1070,YOLO
19:04:06.758,892,litter_motion,1115,1060,1077,1041,1154,1080,COLOR_SEC
19:04:06.758,892,litter_colour,1506,446,1431,415,1582,478,COLOR_SEC
19:04:06.758,892,litter_colour,1095,423,986,373,1204,474,COLOR_SEC
19:04:06.758,892,litter_colour,1819,344,1795,327,1843,361,COLOR_SEC
19:04:06.798,893,litter_yolo,445,713,0,359,890,1068,YOLO
19:04:06.883,893,litter_motion,1114,1061,1075,1042,1154,1080,COLOR_SEC
19:04:06.883,893,litter_colour,982,811,922,739,1042,884,COLOR_SEC
19:04:06.883,893,litter_colour,1508,443,1433,415,1583,472,COLOR_SEC
19:04:06.883,893,litter_colour,1095,423,987,373,1203,474,COLOR_SEC
19:04:06.883,893,litter_colour,1820,343,1796,327,1844,360,COLOR_SEC
19:04:06.923,894,litter_yolo,443,714,0,360,887,1069,YOLO
19:04:07.007,894,litter_colour,981,820,923,754,1040,886,COLOR_SEC
19:04:07.007,894,litter_colour,1509,443,1435,415,1583,472,COLOR_SEC
19:04:07.007,894,litter_colour,1095,423,987,373,1203,474,COLOR_SEC
19:04:07.007,894,litter_colour,1820,343,1796,327,1844,360,COLOR_SEC
19:04:07.136,895,litter_colour,983,821,924,755,1042,888,COLOR_SEC
19:04:07.136,895,litter_colour,1820,343,1797,327,1844,360,COLOR_SEC
19:04:07.263,896,litter_colour,983,819,923,756,1044,882,COLOR_SEC
19:04:07.263,896,litter_colour,1098,423,991,372,1205,474,COLOR_SEC
19:04:07.263,896,litter_colour,1821,343,1797,327,1845,360,COLOR_SEC
19:04:07.387,897,litter_colour,984,820,924,756,1044,884,COLOR_SEC
19:04:07.387,897,litter_colour,1821,343,1798,327,1845,360,COLOR_SEC
19:04:07.510,898,litter_colour,984,822,924,757,1045,887,COLOR_SEC
19:04:07.510,898,litter_colour,1822,343,1798,326,1846,360,COLOR_SEC
19:04:07.634,899,litter_colour,984,823,924,759,1044,888,COLOR_SEC
19:04:07.634,899,litter_colour,1096,402,988,331,1205,474,COLOR_SEC
19:04:07.634,899,litter_colour,1822,343,1798,326,1846,360,COLOR_SEC
19:04:07.759,900,litter_colour,985,825,924,759,1046,891,COLOR_SEC
19:04:07.759,900,litter_colour,1822,342,1799,326,1846,359,COLOR_SEC
19:04:07.799,901,litter_yolo,447,712,1,360,894,1065,YOLO
19:04:07.883,901,litter_colour,985,825,924,760,1047,891,COLOR_SEC
19:04:07.883,901,litter_colour,1823,342,1799,325,1847,359,COLOR_SEC
19:04:07.923,902,litter_yolo,446,715,2,361,891,1069,YOLO
19:04:08.007,902,litter_colour,985,818,924,743,1047,894,COLOR_SEC
19:04:08.007,902,litter_colour,1518,440,1441,414,1596,467,COLOR_SEC
19:04:08.007,902,litter_colour,1823,342,1799,325,1847,359,COLOR_SEC
19:04:08.047,903,litter_yolo,445,713,1,363,889,1063,YOLO
19:04:08.132,903,litter_colour,986,820,925,744,1048,896,COLOR_SEC
19:04:08.132,903,litter_colour,1097,419,988,371,1207,467,COLOR_SEC
19:04:08.132,903,litter_colour,1823,342,1800,325,1847,359,COLOR_SEC
19:04:08.171,904,litter_yolo,446,716,1,363,891,1070,YOLO
19:04:08.254,904,litter_colour,986,820,922,744,1051,897,COLOR_SEC
19:04:08.255,904,litter_colour,1824,341,1800,324,1848,358,COLOR_SEC
19:04:08.296,905,litter_yolo,446,714,2,362,890,1067,YOLO
19:04:08.380,905,litter_colour,987,823,924,746,1050,900,COLOR_SEC
19:04:08.380,905,litter_colour,1824,341,1800,324,1848,358,COLOR_SEC
19:04:08.418,906,litter_yolo,447,716,1,364,894,1069,YOLO
19:04:08.501,906,litter_colour,988,834,925,766,1052,902,COLOR_SEC
19:04:08.501,906,litter_colour,1825,341,1801,324,1849,358,COLOR_SEC
19:04:08.625,907,litter_colour,988,833,926,767,1051,900,COLOR_SEC
19:04:08.625,907,litter_colour,1825,341,1801,324,1849,358,COLOR_SEC
19:04:08.748,908,litter_colour,988,825,923,748,1054,902,COLOR_SEC
19:04:08.748,908,litter_colour,1825,341,1801,324,1849,358,COLOR_SEC
19:04:08.788,909,litter_yolo,445,713,1,361,890,1066,YOLO
19:04:08.872,909,litter_colour,991,836,927,768,1055,904,COLOR_SEC
19:04:08.872,909,litter_colour,979,606,896,547,1062,666,COLOR_SEC
19:04:08.872,909,litter_colour,1825,340,1801,324,1849,357,COLOR_SEC
19:04:08.912,910,litter_yolo,447,715,1,358,894,1073,YOLO
19:04:08.996,910,litter_colour,988,830,923,750,1054,911,COLOR_SEC
19:04:08.996,910,litter_colour,1825,340,1801,324,1850,357,COLOR_SEC
19:04:09.037,911,litter_yolo,449,714,2,357,897,1071,YOLO
19:04:09.124,911,litter_colour,990,832,927,751,1054,913,COLOR_SEC
19:04:09.124,911,litter_colour,1826,340,1802,324,1850,357,COLOR_SEC
19:04:09.165,912,litter_yolo,449,715,1,357,898,1074,YOLO
19:04:09.251,912,litter_colour,991,834,925,752,1057,917,COLOR_SEC
19:04:09.251,912,litter_colour,1826,340,1802,324,1850,357,COLOR_SEC
19:04:09.292,913,litter_yolo,450,714,1,356,899,1072,YOLO
19:04:09.382,913,litter_colour,1826,340,1802,324,1850,356,COLOR_SEC
19:04:09.507,914,litter_colour,1826,340,1802,324,1850,356,COLOR_SEC
19:04:09.633,915,litter_colour,1515,437,1456,414,1575,460,COLOR_SEC
19:04:09.633,915,litter_colour,1826,340,1802,324,1850,356,COLOR_SEC
19:04:09.759,916,litter_motion,1384,670,1361,642,1407,698,COLOR_SEC
19:04:09.760,916,litter_colour,1118,701,1090,664,1147,739,COLOR_SEC
19:04:09.760,916,litter_colour,1826,340,1803,324,1850,356,COLOR_SEC
19:04:09.886,917,litter_motion,1385,671,1362,643,1408,699,COLOR_SEC
19:04:09.886,917,litter_colour,1118,702,1090,665,1147,739,COLOR_SEC
19:04:09.886,917,litter_colour,1826,339,1803,324,1850,355,COLOR_SEC
19:04:09.928,918,litter_yolo,451,713,0,355,902,1072,YOLO
19:04:10.013,918,litter_motion,1386,672,1362,644,1410,701,COLOR_SEC
19:04:10.013,918,litter_colour,983,608,899,547,1067,670,COLOR_SEC
19:04:10.013,918,litter_colour,1827,339,1803,324,1851,355,COLOR_SEC
19:04:10.055,919,litter_yolo,452,712,0,355,904,1070,YOLO
19:04:10.140,919,litter_motion,1387,675,1363,645,1411,706,COLOR_SEC
19:04:10.140,919,litter_colour,983,609,898,548,1068,670,COLOR_SEC
19:04:10.140,919,litter_colour,1827,339,1803,324,1851,355,COLOR_SEC
19:04:10.180,920,litter_yolo,451,712,0,356,902,1069,YOLO
19:04:10.263,920,litter_motion,1388,676,1363,646,1413,706,COLOR_SEC
19:04:10.264,920,litter_colour,983,601,898,531,1069,671,COLOR_SEC
19:04:10.264,920,litter_colour,1827,339,1804,324,1851,355,COLOR_SEC
19:04:10.264,920,litter_colour,1097,378,989,324,1206,432,COLOR_SEC
19:04:10.387,921,litter_motion,1390,676,1365,646,1415,706,COLOR_SEC
19:04:10.387,921,litter_colour,984,610,899,548,1069,672,COLOR_SEC
19:04:10.387,921,litter_colour,1827,339,1804,324,1851,355,COLOR_SEC
19:04:10.387,921,litter_colour,1096,378,989,324,1204,433,COLOR_SEC
19:04:10.509,922,litter_motion,1392,676,1367,647,1417,706,COLOR_SEC
19:04:10.509,922,litter_colour,984,610,899,548,1070,673,COLOR_SEC
19:04:10.509,922,litter_colour,1828,339,1804,324,1852,355,COLOR_SEC
19:04:10.509,922,litter_colour,1109,399,990,324,1229,474,COLOR_SEC
19:04:10.549,923,litter_yolo,449,713,2,354,897,1073,YOLO
19:04:10.634,923,litter_motion,1394,677,1370,648,1418,707,COLOR_SEC
19:04:10.634,923,litter_colour,985,611,899,549,1071,674,COLOR_SEC
19:04:10.634,923,litter_colour,1828,339,1805,324,1852,355,COLOR_SEC
19:04:10.634,923,litter_colour,1109,399,990,324,1229,474,COLOR_SEC
19:04:10.675,924,litter_yolo,448,710,1,354,895,1066,YOLO
19:04:10.757,924,litter_motion,1393,679,1369,650,1418,709,COLOR_SEC
19:04:10.758,924,litter_colour,985,612,899,549,1071,675,COLOR_SEC
19:04:10.758,924,litter_colour,1828,339,1805,324,1852,355,COLOR_SEC
19:04:10.758,924,litter_colour,1111,399,990,324,1233,475,COLOR_SEC
19:04:10.798,925,litter_yolo,448,711,0,353,896,1069,YOLO
19:04:10.883,925,litter_colour,1067,650,1030,632,1105,669,COLOR_SEC
19:04:10.883,925,litter_colour,986,604,900,533,1072,676,COLOR_SEC
19:04:10.883,925,litter_colour,1829,339,1805,324,1853,355,COLOR_SEC
19:04:10.883,925,litter_colour,1110,399,990,324,1231,475,COLOR_SEC
19:04:10.924,926,litter_yolo,449,710,0,351,898,1069,YOLO
19:04:11.007,926,litter_colour,1068,651,1032,633,1104,670,COLOR_SEC
19:04:11.007,926,litter_colour,986,605,900,533,1073,678,COLOR_SEC
19:04:11.007,926,litter_colour,1829,339,1806,324,1853,355,COLOR_SEC
19:04:11.135,927,litter_colour,1829,340,1806,324,1853,356,COLOR_SEC
19:04:11.260,928,litter_colour,1829,340,1806,324,1853,356,COLOR_SEC
19:04:11.392,929,litter_colour,1830,340,1806,324,1854,357,COLOR_SEC
19:04:11.517,930,litter_colour,1830,340,1806,324,1854,357,COLOR_SEC
19:04:11.641,931,litter_colour,1830,340,1806,324,1854,357,COLOR_SEC
19:04:11.762,932,litter_colour,1121,706,1101,679,1141,733,COLOR_SEC
19:04:11.762,932,litter_colour,1830,341,1807,324,1854,358,COLOR_SEC
19:04:11.884,933,litter_colour,1121,707,1101,680,1142,735,COLOR_SEC
19:04:11.884,933,litter_colour,1830,341,1807,324,1854,358,COLOR_SEC
19:04:12.006,934,litter_motion,1266,1064,1245,1048,1288,1080,COLOR_SEC
19:04:12.006,934,litter_colour,1265,1060,1215,1040,1316,1080,COLOR_SEC
19:04:12.006,934,litter_colour,1830,341,1807,324,1854,358,COLOR_SEC
19:04:12.133,935,litter_motion,1268,1065,1247,1051,1290,1080,COLOR_SEC
19:04:12.133,935,litter_colour,1268,1061,1217,1043,1319,1080,COLOR_SEC
19:04:12.133,935,litter_colour,1132,715,1103,682,1162,749,COLOR_SEC
19:04:12.133,935,litter_colour,1831,341,1808,324,1855,358,COLOR_SEC
19:04:12.254,936,litter_motion,1271,1067,1250,1055,1293,1080,COLOR_SEC
19:04:12.254,936,litter_colour,1270,1063,1218,1047,1322,1080,COLOR_SEC
19:04:12.254,936,litter_colour,1133,716,1103,682,1163,750,COLOR_SEC
19:04:12.254,936,litter_colour,1831,341,1808,324,1855,358,COLOR_SEC
19:04:12.382,937,litter_colour,1273,1065,1222,1050,1324,1080,COLOR_SEC
19:04:12.382,937,litter_colour,1134,716,1104,682,1164,750,COLOR_SEC
19:04:12.382,937,litter_colour,1831,341,1808,324,1855,358,COLOR_SEC
19:04:12.506,938,litter_colour,1275,1066,1226,1053,1325,1080,COLOR_SEC
19:04:12.506,938,litter_colour,1134,717,1104,683,1165,752,COLOR_SEC
19:04:12.506,938,litter_colour,1831,341,1808,324,1855,358,COLOR_SEC
19:04:12.547,939,litter_yolo,453,703,1,339,906,1067,YOLO
19:04:12.631,939,litter_colour,1135,718,1105,684,1165,753,COLOR_SEC
19:04:12.631,939,litter_colour,1832,341,1809,324,1856,358,COLOR_SEC
19:04:12.673,940,litter_yolo,453,703,1,342,906,1064,YOLO
19:04:12.759,940,litter_colour,1135,719,1105,684,1166,754,COLOR_SEC
19:04:12.759,940,litter_colour,1832,341,1809,324,1856,358,COLOR_SEC
19:04:12.801,941,litter_yolo,453,704,1,344,906,1065,YOLO
19:04:12.885,941,litter_motion,1421,697,1397,668,1446,726,COLOR_SEC
19:04:12.885,941,litter_colour,1832,341,1809,324,1856,358,COLOR_SEC
19:04:12.925,942,litter_yolo,452,705,1,343,904,1068,YOLO
19:04:13.009,942,litter_motion,1421,698,1396,669,1447,728,COLOR_SEC
19:04:13.009,942,litter_colour,1833,341,1810,324,1857,358,COLOR_SEC
19:04:13.050,943,litter_yolo,451,705,1,344,901,1067,YOLO
19:04:13.134,943,litter_motion,1424,699,1399,669,1449,729,COLOR_SEC
19:04:13.134,943,litter_colour,1833,341,1810,324,1857,358,COLOR_SEC
19:04:13.134,943,litter_colour,1116,402,992,324,1240,481,COLOR_SEC
19:04:13.176,944,litter_yolo,450,704,1,342,900,1066,YOLO
19:04:13.260,944,litter_motion,1425,700,1400,670,1451,730,COLOR_SEC
19:04:13.260,944,litter_colour,1127,715,1107,686,1148,745,COLOR_SEC
19:04:13.260,944,litter_colour,1833,341,1810,324,1857,358,COLOR_SEC
19:04:13.260,944,litter_colour,1116,402,992,324,1240,481,COLOR_SEC
19:04:13.303,945,litter_yolo,450,702,1,342,900,1062,YOLO
19:04:13.389,945,litter_motion,1426,701,1400,671,1452,732,COLOR_SEC
19:04:13.389,945,litter_colour,1833,341,1810,324,1857,358,COLOR_SEC
19:04:13.389,945,litter_colour,1116,402,992,324,1241,481,COLOR_SEC
19:04:13.518,946,litter_motion,1427,702,1400,672,1455,732,COLOR_SEC
19:04:13.518,946,litter_colour,1833,341,1810,324,1857,358,COLOR_SEC
19:04:13.518,946,litter_colour,1116,402,992,324,1241,481,COLOR_SEC
19:04:13.559,947,litter_yolo,449,704,1,346,898,1062,YOLO
19:04:13.642,947,litter_motion,1429,702,1402,673,1456,732,COLOR_SEC
19:04:13.642,947,litter_colour,1117,425,992,370,1243,481,COLOR_SEC
19:04:13.642,947,litter_colour,1833,341,1810,324,1857,358,COLOR_SEC
19:04:13.684,948,litter_yolo,451,701,1,342,902,1061,YOLO
19:04:13.768,948,litter_motion,1429,702,1402,672,1457,732,COLOR_SEC
19:04:13.768,948,litter_colour,1118,423,992,366,1245,481,COLOR_SEC
19:04:13.768,948,litter_colour,1833,341,1810,324,1857,358,COLOR_SEC
19:04:13.808,949,litter_yolo,453,700,1,341,906,1060,YOLO
19:04:13.891,949,litter_motion,1431,704,1404,678,1458,730,COLOR_SEC
19:04:13.891,949,litter_colour,1117,423,992,366,1242,480,COLOR_SEC
19:04:13.891,949,litter_colour,1834,341,1811,324,1857,358,COLOR_SEC
19:04:14.014,950,litter_motion,1432,704,1404,679,1460,730,COLOR_SEC
19:04:14.014,950,litter_colour,1013,905,936,799,1091,1012,COLOR_SEC
19:04:14.014,950,litter_colour,1117,423,992,366,1243,480,COLOR_SEC
19:04:14.014,950,litter_colour,1834,341,1811,324,1857,358,COLOR_SEC
19:04:14.139,951,litter_motion,1433,708,1406,679,1461,737,COLOR_SEC
19:04:14.139,951,litter_colour,1014,894,936,800,1092,989,COLOR_SEC
19:04:14.139,951,litter_colour,1117,423,992,367,1243,480,COLOR_SEC
19:04:14.139,951,litter_colour,1834,341,1811,324,1857,358,COLOR_SEC
19:04:14.264,952,litter_motion,1435,708,1408,679,1463,738,COLOR_SEC
19:04:14.264,952,litter_colour,1018,909,944,801,1092,1017,COLOR_SEC
19:04:14.264,952,litter_colour,1117,424,992,367,1243,481,COLOR_SEC
19:04:14.264,952,litter_colour,1834,341,1811,324,1857,358,COLOR_SEC
19:04:14.389,953,litter_motion,1436,708,1408,680,1464,737,COLOR_SEC
19:04:14.390,953,litter_colour,1017,901,944,811,1090,992,COLOR_SEC
19:04:14.390,953,litter_colour,1117,424,992,367,1242,481,COLOR_SEC
19:04:14.390,953,litter_colour,1834,340,1811,324,1857,357,COLOR_SEC
19:04:14.513,954,litter_motion,1437,708,1410,680,1465,737,COLOR_SEC
19:04:14.513,954,litter_colour,1015,896,940,811,1090,982,COLOR_SEC
19:04:14.513,954,litter_colour,1116,425,992,369,1241,481,COLOR_SEC
19:04:14.513,954,litter_colour,1834,340,1811,324,1858,357,COLOR_SEC
19:04:14.642,955,litter_motion,1439,708,1413,680,1466,737,COLOR_SEC
19:04:14.642,955,litter_colour,1015,900,940,804,1090,997,COLOR_SEC
19:04:14.642,955,litter_colour,1112,425,992,370,1232,480,COLOR_SEC
19:04:14.642,955,litter_colour,1834,340,1811,324,1858,357,COLOR_SEC
19:04:14.682,956,litter_yolo,456,704,2,342,910,1067,YOLO
19:04:14.767,956,litter_colour,1014,902,943,805,1085,1000,COLOR_SEC
19:04:14.767,956,litter_colour,1113,424,992,369,1234,480,COLOR_SEC
19:04:14.767,956,litter_colour,1834,340,1811,324,1858,357,COLOR_SEC
19:04:14.892,957,litter_colour,1012,904,934,806,1091,1003,COLOR_SEC
19:04:14.892,957,litter_colour,1117,424,992,369,1243,480,COLOR_SEC
19:04:14.892,957,litter_colour,1834,340,1811,324,1858,357,COLOR_SEC
19:04:15.019,958,litter_colour,1117,424,992,369,1242,480,COLOR_SEC
19:04:15.020,958,litter_colour,1834,340,1811,324,1858,357,COLOR_SEC
19:04:15.062,959,litter_yolo,451,699,3,336,899,1063,YOLO
19:04:15.150,959,litter_colour,1016,908,938,809,1094,1008,COLOR_SEC
19:04:15.150,959,litter_colour,1117,425,992,369,1242,481,COLOR_SEC
19:04:15.150,959,litter_colour,1834,340,1811,324,1858,357,COLOR_SEC
19:04:15.280,960,litter_colour,1118,425,992,369,1244,481,COLOR_SEC
19:04:15.280,960,litter_colour,1834,340,1811,324,1858,357,COLOR_SEC
19:04:15.321,961,litter_yolo,449,705,4,343,894,1067,YOLO
19:04:15.406,961,litter_colour,1118,423,992,366,1244,481,COLOR_SEC
19:04:15.406,961,litter_colour,1834,340,1811,324,1858,357,COLOR_SEC
19:04:15.446,962,litter_yolo,447,704,4,344,891,1064,YOLO
19:04:15.531,962,litter_colour,1118,423,992,366,1244,481,COLOR_SEC
19:04:15.531,962,litter_colour,1834,340,1811,324,1857,357,COLOR_SEC
19:04:15.574,963,litter_yolo,445,704,2,342,888,1066,YOLO
19:04:15.659,963,litter_colour,1112,423,991,366,1233,481,COLOR_SEC
19:04:15.659,963,litter_colour,1834,340,1811,324,1857,357,COLOR_SEC
19:04:15.700,964,litter_yolo,443,704,2,344,884,1064,YOLO
19:04:15.785,964,litter_colour,1111,424,990,368,1233,481,COLOR_SEC
19:04:15.785,964,litter_colour,1834,340,1811,324,1857,357,COLOR_SEC
19:04:15.827,965,litter_yolo,443,705,3,344,883,1066,YOLO
19:04:15.914,965,litter_colour,1010,917,929,818,1092,1016,COLOR_SEC
19:04:15.914,965,litter_colour,1111,424,990,368,1233,481,COLOR_SEC
19:04:15.914,965,litter_colour,1834,340,1811,324,1857,357,COLOR_SEC
19:04:16.040,966,litter_colour,1111,425,990,369,1233,481,COLOR_SEC
19:04:16.040,966,litter_colour,1834,340,1811,324,1857,357,COLOR_SEC
19:04:16.166,967,litter_colour,1113,876,1084,856,1143,896,COLOR_SEC
19:04:16.166,967,litter_colour,1112,424,990,368,1234,481,COLOR_SEC
19:04:16.166,967,litter_colour,1834,340,1811,324,1857,356,COLOR_SEC
19:04:16.289,968,litter_colour,1113,878,1083,858,1143,898,COLOR_SEC
19:04:16.289,968,litter_colour,1111,425,990,368,1233,482,COLOR_SEC
19:04:16.289,968,litter_colour,1833,340,1811,324,1856,356,COLOR_SEC
19:04:16.414,969,litter_colour,1112,873,1083,846,1141,901,COLOR_SEC
19:04:16.414,969,litter_colour,1111,425,990,368,1233,482,COLOR_SEC
19:04:16.539,970,litter_colour,1111,424,990,368,1233,481,COLOR_SEC
19:04:16.539,970,litter_colour,1833,340,1811,324,1856,356,COLOR_SEC
19:04:16.663,971,litter_colour,1112,424,990,368,1234,481,COLOR_SEC
19:04:16.663,971,litter_colour,1834,340,1811,324,1857,356,COLOR_SEC
19:04:16.786,972,litter_colour,1112,424,990,368,1234,481,COLOR_SEC
19:04:16.914,973,litter_colour,1116,424,990,368,1243,481,COLOR_SEC
19:04:17.040,974,litter_colour,1119,425,990,368,1248,482,COLOR_SEC
19:04:17.165,975,litter_colour,1117,426,990,369,1245,483,COLOR_SEC
19:04:17.292,976,litter_colour,1119,426,990,369,1249,483,COLOR_SEC
19:04:17.413,977,litter_colour,1605,450,1520,423,1690,478,COLOR_SEC
19:04:17.413,977,litter_colour,1112,426,990,369,1234,483,COLOR_SEC
19:04:17.544,978,litter_motion,1472,734,1447,700,1497,769,COLOR_SEC
19:04:17.544,978,litter_colour,1449,746,1396,699,1502,793,COLOR_SEC
19:04:17.544,978,litter_colour,1605,451,1520,423,1691,479,COLOR_SEC
19:04:17.544,978,litter_colour,1118,426,990,369,1246,484,COLOR_SEC
19:04:17.687,979,litter_motion,1472,735,1447,701,1498,769,COLOR_SEC
19:04:17.687,979,litter_colour,1450,747,1397,700,1504,794,COLOR_SEC
19:04:17.687,979,litter_colour,1608,451,1522,423,1694,479,COLOR_SEC
19:04:17.687,979,litter_colour,353,412,314,395,393,430,COLOR_SEC
19:04:17.687,979,litter_colour,1115,426,997,369,1234,484,COLOR_SEC
19:04:17.824,980,litter_motion,1474,735,1448,702,1501,769,COLOR_SEC
19:04:17.824,980,litter_colour,1452,749,1398,702,1506,796,COLOR_SEC
19:04:17.824,980,litter_colour,859,458,817,426,901,491,COLOR_SEC
19:04:17.824,980,litter_colour,1607,451,1522,423,1692,480,COLOR_SEC
19:04:17.824,980,litter_colour,358,412,319,395,398,430,COLOR_SEC
19:04:17.824,980,litter_colour,1111,427,989,369,1234,485,COLOR_SEC
19:04:17.960,981,litter_motion,1475,738,1449,703,1502,774,COLOR_SEC
19:04:17.960,981,litter_colour,1453,750,1399,703,1508,797,COLOR_SEC
19:04:17.960,981,litter_colour,857,458,814,426,901,491,COLOR_SEC
19:04:17.960,981,litter_colour,1609,451,1526,423,1693,480,COLOR_SEC
19:04:17.960,981,litter_colour,1119,428,989,372,1249,485,COLOR_SEC
19:04:18.098,982,litter_motion,1476,739,1450,704,1502,775,COLOR_SEC
19:04:18.098,982,litter_colour,1454,751,1401,704,1508,798,COLOR_SEC
19:04:18.098,982,litter_colour,857,458,814,426,900,491,COLOR_SEC
19:04:18.098,982,litter_colour,1600,452,1506,423,1695,481,COLOR_SEC
19:04:18.098,982,litter_colour,1118,428,989,372,1247,485,COLOR_SEC
19:04:18.234,983,litter_motion,1479,742,1454,705,1504,779,COLOR_SEC
19:04:18.234,983,litter_colour,1456,752,1402,705,1510,799,COLOR_SEC
19:04:18.234,983,litter_colour,858,470,816,449,900,491,COLOR_SEC
19:04:18.234,983,litter_colour,1604,452,1512,423,1696,481,COLOR_SEC
19:04:18.234,983,litter_colour,1111,427,988,369,1234,485,COLOR_SEC
19:04:18.379,984,litter_colour,1118,909,1087,877,1150,942,COLOR_SEC
19:04:18.379,984,litter_colour,1457,752,1403,705,1512,800,COLOR_SEC
19:04:18.379,984,litter_colour,871,469,842,448,900,491,COLOR_SEC
19:04:18.379,984,litter_colour,1603,452,1508,423,1698,481,COLOR_SEC
19:04:18.379,984,litter_colour,1111,426,988,368,1234,485,COLOR_SEC
19:04:18.510,985,litter_colour,1118,911,1088,879,1149,944,COLOR_SEC
19:04:18.510,985,litter_colour,1459,754,1404,706,1514,802,COLOR_SEC
19:04:18.510,985,litter_colour,858,470,816,448,900,492,COLOR_SEC
19:04:18.510,985,litter_colour,1607,452,1514,423,1700,481,COLOR_SEC
19:04:18.510,985,litter_colour,1111,426,988,368,1234,485,COLOR_SEC
19:04:18.653,986,litter_colour,1118,914,1088,880,1149,948,COLOR_SEC
19:04:18.653,986,litter_colour,1460,755,1405,707,1516,803,COLOR_SEC
19:04:18.653,986,litter_colour,857,468,815,446,900,491,COLOR_SEC
19:04:18.653,986,litter_colour,1410,452,1387,435,1433,470,COLOR_SEC
19:04:18.653,986,litter_colour,1619,452,1530,423,1708,481,COLOR_SEC
19:04:18.653,986,litter_colour,1111,431,988,377,1234,485,COLOR_SEC
19:04:18.779,987,litter_colour,1115,915,1080,882,1150,949,COLOR_SEC
19:04:18.779,987,litter_colour,1462,756,1407,708,1517,804,COLOR_SEC
19:04:18.779,987,litter_colour,856,468,813,445,900,491,COLOR_SEC
19:04:18.779,987,litter_colour,1410,452,1388,435,1433,470,COLOR_SEC
19:04:18.779,987,litter_colour,1609,452,1516,423,1702,481,COLOR_SEC
19:04:18.779,987,litter_colour,1111,426,988,367,1234,485,COLOR_SEC
19:04:18.903,988,litter_colour,1463,756,1408,708,1519,805,COLOR_SEC
19:04:18.903,988,litter_colour,1412,452,1389,434,1435,470,COLOR_SEC
19:04:18.903,988,litter_colour,856,458,813,425,900,491,COLOR_SEC
19:04:18.903,988,litter_colour,1620,451,1530,421,1711,481,COLOR_SEC
19:04:18.903,988,litter_colour,1111,426,988,367,1235,485,COLOR_SEC
19:04:19.030,989,litter_colour,1464,757,1409,709,1520,806,COLOR_SEC
19:04:19.030,989,litter_colour,855,467,812,444,899,491,COLOR_SEC
19:04:19.030,989,litter_colour,1412,452,1389,434,1435,470,COLOR_SEC
19:04:19.030,989,litter_colour,1615,451,1518,421,1713,481,COLOR_SEC
19:04:19.030,989,litter_colour,1111,425,988,366,1235,484,COLOR_SEC
19:04:19.155,990,litter_colour,1466,758,1410,710,1522,807,COLOR_SEC
19:04:19.155,990,litter_colour,1414,701,1392,678,1436,725,COLOR_SEC
19:04:19.155,990,litter_colour,855,467,812,445,899,490,COLOR_SEC
19:04:19.155,990,litter_colour,1413,451,1390,433,1436,470,COLOR_SEC
19:04:19.155,990,litter_colour,1616,450,1518,421,1714,480,COLOR_SEC
19:04:19.155,990,litter_colour,1112,425,988,366,1236,484,COLOR_SEC
19:04:19.283,991,litter_colour,1468,759,1412,710,1524,808,COLOR_SEC
19:04:19.283,991,litter_colour,1415,702,1393,679,1437,726,COLOR_SEC
19:04:19.283,991,litter_colour,864,467,829,444,899,490,COLOR_SEC
19:04:19.283,991,litter_colour,1413,451,1391,433,1436,469,COLOR_SEC
19:04:19.283,991,litter_colour,1625,450,1534,421,1716,479,COLOR_SEC
19:04:19.283,991,litter_colour,1112,425,988,366,1236,484,COLOR_SEC
19:04:19.416,992,litter_colour,1013,977,923,875,1104,1080,COLOR_SEC
19:04:19.416,992,litter_colour,1416,702,1394,679,1438,726,COLOR_SEC
19:04:19.416,992,litter_colour,863,467,828,445,899,490,COLOR_SEC
19:04:19.416,992,litter_colour,1413,451,1391,433,1436,470,COLOR_SEC
19:04:19.416,992,litter_colour,1616,449,1514,419,1718,480,COLOR_SEC
19:04:19.416,992,litter_colour,1111,424,986,365,1236,484,COLOR_SEC
19:04:19.545,993,litter_colour,1013,978,922,876,1104,1080,COLOR_SEC
19:04:19.545,993,litter_colour,1417,703,1395,679,1440,727,COLOR_SEC
19:04:19.545,993,litter_colour,856,467,814,444,898,490,COLOR_SEC
19:04:19.545,993,litter_colour,1414,450,1392,432,1436,469,COLOR_SEC
19:04:19.545,993,litter_colour,1618,449,1518,419,1718,480,COLOR_SEC
19:04:19.545,993,litter_colour,1111,424,986,365,1236,484,COLOR_SEC
19:04:19.676,994,litter_colour,1014,992,923,905,1105,1080,COLOR_SEC
19:04:19.676,994,litter_colour,1419,703,1397,679,1441,727,COLOR_SEC
19:04:19.676,994,litter_colour,1416,450,1394,432,1438,469,COLOR_SEC
19:04:19.676,994,litter_colour,1629,449,1536,419,1722,479,COLOR_SEC
19:04:19.676,994,litter_colour,865,444,812,399,918,489,COLOR_SEC
19:04:19.676,994,litter_colour,1111,424,986,365,1236,483,COLOR_SEC
19:04:19.808,995,litter_colour,1011,993,923,906,1100,1080,COLOR_SEC
19:04:19.808,995,litter_colour,1420,703,1398,679,1442,727,COLOR_SEC
19:04:19.808,995,litter_colour,854,463,811,438,898,489,COLOR_SEC
19:04:19.808,995,litter_colour,1630,448,1538,419,1723,478,COLOR_SEC
19:04:19.808,995,litter_colour,1118,423,986,364,1251,483,COLOR_SEC
19:04:19.934,996,litter_colour,1014,994,923,908,1105,1080,COLOR_SEC
19:04:19.934,996,litter_colour,1421,703,1399,679,1443,727,COLOR_SEC
19:04:19.934,996,litter_colour,855,465,812,442,898,488,COLOR_SEC
19:04:19.934,996,litter_colour,1416,449,1395,431,1438,467,COLOR_SEC
19:04:19.934,996,litter_colour,1632,447,1539,417,1726,478,COLOR_SEC
19:04:19.934,996,litter_colour,1118,423,986,364,1250,482,COLOR_SEC
19:04:20.058,997,litter_colour,1716,958,1687,932,1746,985,COLOR_SEC
19:04:20.058,997,litter_colour,1415,706,1400,686,1430,727,COLOR_SEC
19:04:20.058,997,litter_colour,1416,449,1395,431,1438,467,COLOR_SEC
19:04:20.058,997,litter_colour,862,442,812,398,912,487,COLOR_SEC
19:04:20.058,997,litter_colour,1118,422,986,363,1251,482,COLOR_SEC
19:04:20.180,998,litter_colour,1012,995,923,910,1102,1080,COLOR_SEC
19:04:20.180,998,litter_colour,1423,703,1401,679,1445,727,COLOR_SEC
19:04:20.180,998,litter_colour,854,464,812,441,897,487,COLOR_SEC
19:04:20.180,998,litter_colour,1418,448,1396,430,1440,467,COLOR_SEC
19:04:20.180,998,litter_colour,1627,449,1522,417,1733,482,COLOR_SEC
19:04:20.180,998,litter_colour,1117,422,984,363,1251,481,COLOR_SEC
19:04:20.306,999,litter_colour,1015,995,923,911,1108,1080,COLOR_SEC
19:04:20.306,999,litter_colour,1417,707,1402,686,1432,728,COLOR_SEC
19:04:20.306,999,litter_colour,854,464,810,443,899,486,COLOR_SEC
19:04:20.306,999,litter_colour,1630,446,1528,417,1732,476,COLOR_SEC
19:04:20.306,999,litter_colour,1110,421,984,362,1236,481,COLOR_SEC
19:04:20.434,1000,litter_colour,1016,996,923,913,1109,1080,COLOR_SEC
19:04:20.434,1000,litter_colour,1418,707,1403,686,1434,728,COLOR_SEC
19:04:20.434,1000,litter_colour,857,464,819,442,896,486,COLOR_SEC
19:04:20.434,1000,litter_colour,1110,420,983,361,1238,480,COLOR_SEC
19:04:20.563,1001,litter_motion,1503,756,1468,714,1538,799,COLOR_SEC
19:04:20.563,1001,litter_colour,1024,998,937,917,1111,1080,COLOR_SEC
19:04:20.563,1001,litter_colour,1419,708,1404,688,1435,728,COLOR_SEC
19:04:20.563,1001,litter_colour,852,465,810,443,895,487,COLOR_SEC
19:04:20.563,1001,litter_colour,1416,441,1390,415,1442,467,COLOR_SEC
19:04:20.563,1001,litter_colour,1115,423,985,372,1246,475,COLOR_SEC
19:04:20.692,1002,litter_motion,1505,756,1469,714,1541,799,COLOR_SEC
19:04:20.692,1002,litter_colour,1421,708,1406,688,1436,728,COLOR_SEC
19:04:20.692,1002,litter_colour,867,464,809,441,925,487,COLOR_SEC
19:04:20.692,1002,litter_colour,1416,440,1390,414,1443,467,COLOR_SEC
19:04:20.692,1002,litter_colour,1115,404,983,331,1248,477,COLOR_SEC
19:04:20.820,1003,litter_motion,1506,757,1469,715,1543,799,COLOR_SEC
19:04:20.820,1003,litter_colour,1422,708,1407,688,1438,729,COLOR_SEC
19:04:20.820,1003,litter_colour,864,463,809,440,920,486,COLOR_SEC
19:04:20.820,1003,litter_colour,1115,422,983,369,1248,475,COLOR_SEC
19:04:20.952,1004,litter_motion,1507,756,1469,715,1545,798,COLOR_SEC
19:04:20.952,1004,litter_colour,1133,943,1094,905,1173,982,COLOR_SEC
19:04:20.952,1004,litter_colour,1018,980,922,881,1114,1080,COLOR_SEC
19:04:20.952,1004,litter_colour,1423,708,1408,688,1439,729,COLOR_SEC
19:04:20.952,1004,litter_colour,851,463,807,440,895,486,COLOR_SEC
19:04:20.952,1004,litter_colour,1115,422,984,368,1247,476,COLOR_SEC
19:04:21.080,1005,litter_motion,1509,757,1473,715,1546,800,COLOR_SEC
19:04:21.080,1005,litter_colour,1143,943,1111,906,1175,980,COLOR_SEC
19:04:21.080,1005,litter_colour,1424,709,1409,689,1440,729,COLOR_SEC
19:04:21.080,1005,litter_colour,850,462,807,440,894,485,COLOR_SEC
19:04:21.080,1005,litter_colour,1115,420,983,367,1247,474,COLOR_SEC
19:04:21.202,1006,litter_motion,1509,759,1472,715,1547,803,COLOR_SEC
19:04:21.202,1006,litter_colour,1146,944,1115,907,1178,982,COLOR_SEC
19:04:21.202,1006,litter_colour,1425,709,1410,689,1441,729,COLOR_SEC
19:04:21.202,1006,litter_colour,850,461,806,437,894,485,COLOR_SEC
19:04:21.202,1006,litter_colour,1114,419,982,364,1247,474,COLOR_SEC
19:04:21.328,1007,litter_motion,1512,758,1474,715,1551,802,COLOR_SEC
19:04:21.328,1007,litter_colour,1146,946,1113,909,1180,984,COLOR_SEC
19:04:21.328,1007,litter_colour,1427,709,1411,689,1443,730,COLOR_SEC
19:04:21.328,1007,litter_colour,849,459,806,437,893,482,COLOR_SEC
19:04:21.328,1007,litter_colour,1113,422,981,370,1245,474,COLOR_SEC
19:04:21.369,1008,litter_yolo,445,693,2,331,889,1055,YOLO
19:04:21.454,1008,litter_motion,1514,759,1475,716,1553,803,COLOR_SEC
19:04:21.454,1008,litter_colour,1148,948,1117,910,1180,986,COLOR_SEC
19:04:21.454,1008,litter_colour,1428,709,1413,689,1444,730,COLOR_SEC
19:04:21.454,1008,litter_colour,1114,421,981,370,1247,473,COLOR_SEC
19:04:21.581,1009,litter_motion,857,460,832,439,883,481,COLOR_SEC
19:04:21.581,1009,litter_colour,1144,950,1115,912,1174,988,COLOR_SEC
19:04:21.581,1009,litter_colour,1429,710,1414,690,1445,730,COLOR_SEC
19:04:21.581,1009,litter_colour,846,458,801,436,892,481,COLOR_SEC
19:04:21.581,1009,litter_colour,1113,421,981,369,1245,473,COLOR_SEC
19:04:21.706,1010,litter_motion,857,459,831,438,883,480,COLOR_SEC
19:04:21.706,1010,litter_colour,1149,951,1119,913,1180,990,COLOR_SEC
19:04:21.706,1010,litter_colour,1430,708,1415,687,1446,730,COLOR_SEC
19:04:21.706,1010,litter_colour,848,457,805,434,892,481,COLOR_SEC
19:04:21.706,1010,litter_colour,1112,421,980,368,1245,475,COLOR_SEC
19:04:21.834,1011,litter_motion,1519,760,1480,717,1559,803,COLOR_SEC
19:04:21.834,1011,litter_motion,857,459,832,438,882,480,COLOR_SEC
19:04:21.834,1011,litter_colour,1153,954,1120,915,1186,993,COLOR_SEC
19:04:21.834,1011,litter_colour,1501,769,1441,716,1562,823,COLOR_SEC
19:04:21.834,1011,litter_colour,1432,709,1416,687,1448,731,COLOR_SEC
19:04:21.834,1011,litter_colour,848,456,805,433,892,480,COLOR_SEC
19:04:21.834,1011,litter_colour,1112,419,980,368,1245,471,COLOR_SEC
19:04:21.964,1012,litter_motion,857,458,831,437,883,479,COLOR_SEC
19:04:21.964,1012,litter_colour,1153,956,1120,917,1187,995,COLOR_SEC
19:04:21.964,1012,litter_colour,1503,770,1442,716,1564,824,COLOR_SEC
19:04:21.964,1012,litter_colour,1433,710,1418,690,1449,731,COLOR_SEC
19:04:21.964,1012,litter_colour,846,456,801,434,891,479,COLOR_SEC
19:04:21.964,1012,litter_colour,1113,420,980,367,1247,474,COLOR_SEC
19:04:22.093,1013,litter_motion,856,458,830,437,883,479,COLOR_SEC
19:04:22.093,1013,litter_colour,1152,958,1122,918,1183,998,COLOR_SEC
19:04:22.093,1013,litter_colour,1505,771,1444,717,1566,825,COLOR_SEC
19:04:22.093,1013,litter_colour,1435,711,1419,690,1451,732,COLOR_SEC
19:04:22.093,1013,litter_colour,984,647,880,559,1088,736,COLOR_SEC
19:04:22.093,1013,litter_colour,847,456,804,434,891,479,COLOR_SEC
19:04:22.093,1013,litter_colour,1112,419,980,367,1245,471,COLOR_SEC
19:04:22.215,1014,litter_motion,856,457,830,437,883,478,COLOR_SEC
19:04:22.216,1014,litter_colour,1507,772,1446,718,1569,826,COLOR_SEC
19:04:22.216,1014,litter_colour,1436,710,1421,689,1452,732,COLOR_SEC
19:04:22.216,1014,litter_colour,983,668,878,559,1088,777,COLOR_SEC
19:04:22.216,1014,litter_colour,847,455,804,432,891,478,COLOR_SEC
19:04:22.216,1014,litter_colour,1114,420,979,366,1249,474,COLOR_SEC
19:04:22.345,1015,litter_motion,856,457,830,436,883,478,COLOR_SEC
19:04:22.345,1015,litter_colour,1509,772,1447,718,1572,827,COLOR_SEC
19:04:22.345,1015,litter_colour,1438,712,1422,691,1454,733,COLOR_SEC
19:04:22.345,1015,litter_colour,984,668,879,559,1089,777,COLOR_SEC
19:04:22.345,1015,litter_colour,845,454,800,431,891,478,COLOR_SEC
19:04:22.345,1015,litter_colour,1114,419,980,366,1249,473,COLOR_SEC
19:04:22.477,1016,litter_motion,856,457,830,436,882,478,COLOR_SEC
19:04:22.477,1016,litter_colour,1511,773,1449,719,1574,828,COLOR_SEC
19:04:22.477,1016,litter_colour,983,667,878,558,1089,776,COLOR_SEC
19:04:22.477,1016,litter_colour,847,454,804,430,891,478,COLOR_SEC
19:04:22.477,1016,litter_colour,1711,443,1657,418,1765,468,COLOR_SEC
19:04:22.477,1016,litter_colour,1113,419,979,365,1247,473,COLOR_SEC
19:04:22.645,1017,litter_motion,855,457,829,436,882,478,COLOR_SEC
19:04:22.645,1017,litter_colour,1513,775,1451,720,1576,830,COLOR_SEC
19:04:22.645,1017,litter_colour,984,667,879,558,1090,777,COLOR_SEC
19:04:22.645,1017,litter_colour,846,453,803,430,890,477,COLOR_SEC
19:04:22.645,1017,litter_colour,1714,443,1660,419,1768,468,COLOR_SEC
19:04:22.645,1017,litter_colour,1427,432,1400,404,1454,460,COLOR_SEC
19:04:22.645,1017,litter_colour,1112,416,979,365,1246,468,COLOR_SEC
19:04:22.774,1018,litter_motion,855,456,828,435,882,478,COLOR_SEC
19:04:22.774,1018,litter_colour,985,667,878,558,1092,777,COLOR_SEC
19:04:22.774,1018,litter_colour,846,453,803,429,890,477,COLOR_SEC
19:04:22.774,1018,litter_colour,1716,443,1662,418,1770,469,COLOR_SEC
19:04:22.774,1018,litter_colour,1428,431,1400,403,1456,460,COLOR_SEC
19:04:22.774,1018,litter_colour,470,382,432,369,508,395,COLOR_SEC
19:04:22.774,1018,litter_colour,1112,417,979,364,1246,470,COLOR_SEC
19:04:22.900,1019,litter_motion,855,456,828,435,882,478,COLOR_SEC
19:04:22.900,1019,litter_colour,1010,1013,935,946,1086,1080,COLOR_SEC
19:04:22.900,1019,litter_colour,1517,777,1454,722,1581,833,COLOR_SEC
19:04:22.900,1019,litter_colour,984,670,878,559,1091,782,COLOR_SEC
19:04:22.900,1019,litter_colour,846,453,802,429,890,477,COLOR_SEC
19:04:22.900,1019,litter_colour,1718,445,1664,418,1772,473,COLOR_SEC
19:04:22.900,1019,litter_colour,1429,431,1401,403,1458,460,COLOR_SEC
19:04:22.900,1019,litter_colour,466,381,424,369,509,394,COLOR_SEC
19:04:22.900,1019,litter_colour,1112,418,978,364,1246,472,COLOR_SEC
19:04:23.026,1020,litter_motion,855,456,828,435,882,478,COLOR_SEC
19:04:23.026,1020,litter_colour,1008,1014,930,949,1087,1080,COLOR_SEC
19:04:23.026,1020,litter_colour,983,669,877,559,1090,779,COLOR_SEC
19:04:23.026,1020,litter_colour,844,453,798,429,890,477,COLOR_SEC
19:04:23.026,1020,litter_colour,1429,431,1401,403,1458,460,COLOR_SEC
19:04:23.026,1020,litter_colour,474,381,438,369,511,394,COLOR_SEC
19:04:23.026,1020,litter_colour,1112,418,978,364,1246,472,COLOR_SEC
19:04:23.152,1021,litter_motion,855,456,828,435,882,477,COLOR_SEC
19:04:23.152,1021,litter_colour,1010,1016,934,952,1087,1080,COLOR_SEC
19:04:23.152,1021,litter_colour,983,672,877,559,1090,785,COLOR_SEC
19:04:23.152,1021,litter_colour,846,453,802,429,890,477,COLOR_SEC
19:04:23.152,1021,litter_colour,1430,431,1402,403,1458,460,COLOR_SEC
19:04:23.152,1021,litter_colour,477,380,441,368,514,393,COLOR_SEC
19:04:23.152,1021,litter_colour,1112,418,978,364,1246,472,COLOR_SEC
19:04:23.278,1022,litter_motion,854,456,827,435,881,477,COLOR_SEC
19:04:23.278,1022,litter_colour,1011,1017,934,954,1089,1080,COLOR_SEC
19:04:23.278,1022,litter_colour,984,670,876,559,1092,782,COLOR_SEC
19:04:23.278,1022,litter_colour,844,453,801,429,888,477,COLOR_SEC
19:04:23.278,1022,litter_colour,1430,432,1401,403,1460,461,COLOR_SEC
19:04:23.278,1022,litter_colour,473,380,431,368,515,393,COLOR_SEC
19:04:23.278,1022,litter_colour,1113,418,978,364,1249,472,COLOR_SEC
19:04:23.278,1022,litter_colour,221,382,179,351,264,414,COLOR_SEC
19:04:23.402,1023,litter_motion,854,456,827,435,881,477,COLOR_SEC
19:04:23.402,1023,litter_colour,1003,1018,917,957,1089,1080,COLOR_SEC
19:04:23.402,1023,litter_colour,983,671,875,559,1092,784,COLOR_SEC
19:04:23.402,1023,litter_colour,844,453,801,429,888,477,COLOR_SEC
19:04:23.402,1023,litter_colour,1430,432,1401,403,1460,461,COLOR_SEC
19:04:23.402,1023,litter_colour,1114,409,981,363,1247,456,COLOR_SEC
19:04:23.402,1023,litter_colour,220,382,178,351,262,414,COLOR_SEC
19:04:23.527,1024,litter_motion,1543,773,1500,728,1586,818,COLOR_SEC
19:04:23.527,1024,litter_motion,854,455,827,434,881,477,COLOR_SEC
19:04:23.527,1024,litter_colour,1004,1019,916,959,1092,1080,COLOR_SEC
19:04:23.527,1024,litter_colour,1525,783,1461,726,1590,841,COLOR_SEC
19:04:23.527,1024,litter_colour,982,671,874,559,1090,783,COLOR_SEC
19:04:23.527,1024,litter_colour,844,453,800,429,888,477,COLOR_SEC
19:04:23.527,1024,litter_colour,1430,432,1400,403,1460,461,COLOR_SEC
19:04:23.527,1024,litter_colour,1114,409,981,363,1247,456,COLOR_SEC
19:04:23.527,1024,litter_colour,218,381,176,349,261,414,COLOR_SEC
19:04:23.651,1025,litter_motion,1543,775,1501,729,1586,822,COLOR_SEC
19:04:23.651,1025,litter_motion,852,455,825,434,880,476,COLOR_SEC
19:04:23.651,1025,litter_colour,1009,1020,931,961,1088,1080,COLOR_SEC
19:04:23.651,1025,litter_colour,1526,784,1462,727,1591,842,COLOR_SEC
19:04:23.651,1025,litter_colour,983,674,874,559,1092,790,COLOR_SEC
19:04:23.651,1025,litter_colour,843,452,800,428,887,476,COLOR_SEC
19:04:23.651,1025,litter_colour,1430,431,1400,402,1460,460,COLOR_SEC
19:04:23.651,1025,litter_colour,1115,408,983,362,1247,455,COLOR_SEC
19:04:23.651,1025,litter_colour,217,381,175,349,260,413,COLOR_SEC
19:04:23.651,1025,litter_colour,474,339,418,324,531,355,COLOR_SEC
19:04:23.779,1026,litter_motion,1540,775,1494,730,1587,820,COLOR_SEC
19:04:23.779,1026,litter_motion,853,454,827,433,879,476,COLOR_SEC
19:04:23.779,1026,litter_colour,1008,1021,930,963,1087,1080,COLOR_SEC
19:04:23.779,1026,litter_colour,1528,785,1463,728,1593,843,COLOR_SEC
19:04:23.779,1026,litter_colour,982,672,873,559,1092,786,COLOR_SEC
19:04:23.779,1026,litter_colour,842,453,799,430,886,476,COLOR_SEC
19:04:23.779,1026,litter_colour,1431,430,1400,401,1462,460,COLOR_SEC
19:04:23.779,1026,litter_colour,1114,408,982,362,1247,454,COLOR_SEC
19:04:23.779,1026,litter_colour,216,381,174,349,258,413,COLOR_SEC
19:04:23.779,1026,litter_colour,476,339,421,324,531,354,COLOR_SEC
19:04:23.905,1027,litter_motion,1547,774,1506,730,1589,818,COLOR_SEC
19:04:23.905,1027,litter_motion,853,454,827,433,879,476,COLOR_SEC
19:04:23.905,1027,litter_colour,1007,1022,929,965,1086,1080,COLOR_SEC
19:04:23.905,1027,litter_colour,1529,786,1464,728,1595,844,COLOR_SEC
19:04:23.905,1027,litter_colour,981,672,872,558,1090,786,COLOR_SEC
19:04:23.905,1027,litter_colour,1500,418,1472,402,1529,435,COLOR_SEC
19:04:23.905,1027,litter_colour,1430,429,1400,400,1461,459,COLOR_SEC
19:04:23.905,1027,litter_colour,1112,407,979,361,1246,454,COLOR_SEC
19:04:23.905,1027,litter_colour,214,380,172,348,257,412,COLOR_SEC
19:04:23.905,1027,litter_colour,478,338,423,324,533,353,COLOR_SEC
19:04:24.029,1028,litter_motion,1548,778,1506,730,1590,827,COLOR_SEC
19:04:24.029,1028,litter_motion,853,453,827,432,879,475,COLOR_SEC
19:04:24.029,1028,litter_colour,1007,1023,928,967,1086,1080,COLOR_SEC
19:04:24.029,1028,litter_colour,944,820,919,802,969,839,COLOR_SEC
19:04:24.029,1028,litter_colour,1530,786,1465,728,1596,845,COLOR_SEC
19:04:24.029,1028,litter_colour,980,675,872,558,1089,792,COLOR_SEC
19:04:24.029,1028,litter_colour,1500,418,1472,401,1529,435,COLOR_SEC
19:04:24.029,1028,litter_colour,1431,429,1400,399,1462,459,COLOR_SEC
19:04:24.029,1028,litter_colour,1114,401,979,348,1249,454,COLOR_SEC
19:04:24.029,1028,litter_colour,213,379,171,347,256,411,COLOR_SEC
19:04:24.029,1028,litter_colour,479,338,425,324,534,353,COLOR_SEC
19:04:24.157,1029,litter_motion,1549,778,1506,730,1592,827,COLOR_SEC
19:04:24.157,1029,litter_motion,852,453,827,432,878,475,COLOR_SEC
19:04:24.157,1029,litter_colour,1007,1024,929,969,1086,1080,COLOR_SEC
19:04:24.157,1029,litter_colour,944,822,919,804,969,840,COLOR_SEC
19:04:24.157,1029,litter_colour,786,656,759,642,813,671,COLOR_SEC
19:04:24.157,1029,litter_colour,980,668,871,557,1089,780,COLOR_SEC
19:04:24.157,1029,litter_colour,851,449,816,425,886,474,COLOR_SEC
19:04:24.157,1029,litter_colour,1502,417,1474,401,1530,433,COLOR_SEC
19:04:24.157,1029,litter_colour,1431,428,1401,399,1462,458,COLOR_SEC
19:04:24.157,1029,litter_colour,1112,414,979,360,1246,469,COLOR_SEC
19:04:24.157,1029,litter_colour,212,378,169,346,255,410,COLOR_SEC
19:04:24.288,1030,litter_motion,1550,777,1506,731,1594,824,COLOR_SEC
19:04:24.288,1030,litter_motion,852,453,827,431,878,475,COLOR_SEC
19:04:24.288,1030,litter_colour,1004,1025,923,971,1085,1080,COLOR_SEC
19:04:24.288,1030,litter_colour,943,817,918,793,969,841,COLOR_SEC
19:04:24.288,1030,litter_colour,1533,787,1467,729,1600,846,COLOR_SEC
19:04:24.288,1030,litter_colour,1453,719,1437,696,1470,742,COLOR_SEC
19:04:24.288,1030,litter_colour,785,657,758,643,812,671,COLOR_SEC
19:04:24.288,1030,litter_colour,980,675,870,557,1091,793,COLOR_SEC
19:04:24.288,1030,litter_colour,1502,416,1474,400,1530,433,COLOR_SEC
19:04:24.288,1030,litter_colour,1432,428,1400,398,1464,458,COLOR_SEC
19:04:24.288,1030,litter_colour,1112,411,978,359,1247,464,COLOR_SEC
19:04:24.288,1030,litter_colour,211,377,168,345,254,410,COLOR_SEC
19:04:24.420,1031,litter_motion,1553,780,1511,731,1595,829,COLOR_SEC
19:04:24.420,1031,litter_motion,746,485,718,457,774,513,COLOR_SEC
19:04:24.420,1031,litter_motion,852,451,827,431,877,472,COLOR_SEC
19:04:24.420,1031,litter_colour,1003,1026,922,973,1084,1080,COLOR_SEC
19:04:24.420,1031,litter_colour,942,818,917,794,967,842,COLOR_SEC
19:04:24.420,1031,litter_colour,1534,788,1468,729,1601,847,COLOR_SEC
19:04:24.420,1031,litter_colour,1454,719,1438,696,1471,743,COLOR_SEC
19:04:24.420,1031,litter_colour,784,657,757,642,811,672,COLOR_SEC
19:04:24.420,1031,litter_colour,980,675,869,557,1091,794,COLOR_SEC
19:04:24.420,1031,litter_colour,1432,427,1401,397,1463,457,COLOR_SEC
19:04:24.420,1031,litter_colour,1113,405,979,358,1247,452,COLOR_SEC
19:04:24.420,1031,litter_colour,210,377,167,345,253,409,COLOR_SEC
19:04:24.462,1032,litter_yolo,443,691,3,329,884,1054,YOLO
19:04:24.547,1032,litter_motion,1548,781,1499,732,1597,830,COLOR_SEC
19:04:24.547,1032,litter_colour,1001,1027,921,975,1082,1080,COLOR_SEC
19:04:24.547,1032,litter_colour,940,825,916,807,964,843,COLOR_SEC
19:04:24.547,1032,litter_colour,1536,789,1469,730,1603,848,COLOR_SEC
19:04:24.547,1032,litter_colour,1455,719,1439,696,1472,743,COLOR_SEC
19:04:24.547,1032,litter_colour,979,676,868,557,1091,795,COLOR_SEC
19:04:24.547,1032,litter_colour,1433,427,1403,397,1464,457,COLOR_SEC
19:04:24.547,1032,litter_colour,1112,412,978,358,1247,467,COLOR_SEC
19:04:24.589,1033,litter_yolo,442,691,2,329,882,1054,YOLO
19:04:24.673,1033,litter_motion,1555,781,1512,732,1599,830,COLOR_SEC
19:04:24.674,1033,litter_colour,1003,1028,924,976,1082,1080,COLOR_SEC
19:04:24.674,1033,litter_colour,938,826,915,808,962,844,COLOR_SEC
19:04:24.674,1033,litter_colour,1538,790,1471,731,1605,849,COLOR_SEC
19:04:24.674,1033,litter_colour,1456,719,1440,696,1473,743,COLOR_SEC
19:04:24.674,1033,litter_colour,976,653,868,557,1085,749,COLOR_SEC
19:04:24.674,1033,litter_colour,1433,426,1403,396,1464,456,COLOR_SEC
19:04:24.674,1033,litter_colour,1113,403,980,357,1246,450,COLOR_SEC
19:04:24.715,1034,litter_yolo,447,697,2,326,893,1068,YOLO
19:04:24.803,1034,litter_motion,1557,782,1513,733,1601,831,COLOR_SEC
19:04:24.803,1034,litter_colour,938,826,915,809,962,844,COLOR_SEC
19:04:24.803,1034,litter_colour,1466,716,1441,688,1491,744,COLOR_SEC
19:04:24.803,1034,litter_colour,978,677,866,557,1091,797,COLOR_SEC
19:04:24.803,1034,litter_colour,1434,425,1402,395,1466,455,COLOR_SEC
19:04:24.803,1034,litter_colour,1114,403,980,357,1249,450,COLOR_SEC
19:04:24.936,1035,litter_colour,1000,1030,922,981,1079,1080,COLOR_SEC
19:04:24.936,1035,litter_colour,938,828,914,810,962,847,COLOR_SEC
19:04:24.936,1035,litter_colour,978,653,866,556,1091,750,COLOR_SEC
19:04:24.936,1035,litter_colour,1434,425,1403,395,1466,455,COLOR_SEC
19:04:24.936,1035,litter_colour,1113,402,979,355,1247,449,COLOR_SEC
19:04:24.936,1035,litter_colour,206,375,163,343,249,407,COLOR_SEC
19:04:25.067,1036,litter_colour,937,829,913,811,961,848,COLOR_SEC
19:04:25.067,1036,litter_colour,1542,792,1474,732,1611,853,COLOR_SEC
19:04:25.067,1036,litter_colour,977,677,865,556,1090,799,COLOR_SEC
19:04:25.067,1036,litter_colour,1435,424,1404,394,1467,455,COLOR_SEC
19:04:25.067,1036,litter_colour,1112,402,978,356,1247,449,COLOR_SEC
19:04:25.067,1036,litter_colour,205,374,162,342,248,407,COLOR_SEC
19:04:25.199,1037,litter_colour,934,830,911,812,958,848,COLOR_SEC
19:04:25.199,1037,litter_colour,974,653,864,556,1085,751,COLOR_SEC
19:04:25.199,1037,litter_colour,848,446,788,421,909,471,COLOR_SEC
19:04:25.199,1037,litter_colour,1435,424,1404,394,1467,454,COLOR_SEC
19:04:25.199,1037,litter_colour,1112,402,977,355,1247,449,COLOR_SEC
19:04:25.199,1037,litter_colour,204,374,161,342,248,406,COLOR_SEC
19:04:25.327,1038,litter_colour,934,831,910,813,959,850,COLOR_SEC
19:04:25.327,1038,litter_colour,777,658,749,643,805,673,COLOR_SEC
19:04:25.327,1038,litter_colour,976,654,863,556,1090,752,COLOR_SEC
19:04:25.327,1038,litter_colour,1436,423,1405,393,1468,454,COLOR_SEC
19:04:25.327,1038,litter_colour,1113,401,977,354,1249,448,COLOR_SEC
19:04:25.327,1038,litter_colour,204,377,161,349,247,406,COLOR_SEC
19:04:25.456,1039,litter_colour,934,832,910,814,958,851,COLOR_SEC
19:04:25.456,1039,litter_colour,776,658,749,643,804,673,COLOR_SEC
19:04:25.456,1039,litter_colour,973,654,862,556,1084,753,COLOR_SEC
19:04:25.456,1039,litter_colour,845,446,810,423,881,470,COLOR_SEC
19:04:25.456,1039,litter_colour,1438,423,1407,393,1470,453,COLOR_SEC
19:04:25.456,1039,litter_colour,1111,401,976,354,1247,448,COLOR_SEC
19:04:25.456,1039,litter_colour,202,373,159,341,246,405,COLOR_SEC
19:04:25.583,1040,litter_colour,933,834,908,816,958,853,COLOR_SEC
19:04:25.583,1040,litter_colour,775,659,747,644,803,674,COLOR_SEC
19:04:25.583,1040,litter_colour,972,655,861,555,1084,755,COLOR_SEC
19:04:25.583,1040,litter_colour,1114,400,981,354,1247,447,COLOR_SEC
19:04:25.583,1040,litter_colour,201,372,157,340,246,405,COLOR_SEC
19:04:25.712,1041,litter_colour,932,835,908,817,956,854,COLOR_SEC
19:04:25.712,1041,litter_colour,1551,799,1481,737,1622,861,COLOR_SEC
19:04:25.712,1041,litter_colour,774,659,746,644,802,674,COLOR_SEC
19:04:25.712,1041,litter_colour,972,655,860,556,1084,754,COLOR_SEC
19:04:25.712,1041,litter_colour,200,372,156,339,245,405,COLOR_SEC
19:04:25.837,1042,litter_colour,931,837,907,818,955,857,COLOR_SEC
19:04:25.837,1042,litter_colour,773,660,745,645,801,675,COLOR_SEC
19:04:25.837,1042,litter_colour,971,656,859,555,1083,757,COLOR_SEC
19:04:25.837,1042,litter_colour,845,445,809,422,881,469,COLOR_SEC
19:04:25.837,1042,litter_colour,1114,403,976,342,1252,464,COLOR_SEC
19:04:25.966,1043,litter_colour,941,832,907,806,975,858,COLOR_SEC
19:04:25.967,1043,litter_colour,772,660,744,645,800,676,COLOR_SEC
19:04:25.967,1043,litter_colour,971,656,858,554,1084,758,COLOR_SEC
19:04:25.967,1043,litter_colour,1114,401,977,339,1252,463,COLOR_SEC
19:04:26.093,1044,litter_colour,770,660,742,645,799,676,COLOR_SEC
19:04:26.093,1044,litter_colour,969,657,856,555,1083,759,COLOR_SEC
19:04:26.093,1044,litter_colour,841,443,804,419,879,468,COLOR_SEC
19:04:26.134,1045,litter_yolo,432,692,1,319,864,1065,YOLO
19:04:26.221,1045,litter_colour,970,658,856,555,1084,761,COLOR_SEC
19:04:26.221,1045,litter_colour,1116,403,978,351,1254,456,COLOR_SEC
19:04:26.350,1046,litter_colour,948,917,915,897,981,938,COLOR_SEC
19:04:26.350,1046,litter_colour,768,662,740,647,797,678,COLOR_SEC
19:04:26.350,1046,litter_colour,969,658,855,555,1083,762,COLOR_SEC
19:04:26.351,1046,litter_colour,1618,429,1570,408,1666,450,COLOR_SEC
19:04:26.483,1047,litter_colour,767,662,739,647,796,678,COLOR_SEC
19:04:26.483,1047,litter_colour,968,658,854,554,1083,763,COLOR_SEC
19:04:26.483,1047,litter_colour,843,443,807,418,879,468,COLOR_SEC
19:04:26.483,1047,litter_colour,1618,428,1571,408,1666,449,COLOR_SEC
19:04:26.610,1048,litter_colour,766,663,738,648,795,679,COLOR_SEC
19:04:26.610,1048,litter_colour,969,660,854,556,1084,765,COLOR_SEC
19:04:26.610,1048,litter_colour,1621,429,1574,409,1668,449,COLOR_SEC
19:04:26.610,1048,litter_colour,1516,406,1484,386,1549,427,COLOR_SEC
19:04:26.610,1048,litter_colour,1112,400,975,337,1250,463,COLOR_SEC
19:04:26.737,1049,litter_colour,765,664,737,649,794,680,COLOR_SEC
19:04:26.737,1049,litter_colour,968,660,852,557,1084,764,COLOR_SEC
19:04:26.737,1049,litter_colour,1518,406,1487,386,1550,427,COLOR_SEC
19:04:26.737,1049,litter_colour,1114,400,978,337,1250,463,COLOR_SEC
19:04:26.862,1050,litter_colour,765,665,736,650,794,681,COLOR_SEC
19:04:26.862,1050,litter_colour,968,661,852,557,1084,766,COLOR_SEC
19:04:26.862,1050,litter_colour,1519,407,1487,386,1552,428,COLOR_SEC
19:04:26.992,1051,litter_colour,764,666,735,651,793,682,COLOR_SEC
19:04:26.992,1051,litter_colour,967,662,851,557,1084,768,COLOR_SEC
19:04:26.992,1051,litter_colour,1116,400,978,337,1255,464,COLOR_SEC
19:04:27.122,1052,litter_colour,763,668,734,652,792,684,COLOR_SEC
19:04:27.122,1052,litter_colour,967,663,850,557,1084,770,COLOR_SEC
19:04:27.122,1052,litter_colour,1116,400,978,337,1255,464,COLOR_SEC
19:04:27.250,1053,litter_colour,762,669,733,653,792,685,COLOR_SEC
19:04:27.250,1053,litter_colour,967,664,850,558,1084,771,COLOR_SEC
19:04:27.250,1053,litter_colour,840,442,803,417,878,468,COLOR_SEC
19:04:27.251,1053,litter_colour,1116,400,977,336,1255,464,COLOR_SEC
19:04:27.376,1054,litter_colour,1015,785,990,764,1041,807,COLOR_SEC
19:04:27.376,1054,litter_colour,761,669,732,654,791,685,COLOR_SEC
19:04:27.376,1054,litter_colour,966,665,849,558,1084,773,COLOR_SEC
19:04:27.376,1054,litter_colour,1456,423,1429,391,1483,455,COLOR_SEC
19:04:27.376,1054,litter_colour,1114,400,971,336,1257,464,COLOR_SEC
19:04:27.501,1055,litter_motion,747,473,721,454,774,493,COLOR_SEC
19:04:27.501,1055,litter_colour,1016,788,988,766,1044,811,COLOR_SEC
19:04:27.501,1055,litter_colour,761,670,731,654,791,687,COLOR_SEC
19:04:27.501,1055,litter_colour,966,666,848,558,1084,774,COLOR_SEC
19:04:27.501,1055,litter_colour,734,471,712,449,756,493,COLOR_SEC
19:04:27.501,1055,litter_colour,1456,422,1429,391,1483,454,COLOR_SEC
19:04:27.501,1055,litter_colour,1114,400,971,336,1257,464,COLOR_SEC
19:04:27.629,1056,litter_motion,744,474,717,454,772,494,COLOR_SEC
19:04:27.629,1056,litter_colour,1016,790,988,767,1044,813,COLOR_SEC
19:04:27.629,1056,litter_colour,760,671,730,655,790,688,COLOR_SEC
19:04:27.629,1056,litter_colour,966,667,848,559,1084,776,COLOR_SEC
19:04:27.629,1056,litter_colour,1457,423,1430,391,1484,455,COLOR_SEC
19:04:27.760,1057,litter_motion,746,474,720,454,772,494,COLOR_SEC
19:04:27.760,1057,litter_colour,1014,790,987,767,1041,814,COLOR_SEC
19:04:27.760,1057,litter_colour,965,668,847,559,1084,777,COLOR_SEC
19:04:27.760,1057,litter_colour,1457,422,1431,391,1484,454,COLOR_SEC
19:04:27.888,1058,litter_motion,746,472,720,454,772,490,COLOR_SEC
19:04:27.888,1058,litter_colour,924,864,893,835,956,894,COLOR_SEC
19:04:27.888,1058,litter_colour,1014,792,987,768,1041,816,COLOR_SEC
19:04:27.888,1058,litter_colour,1788,436,1718,407,1859,465,COLOR_SEC
19:04:27.888,1058,litter_colour,1458,422,1431,390,1486,455,COLOR_SEC
19:04:28.019,1059,litter_motion,747,472,720,454,774,490,COLOR_SEC
19:04:28.019,1059,litter_colour,923,866,892,836,955,896,COLOR_SEC
19:04:28.019,1059,litter_colour,1014,792,988,770,1041,815,COLOR_SEC
19:04:28.019,1059,litter_colour,964,669,845,559,1084,780,COLOR_SEC
19:04:28.019,1059,litter_colour,1791,436,1720,407,1862,465,COLOR_SEC
19:04:28.019,1059,litter_colour,1459,422,1432,390,1486,455,COLOR_SEC
19:04:28.019,1059,litter_colour,188,368,142,336,234,401,COLOR_SEC
19:04:28.148,1060,litter_motion,747,474,720,454,774,494,COLOR_SEC
19:04:28.148,1060,litter_motion,471,426,410,400,533,453,COLOR_SEC
19:04:28.148,1060,litter_colour,929,868,892,838,967,898,COLOR_SEC
19:04:28.148,1060,litter_colour,1014,794,988,771,1040,817,COLOR_SEC
19:04:28.148,1060,litter_colour,964,670,844,559,1085,781,COLOR_SEC
19:04:28.148,1060,litter_colour,1793,436,1722,407,1864,465,COLOR_SEC
19:04:28.148,1060,litter_colour,1460,422,1433,389,1488,455,COLOR_SEC
19:04:28.148,1060,litter_colour,187,368,141,335,234,401,COLOR_SEC
19:04:28.280,1061,litter_motion,745,474,717,454,774,494,COLOR_SEC
19:04:28.280,1061,litter_motion,476,425,420,397,533,453,COLOR_SEC
19:04:28.280,1061,litter_colour,929,870,891,840,967,900,COLOR_SEC
19:04:28.280,1061,litter_colour,1013,796,987,772,1040,820,COLOR_SEC
19:04:28.280,1061,litter_colour,964,668,844,560,1084,776,COLOR_SEC
19:04:28.280,1061,litter_colour,1639,430,1590,408,1688,452,COLOR_SEC
19:04:28.280,1061,litter_colour,1795,436,1724,407,1866,466,COLOR_SEC
19:04:28.280,1061,litter_colour,1460,422,1433,389,1488,455,COLOR_SEC
19:04:28.280,1061,litter_colour,185,362,137,324,233,401,COLOR_SEC
19:04:28.409,1062,litter_motion,756,676,728,661,785,692,COLOR_SEC
19:04:28.409,1062,litter_colour,928,872,890,841,966,903,COLOR_SEC
19:04:28.409,1062,litter_colour,755,676,725,659,786,693,COLOR_SEC
19:04:28.409,1062,litter_colour,730,470,707,448,753,493,COLOR_SEC
19:04:28.409,1062,litter_colour,841,441,780,416,902,467,COLOR_SEC
19:04:28.409,1062,litter_colour,1781,436,1693,406,1870,466,COLOR_SEC
19:04:28.409,1062,litter_colour,1462,422,1434,389,1490,455,COLOR_SEC
19:04:28.409,1062,litter_colour,859,398,815,377,904,419,COLOR_SEC
19:04:28.409,1062,litter_colour,184,362,136,324,232,400,COLOR_SEC
19:04:28.535,1063,litter_motion,756,677,727,661,785,693,COLOR_SEC
19:04:28.535,1063,litter_motion,534,656,500,634,569,679,COLOR_SEC
19:04:28.535,1063,litter_colour,929,874,890,843,969,905,COLOR_SEC
19:04:28.535,1063,litter_colour,754,676,724,660,785,693,COLOR_SEC
19:04:28.535,1063,litter_colour,723,472,696,448,751,497,COLOR_SEC
19:04:28.535,1063,litter_colour,841,441,779,415,904,467,COLOR_SEC
19:04:28.535,1063,litter_colour,1782,436,1693,406,1872,466,COLOR_SEC
19:04:28.535,1063,litter_colour,1462,422,1434,390,1490,455,COLOR_SEC
19:04:28.535,1063,litter_colour,859,398,815,377,904,419,COLOR_SEC
19:04:28.535,1063,litter_colour,185,367,139,334,232,400,COLOR_SEC
19:04:28.661,1064,litter_motion,753,677,724,662,783,693,COLOR_SEC
19:04:28.661,1064,litter_motion,532,656,498,634,567,679,COLOR_SEC
19:04:28.661,1064,litter_motion,738,474,702,455,774,494,COLOR_SEC
19:04:28.661,1064,litter_motion,857,361,832,346,882,376,COLOR_SEC
19:04:28.661,1064,litter_colour,928,875,888,844,968,907,COLOR_SEC
19:04:28.661,1064,litter_colour,753,677,723,661,784,694,COLOR_SEC
19:04:28.661,1064,litter_colour,725,471,697,447,753,496,COLOR_SEC
19:04:28.661,1064,litter_colour,1784,436,1694,406,1874,466,COLOR_SEC
19:04:28.661,1064,litter_colour,1463,422,1435,390,1492,455,COLOR_SEC
19:04:28.661,1064,litter_colour,858,397,814,376,903,418,COLOR_SEC
19:04:28.661,1064,litter_colour,184,367,138,334,231,400,COLOR_SEC
19:04:28.788,1065,litter_motion,441,772,365,712,518,832,COLOR_SEC
19:04:28.788,1065,litter_motion,753,677,723,662,783,693,COLOR_SEC
19:04:28.788,1065,litter_motion,541,657,508,634,574,681,COLOR_SEC
19:04:28.788,1065,litter_motion,737,475,700,457,774,494,COLOR_SEC
19:04:28.788,1065,litter_colour,925,878,888,846,962,910,COLOR_SEC
19:04:28.788,1065,litter_colour,1047,751,1002,730,1092,772,COLOR_SEC
19:04:28.788,1065,litter_colour,753,678,722,661,784,695,COLOR_SEC
19:04:28.788,1065,litter_colour,963,673,841,560,1085,786,COLOR_SEC
19:04:28.788,1065,litter_colour,1464,422,1436,389,1492,455,COLOR_SEC
19:04:28.788,1065,litter_colour,1532,408,1498,387,1567,429,COLOR_SEC
19:04:28.788,1065,litter_colour,183,367,137,334,230,400,COLOR_SEC
19:04:28.914,1066,litter_motion,751,678,722,663,781,693,COLOR_SEC
19:04:28.914,1066,litter_motion,553,658,508,635,599,681,COLOR_SEC
19:04:28.914,1066,litter_motion,737,475,700,458,774,493,COLOR_SEC
19:04:28.914,1066,litter_colour,927,879,887,847,968,912,COLOR_SEC
19:04:28.914,1066,litter_colour,1499,757,1480,731,1518,783,COLOR_SEC
19:04:28.914,1066,litter_colour,1047,752,1002,731,1093,773,COLOR_SEC
19:04:28.914,1066,litter_colour,752,678,722,662,782,695,COLOR_SEC
19:04:28.914,1066,litter_colour,1465,422,1436,389,1494,455,COLOR_SEC
19:04:28.914,1066,litter_colour,1533,408,1498,386,1569,430,COLOR_SEC
19:04:28.914,1066,litter_colour,181,363,134,327,229,399,COLOR_SEC
19:04:29.044,1067,litter_motion,1627,839,1574,783,1680,896,COLOR_SEC
19:04:29.044,1067,litter_motion,748,678,721,663,775,694,COLOR_SEC
19:04:29.044,1067,litter_motion,533,658,494,636,572,681,COLOR_SEC
19:04:29.044,1067,litter_motion,737,475,700,458,774,493,COLOR_SEC
19:04:29.044,1067,litter_colour,1500,758,1481,732,1519,785,COLOR_SEC
19:04:29.044,1067,litter_colour,1047,753,1002,732,1093,774,COLOR_SEC
19:04:29.044,1067,litter_colour,751,679,720,662,782,696,COLOR_SEC
19:04:29.044,1067,litter_colour,1465,422,1436,389,1494,455,COLOR_SEC
19:04:29.044,1067,litter_colour,1534,408,1500,386,1569,430,COLOR_SEC
19:04:29.044,1067,litter_colour,181,365,135,332,228,399,COLOR_SEC
19:04:29.174,1068,litter_motion,545,658,496,634,594,682,COLOR_SEC
19:04:29.174,1068,litter_motion,736,476,697,458,775,495,COLOR_SEC
19:04:29.174,1068,litter_colour,1047,754,1002,733,1092,775,COLOR_SEC
19:04:29.174,1068,litter_colour,1465,421,1437,388,1494,455,COLOR_SEC
19:04:29.174,1068,litter_colour,1535,408,1499,386,1571,430,COLOR_SEC
19:04:29.174,1068,litter_colour,181,365,134,332,228,399,COLOR_SEC
19:04:29.302,1069,litter_motion,550,659,504,634,596,684,COLOR_SEC
19:04:29.302,1069,litter_colour,1466,422,1437,389,1496,455,COLOR_SEC
19:04:29.302,1069,litter_colour,1535,408,1500,386,1571,430,COLOR_SEC
19:04:29.302,1069,litter_colour,179,361,131,324,227,398,COLOR_SEC
19:04:29.429,1070,litter_motion,548,658,503,634,594,683,COLOR_SEC
19:04:29.430,1070,litter_colour,1047,756,1002,734,1092,778,COLOR_SEC
19:04:29.430,1070,litter_colour,1467,421,1437,388,1498,455,COLOR_SEC
19:04:29.430,1070,litter_colour,1536,408,1500,386,1572,430,COLOR_SEC
19:04:29.430,1070,litter_colour,1115,390,969,333,1261,448,COLOR_SEC
19:04:29.430,1070,litter_colour,178,361,130,325,227,398,COLOR_SEC
19:04:29.555,1071,litter_motion,543,659,492,634,595,684,COLOR_SEC
19:04:29.556,1071,litter_colour,1464,422,1430,389,1498,455,COLOR_SEC
19:04:29.557,1071,litter_colour,1537,408,1501,386,1573,430,COLOR_SEC
19:04:29.557,1071,litter_colour,1114,389,968,331,1261,448,COLOR_SEC
19:04:29.557,1071,litter_colour,177,361,129,324,226,398,COLOR_SEC
19:04:29.728,1072,litter_motion,547,662,500,635,594,689,COLOR_SEC
19:04:29.728,1072,litter_colour,1464,421,1429,388,1499,455,COLOR_SEC
19:04:29.728,1072,litter_colour,1539,408,1503,386,1575,430,COLOR_SEC
19:04:29.728,1072,litter_colour,1115,390,969,332,1261,448,COLOR_SEC
19:04:29.728,1072,litter_colour,177,362,129,326,226,398,COLOR_SEC
19:04:29.867,1073,litter_motion,546,658,499,632,593,685,COLOR_SEC
19:04:29.867,1073,litter_motion,733,476,692,458,775,495,COLOR_SEC
19:04:29.867,1073,litter_colour,1464,421,1429,388,1499,455,COLOR_SEC
19:04:29.867,1073,litter_colour,1539,408,1504,387,1575,430,COLOR_SEC
19:04:29.867,1073,litter_colour,1115,389,969,330,1261,448,COLOR_SEC
19:04:29.867,1073,litter_colour,175,361,127,324,224,398,COLOR_SEC
19:04:29.994,1074,litter_motion,545,659,498,632,592,686,COLOR_SEC
19:04:29.994,1074,litter_colour,1466,421,1430,388,1502,455,COLOR_SEC
19:04:29.994,1074,litter_colour,1540,405,1504,384,1576,426,COLOR_SEC
19:04:29.994,1074,litter_colour,1115,389,968,332,1263,447,COLOR_SEC
19:04:29.994,1074,litter_colour,175,361,127,325,224,397,COLOR_SEC
19:04:30.120,1075,litter_motion,748,684,720,667,776,701,COLOR_SEC
19:04:30.120,1075,litter_motion,543,662,496,633,591,691,COLOR_SEC
19:04:30.120,1075,litter_colour,745,684,714,667,777,701,COLOR_SEC
19:04:30.120,1075,litter_colour,1467,421,1431,388,1503,455,COLOR_SEC
19:04:30.120,1075,litter_colour,1541,404,1505,384,1577,424,COLOR_SEC
19:04:30.120,1075,litter_colour,1114,389,967,331,1262,447,COLOR_SEC
19:04:30.120,1075,litter_colour,174,360,126,324,223,397,COLOR_SEC
19:04:30.248,1076,litter_motion,748,684,720,668,777,701,COLOR_SEC
19:04:30.248,1076,litter_motion,539,660,486,633,592,687,COLOR_SEC
19:04:30.248,1076,litter_motion,729,477,686,458,772,497,COLOR_SEC
19:04:30.248,1076,litter_motion,495,420,435,398,556,442,COLOR_SEC
19:04:30.248,1076,litter_colour,745,684,714,667,777,702,COLOR_SEC
19:04:30.248,1076,litter_colour,1467,421,1432,388,1502,455,COLOR_SEC
19:04:30.248,1076,litter_colour,1542,404,1506,384,1579,424,COLOR_SEC
19:04:30.248,1076,litter_colour,1115,389,967,331,1263,447,COLOR_SEC
19:04:30.248,1076,litter_colour,174,360,125,324,224,396,COLOR_SEC
19:04:30.380,1077,litter_motion,744,684,720,668,769,701,COLOR_SEC
19:04:30.380,1077,litter_motion,542,661,495,633,589,689,COLOR_SEC
19:04:30.380,1077,litter_motion,729,477,686,458,773,497,COLOR_SEC
19:04:30.380,1077,litter_motion,497,419,438,398,556,441,COLOR_SEC
19:04:30.380,1077,litter_colour,1627,868,1542,792,1712,945,COLOR_SEC
19:04:30.380,1077,litter_colour,745,684,714,667,777,702,COLOR_SEC
19:04:30.380,1077,litter_colour,1467,421,1432,387,1503,455,COLOR_SEC
19:04:30.380,1077,litter_colour,1116,388,968,331,1264,446,COLOR_SEC
19:04:30.380,1077,litter_colour,172,360,124,324,221,396,COLOR_SEC
19:04:30.512,1078,litter_motion,744,685,720,668,768,702,COLOR_SEC
19:04:30.512,1078,litter_motion,539,662,488,633,590,692,COLOR_SEC
19:04:30.512,1078,litter_motion,731,476,690,458,773,494,COLOR_SEC
19:04:30.512,1078,litter_motion,494,418,433,397,556,439,COLOR_SEC
19:04:30.512,1078,litter_colour,1630,870,1544,793,1716,947,COLOR_SEC
19:04:30.512,1078,litter_colour,744,684,712,667,776,702,COLOR_SEC
19:04:30.512,1078,litter_colour,1469,420,1434,386,1505,455,COLOR_SEC
19:04:30.512,1078,litter_colour,1545,403,1508,383,1582,424,COLOR_SEC
19:04:30.512,1078,litter_colour,1115,389,967,330,1264,448,COLOR_SEC
19:04:30.639,1079,litter_motion,747,685,719,669,775,702,COLOR_SEC
19:04:30.640,1079,litter_motion,537,660,486,633,588,688,COLOR_SEC
19:04:30.640,1079,litter_motion,729,476,686,459,772,494,COLOR_SEC
19:04:30.640,1079,litter_motion,495,418,434,397,556,439,COLOR_SEC
19:04:30.640,1079,litter_colour,1632,872,1547,795,1718,949,COLOR_SEC
19:04:30.640,1079,litter_colour,744,685,712,667,776,703,COLOR_SEC
19:04:30.640,1079,litter_colour,1470,420,1434,386,1507,455,COLOR_SEC
19:04:30.640,1079,litter_colour,1546,403,1509,383,1583,423,COLOR_SEC
19:04:30.640,1079,litter_colour,1115,386,967,327,1264,446,COLOR_SEC
19:04:30.766,1080,litter_motion,539,660,490,633,588,688,COLOR_SEC
19:04:30.766,1080,litter_motion,501,423,446,408,556,439,COLOR_SEC
19:04:30.766,1080,litter_colour,1635,872,1549,795,1722,950,COLOR_SEC
19:04:30.766,1080,litter_colour,744,685,712,668,776,703,COLOR_SEC
19:04:30.766,1080,litter_colour,1471,420,1435,385,1507,455,COLOR_SEC
19:04:30.766,1080,litter_colour,1547,402,1510,382,1585,422,COLOR_SEC
19:04:30.766,1080,litter_colour,1115,387,966,329,1265,446,COLOR_SEC
19:04:30.893,1081,litter_motion,538,663,490,634,586,693,COLOR_SEC
19:04:30.893,1081,litter_motion,502,423,449,408,556,439,COLOR_SEC
19:04:30.893,1081,litter_colour,1638,875,1551,797,1726,953,COLOR_SEC
19:04:30.893,1081,litter_colour,743,686,711,668,776,704,COLOR_SEC
19:04:30.893,1081,litter_colour,1471,419,1436,385,1507,453,COLOR_SEC
19:04:30.893,1081,litter_colour,1549,402,1512,382,1586,422,COLOR_SEC
19:04:30.893,1081,litter_colour,1115,387,967,329,1264,445,COLOR_SEC
19:04:31.021,1082,litter_motion,535,664,484,634,586,694,COLOR_SEC
19:04:31.021,1082,litter_motion,724,476,684,458,765,495,COLOR_SEC
19:04:31.021,1082,litter_motion,504,423,453,408,556,439,COLOR_SEC
19:04:31.021,1082,litter_colour,742,686,710,668,775,704,COLOR_SEC
19:04:31.021,1082,litter_colour,1473,418,1437,384,1509,453,COLOR_SEC
19:04:31.021,1082,litter_colour,1550,401,1512,381,1588,422,COLOR_SEC
19:04:31.021,1082,litter_colour,1114,386,966,328,1263,445,COLOR_SEC
19:04:31.151,1083,litter_motion,1667,869,1609,804,1726,934,COLOR_SEC
19:04:31.151,1083,litter_motion,536,664,487,634,585,694,COLOR_SEC
19:04:31.151,1083,litter_motion,724,477,683,459,765,495,COLOR_SEC
19:04:31.151,1083,litter_motion,504,423,453,408,556,439,COLOR_SEC
19:04:31.151,1083,litter_colour,1645,878,1557,800,1733,956,COLOR_SEC
19:04:31.151,1083,litter_colour,742,687,710,669,775,705,COLOR_SEC
19:04:31.151,1083,litter_colour,1474,418,1438,384,1511,453,COLOR_SEC
19:04:31.151,1083,litter_colour,1114,385,965,326,1264,445,COLOR_SEC
19:04:31.278,1084,litter_motion,1670,870,1611,806,1730,935,COLOR_SEC
19:04:31.278,1084,litter_motion,534,664,484,634,584,695,COLOR_SEC
19:04:31.278,1084,litter_motion,723,477,683,459,764,495,COLOR_SEC
19:04:31.278,1084,litter_motion,510,421,464,408,556,434,COLOR_SEC
19:04:31.278,1084,litter_colour,742,687,709,669,775,706,COLOR_SEC
19:04:31.278,1084,litter_colour,1475,418,1438,384,1512,453,COLOR_SEC
19:04:31.278,1084,litter_colour,1552,401,1515,381,1590,422,COLOR_SEC
19:04:31.278,1084,litter_colour,1114,385,965,326,1263,445,COLOR_SEC
19:04:31.408,1085,litter_motion,1672,872,1612,808,1733,937,COLOR_SEC
19:04:31.408,1085,litter_motion,535,665,485,634,585,696,COLOR_SEC
19:04:31.408,1085,litter_motion,855,360,826,342,885,378,COLOR_SEC
19:04:31.408,1085,litter_colour,741,688,708,670,774,706,COLOR_SEC
19:04:31.408,1085,litter_colour,1476,418,1439,384,1513,453,COLOR_SEC
19:04:31.408,1085,litter_colour,1114,385,965,325,1263,445,COLOR_SEC
19:04:31.538,1086,litter_motion,1674,873,1610,810,1738,937,COLOR_SEC
19:04:31.538,1086,litter_motion,534,664,484,635,584,694,COLOR_SEC
19:04:31.538,1086,litter_motion,725,473,687,460,764,487,COLOR_SEC
19:04:31.538,1086,litter_colour,741,689,708,671,774,707,COLOR_SEC
19:04:31.538,1086,litter_colour,1474,418,1436,384,1513,453,COLOR_SEC
19:04:31.538,1086,litter_colour,1556,401,1516,380,1596,422,COLOR_SEC
19:04:31.538,1086,litter_colour,1115,386,965,327,1266,445,COLOR_SEC
19:04:31.663,1087,litter_motion,1677,875,1615,812,1740,939,COLOR_SEC
19:04:31.663,1087,litter_motion,533,664,483,634,583,695,COLOR_SEC
19:04:31.663,1087,litter_motion,723,477,682,460,764,494,COLOR_SEC
19:04:31.663,1087,litter_colour,741,690,708,672,774,708,COLOR_SEC
19:04:31.663,1087,litter_colour,1476,418,1436,384,1516,453,COLOR_SEC
19:04:31.663,1087,litter_colour,1558,401,1518,380,1598,422,COLOR_SEC
19:04:31.663,1087,litter_colour,1115,385,965,326,1265,445,COLOR_SEC
19:04:31.788,1088,litter_motion,531,665,481,634,582,696,COLOR_SEC
19:04:31.788,1088,litter_motion,725,472,687,457,764,487,COLOR_SEC
19:04:31.788,1088,litter_colour,740,691,707,673,773,709,COLOR_SEC
19:04:31.788,1088,litter_colour,1477,418,1436,384,1518,453,COLOR_SEC
19:04:31.788,1088,litter_colour,1559,401,1518,380,1600,422,COLOR_SEC
19:04:31.789,1088,litter_colour,834,415,770,369,899,462,COLOR_SEC
19:04:31.789,1088,litter_colour,1115,385,965,325,1265,445,COLOR_SEC
19:04:31.917,1089,litter_motion,530,667,480,634,580,700,COLOR_SEC
19:04:31.917,1089,litter_motion,724,472,686,457,763,488,COLOR_SEC
19:04:31.917,1089,litter_colour,739,692,706,674,773,710,COLOR_SEC
19:04:31.917,1089,litter_colour,1478,418,1438,384,1518,453,COLOR_SEC
19:04:31.917,1089,litter_colour,831,415,770,369,892,462,COLOR_SEC
19:04:31.917,1089,litter_colour,1115,385,965,326,1266,445,COLOR_SEC
19:04:32.055,1090,litter_motion,530,667,480,634,580,701,COLOR_SEC
19:04:32.055,1090,litter_motion,723,476,684,457,763,496,COLOR_SEC
19:04:32.055,1090,litter_colour,739,693,706,675,772,711,COLOR_SEC
19:04:32.055,1090,litter_colour,1478,418,1438,384,1519,453,COLOR_SEC
19:04:32.055,1090,litter_colour,831,415,770,368,892,462,COLOR_SEC
19:04:32.055,1090,litter_colour,1116,385,965,324,1267,446,COLOR_SEC
19:04:32.181,1091,litter_motion,530,668,482,634,578,702,COLOR_SEC
19:04:32.181,1091,litter_motion,725,476,682,457,768,496,COLOR_SEC
19:04:32.181,1091,litter_colour,738,693,705,675,772,712,COLOR_SEC
19:04:32.181,1091,litter_colour,1479,418,1438,384,1520,453,COLOR_SEC
19:04:32.181,1091,litter_colour,831,415,769,368,893,462,COLOR_SEC
19:04:32.181,1091,litter_colour,1115,385,964,324,1267,446,COLOR_SEC
19:04:32.311,1092,litter_motion,531,668,484,634,579,703,COLOR_SEC
19:04:32.311,1092,litter_motion,643,564,583,517,704,611,COLOR_SEC
19:04:32.311,1092,litter_motion,722,476,682,456,763,496,COLOR_SEC
19:04:32.311,1092,litter_colour,738,694,705,676,772,713,COLOR_SEC
19:04:32.311,1092,litter_colour,830,414,768,367,893,462,COLOR_SEC
19:04:32.311,1092,litter_colour,1115,385,963,324,1267,446,COLOR_SEC
19:04:32.311,1092,litter_colour,161,358,111,324,211,392,COLOR_SEC
19:04:32.437,1093,litter_motion,1554,788,1539,764,1570,813,COLOR_SEC
19:04:32.437,1093,litter_motion,531,667,483,634,579,700,COLOR_SEC
19:04:32.437,1093,litter_motion,643,565,582,517,704,613,COLOR_SEC
19:04:32.437,1093,litter_colour,1557,789,1529,760,1586,818,COLOR_SEC
19:04:32.437,1093,litter_colour,737,696,704,677,771,715,COLOR_SEC
19:04:32.437,1093,litter_colour,825,430,768,399,883,462,COLOR_SEC
19:04:32.437,1093,litter_colour,1706,423,1632,395,1780,452,COLOR_SEC
19:04:32.437,1093,litter_colour,1115,384,964,324,1267,445,COLOR_SEC
19:04:32.437,1093,litter_colour,160,357,110,324,210,391,COLOR_SEC
19:04:32.561,1094,litter_motion,1556,789,1539,766,1573,813,COLOR_SEC
19:04:32.561,1094,litter_motion,528,669,480,634,576,705,COLOR_SEC
19:04:32.561,1094,litter_motion,642,563,582,515,702,611,COLOR_SEC
19:04:32.561,1094,litter_motion,722,475,682,456,763,495,COLOR_SEC
19:04:32.561,1094,litter_colour,1552,790,1532,760,1573,820,COLOR_SEC
19:04:32.561,1094,litter_colour,737,696,704,678,771,715,COLOR_SEC
19:04:32.561,1094,litter_colour,818,430,768,399,869,462,COLOR_SEC
19:04:32.561,1094,litter_colour,1858,433,1797,397,1920,470,COLOR_SEC
19:04:32.561,1094,litter_colour,1707,423,1632,395,1783,452,COLOR_SEC
19:04:32.561,1094,litter_colour,1115,385,964,324,1267,447,COLOR_SEC
19:04:32.561,1094,litter_colour,160,357,110,324,210,391,COLOR_SEC
19:04:32.691,1095,litter_motion,1557,789,1540,767,1575,812,COLOR_SEC
19:04:32.691,1095,litter_motion,528,668,481,634,576,703,COLOR_SEC
19:04:32.691,1095,litter_motion,642,560,583,512,702,609,COLOR_SEC
19:04:32.691,1095,litter_motion,720,475,682,456,758,495,COLOR_SEC
19:04:32.691,1095,litter_colour,1555,792,1534,762,1576,822,COLOR_SEC
19:04:32.691,1095,litter_colour,737,698,703,679,771,717,COLOR_SEC
19:04:32.691,1095,litter_colour,818,431,768,399,869,463,COLOR_SEC
19:04:32.691,1095,litter_colour,1860,433,1801,397,1920,470,COLOR_SEC
19:04:32.691,1095,litter_colour,1709,424,1634,395,1785,453,COLOR_SEC
19:04:32.691,1095,litter_colour,1115,385,964,324,1267,446,COLOR_SEC
19:04:32.822,1096,litter_motion,736,704,703,691,770,718,COLOR_SEC
19:04:32.822,1096,litter_motion,523,671,472,641,575,702,COLOR_SEC
19:04:32.822,1096,litter_motion,641,569,582,529,700,609,COLOR_SEC
19:04:32.822,1096,litter_colour,1557,796,1537,768,1578,824,COLOR_SEC
19:04:32.822,1096,litter_colour,737,699,703,680,771,718,COLOR_SEC
19:04:32.822,1096,litter_colour,818,431,768,399,869,463,COLOR_SEC
19:04:32.822,1096,litter_colour,1862,431,1805,397,1920,466,COLOR_SEC
19:04:32.822,1096,litter_colour,1712,424,1636,395,1788,453,COLOR_SEC
19:04:32.822,1096,litter_colour,1116,385,964,324,1269,446,COLOR_SEC
19:04:32.950,1097,litter_motion,736,705,703,692,769,719,COLOR_SEC
19:04:32.950,1097,litter_motion,642,560,584,511,700,610,COLOR_SEC
19:04:32.950,1097,litter_colour,736,700,702,681,770,719,COLOR_SEC
19:04:32.950,1097,litter_colour,818,431,768,400,868,463,COLOR_SEC
19:04:32.950,1097,litter_colour,1864,431,1809,397,1920,465,COLOR_SEC
19:04:32.950,1097,litter_colour,1714,424,1639,395,1790,454,COLOR_SEC
19:04:32.950,1097,litter_colour,1116,385,964,324,1269,447,COLOR_SEC
19:04:33.079,1098,litter_motion,736,706,703,692,769,720,COLOR_SEC
19:04:33.079,1098,litter_motion,522,674,470,644,574,705,COLOR_SEC
19:04:33.079,1098,litter_motion,651,560,603,512,700,608,COLOR_SEC
19:04:33.079,1098,litter_colour,736,701,702,682,770,720,COLOR_SEC
19:04:33.079,1098,litter_colour,1865,431,1811,397,1920,466,COLOR_SEC
19:04:33.079,1098,litter_colour,1715,424,1640,395,1791,454,COLOR_SEC
19:04:33.079,1098,litter_colour,829,414,768,366,891,463,COLOR_SEC
19:04:33.079,1098,litter_colour,1116,386,964,324,1269,448,COLOR_SEC
19:04:33.209,1099,litter_motion,735,706,702,692,769,721,COLOR_SEC
19:04:33.209,1099,litter_motion,523,673,475,641,571,706,COLOR_SEC
19:04:33.209,1099,litter_colour,1133,752,1103,730,1164,775,COLOR_SEC
19:04:33.209,1099,litter_colour,736,702,702,683,770,721,COLOR_SEC
19:04:33.209,1099,litter_colour,1866,432,1813,397,1920,467,COLOR_SEC
19:04:33.209,1099,litter_colour,1718,424,1642,395,1795,454,COLOR_SEC
19:04:33.209,1099,litter_colour,830,415,768,367,892,463,COLOR_SEC
19:04:33.209,1099,litter_colour,1116,385,964,324,1269,447,COLOR_SEC
19:04:33.337,1100,litter_motion,735,707,702,692,769,722,COLOR_SEC
19:04:33.337,1100,litter_motion,853,357,825,340,881,374,COLOR_SEC
19:04:33.337,1100,litter_colour,1136,753,1107,731,1165,776,COLOR_SEC
19:04:33.337,1100,litter_colour,736,703,702,684,770,722,COLOR_SEC
19:04:33.337,1100,litter_colour,1867,432,1815,398,1920,467,COLOR_SEC
19:04:33.337,1100,litter_colour,818,429,768,395,868,463,COLOR_SEC
19:04:33.337,1100,litter_colour,1117,386,964,324,1271,448,COLOR_SEC
19:04:33.464,1101,litter_motion,735,708,702,693,768,723,COLOR_SEC
19:04:33.464,1101,litter_motion,520,677,467,641,573,713,COLOR_SEC
19:04:33.464,1101,litter_colour,1064,789,1014,760,1115,819,COLOR_SEC
19:04:33.464,1101,litter_colour,1137,755,1108,733,1166,778,COLOR_SEC
19:04:33.464,1101,litter_colour,735,704,701,685,770,723,COLOR_SEC
19:04:33.464,1101,litter_colour,1869,432,1819,397,1920,467,COLOR_SEC
19:04:33.464,1101,litter_colour,818,428,768,394,868,463,COLOR_SEC
19:04:33.464,1101,litter_colour,1117,386,964,324,1271,448,COLOR_SEC
19:04:33.652,1102,litter_motion,735,708,702,693,769,724,COLOR_SEC
19:04:33.652,1102,litter_motion,520,678,467,642,573,714,COLOR_SEC
19:04:33.652,1102,litter_motion,650,562,602,515,698,609,COLOR_SEC
19:04:33.652,1102,litter_colour,1138,756,1109,733,1167,780,COLOR_SEC
19:04:33.652,1102,litter_colour,735,704,701,685,770,724,COLOR_SEC
19:04:33.652,1102,litter_colour,1870,436,1820,407,1920,466,COLOR_SEC
19:04:33.652,1102,litter_colour,818,425,768,387,868,463,COLOR_SEC
19:04:33.652,1102,litter_colour,1118,385,964,324,1273,447,COLOR_SEC
19:04:33.780,1103,litter_motion,735,709,702,693,769,725,COLOR_SEC
19:04:33.780,1103,litter_motion,656,562,614,515,698,610,COLOR_SEC
19:04:33.780,1103,litter_colour,1137,757,1106,734,1168,781,COLOR_SEC
19:04:33.780,1103,litter_colour,735,705,701,686,770,725,COLOR_SEC
19:04:33.780,1103,litter_colour,1872,437,1824,407,1920,468,COLOR_SEC
19:04:33.780,1103,litter_colour,818,425,768,387,868,463,COLOR_SEC
19:04:33.780,1103,litter_colour,1118,386,964,324,1273,448,COLOR_SEC
19:04:33.912,1104,litter_motion,735,710,702,694,769,726,COLOR_SEC
19:04:33.912,1104,litter_motion,521,670,472,649,571,692,COLOR_SEC
19:04:33.912,1104,litter_motion,645,570,588,532,702,609,COLOR_SEC
19:04:33.912,1104,litter_colour,1137,759,1105,736,1170,783,COLOR_SEC
19:04:33.912,1104,litter_colour,735,706,701,687,770,726,COLOR_SEC
19:04:33.912,1104,litter_colour,1873,432,1826,408,1920,456,COLOR_SEC
19:04:33.912,1104,litter_colour,817,425,767,387,868,463,COLOR_SEC
19:04:33.912,1104,litter_colour,1119,394,964,324,1275,464,COLOR_SEC
19:04:34.060,1105,litter_motion,735,711,701,695,769,728,COLOR_SEC
19:04:34.060,1105,litter_motion,521,670,472,647,571,693,COLOR_SEC
19:04:34.060,1105,litter_colour,735,708,700,688,770,728,COLOR_SEC
19:04:34.060,1105,litter_colour,1874,433,1829,409,1920,457,COLOR_SEC
19:04:34.060,1105,litter_colour,817,425,767,387,868,463,COLOR_SEC
19:04:34.060,1105,litter_colour,1119,386,964,324,1275,448,COLOR_SEC
19:04:34.190,1106,litter_motion,735,712,701,696,769,729,COLOR_SEC
19:04:34.190,1106,litter_motion,644,561,592,514,696,609,COLOR_SEC
19:04:34.190,1106,litter_colour,735,709,700,690,770,729,COLOR_SEC
19:04:34.190,1106,litter_colour,1876,433,1833,411,1920,456,COLOR_SEC
19:04:34.190,1106,litter_colour,817,425,766,388,868,463,COLOR_SEC
19:04:34.190,1106,litter_colour,1500,421,1456,384,1544,459,COLOR_SEC
19:04:34.190,1106,litter_colour,1119,386,964,324,1275,449,COLOR_SEC
19:04:34.322,1107,litter_motion,735,713,701,697,769,730,COLOR_SEC
19:04:34.322,1107,litter_colour,735,710,700,691,770,730,COLOR_SEC
19:04:34.322,1107,litter_colour,1877,432,1835,406,1920,458,COLOR_SEC
19:04:34.322,1107,litter_colour,817,429,767,395,868,463,COLOR_SEC
19:04:34.322,1107,litter_colour,1500,422,1456,385,1544,459,COLOR_SEC
19:04:34.322,1107,litter_colour,1119,386,964,324,1275,449,COLOR_SEC
19:04:34.648,1108,litter_motion,734,715,700,698,769,732,COLOR_SEC
19:04:34.648,1108,litter_colour,1590,818,1568,788,1612,848,COLOR_SEC
19:04:34.648,1108,litter_colour,735,712,700,692,770,732,COLOR_SEC
19:04:34.648,1108,litter_colour,1878,433,1837,406,1920,460,COLOR_SEC
19:04:34.648,1108,litter_colour,817,431,766,399,868,464,COLOR_SEC
19:04:34.648,1108,litter_colour,1504,422,1462,385,1546,459,COLOR_SEC
19:04:34.648,1108,litter_colour,1587,405,1542,384,1632,427,COLOR_SEC
19:04:34.848,1109,litter_motion,734,715,700,698,768,733,COLOR_SEC
19:04:34.848,1109,litter_colour,1592,820,1570,791,1614,850,COLOR_SEC
19:04:34.848,1109,litter_colour,734,713,699,693,770,733,COLOR_SEC
19:04:34.848,1109,litter_colour,1879,435,1839,412,1920,459,COLOR_SEC
19:04:34.848,1109,litter_colour,817,429,766,395,868,464,COLOR_SEC
19:04:34.848,1109,litter_colour,1504,423,1463,387,1545,459,COLOR_SEC
19:04:34.848,1109,litter_colour,1590,406,1544,384,1636,428,COLOR_SEC
19:04:34.848,1109,litter_colour,504,348,478,335,531,361,COLOR_SEC
19:04:34.848,1109,litter_colour,151,357,101,324,202,391,COLOR_SEC
19:04:35.005,1110,litter_motion,734,717,700,700,768,734,COLOR_SEC
19:04:35.005,1110,litter_motion,644,564,593,518,696,610,COLOR_SEC
19:04:35.005,1110,litter_colour,1594,819,1572,786,1617,852,COLOR_SEC
19:04:35.005,1110,litter_colour,734,714,699,694,769,734,COLOR_SEC
19:04:35.005,1110,litter_colour,1879,436,1838,412,1920,461,COLOR_SEC
19:04:35.005,1110,litter_colour,1503,423,1460,386,1547,461,COLOR_SEC
19:04:35.005,1110,litter_colour,1589,406,1544,384,1635,428,COLOR_SEC
19:04:35.005,1110,litter_colour,829,416,766,368,893,464,COLOR_SEC
19:04:35.005,1110,litter_colour,504,347,477,335,531,360,COLOR_SEC
19:04:35.005,1110,litter_colour,151,357,100,324,202,391,COLOR_SEC
19:04:35.143,1111,litter_motion,733,718,699,701,767,735,COLOR_SEC
19:04:35.143,1111,litter_motion,642,564,590,519,694,610,COLOR_SEC
19:04:35.143,1111,litter_colour,1597,823,1575,793,1619,854,COLOR_SEC
19:04:35.143,1111,litter_colour,734,715,699,695,769,735,COLOR_SEC
19:04:35.143,1111,litter_colour,1505,423,1462,386,1548,461,COLOR_SEC
19:04:35.143,1111,litter_colour,1593,406,1546,384,1640,429,COLOR_SEC
19:04:35.143,1111,litter_colour,829,415,766,367,893,464,COLOR_SEC
19:04:35.143,1111,litter_colour,503,347,477,335,530,360,COLOR_SEC
19:04:35.143,1111,litter_colour,150,357,99,324,201,390,COLOR_SEC
19:04:35.272,1112,litter_motion,733,718,699,701,768,736,COLOR_SEC
19:04:35.272,1112,litter_motion,642,565,590,521,695,610,COLOR_SEC
19:04:35.272,1112,litter_colour,1599,825,1577,795,1621,856,COLOR_SEC
19:04:35.272,1112,litter_colour,733,716,698,696,769,736,COLOR_SEC
19:04:35.272,1112,litter_colour,1505,423,1462,386,1549,461,COLOR_SEC
19:04:35.272,1112,litter_colour,1594,406,1546,384,1642,429,COLOR_SEC
19:04:35.272,1112,litter_colour,829,415,766,367,893,464,COLOR_SEC
19:04:35.272,1112,litter_colour,503,347,477,334,530,360,COLOR_SEC
19:04:35.272,1112,litter_colour,149,357,99,324,200,390,COLOR_SEC
19:04:35.417,1113,litter_motion,732,719,698,701,767,737,COLOR_SEC
19:04:35.417,1113,litter_colour,733,717,698,697,769,737,COLOR_SEC
19:04:35.417,1113,litter_colour,817,436,766,409,868,464,COLOR_SEC
19:04:35.417,1113,litter_colour,1507,423,1464,386,1550,461,COLOR_SEC
19:04:35.417,1113,litter_colour,1595,406,1548,384,1642,429,COLOR_SEC
19:04:35.417,1113,litter_colour,504,347,477,334,531,360,COLOR_SEC
19:04:35.417,1113,litter_colour,148,357,98,324,199,390,COLOR_SEC
19:04:35.546,1114,litter_colour,733,717,698,697,768,738,COLOR_SEC
19:04:35.546,1114,litter_colour,1749,430,1667,398,1831,462,COLOR_SEC
19:04:35.546,1114,litter_colour,816,426,766,388,867,464,COLOR_SEC
19:04:35.546,1114,litter_colour,1509,423,1467,386,1551,461,COLOR_SEC
19:04:35.546,1114,litter_colour,1596,406,1548,384,1644,429,COLOR_SEC
19:04:35.546,1114,litter_colour,503,346,477,334,530,359,COLOR_SEC
19:04:35.546,1114,litter_colour,147,357,97,324,198,390,COLOR_SEC
19:04:35.674,1115,litter_colour,732,718,697,698,768,739,COLOR_SEC
19:04:35.674,1115,litter_colour,1751,430,1669,398,1833,462,COLOR_SEC
19:04:35.674,1115,litter_colour,816,426,766,388,867,464,COLOR_SEC
19:04:35.674,1115,litter_colour,1510,423,1467,386,1553,461,COLOR_SEC
19:04:35.674,1115,litter_colour,1597,406,1550,384,1645,429,COLOR_SEC
19:04:35.674,1115,litter_colour,502,346,476,333,529,359,COLOR_SEC
19:04:35.674,1115,litter_colour,147,357,97,324,198,390,COLOR_SEC
19:04:35.801,1116,litter_motion,363,849,261,758,466,941,COLOR_SEC
19:04:35.801,1116,litter_colour,732,719,696,699,768,740,COLOR_SEC
19:04:35.801,1116,litter_colour,1753,430,1671,398,1835,462,COLOR_SEC
19:04:35.801,1116,litter_colour,1509,423,1466,386,1553,461,COLOR_SEC
19:04:35.801,1116,litter_colour,1598,406,1551,384,1646,428,COLOR_SEC
19:04:35.801,1116,litter_colour,829,415,765,366,893,464,COLOR_SEC
19:04:35.801,1116,litter_colour,503,346,476,333,530,359,COLOR_SEC
19:04:35.801,1116,litter_colour,146,356,96,324,197,389,COLOR_SEC
19:04:35.932,1117,litter_motion,362,843,259,742,465,944,COLOR_SEC
19:04:35.932,1117,litter_motion,528,667,477,647,579,687,COLOR_SEC
19:04:35.932,1117,litter_colour,732,719,696,699,768,740,COLOR_SEC
19:04:35.932,1117,litter_colour,1755,430,1673,398,1837,462,COLOR_SEC
19:04:35.932,1117,litter_colour,816,427,765,392,867,463,COLOR_SEC
19:04:35.932,1117,litter_colour,1512,423,1470,386,1555,461,COLOR_SEC
19:04:35.932,1117,litter_colour,1599,406,1553,384,1646,429,COLOR_SEC
19:04:35.932,1117,litter_colour,503,346,476,333,530,359,COLOR_SEC
19:04:35.932,1117,litter_colour,146,356,96,324,197,389,COLOR_SEC
19:04:36.060,1118,litter_motion,360,851,256,759,464,944,COLOR_SEC
19:04:36.060,1118,litter_motion,526,668,477,647,575,689,COLOR_SEC
19:04:36.060,1118,litter_colour,1756,430,1674,398,1839,462,COLOR_SEC
19:04:36.060,1118,litter_colour,816,427,765,392,867,463,COLOR_SEC
19:04:36.060,1118,litter_colour,1512,423,1468,386,1557,461,COLOR_SEC
19:04:36.060,1118,litter_colour,503,345,476,333,530,358,COLOR_SEC
19:04:36.060,1118,litter_colour,145,356,95,324,196,389,COLOR_SEC
19:04:36.186,1119,litter_colour,1154,778,1126,753,1183,804,COLOR_SEC
19:04:36.186,1119,litter_colour,1758,430,1676,398,1841,463,COLOR_SEC
19:04:36.186,1119,litter_colour,1514,423,1470,386,1559,461,COLOR_SEC
19:04:36.186,1119,litter_colour,816,425,765,386,867,464,COLOR_SEC
19:04:36.186,1119,litter_colour,1584,406,1557,384,1612,429,COLOR_SEC
19:04:36.186,1119,litter_colour,502,345,475,333,529,358,COLOR_SEC
19:04:36.186,1119,litter_colour,145,356,95,324,196,389,COLOR_SEC
19:04:36.319,1120,litter_motion,1624,833,1608,807,1641,860,COLOR_SEC
19:04:36.319,1120,litter_motion,510,691,449,650,572,732,COLOR_SEC
19:04:36.319,1120,litter_colour,1618,837,1596,806,1641,868,COLOR_SEC
19:04:36.319,1120,litter_colour,1153,782,1123,759,1184,805,COLOR_SEC
19:04:36.319,1120,litter_colour,1757,430,1669,398,1845,463,COLOR_SEC
19:04:36.319,1120,litter_colour,816,428,765,392,867,464,COLOR_SEC
19:04:36.319,1120,litter_colour,1517,423,1472,386,1562,461,COLOR_SEC
19:04:36.319,1120,litter_colour,502,345,476,333,529,358,COLOR_SEC
19:04:36.319,1120,litter_colour,145,356,95,324,196,389,COLOR_SEC
19:04:36.447,1121,litter_motion,1626,836,1610,809,1643,864,COLOR_SEC
19:04:36.447,1121,litter_motion,507,693,458,654,557,733,COLOR_SEC
19:04:36.447,1121,litter_colour,1621,838,1598,807,1644,870,COLOR_SEC
19:04:36.447,1121,litter_colour,1159,781,1134,760,1185,803,COLOR_SEC
19:04:36.447,1121,litter_colour,1756,431,1666,398,1847,464,COLOR_SEC
19:04:36.447,1121,litter_colour,816,428,765,392,867,464,COLOR_SEC
19:04:36.447,1121,litter_colour,1517,423,1474,386,1561,461,COLOR_SEC
19:04:36.447,1121,litter_colour,502,345,476,333,528,358,COLOR_SEC
19:04:36.447,1121,litter_colour,145,356,94,324,196,389,COLOR_SEC
19:04:36.572,1122,litter_motion,185,1033,141,1002,230,1064,COLOR_SEC
19:04:36.572,1122,litter_motion,1629,839,1612,811,1646,867,COLOR_SEC
19:04:36.572,1122,litter_motion,514,691,457,648,571,734,COLOR_SEC
19:04:36.572,1122,litter_colour,1758,431,1666,398,1851,464,COLOR_SEC
19:04:36.572,1122,litter_colour,830,428,765,392,895,464,COLOR_SEC
19:04:36.572,1122,litter_colour,1518,423,1474,386,1563,461,COLOR_SEC
19:04:36.572,1122,litter_colour,501,345,475,332,528,358,COLOR_SEC
19:04:36.572,1122,litter_colour,1128,384,972,324,1285,444,COLOR_SEC
19:04:36.572,1122,litter_colour,145,356,94,324,196,388,COLOR_SEC
19:04:36.699,1123,litter_motion,169,1034,110,988,228,1080,COLOR_SEC
19:04:36.699,1123,litter_motion,731,727,696,708,766,746,COLOR_SEC
19:04:36.699,1123,litter_motion,512,692,454,649,570,735,COLOR_SEC
19:04:36.699,1123,litter_colour,730,725,694,704,766,746,COLOR_SEC
19:04:36.699,1123,litter_colour,829,427,764,392,895,463,COLOR_SEC
19:04:36.699,1123,litter_colour,501,345,475,332,528,358,COLOR_SEC
19:04:36.699,1123,litter_colour,1128,384,971,324,1285,444,COLOR_SEC
19:04:36.699,1123,litter_colour,145,356,94,324,196,388,COLOR_SEC
19:04:36.827,1124,litter_motion,166,1035,107,991,225,1080,COLOR_SEC
19:04:36.827,1124,litter_motion,1092,829,1066,809,1118,850,COLOR_SEC
19:04:36.827,1124,litter_motion,730,728,694,709,766,747,COLOR_SEC
19:04:36.827,1124,litter_motion,512,692,455,648,569,736,COLOR_SEC
19:04:36.827,1124,litter_colour,730,726,694,705,766,747,COLOR_SEC
19:04:36.827,1124,litter_colour,829,427,764,392,895,463,COLOR_SEC
19:04:36.827,1124,litter_colour,502,345,475,332,529,358,COLOR_SEC
19:04:36.827,1124,litter_colour,1128,384,971,324,1285,444,COLOR_SEC
19:04:36.827,1124,litter_colour,144,356,93,324,195,388,COLOR_SEC
19:04:36.956,1125,litter_motion,173,1035,127,991,220,1080,COLOR_SEC
19:04:36.956,1125,litter_motion,1091,831,1065,811,1118,851,COLOR_SEC
19:04:36.956,1125,litter_motion,730,728,694,710,766,747,COLOR_SEC
19:04:36.956,1125,litter_motion,505,693,454,656,556,730,COLOR_SEC
19:04:36.956,1125,litter_colour,729,726,693,705,766,748,COLOR_SEC
19:04:36.956,1125,litter_colour,829,427,764,392,895,463,COLOR_SEC
19:04:36.956,1125,litter_colour,501,344,475,332,528,357,COLOR_SEC
19:04:36.956,1125,litter_colour,1128,386,971,324,1285,448,COLOR_SEC
19:04:36.956,1125,litter_colour,144,356,93,324,195,388,COLOR_SEC
19:04:37.093,1126,litter_motion,1093,831,1066,811,1120,852,COLOR_SEC
19:04:37.093,1126,litter_motion,729,729,693,710,765,748,COLOR_SEC
19:04:37.093,1126,litter_motion,498,692,442,648,555,737,COLOR_SEC
19:04:37.093,1126,litter_colour,729,727,693,706,765,749,COLOR_SEC
19:04:37.093,1126,litter_colour,829,427,764,392,895,463,COLOR_SEC
19:04:37.093,1126,litter_colour,501,344,474,332,528,357,COLOR_SEC
19:04:37.093,1126,litter_colour,1129,383,971,324,1287,443,COLOR_SEC
19:04:37.093,1126,litter_colour,143,356,92,324,195,388,COLOR_SEC
19:04:37.219,1127,litter_motion,1091,833,1063,814,1120,853,COLOR_SEC
19:04:37.219,1127,litter_motion,729,730,693,711,766,749,COLOR_SEC
19:04:37.219,1127,litter_motion,499,689,445,648,554,731,COLOR_SEC
19:04:37.219,1127,litter_colour,926,1037,886,1001,966,1074,COLOR_SEC
19:04:37.219,1127,litter_colour,1084,826,1030,794,1138,858,COLOR_SEC
19:04:37.219,1127,litter_colour,728,728,692,706,765,750,COLOR_SEC
19:04:37.219,1127,litter_colour,829,427,764,392,895,463,COLOR_SEC
19:04:37.219,1127,litter_colour,501,344,474,331,528,357,COLOR_SEC
19:04:37.219,1127,litter_colour,1129,383,971,324,1287,443,COLOR_SEC
19:04:37.219,1127,litter_colour,143,355,92,324,194,387,COLOR_SEC
19:04:37.345,1128,litter_motion,1092,834,1064,815,1121,854,COLOR_SEC
19:04:37.345,1128,litter_motion,728,731,692,712,765,750,COLOR_SEC
19:04:37.345,1128,litter_motion,497,694,441,649,554,739,COLOR_SEC
19:04:37.345,1128,litter_colour,1084,827,1030,795,1139,860,COLOR_SEC
19:04:37.345,1128,litter_colour,728,728,692,707,765,750,COLOR_SEC
19:04:37.345,1128,litter_colour,822,427,764,392,880,463,COLOR_SEC
19:04:37.345,1128,litter_colour,500,344,474,331,527,357,COLOR_SEC
19:04:37.345,1128,litter_colour,1131,383,972,324,1291,443,COLOR_SEC
19:04:37.345,1128,litter_colour,143,355,92,324,194,387,COLOR_SEC
19:04:37.473,1129,litter_motion,1094,835,1066,815,1122,855,COLOR_SEC
19:04:37.473,1129,litter_motion,727,733,692,715,763,751,COLOR_SEC
19:04:37.473,1129,litter_motion,501,692,449,648,553,736,COLOR_SEC
19:04:37.473,1129,litter_colour,1085,832,1030,802,1140,862,COLOR_SEC
19:04:37.473,1129,litter_colour,728,729,691,708,765,751,COLOR_SEC
19:04:37.473,1129,litter_colour,815,427,764,392,867,463,COLOR_SEC
19:04:37.473,1129,litter_colour,501,344,474,331,528,357,COLOR_SEC
19:04:37.473,1129,litter_colour,1131,383,972,324,1291,443,COLOR_SEC
19:04:37.473,1129,litter_colour,142,355,91,324,193,387,COLOR_SEC
19:04:37.602,1130,litter_motion,1095,837,1067,816,1123,858,COLOR_SEC
19:04:37.602,1130,litter_motion,727,733,691,715,763,751,COLOR_SEC
19:04:37.602,1130,litter_motion,512,690,439,647,585,733,COLOR_SEC
19:04:37.602,1130,litter_colour,727,730,691,708,764,752,COLOR_SEC
19:04:37.602,1130,litter_colour,828,413,764,364,893,463,COLOR_SEC
19:04:37.602,1130,litter_colour,501,343,474,331,528,356,COLOR_SEC
19:04:37.602,1130,litter_colour,1131,383,972,324,1291,443,COLOR_SEC
19:04:37.602,1130,litter_colour,142,355,91,324,193,387,COLOR_SEC
19:04:37.733,1131,litter_motion,1097,838,1068,816,1127,860,COLOR_SEC
19:04:37.733,1131,litter_motion,726,733,691,715,762,752,COLOR_SEC
19:04:37.733,1131,litter_motion,510,698,447,655,573,741,COLOR_SEC
19:04:37.733,1131,litter_colour,1086,831,1032,798,1141,865,COLOR_SEC
19:04:37.733,1131,litter_colour,727,731,690,709,764,753,COLOR_SEC
19:04:37.733,1131,litter_colour,822,436,764,410,880,463,COLOR_SEC
19:04:37.733,1131,litter_colour,500,343,474,330,527,356,COLOR_SEC
19:04:37.733,1131,litter_colour,1131,383,971,324,1292,443,COLOR_SEC
19:04:37.733,1131,litter_colour,141,355,90,324,192,387,COLOR_SEC
19:04:37.862,1132,litter_motion,726,734,690,716,762,753,COLOR_SEC
19:04:37.862,1132,litter_motion,494,686,461,665,528,708,COLOR_SEC
19:04:37.862,1132,litter_colour,726,731,690,709,763,754,COLOR_SEC
19:04:37.862,1132,litter_colour,824,436,764,410,884,463,COLOR_SEC
19:04:37.862,1132,litter_colour,500,343,473,330,527,356,COLOR_SEC
19:04:37.862,1132,litter_colour,1131,383,970,324,1293,443,COLOR_SEC
19:04:37.862,1132,litter_colour,141,355,90,324,192,386,COLOR_SEC
19:04:37.989,1133,litter_motion,725,735,689,716,762,754,COLOR_SEC
19:04:37.989,1133,litter_motion,515,692,444,649,586,735,COLOR_SEC
19:04:37.989,1133,litter_colour,726,732,689,710,763,754,COLOR_SEC
19:04:37.989,1133,litter_colour,829,436,764,409,894,463,COLOR_SEC
19:04:37.989,1133,litter_colour,499,343,473,330,526,356,COLOR_SEC
19:04:37.989,1133,litter_colour,1132,383,972,324,1293,443,COLOR_SEC
19:04:37.989,1133,litter_colour,140,355,89,324,191,386,COLOR_SEC
19:04:38.119,1134,litter_motion,1657,859,1634,827,1681,892,COLOR_SEC
19:04:38.119,1134,litter_motion,725,735,689,716,761,754,COLOR_SEC
19:04:38.119,1134,litter_motion,507,696,443,656,571,736,COLOR_SEC
19:04:38.119,1134,litter_colour,1657,859,1633,826,1682,892,COLOR_SEC
19:04:38.119,1134,litter_colour,725,733,688,711,762,755,COLOR_SEC
19:04:38.119,1134,litter_colour,832,412,770,363,894,462,COLOR_SEC
19:04:38.119,1134,litter_colour,500,343,473,330,527,356,COLOR_SEC
19:04:38.119,1134,litter_colour,1133,383,971,324,1295,442,COLOR_SEC
19:04:38.119,1134,litter_colour,140,355,89,324,191,386,COLOR_SEC
19:04:38.252,1135,litter_motion,241,951,210,923,273,980,COLOR_SEC
19:04:38.252,1135,litter_motion,1662,861,1639,828,1685,894,COLOR_SEC
19:04:38.252,1135,litter_motion,724,735,688,716,761,755,COLOR_SEC
19:04:38.252,1135,litter_motion,502,696,442,649,562,743,COLOR_SEC
19:04:38.252,1135,litter_colour,1661,860,1636,827,1686,894,COLOR_SEC
19:04:38.252,1135,litter_colour,725,733,688,711,762,756,COLOR_SEC
19:04:38.252,1135,litter_colour,825,422,769,383,881,462,COLOR_SEC
19:04:38.252,1135,litter_colour,499,342,473,329,526,355,COLOR_SEC
19:04:38.252,1135,litter_colour,1132,383,971,324,1294,442,COLOR_SEC
19:04:38.252,1135,litter_colour,139,355,88,324,190,386,COLOR_SEC
19:04:38.383,1136,litter_motion,1664,862,1640,830,1688,895,COLOR_SEC
19:04:38.383,1136,litter_motion,724,738,687,721,761,756,COLOR_SEC
19:04:38.383,1136,litter_motion,496,694,429,649,564,739,COLOR_SEC
19:04:38.383,1136,litter_colour,1664,862,1639,829,1689,896,COLOR_SEC
19:04:38.383,1136,litter_colour,724,734,687,712,762,757,COLOR_SEC
19:04:38.383,1136,litter_colour,829,412,764,362,894,462,COLOR_SEC
19:04:38.383,1136,litter_colour,499,342,473,329,526,355,COLOR_SEC
19:04:38.383,1136,litter_colour,1130,385,965,324,1295,447,COLOR_SEC
19:04:38.383,1136,litter_colour,139,354,88,324,190,385,COLOR_SEC
19:04:38.512,1137,litter_motion,1668,864,1644,831,1692,898,COLOR_SEC
19:04:38.512,1137,litter_motion,724,739,687,721,762,757,COLOR_SEC
19:04:38.512,1137,litter_motion,504,698,439,658,569,739,COLOR_SEC
19:04:38.512,1137,litter_colour,1668,864,1643,831,1693,898,COLOR_SEC
19:04:38.512,1137,litter_colour,1091,838,1035,804,1147,873,COLOR_SEC
19:04:38.512,1137,litter_colour,724,734,686,712,762,757,COLOR_SEC
19:04:38.512,1137,litter_colour,1636,405,1583,382,1690,429,COLOR_SEC
19:04:38.512,1137,litter_colour,1540,421,1494,382,1587,461,COLOR_SEC
19:04:38.512,1137,litter_colour,828,411,764,362,893,461,COLOR_SEC
19:04:38.512,1137,litter_colour,500,342,473,329,527,355,COLOR_SEC
19:04:38.512,1137,litter_colour,1130,383,965,324,1295,442,COLOR_SEC
19:04:38.512,1137,litter_colour,138,354,87,324,189,385,COLOR_SEC
19:04:38.644,1138,litter_motion,1671,866,1647,833,1695,899,COLOR_SEC
19:04:38.644,1138,litter_motion,723,740,686,723,761,758,COLOR_SEC
19:04:38.644,1138,litter_motion,498,698,438,658,558,738,COLOR_SEC
19:04:38.644,1138,litter_colour,1671,866,1646,832,1696,900,COLOR_SEC
19:04:38.644,1138,litter_colour,723,735,685,713,761,758,COLOR_SEC
19:04:38.644,1138,litter_colour,1637,405,1582,382,1692,429,COLOR_SEC
19:04:38.644,1138,litter_colour,1540,421,1492,382,1589,461,COLOR_SEC
19:04:38.644,1138,litter_colour,831,411,769,361,893,461,COLOR_SEC
19:04:38.644,1138,litter_colour,499,341,472,328,526,355,COLOR_SEC
19:04:38.644,1138,litter_colour,1131,383,965,324,1297,442,COLOR_SEC
19:04:38.644,1138,litter_colour,138,354,87,324,189,385,COLOR_SEC
19:04:38.771,1139,litter_motion,1674,868,1650,835,1699,902,COLOR_SEC
19:04:38.771,1139,litter_motion,723,741,685,724,761,759,COLOR_SEC
19:04:38.771,1139,litter_motion,496,701,436,655,557,748,COLOR_SEC
19:04:38.771,1139,litter_colour,1674,868,1649,834,1700,902,COLOR_SEC
19:04:38.771,1139,litter_colour,722,736,684,714,761,759,COLOR_SEC
19:04:38.771,1139,litter_colour,1639,405,1585,382,1694,429,COLOR_SEC
19:04:38.771,1139,litter_colour,1542,421,1494,381,1591,461,COLOR_SEC
19:04:38.771,1139,litter_colour,831,411,769,361,893,461,COLOR_SEC
19:04:38.771,1139,litter_colour,499,341,472,328,526,354,COLOR_SEC
19:04:38.771,1139,litter_colour,1131,383,965,324,1297,442,COLOR_SEC
19:04:38.771,1139,litter_colour,137,354,86,324,188,384,COLOR_SEC
19:04:38.896,1140,litter_motion,1677,870,1653,837,1702,904,COLOR_SEC
19:04:38.896,1140,litter_motion,722,742,684,724,760,760,COLOR_SEC
19:04:38.896,1140,litter_colour,1677,870,1652,836,1703,905,COLOR_SEC
19:04:38.896,1140,litter_colour,722,738,684,715,760,761,COLOR_SEC
19:04:38.896,1140,litter_colour,1543,421,1494,382,1593,461,COLOR_SEC
19:04:38.896,1140,litter_colour,831,411,769,361,893,461,COLOR_SEC
19:04:38.896,1140,litter_colour,499,341,473,328,525,354,COLOR_SEC
19:04:38.896,1140,litter_colour,1131,383,965,324,1297,442,COLOR_SEC
19:04:38.896,1140,litter_colour,136,354,85,324,188,384,COLOR_SEC
19:04:39.025,1141,litter_motion,721,743,683,725,760,762,COLOR_SEC
19:04:39.025,1141,litter_colour,721,739,683,716,759,762,COLOR_SEC
19:04:39.025,1141,litter_colour,1546,421,1496,382,1596,461,COLOR_SEC
19:04:39.025,1141,litter_colour,831,411,769,361,893,462,COLOR_SEC
19:04:39.025,1141,litter_colour,499,341,473,328,525,354,COLOR_SEC
19:04:39.025,1141,litter_colour,1131,383,965,324,1297,442,COLOR_SEC
19:04:39.025,1141,litter_colour,136,354,85,324,187,384,COLOR_SEC
19:04:39.155,1142,litter_motion,1103,855,1073,832,1133,878,COLOR_SEC
19:04:39.155,1142,litter_motion,720,745,682,727,759,763,COLOR_SEC
19:04:39.155,1142,litter_motion,495,687,436,658,555,716,COLOR_SEC
19:04:39.155,1142,litter_colour,925,1062,891,1045,960,1080,COLOR_SEC
19:04:39.155,1142,litter_colour,1093,848,1036,812,1151,884,COLOR_SEC
19:04:39.155,1142,litter_colour,720,740,682,717,759,763,COLOR_SEC
19:04:39.155,1142,litter_colour,1548,421,1498,382,1598,461,COLOR_SEC
19:04:39.155,1142,litter_colour,830,411,768,361,893,461,COLOR_SEC
19:04:39.155,1142,litter_colour,498,341,471,328,526,354,COLOR_SEC
19:04:39.155,1142,litter_colour,1131,385,965,324,1297,447,COLOR_SEC
19:04:39.155,1142,litter_colour,135,354,84,324,187,384,COLOR_SEC
19:04:39.282,1143,litter_motion,1106,857,1078,834,1135,881,COLOR_SEC
19:04:39.282,1143,litter_colour,927,1064,894,1048,961,1080,COLOR_SEC
19:04:39.282,1143,litter_colour,1549,421,1498,382,1600,461,COLOR_SEC
19:04:39.282,1143,litter_colour,830,411,768,361,893,461,COLOR_SEC
19:04:39.282,1143,litter_colour,498,340,472,327,525,354,COLOR_SEC
19:04:39.282,1143,litter_colour,1131,382,965,324,1297,441,COLOR_SEC
19:04:39.282,1143,litter_colour,135,354,84,324,186,384,COLOR_SEC
19:04:39.407,1144,litter_motion,1106,859,1076,835,1136,883,COLOR_SEC
19:04:39.407,1144,litter_colour,927,1065,894,1051,960,1080,COLOR_SEC
19:04:39.407,1144,litter_colour,1550,421,1499,381,1602,461,COLOR_SEC
19:04:39.407,1144,litter_colour,830,411,768,361,892,461,COLOR_SEC
19:04:39.407,1144,litter_colour,497,340,471,327,524,353,COLOR_SEC
19:04:39.407,1144,litter_colour,1132,382,966,324,1299,441,COLOR_SEC
19:04:39.407,1144,litter_colour,134,354,83,324,186,384,COLOR_SEC
19:04:39.533,1145,litter_motion,1108,861,1076,837,1140,885,COLOR_SEC
19:04:39.533,1145,litter_colour,927,1067,894,1054,961,1080,COLOR_SEC
19:04:39.533,1145,litter_colour,1095,854,1037,817,1154,891,COLOR_SEC
19:04:39.533,1145,litter_colour,1553,421,1503,381,1604,462,COLOR_SEC
19:04:39.533,1145,litter_colour,833,411,768,362,899,461,COLOR_SEC
19:04:39.533,1145,litter_colour,499,340,472,327,526,353,COLOR_SEC
19:04:39.533,1145,litter_colour,1132,385,965,324,1299,446,COLOR_SEC
19:04:39.533,1145,litter_colour,133,354,82,324,185,384,COLOR_SEC
19:04:39.661,1146,litter_motion,1110,863,1079,839,1141,888,COLOR_SEC
19:04:39.661,1146,litter_colour,927,1069,895,1058,960,1080,COLOR_SEC
19:04:39.661,1146,litter_colour,1555,422,1504,381,1606,463,COLOR_SEC
19:04:39.661,1146,litter_colour,830,411,768,361,892,461,COLOR_SEC
19:04:39.661,1146,litter_colour,498,340,471,327,525,353,COLOR_SEC
19:04:39.661,1146,litter_colour,1132,383,965,324,1299,442,COLOR_SEC
19:04:39.661,1146,litter_colour,133,353,81,324,185,383,COLOR_SEC
19:04:39.789,1147,litter_motion,1114,865,1081,841,1147,890,COLOR_SEC
19:04:39.789,1147,litter_colour,1556,422,1504,382,1608,463,COLOR_SEC
19:04:39.789,1147,litter_colour,827,411,762,362,892,461,COLOR_SEC
19:04:39.789,1147,litter_colour,498,339,471,326,525,353,COLOR_SEC
19:04:39.789,1147,litter_colour,1133,383,965,324,1301,442,COLOR_SEC
19:04:39.789,1147,litter_colour,132,353,81,324,184,383,COLOR_SEC
19:04:39.919,1148,litter_motion,1879,1015,1838,973,1920,1058,COLOR_SEC
19:04:39.919,1148,litter_motion,1109,867,1076,842,1143,892,COLOR_SEC
19:04:39.919,1148,litter_colour,1855,1025,1790,971,1920,1080,COLOR_SEC
19:04:39.919,1148,litter_colour,1557,422,1504,382,1610,463,COLOR_SEC
19:04:39.919,1148,litter_colour,829,411,767,362,892,461,COLOR_SEC
19:04:39.919,1148,litter_colour,497,340,470,327,524,353,COLOR_SEC
19:04:39.919,1148,litter_colour,1133,383,965,324,1301,442,COLOR_SEC
19:04:39.919,1148,litter_colour,132,353,80,324,184,383,COLOR_SEC
19:04:40.047,1149,litter_motion,1109,869,1076,845,1143,894,COLOR_SEC
19:04:40.047,1149,litter_colour,1857,1027,1795,975,1920,1080,COLOR_SEC
19:04:40.047,1149,litter_colour,829,411,767,362,892,461,COLOR_SEC
19:04:40.047,1149,litter_colour,496,339,469,326,524,353,COLOR_SEC
19:04:40.047,1149,litter_colour,1133,382,965,324,1302,441,COLOR_SEC
19:04:40.047,1149,litter_colour,131,353,79,324,183,383,COLOR_SEC
19:04:40.172,1150,litter_motion,1110,872,1077,847,1144,897,COLOR_SEC
19:04:40.172,1150,litter_motion,716,753,678,733,754,774,COLOR_SEC
19:04:40.172,1150,litter_colour,1860,1023,1801,966,1920,1080,COLOR_SEC
19:04:40.172,1150,litter_colour,1098,865,1038,827,1159,903,COLOR_SEC
19:04:40.172,1150,litter_colour,1183,823,1151,795,1215,851,COLOR_SEC
19:04:40.172,1150,litter_colour,714,750,674,726,754,775,COLOR_SEC
19:04:40.172,1150,litter_colour,826,411,761,361,892,461,COLOR_SEC
19:04:40.172,1150,litter_colour,496,339,469,327,523,352,COLOR_SEC
19:04:40.172,1150,litter_colour,1134,383,965,324,1303,442,COLOR_SEC
19:04:40.172,1150,litter_colour,130,353,78,324,182,383,COLOR_SEC
19:04:40.298,1151,litter_motion,1112,874,1080,849,1144,900,COLOR_SEC
19:04:40.298,1151,litter_motion,714,755,674,734,754,776,COLOR_SEC
19:04:40.298,1151,litter_colour,1867,1032,1815,984,1920,1080,COLOR_SEC
19:04:40.298,1151,litter_colour,1099,867,1038,829,1160,905,COLOR_SEC
19:04:40.298,1151,litter_colour,1184,824,1152,797,1216,852,COLOR_SEC
19:04:40.298,1151,litter_colour,714,752,674,728,754,776,COLOR_SEC
19:04:40.298,1151,litter_colour,813,422,761,384,866,461,COLOR_SEC
19:04:40.298,1151,litter_colour,496,339,470,326,522,353,COLOR_SEC
19:04:40.298,1151,litter_colour,1133,383,964,324,1303,442,COLOR_SEC
19:04:40.298,1151,litter_colour,129,353,77,324,181,383,COLOR_SEC
19:04:40.427,1152,litter_motion,1114,876,1082,851,1146,902,COLOR_SEC
19:04:40.427,1152,litter_motion,713,756,673,735,753,778,COLOR_SEC
19:04:40.427,1152,litter_colour,1870,1034,1820,988,1920,1080,COLOR_SEC
19:04:40.427,1152,litter_colour,1185,827,1154,799,1217,855,COLOR_SEC
19:04:40.427,1152,litter_colour,712,753,672,729,752,778,COLOR_SEC
19:04:40.427,1152,litter_colour,813,423,761,384,866,462,COLOR_SEC
19:04:40.427,1152,litter_colour,496,338,469,325,523,352,COLOR_SEC
19:04:40.427,1152,litter_colour,1134,386,965,324,1303,448,COLOR_SEC
19:04:40.427,1152,litter_colour,129,353,77,324,181,383,COLOR_SEC
19:04:40.553,1153,litter_motion,1117,879,1083,853,1151,905,COLOR_SEC
19:04:40.553,1153,litter_motion,712,757,672,735,752,779,COLOR_SEC
19:04:40.553,1153,litter_colour,1875,1036,1830,993,1920,1080,COLOR_SEC
19:04:40.553,1153,litter_colour,1190,827,1162,801,1218,854,COLOR_SEC
19:04:40.553,1153,litter_colour,712,754,672,730,752,779,COLOR_SEC
19:04:40.553,1153,litter_colour,813,423,760,385,866,461,COLOR_SEC
19:04:40.553,1153,litter_colour,495,338,469,325,522,351,COLOR_SEC
19:04:40.553,1153,litter_colour,1134,383,964,324,1304,442,COLOR_SEC
19:04:40.553,1153,litter_colour,128,353,76,324,180,382,COLOR_SEC
19:04:40.680,1154,litter_motion,710,758,671,735,750,781,COLOR_SEC
19:04:40.680,1154,litter_colour,1101,874,1040,836,1163,913,COLOR_SEC
19:04:40.680,1154,litter_colour,1187,831,1156,803,1219,859,COLOR_SEC
19:04:40.680,1154,litter_colour,711,756,670,731,752,781,COLOR_SEC
19:04:40.680,1154,litter_colour,812,423,760,385,865,461,COLOR_SEC
19:04:40.680,1154,litter_colour,1667,408,1608,380,1726,436,COLOR_SEC
19:04:40.680,1154,litter_colour,495,338,469,325,522,352,COLOR_SEC
19:04:40.680,1154,litter_colour,1133,386,964,324,1303,448,COLOR_SEC
19:04:40.680,1154,litter_colour,127,353,75,324,179,382,COLOR_SEC
19:04:40.809,1155,litter_motion,710,759,670,736,750,782,COLOR_SEC
19:04:40.809,1155,litter_colour,1102,877,1040,838,1164,916,COLOR_SEC
19:04:40.809,1155,litter_colour,1188,833,1157,804,1219,862,COLOR_SEC
19:04:40.809,1155,litter_colour,710,757,670,733,751,782,COLOR_SEC
19:04:40.809,1155,litter_colour,1668,408,1609,381,1728,436,COLOR_SEC
19:04:40.809,1155,litter_colour,825,411,760,361,891,461,COLOR_SEC
19:04:40.809,1155,litter_colour,496,338,469,325,523,351,COLOR_SEC
19:04:40.809,1155,litter_colour,1134,386,965,324,1303,448,COLOR_SEC
19:04:40.809,1155,litter_colour,126,353,75,324,178,382,COLOR_SEC
19:04:40.937,1156,litter_colour,1103,879,1041,840,1165,918,COLOR_SEC
19:04:40.937,1156,litter_colour,1189,835,1158,806,1221,864,COLOR_SEC
19:04:40.937,1156,litter_colour,709,759,669,734,750,784,COLOR_SEC
19:04:40.937,1156,litter_colour,812,434,759,408,865,461,COLOR_SEC
19:04:40.937,1156,litter_colour,1671,408,1611,380,1731,436,COLOR_SEC
19:04:40.937,1156,litter_colour,1134,386,964,324,1305,448,COLOR_SEC
19:04:40.937,1156,litter_colour,495,337,468,324,522,351,COLOR_SEC
19:04:40.937,1156,litter_colour,126,352,74,324,178,381,COLOR_SEC
19:04:41.063,1157,litter_colour,1190,837,1159,808,1222,866,COLOR_SEC
19:04:41.063,1157,litter_colour,811,434,758,407,865,461,COLOR_SEC
19:04:41.063,1157,litter_colour,1673,408,1614,381,1733,436,COLOR_SEC
19:04:41.063,1157,litter_colour,1134,382,964,324,1305,441,COLOR_SEC
19:04:41.063,1157,litter_colour,494,337,468,324,521,350,COLOR_SEC
19:04:41.063,1157,litter_colour,125,352,73,324,177,381,COLOR_SEC
19:04:41.192,1158,litter_colour,1191,839,1160,810,1223,869,COLOR_SEC
19:04:41.192,1158,litter_colour,811,433,758,406,865,461,COLOR_SEC
19:04:41.192,1158,litter_colour,1674,410,1614,383,1734,437,COLOR_SEC
19:04:41.192,1158,litter_colour,1134,383,964,324,1305,442,COLOR_SEC
19:04:41.192,1158,litter_colour,495,337,467,324,523,350,COLOR_SEC
19:04:41.192,1158,litter_colour,124,352,72,324,177,381,COLOR_SEC
19:04:41.321,1159,litter_colour,824,434,759,407,890,461,COLOR_SEC
19:04:41.321,1159,litter_colour,1677,410,1616,383,1738,437,COLOR_SEC
19:04:41.321,1159,litter_colour,1134,386,964,324,1305,449,COLOR_SEC
19:04:41.321,1159,litter_colour,494,337,467,324,522,350,COLOR_SEC
19:04:41.321,1159,litter_colour,124,352,72,324,176,381,COLOR_SEC
19:04:41.454,1160,litter_colour,811,435,758,409,865,461,COLOR_SEC
19:04:41.454,1160,litter_colour,1679,410,1618,383,1740,437,COLOR_SEC
19:04:41.454,1160,litter_colour,1135,387,964,324,1307,450,COLOR_SEC
19:04:41.454,1160,litter_colour,494,337,467,324,521,350,COLOR_SEC
19:04:41.454,1160,litter_colour,123,352,71,324,176,381,COLOR_SEC
19:04:41.585,1161,litter_colour,811,435,758,409,865,462,COLOR_SEC
19:04:41.585,1161,litter_colour,1677,410,1620,383,1735,437,COLOR_SEC
19:04:41.585,1161,litter_colour,1135,383,964,324,1307,443,COLOR_SEC
19:04:41.585,1161,litter_colour,494,337,467,324,521,350,COLOR_SEC
19:04:41.585,1161,litter_colour,122,352,70,324,175,381,COLOR_SEC
19:04:41.715,1162,litter_colour,824,423,758,384,891,462,COLOR_SEC
19:04:41.715,1162,litter_colour,493,337,466,324,521,350,COLOR_SEC
19:04:41.715,1162,litter_colour,122,352,70,324,175,381,COLOR_SEC
19:04:41.844,1163,litter_motion,703,771,663,746,743,797,COLOR_SEC
19:04:41.844,1163,litter_colour,705,771,663,745,748,797,COLOR_SEC
19:04:41.844,1163,litter_colour,811,423,758,384,864,462,COLOR_SEC
19:04:41.844,1163,litter_colour,1583,426,1527,382,1640,471,COLOR_SEC
19:04:41.844,1163,litter_colour,493,337,466,324,521,350,COLOR_SEC
19:04:41.844,1163,litter_colour,121,352,69,324,174,381,COLOR_SEC
19:04:41.975,1164,litter_motion,704,773,663,748,746,799,COLOR_SEC
19:04:41.975,1164,litter_colour,704,773,662,747,747,799,COLOR_SEC
19:04:41.975,1164,litter_colour,811,423,758,384,864,462,COLOR_SEC
19:04:41.975,1164,litter_colour,1585,428,1528,383,1642,473,COLOR_SEC
19:04:41.975,1164,litter_colour,493,337,465,324,522,350,COLOR_SEC
19:04:41.975,1164,litter_colour,121,352,68,324,174,381,COLOR_SEC
19:04:42.104,1165,litter_motion,703,776,662,750,744,802,COLOR_SEC
19:04:42.104,1165,litter_colour,704,775,662,749,747,801,COLOR_SEC
19:04:42.104,1165,litter_colour,813,424,762,385,864,463,COLOR_SEC
19:04:42.104,1165,litter_colour,1586,428,1530,384,1643,473,COLOR_SEC
19:04:42.104,1165,litter_colour,493,337,465,324,522,350,COLOR_SEC
19:04:42.104,1165,litter_colour,120,352,67,324,173,381,COLOR_SEC
19:04:42.237,1166,litter_motion,707,778,661,753,753,803,COLOR_SEC
19:04:42.237,1166,litter_colour,1112,907,1048,864,1176,950,COLOR_SEC
19:04:42.237,1166,litter_colour,703,777,661,751,746,803,COLOR_SEC
19:04:42.237,1166,litter_colour,824,424,758,385,891,463,COLOR_SEC
19:04:42.237,1166,litter_colour,1585,428,1528,384,1643,473,COLOR_SEC
19:04:42.237,1166,litter_colour,492,337,465,324,520,351,COLOR_SEC
19:04:42.368,1167,litter_motion,703,779,661,753,746,806,COLOR_SEC
19:04:42.368,1167,litter_colour,1112,909,1048,867,1177,952,COLOR_SEC
19:04:42.368,1167,litter_colour,703,779,660,752,746,806,COLOR_SEC
19:04:42.368,1167,litter_colour,811,436,758,408,865,464,COLOR_SEC
19:04:42.368,1167,litter_colour,1588,429,1532,384,1644,475,COLOR_SEC
19:04:42.368,1167,litter_colour,492,338,464,325,520,351,COLOR_SEC
19:04:42.500,1168,litter_motion,705,781,660,755,751,807,COLOR_SEC
19:04:42.500,1168,litter_colour,1114,912,1050,869,1179,956,COLOR_SEC
19:04:42.500,1168,litter_colour,702,781,659,754,746,808,COLOR_SEC
19:04:42.500,1168,litter_colour,811,437,758,410,864,464,COLOR_SEC
19:04:42.500,1168,litter_colour,1592,430,1534,384,1650,477,COLOR_SEC
19:04:42.500,1168,litter_colour,841,375,816,361,866,390,COLOR_SEC
19:04:42.500,1168,litter_colour,492,338,464,325,521,352,COLOR_SEC
19:04:42.623,1169,litter_motion,1792,955,1763,915,1822,995,COLOR_SEC
19:04:42.624,1169,litter_motion,701,783,659,757,743,809,COLOR_SEC
19:04:42.624,1169,litter_colour,1792,956,1759,914,1825,999,COLOR_SEC
19:04:42.624,1169,litter_colour,1115,915,1050,872,1180,959,COLOR_SEC
19:04:42.624,1169,litter_colour,702,783,659,756,746,810,COLOR_SEC
19:04:42.624,1169,litter_colour,811,437,758,409,864,465,COLOR_SEC
19:04:42.624,1169,litter_colour,1591,430,1536,386,1646,475,COLOR_SEC
19:04:42.624,1169,litter_colour,493,338,464,325,522,351,COLOR_SEC
19:04:42.753,1170,litter_motion,1799,958,1771,918,1827,998,COLOR_SEC
19:04:42.753,1170,litter_motion,702,785,659,759,745,812,COLOR_SEC
19:04:42.753,1170,litter_colour,1116,918,1051,875,1182,962,COLOR_SEC
19:04:42.753,1170,litter_colour,701,785,658,758,745,812,COLOR_SEC
19:04:42.753,1170,litter_colour,814,437,763,410,865,465,COLOR_SEC
19:04:42.753,1170,litter_colour,492,338,464,325,521,352,COLOR_SEC
19:04:42.884,1171,litter_motion,701,787,658,760,745,814,COLOR_SEC
19:04:42.884,1171,litter_colour,701,787,658,760,745,814,COLOR_SEC
19:04:42.884,1171,litter_colour,1426,668,1385,650,1467,687,COLOR_SEC
19:04:42.885,1171,litter_colour,811,438,758,410,865,466,COLOR_SEC
19:04:42.885,1171,litter_colour,493,339,465,326,521,352,COLOR_SEC
19:04:43.011,1172,litter_motion,701,788,658,762,744,815,COLOR_SEC
19:04:43.011,1172,litter_motion,1095,772,1068,746,1123,799,COLOR_SEC
19:04:43.011,1172,litter_colour,700,788,657,761,744,815,COLOR_SEC
19:04:43.011,1172,litter_colour,811,438,758,410,865,466,COLOR_SEC
19:04:43.011,1172,litter_colour,493,339,465,326,521,352,COLOR_SEC
19:04:43.135,1173,litter_motion,702,790,657,763,748,818,COLOR_SEC
19:04:43.135,1173,litter_motion,1097,775,1071,748,1124,802,COLOR_SEC
19:04:43.135,1173,litter_colour,700,790,656,763,744,818,COLOR_SEC
19:04:43.135,1173,litter_colour,811,439,758,411,865,467,COLOR_SEC
19:04:43.135,1173,litter_colour,493,339,464,326,522,352,COLOR_SEC
19:04:43.258,1174,litter_motion,699,792,656,765,743,820,COLOR_SEC
19:04:43.258,1174,litter_motion,1098,775,1071,750,1125,801,COLOR_SEC
19:04:43.258,1174,litter_colour,700,792,656,764,744,820,COLOR_SEC
19:04:43.258,1174,litter_colour,811,427,757,388,865,467,COLOR_SEC
19:04:43.258,1174,litter_colour,493,339,464,326,522,352,COLOR_SEC
19:04:43.384,1175,litter_motion,699,794,655,767,743,821,COLOR_SEC
19:04:43.384,1175,litter_motion,1098,776,1071,751,1126,802,COLOR_SEC
19:04:43.384,1175,litter_colour,699,794,655,766,744,822,COLOR_SEC
19:04:43.384,1175,litter_colour,811,439,758,411,865,467,COLOR_SEC
19:04:43.384,1175,litter_colour,492,339,464,326,520,353,COLOR_SEC
19:04:43.516,1176,litter_motion,699,795,655,768,743,823,COLOR_SEC
19:04:43.516,1176,litter_motion,1099,778,1071,752,1127,804,COLOR_SEC
19:04:43.516,1176,litter_colour,698,795,654,767,743,823,COLOR_SEC
19:04:43.516,1176,litter_colour,814,439,764,411,865,467,COLOR_SEC
19:04:43.516,1176,litter_colour,1715,418,1648,389,1782,447,COLOR_SEC
19:04:43.516,1176,litter_colour,492,339,464,326,520,353,COLOR_SEC
19:04:43.641,1177,litter_motion,1147,945,1103,913,1192,978,COLOR_SEC
19:04:43.641,1177,litter_motion,701,797,654,770,749,825,COLOR_SEC
19:04:43.641,1177,litter_motion,1099,782,1071,753,1128,811,COLOR_SEC
19:04:43.641,1177,litter_colour,1130,934,1066,884,1194,985,COLOR_SEC
19:04:43.641,1177,litter_colour,697,797,653,769,742,825,COLOR_SEC
19:04:43.641,1177,litter_colour,1717,418,1650,389,1784,447,COLOR_SEC
19:04:43.641,1177,litter_colour,810,428,757,389,864,467,COLOR_SEC
19:04:43.641,1177,litter_colour,491,339,464,326,519,353,COLOR_SEC
19:04:43.767,1178,litter_motion,1146,947,1099,915,1194,980,COLOR_SEC
19:04:43.767,1178,litter_motion,697,798,653,771,742,826,COLOR_SEC
19:04:43.767,1178,litter_motion,1098,782,1068,754,1128,811,COLOR_SEC
19:04:43.767,1178,litter_colour,1131,937,1067,886,1195,989,COLOR_SEC
19:04:43.767,1178,litter_colour,697,798,653,770,742,827,COLOR_SEC
19:04:43.767,1178,litter_colour,810,439,757,411,864,468,COLOR_SEC
19:04:43.767,1178,litter_colour,1719,418,1651,388,1788,448,COLOR_SEC
19:04:43.767,1178,litter_colour,491,339,463,326,519,353,COLOR_SEC
19:04:43.891,1179,litter_motion,1150,950,1106,918,1195,983,COLOR_SEC
19:04:43.891,1179,litter_motion,1099,781,1068,755,1130,808,COLOR_SEC
19:04:43.891,1179,litter_colour,1132,940,1068,889,1197,992,COLOR_SEC
19:04:43.891,1179,litter_colour,810,439,756,411,864,468,COLOR_SEC
19:04:43.891,1179,litter_colour,491,339,463,326,519,353,COLOR_SEC
19:04:44.021,1180,litter_motion,1152,953,1107,920,1197,986,COLOR_SEC
19:04:44.021,1180,litter_motion,1099,784,1068,757,1131,811,COLOR_SEC
19:04:44.021,1180,litter_colour,1133,943,1068,891,1198,995,COLOR_SEC
19:04:44.021,1180,litter_colour,797,580,758,564,836,596,COLOR_SEC
19:04:44.021,1180,litter_colour,810,439,756,411,864,468,COLOR_SEC
19:04:44.021,1180,litter_colour,491,339,463,326,519,353,COLOR_SEC
19:04:44.021,1180,litter_colour,113,353,60,324,167,383,COLOR_SEC
19:04:44.148,1181,litter_motion,1153,955,1108,922,1199,989,COLOR_SEC
19:04:44.148,1181,litter_motion,1101,784,1071,758,1132,811,COLOR_SEC
19:04:44.148,1181,litter_colour,1135,945,1070,893,1200,998,COLOR_SEC
19:04:44.148,1181,litter_colour,797,580,758,563,836,597,COLOR_SEC
19:04:44.148,1181,litter_colour,810,439,756,411,864,468,COLOR_SEC
19:04:44.148,1181,litter_colour,491,339,463,326,519,353,COLOR_SEC
19:04:44.148,1181,litter_colour,113,353,59,324,167,383,COLOR_SEC
19:04:44.273,1182,litter_motion,1153,959,1106,925,1201,993,COLOR_SEC
19:04:44.273,1182,litter_motion,1100,788,1069,760,1132,817,COLOR_SEC
19:04:44.273,1182,litter_colour,1137,949,1071,896,1203,1002,COLOR_SEC
19:04:44.273,1182,litter_colour,796,580,757,564,836,597,COLOR_SEC
19:04:44.273,1182,litter_colour,490,340,462,327,519,353,COLOR_SEC
19:04:44.273,1182,litter_colour,112,353,58,324,166,383,COLOR_SEC
19:04:44.404,1183,litter_motion,1105,788,1075,761,1135,815,COLOR_SEC
19:04:44.404,1183,litter_colour,1138,951,1072,898,1204,1005,COLOR_SEC
19:04:44.404,1183,litter_colour,797,580,760,563,834,598,COLOR_SEC
19:04:44.404,1183,litter_colour,490,339,462,326,519,353,COLOR_SEC
19:04:44.404,1183,litter_colour,111,354,57,324,166,384,COLOR_SEC
19:04:44.535,1184,litter_motion,1109,790,1084,761,1135,819,COLOR_SEC
19:04:44.535,1184,litter_colour,1139,955,1073,901,1206,1010,COLOR_SEC
19:04:44.535,1184,litter_colour,795,581,756,564,835,598,COLOR_SEC
19:04:44.535,1184,litter_colour,1628,434,1576,388,1680,480,COLOR_SEC
19:04:44.535,1184,litter_colour,490,340,462,327,519,353,COLOR_SEC
19:04:44.535,1184,litter_colour,110,354,56,324,165,384,COLOR_SEC
19:04:44.662,1185,litter_motion,1110,792,1084,763,1137,821,COLOR_SEC
19:04:44.663,1185,litter_colour,1142,958,1077,903,1208,1013,COLOR_SEC
19:04:44.663,1185,litter_colour,795,581,757,565,834,598,COLOR_SEC
19:04:44.663,1185,litter_colour,1632,434,1582,389,1682,480,COLOR_SEC
19:04:44.663,1185,litter_colour,489,341,461,328,517,354,COLOR_SEC
19:04:44.663,1185,litter_colour,110,354,56,324,164,384,COLOR_SEC
19:04:44.789,1186,litter_motion,695,813,646,784,745,842,COLOR_SEC
19:04:44.790,1186,litter_motion,1116,791,1095,761,1138,822,COLOR_SEC
19:04:44.790,1186,litter_colour,692,813,646,783,739,843,COLOR_SEC
19:04:44.790,1186,litter_colour,795,582,756,565,835,600,COLOR_SEC
19:04:44.790,1186,litter_colour,1630,435,1574,389,1686,481,COLOR_SEC
19:04:44.790,1186,litter_colour,489,340,461,327,517,354,COLOR_SEC
19:04:44.790,1186,litter_colour,109,354,55,324,164,384,COLOR_SEC
19:04:44.919,1187,litter_motion,690,815,645,785,735,845,COLOR_SEC
19:04:44.919,1187,litter_motion,1118,796,1098,768,1138,824,COLOR_SEC
19:04:44.919,1187,litter_colour,691,815,644,785,738,845,COLOR_SEC
19:04:44.919,1187,litter_colour,794,583,755,566,833,601,COLOR_SEC
19:04:44.919,1187,litter_colour,1631,435,1575,389,1688,481,COLOR_SEC
19:04:44.919,1187,litter_colour,488,340,460,327,516,354,COLOR_SEC
19:04:44.919,1187,litter_colour,108,354,53,324,163,384,COLOR_SEC
19:04:44.960,1188,litter_yolo,435,698,3,318,867,1078,YOLO
19:04:45.048,1188,litter_motion,1119,796,1098,768,1140,825,COLOR_SEC
19:04:45.049,1188,litter_colour,1637,435,1586,388,1689,482,COLOR_SEC
19:04:45.180,1189,litter_motion,688,819,642,789,735,850,COLOR_SEC
19:04:45.180,1189,litter_motion,1118,798,1096,768,1140,828,COLOR_SEC
19:04:45.180,1189,litter_colour,689,819,642,789,737,850,COLOR_SEC
19:04:45.180,1189,litter_colour,793,585,754,567,833,603,COLOR_SEC
19:04:45.180,1189,litter_colour,1636,436,1581,391,1691,482,COLOR_SEC
19:04:45.180,1189,litter_colour,487,341,459,327,516,355,COLOR_SEC
19:04:45.180,1189,litter_colour,105,354,50,324,160,385,COLOR_SEC
19:04:45.221,1190,litter_yolo,438,692,2,317,874,1068,YOLO
19:04:45.309,1190,litter_colour,1637,437,1579,391,1696,483,COLOR_SEC
19:04:45.351,1191,litter_yolo,434,687,3,317,865,1058,YOLO
19:04:45.440,1191,litter_colour,1639,437,1580,391,1698,483,COLOR_SEC
19:04:45.481,1192,litter_yolo,435,683,3,315,868,1052,YOLO
19:04:45.608,1193,litter_yolo,435,686,3,312,868,1061,YOLO
19:04:45.693,1193,litter_colour,1906,1037,1892,995,1920,1080,COLOR_SEC
19:04:45.693,1193,litter_colour,1756,423,1680,393,1832,453,COLOR_SEC
19:04:45.732,1194,litter_yolo,433,683,3,310,864,1056,YOLO
19:04:45.818,1194,litter_colour,1759,423,1682,393,1836,453,COLOR_SEC
19:04:45.859,1195,litter_yolo,432,680,3,310,862,1050,YOLO
19:04:45.986,1196,litter_yolo,431,683,3,309,860,1058,YOLO
19:04:46.117,1197,litter_yolo,431,678,3,309,859,1048,YOLO
19:04:46.248,1198,litter_yolo,430,674,3,310,857,1038,YOLO
19:04:46.379,1199,litter_yolo,429,679,3,310,856,1049,YOLO
19:04:46.504,1200,litter_yolo,430,685,3,308,858,1063,YOLO
19:04:46.627,1201,litter_yolo,434,684,3,307,865,1062,YOLO
19:04:46.838,1202,litter_colour,482,341,452,328,512,355,COLOR_SEC
19:04:46.968,1203,litter_motion,1193,1037,1140,994,1246,1080,COLOR_SEC
19:04:46.968,1203,litter_colour,1169,1036,1091,993,1247,1080,COLOR_SEC
19:04:46.968,1203,litter_colour,480,341,452,328,509,355,COLOR_SEC
19:04:47.094,1204,litter_motion,1195,1039,1142,998,1248,1080,COLOR_SEC
19:04:47.094,1204,litter_colour,1171,1038,1092,997,1250,1080,COLOR_SEC
19:04:47.094,1204,litter_colour,481,342,452,328,510,356,COLOR_SEC
19:04:47.221,1205,litter_colour,481,342,452,329,510,356,COLOR_SEC
19:04:47.352,1206,litter_colour,481,342,452,328,511,356,COLOR_SEC
19:04:47.478,1207,litter_colour,480,342,452,329,509,356,COLOR_SEC
19:04:47.519,1208,litter_yolo,432,674,5,308,859,1041,YOLO
19:04:47.646,1209,litter_yolo,423,677,3,311,844,1044,YOLO
19:04:47.775,1210,litter_yolo,428,683,3,310,854,1056,YOLO
19:04:47.904,1211,litter_yolo,430,682,3,308,857,1056,YOLO
19:04:48.036,1212,litter_yolo,433,679,3,307,863,1052,YOLO
19:04:48.126,1212,litter_colour,1622,648,1588,627,1657,670,COLOR_SEC
19:04:48.169,1213,litter_yolo,432,682,3,307,861,1058,YOLO
19:04:48.257,1213,litter_colour,1625,649,1591,628,1660,671,COLOR_SEC
19:04:48.300,1214,litter_yolo,433,686,3,306,863,1066,YOLO
19:04:48.386,1214,litter_colour,1628,651,1593,630,1663,672,COLOR_SEC
19:04:48.513,1215,litter_colour,1630,658,1595,631,1666,686,COLOR_SEC
19:04:48.513,1215,litter_colour,803,435,748,392,859,478,COLOR_SEC
19:04:48.642,1216,litter_motion,1207,1062,1160,1045,1254,1080,COLOR_SEC
19:04:48.642,1216,litter_colour,1206,1061,1155,1043,1258,1080,COLOR_SEC
19:04:48.642,1216,litter_colour,1631,653,1594,632,1669,675,COLOR_SEC
19:04:48.642,1216,litter_colour,803,435,747,392,859,478,COLOR_SEC
19:04:48.770,1217,litter_motion,1218,1064,1184,1049,1252,1080,COLOR_SEC
19:04:48.770,1217,litter_colour,1204,1063,1156,1047,1252,1080,COLOR_SEC
19:04:48.770,1217,litter_colour,1636,654,1600,633,1673,676,COLOR_SEC
19:04:48.770,1217,litter_colour,803,435,747,392,860,479,COLOR_SEC
19:04:48.899,1218,litter_colour,1210,1065,1181,1051,1239,1080,COLOR_SEC
19:04:48.899,1218,litter_colour,1638,658,1603,634,1674,683,COLOR_SEC
19:04:48.899,1218,litter_colour,803,435,747,392,859,479,COLOR_SEC
19:04:49.024,1219,litter_colour,1210,1067,1183,1054,1237,1080,COLOR_SEC
19:04:49.149,1220,litter_colour,1514,656,1481,634,1547,679,COLOR_SEC
19:04:49.191,1221,litter_yolo,437,686,2,312,873,1060,YOLO
19:04:49.277,1221,litter_motion,1144,873,1107,831,1181,916,COLOR_SEC
19:04:49.277,1221,litter_colour,1516,658,1483,636,1549,680,COLOR_SEC
19:04:49.319,1222,litter_yolo,437,691,2,312,872,1071,YOLO
19:04:49.406,1222,litter_colour,1517,659,1485,637,1550,682,COLOR_SEC
19:04:49.445,1223,litter_yolo,436,691,3,313,870,1070,YOLO
19:04:49.530,1223,litter_colour,1519,660,1487,638,1552,683,COLOR_SEC
19:04:49.657,1224,litter_colour,802,437,746,393,859,481,COLOR_SEC
19:04:49.701,1225,litter_yolo,436,692,3,316,869,1068,YOLO
19:04:49.827,1226,litter_yolo,435,691,3,318,867,1064,YOLO
19:04:49.953,1227,litter_yolo,434,684,3,319,866,1050,YOLO
19:04:50.078,1228,litter_yolo,434,695,3,319,865,1072,YOLO
19:04:50.205,1229,litter_yolo,435,688,3,320,868,1056,YOLO
19:04:50.292,1229,litter_colour,914,1030,843,980,985,1080,COLOR_SEC
19:04:50.335,1230,litter_yolo,436,687,3,320,870,1054,YOLO
19:04:50.424,1230,litter_colour,914,1031,843,983,985,1080,COLOR_SEC
19:04:50.464,1231,litter_yolo,441,682,5,316,877,1048,YOLO
19:04:50.548,1231,litter_colour,914,1033,843,986,986,1080,COLOR_SEC
19:04:50.589,1232,litter_yolo,436,692,2,319,870,1066,YOLO
19:04:50.690,1232,litter_colour,913,1034,842,989,985,1080,COLOR_SEC
19:04:50.732,1233,litter_yolo,435,692,3,318,868,1067,YOLO
19:04:50.817,1233,litter_colour,913,1036,843,992,984,1080,COLOR_SEC
19:04:50.858,1234,litter_yolo,433,692,3,318,863,1066,YOLO
19:04:50.943,1234,litter_colour,913,1037,842,995,985,1080,COLOR_SEC
19:04:50.985,1235,litter_yolo,431,685,3,318,859,1053,YOLO
19:04:51.070,1235,litter_colour,913,1038,841,997,985,1080,COLOR_SEC
19:04:51.111,1236,litter_yolo,433,688,3,314,863,1062,YOLO
19:04:51.238,1237,litter_yolo,432,676,3,314,862,1038,YOLO
19:04:51.368,1238,litter_yolo,436,673,3,314,870,1033,YOLO
19:04:51.745,1241,litter_yolo,427,653,4,312,850,994,YOLO
19:04:51.830,1241,litter_colour,1557,677,1523,653,1592,702,COLOR_SEC
19:04:51.870,1242,litter_yolo,425,660,4,314,846,1006,YOLO
19:04:51.998,1243,litter_yolo,424,675,2,316,847,1034,YOLO
19:04:52.125,1244,litter_yolo,423,673,3,318,844,1029,YOLO
19:04:52.756,1249,litter_yolo,422,673,2,320,843,1027,YOLO
19:04:53.505,1255,litter_yolo,423,663,3,314,844,1012,YOLO
19:04:53.629,1256,litter_yolo,420,670,3,317,837,1023,YOLO
19:04:53.960,1258,litter_colour,1036,606,1006,588,1067,624,COLOR_SEC
19:04:54.088,1259,litter_colour,1036,605,1006,587,1067,623,COLOR_SEC
19:04:54.128,1260,litter_yolo,426,656,4,307,849,1006,YOLO
19:04:54.216,1260,litter_colour,1037,604,1007,586,1068,623,COLOR_SEC
19:04:54.259,1261,litter_yolo,425,654,4,303,846,1005,YOLO
19:04:54.346,1261,litter_colour,1038,604,1008,586,1068,622,COLOR_SEC
19:04:54.388,1262,litter_yolo,432,657,3,309,862,1005,YOLO
19:04:54.476,1262,litter_colour,1038,604,1008,586,1069,623,COLOR_SEC
19:04:54.517,1263,litter_yolo,438,663,3,313,873,1013,YOLO
19:04:54.605,1263,litter_colour,1039,604,1008,586,1070,623,COLOR_SEC
19:04:54.647,1264,litter_yolo,436,666,4,310,869,1023,YOLO
19:04:54.736,1264,litter_motion,1197,999,1149,918,1246,1080,COLOR_SEC
19:04:54.736,1264,litter_colour,1039,604,1009,585,1070,623,COLOR_SEC
19:04:54.778,1265,litter_yolo,436,659,4,304,868,1014,YOLO
19:04:54.867,1265,litter_colour,1185,975,1094,871,1277,1080,COLOR_SEC
19:04:54.908,1266,litter_yolo,439,652,4,301,875,1004,YOLO
19:04:54.993,1266,litter_colour,1187,976,1096,873,1279,1080,COLOR_SEC
19:04:55.119,1267,litter_colour,1189,977,1097,874,1282,1080,COLOR_SEC
19:04:55.247,1268,litter_colour,1176,978,1098,877,1255,1080,COLOR_SEC
19:04:55.287,1269,litter_yolo,429,657,2,298,856,1017,YOLO
19:04:55.374,1269,litter_colour,1178,979,1100,878,1257,1080,COLOR_SEC
19:04:55.414,1270,litter_yolo,427,666,2,308,852,1025,YOLO
19:04:55.503,1270,litter_colour,1349,823,1317,808,1381,839,COLOR_SEC
19:04:55.543,1271,litter_yolo,427,662,2,315,853,1010,YOLO
19:04:55.632,1271,litter_colour,1181,981,1102,882,1261,1080,COLOR_SEC
19:04:55.632,1271,litter_colour,1346,824,1318,809,1375,840,COLOR_SEC
19:04:55.673,1272,litter_yolo,425,661,2,313,848,1009,YOLO
19:04:55.758,1272,litter_motion,577,1030,500,980,654,1080,COLOR_SEC
19:04:55.758,1272,litter_colour,578,1029,500,978,656,1080,COLOR_SEC
19:04:55.758,1272,litter_colour,1184,982,1104,885,1264,1080,COLOR_SEC
19:04:55.797,1273,litter_yolo,427,655,2,310,852,1000,YOLO
19:04:55.882,1273,litter_motion,586,1031,497,983,676,1080,COLOR_SEC
19:04:55.882,1273,litter_colour,576,1030,497,981,655,1080,COLOR_SEC
19:04:55.882,1273,litter_colour,1186,983,1106,886,1266,1080,COLOR_SEC
19:04:55.922,1274,litter_yolo,428,670,2,308,854,1032,YOLO
19:04:56.007,1274,litter_motion,572,1033,494,986,651,1080,COLOR_SEC
19:04:56.007,1274,litter_colour,573,1032,494,985,653,1080,COLOR_SEC
19:04:56.007,1274,litter_colour,1187,984,1106,889,1268,1080,COLOR_SEC
19:04:56.134,1275,litter_motion,579,1035,484,990,674,1080,COLOR_SEC
19:04:56.134,1275,litter_colour,571,1034,491,988,652,1080,COLOR_SEC
19:04:56.134,1275,litter_colour,1192,985,1114,890,1271,1080,COLOR_SEC
19:04:56.263,1276,litter_motion,576,1037,489,994,663,1080,COLOR_SEC
19:04:56.264,1276,litter_colour,569,1036,488,992,650,1080,COLOR_SEC
19:04:56.264,1276,litter_colour,1180,837,1152,813,1209,862,COLOR_SEC
19:04:56.392,1277,litter_motion,578,1038,487,997,670,1080,COLOR_SEC
19:04:56.392,1277,litter_colour,567,1038,486,996,649,1080,COLOR_SEC
19:04:56.392,1277,litter_colour,1182,839,1154,815,1211,864,COLOR_SEC
19:04:56.561,1279,litter_yolo,443,659,2,302,885,1017,YOLO
19:04:56.649,1279,litter_colour,1044,608,1012,588,1076,628,COLOR_SEC
19:04:56.779,1280,litter_colour,1044,609,1012,589,1076,629,COLOR_SEC
19:04:56.908,1281,litter_colour,1044,609,1012,590,1077,629,COLOR_SEC
19:04:57.035,1282,litter_colour,1045,610,1013,590,1077,630,COLOR_SEC
19:04:57.162,1283,litter_colour,1045,611,1013,591,1078,631,COLOR_SEC
19:04:57.287,1284,litter_colour,1040,611,1002,591,1078,631,COLOR_SEC
19:04:57.412,1285,litter_motion,591,1056,516,1033,667,1080,COLOR_SEC
19:04:57.412,1285,litter_colour,577,1056,515,1032,639,1080,COLOR_SEC
19:04:57.412,1285,litter_colour,1040,611,1002,591,1079,632,COLOR_SEC
19:04:57.453,1286,litter_yolo,427,645,4,305,851,986,YOLO
19:04:57.539,1286,litter_motion,592,1058,519,1037,666,1080,COLOR_SEC
19:04:57.539,1286,litter_colour,578,1058,518,1036,638,1080,COLOR_SEC
19:04:57.540,1286,litter_colour,1041,612,1003,592,1079,632,COLOR_SEC
19:04:57.582,1287,litter_yolo,422,643,3,310,841,976,YOLO
19:04:57.668,1287,litter_motion,578,1061,522,1043,635,1080,COLOR_SEC
19:04:57.668,1287,litter_colour,579,1060,523,1041,636,1080,COLOR_SEC
19:04:57.668,1287,litter_colour,1047,612,1014,592,1080,633,COLOR_SEC
19:04:57.709,1288,litter_yolo,426,643,2,302,850,985,YOLO
19:04:57.801,1288,litter_motion,580,1064,528,1048,632,1080,COLOR_SEC
19:04:57.801,1288,litter_colour,580,1063,527,1046,634,1080,COLOR_SEC
19:04:57.801,1288,litter_colour,1043,613,1007,593,1080,633,COLOR_SEC
19:04:57.844,1289,litter_yolo,430,646,2,295,858,997,YOLO
19:04:57.930,1289,litter_motion,574,1066,531,1052,618,1080,COLOR_SEC
19:04:57.930,1289,litter_colour,576,1065,533,1051,619,1080,COLOR_SEC
19:04:57.930,1289,litter_colour,1048,614,1015,594,1081,634,COLOR_SEC
19:04:57.970,1290,litter_yolo,433,645,2,287,865,1003,YOLO
19:04:58.055,1290,litter_motion,569,1069,529,1058,609,1080,COLOR_SEC
19:04:58.055,1290,litter_colour,573,1068,537,1056,609,1080,COLOR_SEC
19:04:58.056,1290,litter_colour,1045,614,1008,594,1082,635,COLOR_SEC
19:04:58.096,1291,litter_yolo,433,648,2,286,865,1011,YOLO
19:04:58.183,1291,litter_colour,1049,615,1016,595,1082,635,COLOR_SEC
19:04:58.221,1292,litter_yolo,431,646,2,289,861,1003,YOLO
19:04:58.307,1292,litter_colour,1046,615,1009,595,1083,636,COLOR_SEC
19:04:58.347,1293,litter_yolo,428,649,2,295,855,1004,YOLO
19:04:58.435,1293,litter_colour,1047,617,1010,596,1084,638,COLOR_SEC
19:04:58.478,1294,litter_yolo,427,653,2,301,853,1006,YOLO
19:04:58.565,1294,litter_colour,1047,618,1009,597,1085,639,COLOR_SEC
19:04:58.606,1295,litter_yolo,425,665,2,307,849,1024,YOLO
19:04:58.693,1295,litter_colour,1048,619,1010,598,1086,640,COLOR_SEC
19:04:58.732,1296,litter_yolo,420,660,2,311,839,1010,YOLO
19:04:58.816,1296,litter_colour,1253,1020,1184,960,1323,1080,COLOR_SEC
19:04:58.817,1296,litter_colour,1049,620,1011,599,1087,642,COLOR_SEC
19:04:58.857,1297,litter_yolo,420,659,3,310,837,1008,YOLO
19:04:58.941,1297,litter_colour,1255,1022,1184,965,1327,1080,COLOR_SEC
19:04:58.941,1297,litter_colour,1049,622,1011,601,1088,643,COLOR_SEC
19:04:58.981,1298,litter_yolo,424,664,2,303,846,1026,YOLO
19:04:59.065,1298,litter_colour,1258,1025,1186,970,1331,1080,COLOR_SEC
19:04:59.065,1298,litter_colour,1050,623,1011,602,1089,645,COLOR_SEC
19:04:59.195,1299,litter_colour,1262,1027,1192,975,1333,1080,COLOR_SEC
19:04:59.195,1299,litter_colour,1051,625,1013,603,1090,647,COLOR_SEC
19:04:59.235,1300,litter_yolo,451,651,2,312,900,991,YOLO
19:04:59.322,1300,litter_colour,1256,1030,1192,981,1321,1080,COLOR_SEC
19:04:59.322,1300,litter_colour,1053,627,1016,605,1091,649,COLOR_SEC
19:04:59.363,1301,litter_yolo,445,662,2,316,889,1008,YOLO
19:04:59.450,1301,litter_colour,1257,1033,1195,986,1320,1080,COLOR_SEC
19:04:59.450,1301,litter_colour,1053,628,1015,606,1092,650,COLOR_SEC
19:04:59.492,1302,litter_yolo,441,659,3,303,880,1015,YOLO
19:04:59.579,1302,litter_colour,1260,1035,1199,990,1321,1080,COLOR_SEC
19:04:59.580,1302,litter_colour,1054,629,1015,607,1093,652,COLOR_SEC
19:04:59.709,1303,litter_colour,1262,1037,1202,995,1322,1080,COLOR_SEC
19:04:59.709,1303,litter_colour,1059,630,1024,608,1094,653,COLOR_SEC
19:04:59.847,1304,litter_colour,1056,631,1017,609,1095,654,COLOR_SEC
19:04:59.889,1305,litter_yolo,433,662,3,311,863,1013,YOLO
19:04:59.976,1305,litter_colour,1061,632,1027,609,1096,655,COLOR_SEC
19:05:00.018,1306,litter_yolo,428,672,2,313,854,1032,YOLO
19:05:00.108,1306,litter_colour,1058,632,1019,610,1097,655,COLOR_SEC
19:05:00.150,1307,litter_yolo,428,675,2,310,855,1040,YOLO
19:05:00.237,1307,litter_colour,1058,633,1019,610,1098,656,COLOR_SEC
19:05:00.279,1308,litter_yolo,439,657,1,281,878,1033,YOLO
19:05:00.367,1308,litter_colour,1059,633,1019,611,1099,656,COLOR_SEC
19:05:00.499,1309,litter_colour,1060,634,1021,611,1100,657,COLOR_SEC
19:05:00.624,1310,litter_colour,1060,634,1020,611,1101,658,COLOR_SEC
19:05:00.664,1311,litter_yolo,425,671,2,298,849,1045,YOLO
19:05:00.749,1311,litter_colour,1061,635,1021,612,1102,658,COLOR_SEC
19:05:00.876,1312,litter_colour,1062,636,1022,613,1103,659,COLOR_SEC
19:05:00.918,1313,litter_yolo,429,662,2,290,856,1035,YOLO
19:05:01.003,1313,litter_colour,1063,637,1023,614,1104,660,COLOR_SEC
19:05:01.126,1314,litter_colour,1064,637,1023,614,1105,661,COLOR_SEC
19:05:01.167,1315,litter_yolo,430,668,2,295,859,1042,YOLO
19:05:01.252,1315,litter_colour,1065,639,1024,615,1106,663,COLOR_SEC
19:05:01.380,1316,litter_colour,1066,639,1025,616,1107,663,COLOR_SEC
19:05:01.420,1317,litter_yolo,435,670,2,302,869,1039,YOLO
19:05:01.803,1320,litter_yolo,444,649,4,294,885,1005,YOLO
19:05:01.933,1321,litter_yolo,435,653,2,292,868,1014,YOLO
19:05:02.066,1322,litter_yolo,437,654,2,298,872,1011,YOLO
19:05:02.153,1322,litter_colour,1094,549,1052,527,1136,571,COLOR_SEC
19:05:02.196,1323,litter_yolo,436,665,1,299,872,1032,YOLO
19:05:02.285,1323,litter_colour,1095,552,1053,533,1137,571,COLOR_SEC
19:05:02.328,1324,litter_yolo,439,664,1,296,878,1032,YOLO
19:05:02.415,1324,litter_colour,1109,550,1053,527,1166,573,COLOR_SEC
19:05:02.457,1325,litter_yolo,440,655,1,295,880,1016,YOLO
19:05:02.543,1325,litter_colour,1104,550,1053,527,1155,573,COLOR_SEC
19:05:02.583,1326,litter_yolo,439,667,2,297,877,1037,YOLO
19:05:02.666,1326,litter_colour,1110,549,1054,527,1167,572,COLOR_SEC
19:05:02.705,1327,litter_yolo,441,652,1,297,882,1008,YOLO
19:05:02.790,1327,litter_colour,1094,550,1055,527,1134,573,COLOR_SEC
19:05:02.830,1328,litter_yolo,441,658,2,299,880,1017,YOLO
19:05:02.916,1328,litter_colour,1112,550,1055,527,1169,573,COLOR_SEC
19:05:02.957,1329,litter_yolo,441,653,2,299,881,1007,YOLO
19:05:03.041,1329,litter_colour,1106,550,1055,527,1158,573,COLOR_SEC
19:05:03.081,1330,litter_yolo,441,652,2,293,881,1012,YOLO
19:05:03.166,1330,litter_colour,1107,550,1055,527,1159,573,COLOR_SEC
19:05:03.206,1331,litter_yolo,441,661,1,289,881,1033,YOLO
19:05:03.292,1331,litter_colour,1075,647,1032,622,1119,673,COLOR_SEC
19:05:03.292,1331,litter_colour,1096,551,1056,528,1136,575,COLOR_SEC
19:05:03.332,1332,litter_yolo,440,660,2,287,878,1033,YOLO
19:05:03.416,1332,litter_colour,1076,649,1033,623,1120,675,COLOR_SEC
19:05:03.416,1332,litter_colour,1116,559,1056,528,1177,591,COLOR_SEC
19:05:03.539,1333,litter_colour,1077,650,1033,624,1121,676,COLOR_SEC
19:05:03.539,1333,litter_colour,1114,552,1056,528,1173,576,COLOR_SEC
19:05:03.662,1334,litter_colour,1078,651,1034,625,1122,677,COLOR_SEC
19:05:03.790,1335,litter_colour,1078,651,1034,625,1123,678,COLOR_SEC
19:05:03.790,1335,litter_colour,1115,552,1057,529,1174,576,COLOR_SEC
19:05:03.918,1336,litter_colour,1079,652,1035,626,1123,678,COLOR_SEC
19:05:04.043,1337,litter_colour,924,696,892,672,956,720,COLOR_SEC
19:05:04.043,1337,litter_colour,1079,653,1035,627,1124,680,COLOR_SEC
19:05:04.167,1338,litter_colour,923,697,890,672,956,722,COLOR_SEC
19:05:04.167,1338,litter_colour,1117,555,1059,531,1176,579,COLOR_SEC
19:05:04.292,1339,litter_colour,924,699,892,674,956,724,COLOR_SEC
19:05:04.292,1339,litter_colour,1110,554,1043,502,1177,607,COLOR_SEC
19:05:04.419,1340,litter_colour,923,700,890,675,956,725,COLOR_SEC
19:05:04.419,1340,litter_colour,1005,558,981,535,1030,582,COLOR_SEC
19:05:04.419,1340,litter_colour,1111,541,1044,503,1178,580,COLOR_SEC
19:05:04.544,1341,litter_colour,923,701,890,676,956,727,COLOR_SEC
19:05:04.544,1341,litter_colour,1005,558,980,535,1031,582,COLOR_SEC
19:05:04.544,1341,litter_colour,1106,555,1060,531,1153,580,COLOR_SEC
19:05:04.670,1342,litter_colour,923,702,890,676,957,728,COLOR_SEC
19:05:04.670,1342,litter_colour,1004,558,977,535,1031,582,COLOR_SEC
19:05:04.797,1343,litter_colour,923,703,890,678,957,729,COLOR_SEC
19:05:04.797,1343,litter_colour,1004,558,977,534,1031,583,COLOR_SEC
19:05:04.797,1343,litter_colour,1100,552,1045,525,1156,580,COLOR_SEC
19:05:04.923,1344,litter_colour,923,704,890,678,957,730,COLOR_SEC
19:05:04.923,1344,litter_colour,1004,559,977,534,1031,584,COLOR_SEC
19:05:04.923,1344,litter_colour,1109,555,1061,531,1158,580,COLOR_SEC
19:05:05.048,1345,litter_colour,923,706,890,681,957,732,COLOR_SEC
19:05:05.088,1346,litter_yolo,439,654,2,276,877,1032,YOLO
19:05:05.172,1346,litter_colour,924,708,890,682,958,734,COLOR_SEC
19:05:05.299,1347,litter_colour,923,710,890,684,957,736,COLOR_SEC
19:05:05.315,1347,litter_colour,1002,544,973,501,1032,587,COLOR_SEC
19:05:05.356,1348,litter_yolo,443,656,2,278,885,1035,YOLO
19:05:05.439,1348,litter_colour,924,712,890,686,958,738,COLOR_SEC
19:05:05.562,1349,litter_colour,923,714,889,688,958,740,COLOR_SEC
19:05:05.562,1349,litter_colour,1003,546,973,503,1033,589,COLOR_SEC
19:05:05.686,1350,litter_colour,922,716,889,690,956,743,COLOR_SEC
19:05:05.686,1350,litter_colour,1109,546,1045,507,1173,586,COLOR_SEC
19:05:05.810,1351,litter_colour,922,719,889,692,956,746,COLOR_SEC
19:05:05.936,1352,litter_colour,1086,673,1038,644,1134,703,COLOR_SEC
19:05:05.936,1352,litter_colour,1111,549,1048,509,1174,589,COLOR_SEC
19:05:06.059,1353,litter_colour,1086,675,1038,646,1135,705,COLOR_SEC
19:05:06.059,1353,litter_colour,813,457,764,410,863,505,COLOR_SEC
19:05:06.059,1353,litter_colour,852,390,808,365,897,416,COLOR_SEC
19:05:06.059,1353,litter_colour,460,343,430,329,491,358,COLOR_SEC
19:05:06.185,1354,litter_colour,1086,676,1038,647,1135,706,COLOR_SEC
19:05:06.185,1354,litter_colour,806,456,763,406,850,506,COLOR_SEC
19:05:06.185,1354,litter_colour,851,391,808,365,895,417,COLOR_SEC
19:05:06.185,1354,litter_colour,461,344,430,330,492,358,COLOR_SEC
19:05:06.310,1355,litter_colour,1087,678,1038,649,1136,708,COLOR_SEC
19:05:06.310,1355,litter_colour,813,456,763,407,863,506,COLOR_SEC
19:05:06.310,1355,litter_colour,855,390,814,367,897,414,COLOR_SEC
19:05:06.310,1355,litter_colour,459,344,429,330,490,359,COLOR_SEC
19:05:06.438,1356,litter_colour,806,459,762,411,850,507,COLOR_SEC
19:05:06.438,1356,litter_colour,863,391,831,365,895,418,COLOR_SEC
19:05:06.438,1356,litter_colour,460,345,429,331,491,359,COLOR_SEC
19:05:06.562,1357,litter_colour,807,457,762,407,853,507,COLOR_SEC
19:05:06.562,1357,litter_colour,852,387,824,369,880,406,COLOR_SEC
19:05:06.562,1357,litter_colour,460,344,429,330,492,359,COLOR_SEC
19:05:06.686,1358,litter_colour,811,460,763,412,859,508,COLOR_SEC
19:05:06.686,1358,litter_colour,843,388,806,369,880,407,COLOR_SEC
19:05:06.686,1358,litter_colour,460,345,429,331,491,360,COLOR_SEC
19:05:06.809,1359,litter_colour,811,460,763,412,859,508,COLOR_SEC
19:05:06.809,1359,litter_colour,854,388,828,369,880,407,COLOR_SEC
19:05:06.809,1359,litter_colour,459,345,428,331,490,360,COLOR_SEC
19:05:06.933,1360,litter_colour,805,459,760,409,850,509,COLOR_SEC
19:05:06.933,1360,litter_colour,855,388,831,369,880,407,COLOR_SEC
19:05:06.933,1360,litter_colour,459,345,428,331,491,360,COLOR_SEC
19:05:07.056,1361,litter_colour,805,463,760,417,850,510,COLOR_SEC
19:05:07.056,1361,litter_colour,848,389,816,370,880,408,COLOR_SEC
19:05:07.056,1361,litter_colour,459,346,428,332,491,361,COLOR_SEC
19:05:07.097,1362,litter_yolo,396,661,3,323,789,1000,YOLO
19:05:07.182,1362,litter_colour,804,460,760,409,849,511,COLOR_SEC
19:05:07.182,1362,litter_colour,861,391,829,370,894,413,COLOR_SEC
19:05:07.222,1363,litter_yolo,394,667,3,321,785,1014,YOLO
19:05:07.309,1363,litter_colour,805,470,761,430,849,511,COLOR_SEC
19:05:07.309,1363,litter_colour,862,392,829,370,896,414,COLOR_SEC
19:05:07.433,1364,litter_colour,803,461,758,411,849,512,COLOR_SEC
19:05:07.433,1364,litter_colour,853,394,813,369,894,420,COLOR_SEC
19:05:07.433,1364,litter_colour,458,347,427,333,490,361,COLOR_SEC
19:05:07.473,1365,litter_yolo,396,665,3,325,790,1006,YOLO
19:05:07.557,1365,litter_colour,861,393,827,371,895,415,COLOR_SEC
19:05:07.597,1366,litter_yolo,396,666,3,326,790,1006,YOLO
19:05:07.680,1366,litter_colour,923,745,889,716,957,775,COLOR_SEC
19:05:07.680,1366,litter_colour,853,395,812,370,895,421,COLOR_SEC
19:05:07.722,1367,litter_yolo,394,671,3,322,786,1021,YOLO
19:05:07.806,1367,litter_colour,926,747,889,717,963,777,COLOR_SEC
19:05:07.806,1367,litter_colour,847,388,816,371,879,406,COLOR_SEC
19:05:07.846,1368,litter_yolo,396,665,3,327,790,1004,YOLO
19:05:07.931,1368,litter_colour,924,749,885,719,963,779,COLOR_SEC
19:05:07.931,1368,litter_colour,854,388,830,371,879,406,COLOR_SEC
19:05:07.972,1369,litter_yolo,397,659,3,327,791,992,YOLO
19:05:08.059,1369,litter_colour,926,750,889,720,963,780,COLOR_SEC
19:05:08.059,1369,litter_colour,854,389,830,368,879,410,COLOR_SEC
19:05:08.100,1370,litter_yolo,399,683,2,326,796,1041,YOLO
19:05:08.185,1370,litter_colour,924,752,885,722,964,782,COLOR_SEC
19:05:08.185,1370,litter_colour,1094,696,1043,664,1146,729,COLOR_SEC
19:05:08.185,1370,litter_colour,803,462,758,411,848,514,COLOR_SEC
19:05:08.185,1370,litter_colour,855,389,831,368,879,410,COLOR_SEC
19:05:08.311,1371,litter_colour,924,753,885,723,964,784,COLOR_SEC
19:05:08.311,1371,litter_colour,1095,697,1044,665,1147,730,COLOR_SEC
19:05:08.311,1371,litter_colour,803,463,758,413,848,514,COLOR_SEC
19:05:08.311,1371,litter_colour,855,388,831,369,879,407,COLOR_SEC
19:05:08.437,1372,litter_colour,926,754,889,724,964,785,COLOR_SEC
19:05:08.437,1372,litter_colour,1095,698,1044,666,1147,731,COLOR_SEC
19:05:08.437,1372,litter_colour,1264,546,1239,524,1289,568,COLOR_SEC
19:05:08.437,1372,litter_colour,805,463,758,412,852,515,COLOR_SEC
19:05:08.437,1372,litter_colour,855,388,831,369,879,408,COLOR_SEC
19:05:08.564,1373,litter_colour,927,756,889,725,965,787,COLOR_SEC
19:05:08.564,1373,litter_colour,1096,700,1044,667,1149,733,COLOR_SEC
19:05:08.564,1373,litter_colour,1261,547,1240,525,1283,569,COLOR_SEC
19:05:08.564,1373,litter_colour,803,471,755,428,851,515,COLOR_SEC
19:05:08.564,1373,litter_colour,855,388,831,369,879,408,COLOR_SEC
19:05:08.690,1374,litter_colour,925,757,885,726,965,788,COLOR_SEC
19:05:08.690,1374,litter_colour,1010,698,989,671,1032,725,COLOR_SEC
19:05:08.690,1374,litter_colour,1097,701,1045,668,1149,734,COLOR_SEC
19:05:08.690,1374,litter_colour,1266,547,1241,525,1292,569,COLOR_SEC
19:05:08.690,1374,litter_colour,804,463,757,412,851,515,COLOR_SEC
19:05:08.690,1374,litter_colour,855,388,831,369,879,408,COLOR_SEC
19:05:08.816,1375,litter_colour,927,759,889,728,965,790,COLOR_SEC
19:05:08.816,1375,litter_colour,1011,699,990,672,1032,726,COLOR_SEC
19:05:08.816,1375,litter_colour,1098,702,1046,669,1150,735,COLOR_SEC
19:05:08.816,1375,litter_colour,1264,547,1241,525,1287,570,COLOR_SEC
19:05:08.816,1375,litter_colour,804,464,757,412,851,516,COLOR_SEC
19:05:08.816,1375,litter_colour,855,389,831,369,879,409,COLOR_SEC
19:05:08.938,1376,litter_colour,1014,700,990,673,1038,727,COLOR_SEC
19:05:08.938,1376,litter_colour,1098,703,1045,670,1151,737,COLOR_SEC
19:05:08.938,1376,litter_colour,1269,547,1243,524,1295,570,COLOR_SEC
19:05:08.938,1376,litter_colour,1009,566,980,518,1039,615,COLOR_SEC
19:05:08.938,1376,litter_colour,854,389,829,371,880,408,COLOR_SEC
19:05:09.061,1377,litter_colour,1011,699,990,674,1033,725,COLOR_SEC
19:05:09.061,1377,litter_colour,1092,704,1033,671,1152,738,COLOR_SEC
19:05:09.061,1377,litter_colour,1266,546,1243,526,1289,566,COLOR_SEC
19:05:09.061,1377,litter_colour,1009,567,980,518,1039,616,COLOR_SEC
19:05:09.061,1377,litter_colour,804,473,755,429,853,517,COLOR_SEC
19:05:09.061,1377,litter_colour,855,397,805,371,905,423,COLOR_SEC
19:05:09.061,1377,litter_colour,456,349,426,335,487,364,COLOR_SEC
19:05:09.184,1378,litter_colour,1270,546,1244,525,1296,567,COLOR_SEC
19:05:09.184,1378,litter_colour,1010,568,980,519,1040,617,COLOR_SEC
19:05:09.184,1378,litter_colour,854,398,805,372,903,424,COLOR_SEC
19:05:09.184,1378,litter_colour,455,350,424,336,487,364,COLOR_SEC
19:05:09.309,1379,litter_colour,1012,704,990,676,1034,732,COLOR_SEC
19:05:09.309,1379,litter_colour,1094,707,1035,673,1154,741,COLOR_SEC
19:05:09.310,1379,litter_colour,1010,587,981,557,1040,618,COLOR_SEC
19:05:09.310,1379,litter_colour,1268,546,1245,526,1291,567,COLOR_SEC
19:05:09.310,1379,litter_colour,1675,442,1638,419,1712,466,COLOR_SEC
19:05:09.310,1379,litter_colour,866,397,830,371,903,424,COLOR_SEC
19:05:09.310,1379,litter_colour,456,350,425,336,487,364,COLOR_SEC
19:05:09.434,1380,litter_colour,1268,546,1245,525,1292,568,COLOR_SEC
19:05:09.434,1380,litter_colour,1003,569,967,520,1040,618,COLOR_SEC
19:05:09.434,1380,litter_colour,1678,443,1640,419,1716,467,COLOR_SEC
19:05:09.434,1380,litter_colour,860,391,830,372,891,411,COLOR_SEC
19:05:09.434,1380,litter_colour,454,350,424,336,485,365,COLOR_SEC
19:05:09.557,1381,litter_colour,1270,547,1247,526,1293,569,COLOR_SEC
19:05:09.557,1381,litter_colour,1010,569,980,520,1041,619,COLOR_SEC
19:05:09.557,1381,litter_colour,865,398,829,372,902,424,COLOR_SEC
19:05:09.557,1381,litter_colour,454,351,423,337,485,365,COLOR_SEC
19:05:09.596,1382,litter_yolo,393,641,5,325,782,958,YOLO
19:05:09.681,1382,litter_colour,1270,548,1247,527,1294,569,COLOR_SEC
19:05:09.681,1382,litter_colour,1009,572,978,526,1041,619,COLOR_SEC
19:05:09.681,1382,litter_colour,866,398,829,372,904,425,COLOR_SEC
19:05:09.722,1383,litter_yolo,392,658,4,328,780,988,YOLO
19:05:09.806,1383,litter_colour,1097,712,1036,677,1158,747,COLOR_SEC
19:05:09.806,1383,litter_colour,1272,548,1249,527,1295,570,COLOR_SEC
19:05:09.806,1383,litter_colour,1010,571,980,521,1041,621,COLOR_SEC
19:05:09.806,1383,litter_colour,1236,533,1195,505,1277,561,COLOR_SEC
19:05:09.806,1383,litter_colour,866,395,829,372,904,418,COLOR_SEC
19:05:09.844,1384,litter_yolo,392,665,3,329,781,1002,YOLO
19:05:09.929,1384,litter_colour,1098,714,1036,678,1160,750,COLOR_SEC
19:05:09.929,1384,litter_colour,1274,549,1249,528,1300,571,COLOR_SEC
19:05:09.929,1384,litter_colour,1009,571,978,521,1041,621,COLOR_SEC
19:05:09.929,1384,litter_colour,1237,534,1196,507,1278,562,COLOR_SEC
19:05:09.929,1384,litter_colour,861,397,829,370,893,425,COLOR_SEC
19:05:10.054,1385,litter_colour,1274,550,1250,529,1298,571,COLOR_SEC
19:05:10.054,1385,litter_colour,1011,572,981,522,1042,622,COLOR_SEC
19:05:10.054,1385,litter_colour,1238,534,1197,506,1279,562,COLOR_SEC
19:05:10.054,1385,litter_colour,861,394,829,370,894,419,COLOR_SEC
19:05:10.176,1386,litter_colour,1100,716,1038,680,1162,753,COLOR_SEC
19:05:10.176,1386,litter_colour,1014,592,986,561,1042,623,COLOR_SEC
19:05:10.176,1386,litter_colour,1276,550,1251,529,1302,572,COLOR_SEC
19:05:10.176,1386,litter_colour,1234,535,1197,508,1271,563,COLOR_SEC
19:05:10.176,1386,litter_colour,860,396,827,373,894,419,COLOR_SEC
19:05:10.176,1386,litter_colour,453,351,422,337,484,366,COLOR_SEC
19:05:10.219,1387,litter_yolo,394,665,3,333,786,998,YOLO
19:05:10.303,1387,litter_colour,1100,717,1038,681,1162,753,COLOR_SEC
19:05:10.303,1387,litter_colour,1274,551,1252,530,1297,573,COLOR_SEC
19:05:10.303,1387,litter_colour,1010,572,979,523,1042,621,COLOR_SEC
19:05:10.303,1387,litter_colour,1235,536,1198,508,1272,564,COLOR_SEC
19:05:10.303,1387,litter_colour,852,392,827,374,878,411,COLOR_SEC
19:05:10.345,1388,litter_yolo,396,669,3,330,789,1008,YOLO
19:05:10.429,1388,litter_colour,1107,719,1052,683,1163,755,COLOR_SEC
19:05:10.429,1388,litter_colour,1278,552,1253,530,1304,574,COLOR_SEC
19:05:10.429,1388,litter_colour,1011,574,979,523,1043,625,COLOR_SEC
19:05:10.468,1389,litter_yolo,396,664,3,330,789,999,YOLO
19:05:10.553,1389,litter_colour,1019,713,994,690,1045,737,COLOR_SEC
19:05:10.553,1389,litter_colour,1014,594,986,563,1043,626,COLOR_SEC
19:05:10.553,1389,litter_colour,1276,553,1253,531,1300,575,COLOR_SEC
19:05:10.553,1389,litter_colour,1241,537,1200,509,1283,565,COLOR_SEC
19:05:10.553,1389,litter_colour,857,394,826,374,889,414,COLOR_SEC
19:05:10.678,1390,litter_colour,927,786,883,751,971,822,COLOR_SEC
19:05:10.678,1390,litter_colour,1015,714,994,691,1036,738,COLOR_SEC
19:05:10.678,1390,litter_colour,1015,595,986,564,1044,627,COLOR_SEC
19:05:10.678,1390,litter_colour,1279,554,1255,532,1303,576,COLOR_SEC
19:05:10.678,1390,litter_colour,1242,538,1200,510,1284,566,COLOR_SEC
19:05:10.678,1390,litter_colour,861,397,829,374,893,420,COLOR_SEC
19:05:10.722,1391,litter_yolo,405,665,3,325,807,1006,YOLO
19:05:10.809,1391,litter_colour,927,789,883,753,972,825,COLOR_SEC
19:05:10.809,1391,litter_colour,1015,713,995,692,1036,734,COLOR_SEC
19:05:10.809,1391,litter_colour,1279,554,1256,533,1302,576,COLOR_SEC
19:05:10.809,1391,litter_colour,1011,576,981,525,1042,628,COLOR_SEC
19:05:10.809,1391,litter_colour,860,398,827,376,894,421,COLOR_SEC
19:05:10.850,1392,litter_yolo,408,666,3,325,814,1008,YOLO
19:05:10.939,1392,litter_colour,927,791,882,755,972,827,COLOR_SEC
19:05:10.939,1392,litter_colour,1016,718,996,695,1037,742,COLOR_SEC
19:05:10.939,1392,litter_colour,1010,577,979,526,1042,629,COLOR_SEC
19:05:10.939,1392,litter_colour,1243,539,1201,511,1286,568,COLOR_SEC
19:05:11.000,1393,litter_yolo,408,661,3,325,813,997,YOLO
19:05:11.098,1393,litter_colour,927,793,882,757,973,830,COLOR_SEC
19:05:11.098,1393,litter_colour,1011,578,980,526,1043,630,COLOR_SEC
19:05:11.098,1393,litter_colour,1242,542,1200,512,1285,572,COLOR_SEC
19:05:11.098,1393,litter_colour,854,393,829,375,880,412,COLOR_SEC
19:05:11.140,1394,litter_yolo,406,662,3,326,810,999,YOLO
19:05:11.224,1394,litter_colour,927,795,882,758,973,832,COLOR_SEC
19:05:11.224,1394,litter_colour,1012,579,981,527,1043,631,COLOR_SEC
19:05:11.224,1394,litter_colour,1243,543,1201,513,1286,573,COLOR_SEC
19:05:11.224,1394,litter_colour,861,398,829,375,893,421,COLOR_SEC
19:05:11.264,1395,litter_yolo,404,662,3,328,805,996,YOLO
19:05:11.350,1395,litter_colour,927,797,881,760,974,835,COLOR_SEC
19:05:11.350,1395,litter_colour,1015,599,987,567,1043,632,COLOR_SEC
19:05:11.350,1395,litter_colour,1245,541,1203,512,1287,570,COLOR_SEC
19:05:11.350,1395,litter_colour,861,398,829,375,894,422,COLOR_SEC
19:05:11.391,1396,litter_yolo,406,662,3,328,809,996,YOLO
19:05:11.478,1396,litter_colour,928,799,882,762,974,837,COLOR_SEC
19:05:11.478,1396,litter_colour,853,394,829,375,878,414,COLOR_SEC
19:05:11.519,1397,litter_yolo,411,667,3,328,820,1007,YOLO
19:05:11.602,1397,litter_colour,1242,544,1203,514,1281,575,COLOR_SEC
19:05:11.602,1397,litter_colour,853,394,829,375,877,414,COLOR_SEC
19:05:11.643,1398,litter_yolo,410,684,3,330,817,1038,YOLO
19:05:11.726,1398,litter_colour,854,395,830,376,879,414,COLOR_SEC
19:05:11.768,1399,litter_yolo,409,684,3,329,816,1040,YOLO
19:05:11.851,1399,litter_colour,1013,582,982,529,1045,636,COLOR_SEC
19:05:11.852,1399,litter_colour,853,395,829,376,877,415,COLOR_SEC
19:05:11.893,1400,litter_yolo,409,676,3,329,815,1023,YOLO
19:05:11.979,1400,litter_colour,853,395,828,376,879,415,COLOR_SEC
19:05:12.019,1401,litter_yolo,407,685,3,331,811,1039,YOLO
19:05:12.104,1401,litter_colour,1245,547,1206,516,1284,578,COLOR_SEC
19:05:12.104,1401,litter_colour,852,395,828,376,877,415,COLOR_SEC
19:05:12.145,1402,litter_yolo,403,694,3,334,804,1055,YOLO
19:05:12.229,1402,litter_colour,1013,585,981,531,1046,639,COLOR_SEC
19:05:12.269,1403,litter_yolo,401,699,3,336,800,1062,YOLO
19:05:12.393,1404,litter_yolo,402,697,3,336,802,1059,YOLO
19:05:12.477,1404,litter_colour,1009,586,969,531,1049,641,COLOR_SEC
19:05:12.525,1405,litter_yolo,400,696,3,337,797,1055,YOLO
19:05:12.653,1406,litter_yolo,407,692,3,333,812,1052,YOLO
19:05:12.740,1406,litter_colour,1250,548,1210,517,1290,580,COLOR_SEC
19:05:12.782,1407,litter_yolo,405,695,2,332,808,1058,YOLO
19:05:12.868,1407,litter_colour,1023,735,1001,703,1046,767,COLOR_SEC
19:05:12.912,1408,litter_yolo,405,695,2,331,809,1059,YOLO
19:05:12.998,1408,litter_colour,1030,736,1001,705,1060,768,COLOR_SEC
19:05:13.040,1409,litter_yolo,402,693,3,330,802,1057,YOLO
19:05:13.124,1409,litter_colour,1031,737,1002,705,1060,770,COLOR_SEC
19:05:13.163,1410,litter_yolo,400,691,3,330,797,1052,YOLO
19:05:13.247,1410,litter_colour,1031,739,1001,707,1061,772,COLOR_SEC
19:05:13.288,1411,litter_yolo,397,696,2,329,792,1063,YOLO
19:05:13.372,1411,litter_colour,929,831,880,788,979,875,COLOR_SEC
19:05:13.372,1411,litter_colour,1031,741,1002,708,1061,774,COLOR_SEC
19:05:13.412,1412,litter_yolo,396,695,3,328,790,1063,YOLO
19:05:13.496,1412,litter_colour,929,831,879,786,979,877,COLOR_SEC
19:05:13.496,1412,litter_colour,1031,743,1002,710,1061,776,COLOR_SEC
19:05:13.537,1413,litter_yolo,397,688,3,327,792,1050,YOLO
19:05:13.620,1413,litter_colour,928,835,878,788,979,883,COLOR_SEC
19:05:13.620,1413,litter_colour,1031,744,1001,711,1062,778,COLOR_SEC
19:05:13.620,1413,litter_colour,1300,570,1275,545,1326,596,COLOR_SEC
19:05:13.660,1414,litter_yolo,403,686,3,328,804,1045,YOLO
19:05:13.746,1414,litter_colour,928,837,878,790,978,884,COLOR_SEC
19:05:13.746,1414,litter_colour,1031,746,1001,713,1062,780,COLOR_SEC
19:05:13.747,1414,litter_colour,1301,571,1275,546,1327,597,COLOR_SEC
19:05:13.789,1415,litter_yolo,403,688,3,333,803,1044,YOLO
19:05:13.873,1415,litter_colour,927,839,877,792,977,887,COLOR_SEC
19:05:13.873,1415,litter_colour,1301,570,1276,546,1327,594,COLOR_SEC
19:05:13.914,1416,litter_yolo,395,684,3,335,787,1033,YOLO
19:05:13.998,1416,litter_colour,1023,750,1001,716,1046,784,COLOR_SEC
19:05:13.998,1416,litter_colour,1302,571,1277,547,1328,595,COLOR_SEC
19:05:13.998,1416,litter_colour,846,405,795,378,897,432,COLOR_SEC
19:05:14.041,1417,litter_yolo,392,690,2,333,783,1048,YOLO
19:05:14.125,1417,litter_colour,1032,752,1001,718,1064,786,COLOR_SEC
19:05:14.125,1417,litter_colour,1303,572,1278,548,1329,596,COLOR_SEC
19:05:14.125,1417,litter_colour,857,402,817,378,897,427,COLOR_SEC
19:05:14.248,1418,litter_colour,1023,753,1001,719,1046,788,COLOR_SEC
19:05:14.248,1418,litter_colour,1304,571,1278,549,1330,593,COLOR_SEC
19:05:14.248,1418,litter_colour,859,402,819,378,900,427,COLOR_SEC
19:05:14.289,1419,litter_yolo,392,679,2,334,782,1025,YOLO
19:05:14.373,1419,litter_colour,1023,755,1001,720,1046,790,COLOR_SEC
19:05:14.373,1419,litter_colour,1017,619,987,583,1048,655,COLOR_SEC
19:05:14.373,1419,litter_colour,1306,573,1278,549,1334,597,COLOR_SEC
19:05:14.373,1419,litter_colour,860,403,820,379,901,427,COLOR_SEC
19:05:14.414,1420,litter_yolo,392,683,2,339,783,1027,YOLO
19:05:14.498,1420,litter_colour,1016,619,985,583,1048,656,COLOR_SEC
19:05:14.498,1420,litter_colour,1304,572,1279,549,1330,595,COLOR_SEC
19:05:14.498,1420,litter_colour,860,404,819,380,901,428,COLOR_SEC
19:05:14.538,1421,litter_yolo,393,679,2,340,785,1019,YOLO
19:05:14.622,1421,litter_colour,1031,758,1000,723,1062,794,COLOR_SEC
19:05:14.622,1421,litter_colour,1017,620,986,584,1048,657,COLOR_SEC
19:05:14.622,1421,litter_colour,1306,574,1280,550,1332,599,COLOR_SEC
19:05:14.622,1421,litter_colour,860,404,819,380,902,428,COLOR_SEC
19:05:14.663,1422,litter_yolo,391,679,2,340,781,1019,YOLO
19:05:14.747,1422,litter_colour,1016,621,985,585,1048,658,COLOR_SEC
19:05:14.747,1422,litter_colour,1307,575,1281,551,1333,600,COLOR_SEC
19:05:14.747,1422,litter_colour,846,401,819,380,873,423,COLOR_SEC
19:05:14.788,1423,litter_yolo,391,676,2,341,780,1011,YOLO
19:05:14.873,1423,litter_colour,1016,622,985,586,1048,659,COLOR_SEC
19:05:14.873,1423,litter_colour,1306,576,1281,552,1332,601,COLOR_SEC
19:05:14.873,1423,litter_colour,846,399,818,381,874,418,COLOR_SEC
19:05:14.914,1424,litter_yolo,392,671,2,341,783,1002,YOLO
19:05:15.000,1424,litter_colour,1016,624,985,587,1048,661,COLOR_SEC
19:05:15.000,1424,litter_colour,1308,577,1282,553,1335,602,COLOR_SEC
19:05:15.000,1424,litter_colour,858,405,817,381,899,429,COLOR_SEC
19:05:15.042,1425,litter_yolo,395,676,3,340,787,1012,YOLO
19:05:15.131,1425,litter_colour,1016,625,985,588,1048,662,COLOR_SEC
19:05:15.131,1425,litter_colour,1309,579,1283,554,1336,604,COLOR_SEC
19:05:15.131,1425,litter_colour,859,405,817,381,901,430,COLOR_SEC
19:05:15.171,1426,litter_yolo,395,668,2,338,789,999,YOLO
19:05:15.255,1426,litter_colour,1016,626,985,589,1048,663,COLOR_SEC
19:05:15.255,1426,litter_colour,1310,582,1284,555,1337,609,COLOR_SEC
19:05:15.255,1426,litter_colour,846,404,817,383,875,425,COLOR_SEC
19:05:15.296,1427,litter_yolo,393,676,2,339,785,1013,YOLO
19:05:15.382,1427,litter_colour,1016,627,985,590,1048,665,COLOR_SEC
19:05:15.382,1427,litter_colour,1311,581,1285,557,1338,605,COLOR_SEC
19:05:15.382,1427,litter_colour,844,401,817,383,872,420,COLOR_SEC
19:05:15.422,1428,litter_yolo,393,676,3,340,784,1012,YOLO
19:05:15.506,1428,litter_colour,1016,629,984,592,1049,666,COLOR_SEC
19:05:15.507,1428,litter_colour,1312,582,1285,557,1339,607,COLOR_SEC
19:05:15.507,1428,litter_colour,845,401,817,384,874,419,COLOR_SEC
19:05:15.545,1429,litter_yolo,393,676,3,341,784,1012,YOLO
19:05:15.628,1429,litter_colour,1016,630,983,593,1049,668,COLOR_SEC
19:05:15.628,1429,litter_colour,1312,583,1285,558,1340,608,COLOR_SEC
19:05:15.628,1429,litter_colour,862,411,817,384,908,438,COLOR_SEC
19:05:15.669,1430,litter_yolo,400,666,3,330,798,1003,YOLO
19:05:15.753,1430,litter_colour,1016,631,983,593,1049,670,COLOR_SEC
19:05:15.753,1430,litter_colour,1317,588,1286,560,1349,617,COLOR_SEC
19:05:15.753,1430,litter_colour,856,408,813,384,900,433,COLOR_SEC
19:05:15.793,1431,litter_yolo,402,669,3,329,802,1010,YOLO
19:05:15.883,1431,litter_colour,1015,632,983,594,1047,671,COLOR_SEC
19:05:15.883,1431,litter_colour,1318,589,1287,561,1350,618,COLOR_SEC
19:05:15.883,1431,litter_colour,856,411,815,384,898,439,COLOR_SEC
19:05:15.924,1432,litter_yolo,410,659,3,329,817,989,YOLO
19:05:16.008,1432,litter_colour,1015,634,983,595,1048,673,COLOR_SEC
19:05:16.008,1432,litter_colour,1319,589,1288,561,1351,617,COLOR_SEC
19:05:16.008,1432,litter_colour,843,403,815,385,871,422,COLOR_SEC
19:05:16.047,1433,litter_yolo,413,659,3,326,824,992,YOLO
19:05:16.131,1433,litter_colour,1015,635,982,596,1048,674,COLOR_SEC
19:05:16.131,1433,litter_colour,1317,590,1288,563,1347,618,COLOR_SEC
19:05:16.170,1434,litter_yolo,422,661,5,316,839,1007,YOLO
19:05:16.253,1434,litter_colour,1014,636,982,597,1046,676,COLOR_SEC
19:05:16.253,1434,litter_colour,843,404,814,385,872,424,COLOR_SEC
19:05:16.292,1435,litter_yolo,421,656,3,319,839,993,YOLO
19:05:16.376,1435,litter_colour,1014,637,982,598,1046,677,COLOR_SEC
19:05:16.418,1436,litter_yolo,421,659,3,318,840,1001,YOLO
19:05:16.502,1436,litter_colour,1028,792,995,752,1062,833,COLOR_SEC
19:05:16.502,1436,litter_colour,1014,638,982,598,1046,678,COLOR_SEC
19:05:16.502,1436,litter_colour,841,404,813,385,870,424,COLOR_SEC
19:05:16.544,1437,litter_yolo,421,660,3,318,839,1002,YOLO
19:05:16.627,1437,litter_colour,1019,794,994,754,1044,835,COLOR_SEC
19:05:16.627,1437,litter_colour,1013,639,981,599,1046,679,COLOR_SEC
19:05:16.666,1438,litter_yolo,415,661,2,322,828,1001,YOLO
19:05:16.750,1438,litter_colour,1028,797,994,756,1062,838,COLOR_SEC
19:05:16.791,1439,litter_yolo,410,669,2,323,819,1015,YOLO
19:05:16.877,1439,litter_colour,1019,799,993,758,1045,841,COLOR_SEC
19:05:16.881,1439,litter_colour,855,409,814,383,896,436,COLOR_SEC
19:05:16.922,1440,litter_yolo,405,672,3,327,808,1018,YOLO
19:05:17.006,1440,litter_colour,1514,759,1478,747,1550,772,COLOR_SEC
19:05:17.006,1440,litter_colour,843,404,815,383,872,426,COLOR_SEC
19:05:17.045,1441,litter_yolo,401,674,2,329,801,1019,YOLO
19:05:17.129,1441,litter_colour,844,404,817,383,872,426,COLOR_SEC
19:05:17.170,1442,litter_yolo,405,675,3,329,807,1021,YOLO
19:05:17.255,1442,litter_colour,843,405,815,383,872,428,COLOR_SEC
19:05:17.294,1443,litter_yolo,403,678,2,333,804,1023,YOLO
19:05:17.421,1444,litter_yolo,407,664,2,332,813,997,YOLO
19:05:17.506,1444,litter_colour,842,403,815,383,870,423,COLOR_SEC
19:05:17.547,1445,litter_yolo,409,669,3,335,816,1004,YOLO
19:05:17.629,1445,litter_colour,843,404,817,385,870,423,COLOR_SEC
19:05:17.670,1446,litter_yolo,402,673,2,340,802,1007,YOLO
19:05:17.792,1447,litter_yolo,399,674,2,342,796,1007,YOLO
19:05:17.876,1447,litter_colour,1139,836,1066,779,1213,893,COLOR_SEC
19:05:17.918,1448,litter_yolo,403,668,3,336,804,1000,YOLO
19:05:18.002,1448,litter_colour,1140,839,1067,781,1214,898,COLOR_SEC
19:05:18.002,1448,litter_colour,855,418,815,388,896,448,COLOR_SEC
19:05:18.168,1450,litter_yolo,405,660,2,327,809,993,YOLO
19:05:18.295,1451,litter_yolo,410,664,2,323,818,1006,YOLO
19:05:18.422,1452,litter_yolo,410,668,2,320,819,1016,YOLO
19:05:18.506,1452,litter_colour,1013,656,980,612,1046,701,COLOR_SEC
19:05:18.545,1453,litter_yolo,410,662,2,320,818,1004,YOLO
19:05:18.629,1453,litter_colour,1014,657,980,613,1049,702,COLOR_SEC
19:05:18.669,1454,litter_yolo,412,659,2,316,822,1003,YOLO
19:05:18.756,1454,litter_colour,1016,838,991,806,1042,871,COLOR_SEC
19:05:18.756,1454,litter_colour,1013,659,980,614,1046,704,COLOR_SEC
19:05:18.883,1455,litter_colour,1013,660,980,615,1047,705,COLOR_SEC
19:05:19.013,1456,litter_colour,1015,660,980,615,1050,706,COLOR_SEC
19:05:19.140,1457,litter_colour,1553,798,1513,785,1593,812,COLOR_SEC
19:05:19.140,1457,litter_colour,1015,661,980,616,1050,707,COLOR_SEC
19:05:19.264,1458,litter_colour,1015,662,980,616,1051,708,COLOR_SEC
19:05:19.264,1458,litter_colour,1340,615,1310,585,1370,646,COLOR_SEC
19:05:19.389,1459,litter_motion,1185,830,1148,777,1223,884,COLOR_SEC
19:05:19.389,1459,litter_colour,1016,663,981,617,1051,709,COLOR_SEC
19:05:19.389,1459,litter_colour,1342,616,1311,585,1373,647,COLOR_SEC
19:05:19.512,1460,litter_motion,1186,832,1148,778,1224,886,COLOR_SEC
19:05:19.512,1460,litter_colour,1015,664,981,618,1049,711,COLOR_SEC
19:05:19.512,1460,litter_colour,1346,615,1311,587,1381,643,COLOR_SEC
19:05:19.554,1461,litter_yolo,392,681,3,343,781,1020,YOLO
19:05:19.637,1461,litter_motion,1193,824,1161,778,1225,871,COLOR_SEC
19:05:19.638,1461,litter_colour,1015,665,981,619,1049,712,COLOR_SEC
19:05:19.638,1461,litter_colour,1347,614,1313,587,1382,641,COLOR_SEC
19:05:19.679,1462,litter_yolo,391,682,3,346,780,1018,YOLO
19:05:19.763,1462,litter_motion,1185,838,1144,779,1226,897,COLOR_SEC
19:05:19.763,1462,litter_colour,1015,665,981,619,1049,712,COLOR_SEC
19:05:19.763,1462,litter_colour,1347,616,1314,588,1381,644,COLOR_SEC
19:05:19.805,1463,litter_yolo,390,686,3,347,777,1026,YOLO
19:05:19.891,1463,litter_motion,1187,838,1146,778,1228,898,COLOR_SEC
19:05:19.891,1463,litter_colour,1198,1059,1156,1038,1240,1080,COLOR_SEC
19:05:19.891,1463,litter_colour,1016,666,982,620,1050,713,COLOR_SEC
19:05:19.891,1463,litter_colour,1350,615,1316,588,1384,642,COLOR_SEC
19:05:19.891,1463,litter_colour,836,407,814,386,859,429,COLOR_SEC
19:05:19.932,1464,litter_yolo,390,691,2,346,779,1036,YOLO
19:05:20.016,1464,litter_motion,1197,829,1164,781,1231,877,COLOR_SEC
19:05:20.016,1464,litter_colour,1199,1061,1160,1042,1239,1080,COLOR_SEC
19:05:20.016,1464,litter_colour,1016,667,981,620,1051,714,COLOR_SEC
19:05:20.016,1464,litter_colour,1351,615,1317,588,1386,642,COLOR_SEC
19:05:20.016,1464,litter_colour,836,407,814,386,859,428,COLOR_SEC
19:05:20.058,1465,litter_yolo,391,690,2,346,780,1034,YOLO
19:05:20.145,1465,litter_motion,1197,831,1164,784,1230,878,COLOR_SEC
19:05:20.145,1465,litter_colour,1018,668,982,621,1054,715,COLOR_SEC
19:05:20.145,1465,litter_colour,1353,617,1319,589,1388,646,COLOR_SEC
19:05:20.145,1465,litter_colour,837,409,814,390,860,428,COLOR_SEC
19:05:20.186,1466,litter_yolo,393,685,3,344,784,1027,YOLO
19:05:20.273,1466,litter_colour,1017,668,982,621,1052,715,COLOR_SEC
19:05:20.273,1466,litter_colour,1355,615,1320,589,1390,642,COLOR_SEC
19:05:20.273,1466,litter_colour,837,409,814,390,860,428,COLOR_SEC
19:05:20.313,1467,litter_yolo,396,683,3,342,789,1024,YOLO
19:05:20.400,1467,litter_colour,1586,818,1543,805,1630,832,COLOR_SEC
19:05:20.400,1467,litter_colour,1019,668,983,621,1055,716,COLOR_SEC
19:05:20.400,1467,litter_colour,1357,618,1322,589,1392,647,COLOR_SEC
19:05:20.400,1467,litter_colour,837,408,814,389,860,428,COLOR_SEC
19:05:20.523,1468,litter_colour,1591,820,1547,806,1635,834,COLOR_SEC
19:05:20.523,1468,litter_colour,1018,669,983,621,1053,718,COLOR_SEC
19:05:20.523,1468,litter_colour,1358,619,1323,590,1394,648,COLOR_SEC
19:05:20.523,1468,litter_colour,837,408,814,389,861,428,COLOR_SEC
19:05:20.650,1469,litter_colour,1026,871,998,834,1054,908,COLOR_SEC
19:05:20.650,1469,litter_colour,1595,822,1551,808,1639,836,COLOR_SEC
19:05:20.650,1469,litter_colour,1018,670,983,622,1054,718,COLOR_SEC
19:05:20.650,1469,litter_colour,837,408,814,389,861,428,COLOR_SEC
19:05:20.775,1470,litter_colour,1027,873,999,836,1055,910,COLOR_SEC
19:05:20.775,1470,litter_colour,1599,824,1554,811,1644,838,COLOR_SEC
19:05:20.775,1470,litter_colour,1020,671,983,623,1057,719,COLOR_SEC
19:05:20.775,1470,litter_colour,837,406,814,385,861,428,COLOR_SEC
19:05:20.903,1471,litter_colour,1027,875,997,838,1057,913,COLOR_SEC
19:05:20.903,1471,litter_colour,1020,671,985,623,1055,720,COLOR_SEC
19:05:20.903,1471,litter_colour,838,406,814,385,862,428,COLOR_SEC
19:05:21.029,1472,litter_colour,1028,878,998,841,1058,916,COLOR_SEC
19:05:21.029,1472,litter_colour,1022,673,985,624,1059,723,COLOR_SEC
19:05:21.029,1472,litter_colour,837,408,814,389,861,428,COLOR_SEC
19:05:21.162,1473,litter_colour,1020,674,981,625,1060,724,COLOR_SEC
19:05:21.162,1473,litter_colour,837,408,814,389,861,428,COLOR_SEC
19:05:21.288,1474,litter_colour,1022,675,983,625,1061,725,COLOR_SEC
19:05:21.288,1474,litter_colour,837,408,814,389,861,428,COLOR_SEC
19:05:21.415,1475,litter_colour,904,1039,841,999,968,1080,COLOR_SEC
19:05:21.415,1475,litter_colour,1022,676,984,626,1061,726,COLOR_SEC
19:05:21.415,1475,litter_colour,837,407,814,385,860,429,COLOR_SEC
19:05:21.543,1476,litter_colour,1024,677,986,627,1062,728,COLOR_SEC
19:05:21.543,1476,litter_colour,837,407,813,385,861,429,COLOR_SEC
19:05:21.585,1477,litter_yolo,422,661,2,307,843,1015,YOLO
19:05:21.671,1477,litter_colour,1189,909,1114,834,1265,984,COLOR_SEC
19:05:21.671,1477,litter_colour,1024,678,986,627,1062,730,COLOR_SEC
19:05:21.671,1477,litter_colour,1431,652,1403,617,1460,687,COLOR_SEC
19:05:21.797,1478,litter_colour,880,1008,828,973,932,1043,COLOR_SEC
19:05:21.798,1478,litter_colour,1182,911,1097,836,1267,987,COLOR_SEC
19:05:21.798,1478,litter_colour,1022,679,982,628,1063,731,COLOR_SEC
19:05:21.798,1478,litter_colour,1433,653,1405,618,1461,688,COLOR_SEC
19:05:21.798,1478,litter_colour,837,406,813,385,861,428,COLOR_SEC
19:05:21.928,1479,litter_colour,889,1032,828,984,951,1080,COLOR_SEC
19:05:21.928,1479,litter_colour,1184,914,1098,838,1270,991,COLOR_SEC
19:05:21.928,1479,litter_colour,1435,654,1407,619,1463,690,COLOR_SEC
19:05:21.928,1479,litter_colour,837,406,813,385,861,427,COLOR_SEC
19:05:21.968,1480,litter_yolo,410,637,2,264,819,1010,YOLO
19:05:22.055,1480,litter_colour,889,1033,827,987,951,1080,COLOR_SEC
19:05:22.055,1480,litter_colour,1186,917,1099,840,1273,995,COLOR_SEC
19:05:22.055,1480,litter_colour,1437,655,1409,620,1466,690,COLOR_SEC
19:05:22.055,1480,litter_colour,836,406,812,385,861,428,COLOR_SEC
19:05:22.183,1481,litter_colour,836,406,812,385,860,427,COLOR_SEC
19:05:22.310,1482,litter_colour,835,406,810,385,860,427,COLOR_SEC
19:05:22.437,1483,litter_colour,1384,630,1347,600,1422,661,COLOR_SEC
19:05:22.437,1483,litter_colour,834,406,809,385,860,427,COLOR_SEC
19:05:22.568,1484,litter_colour,1386,631,1348,600,1425,662,COLOR_SEC
19:05:22.568,1484,litter_colour,993,596,973,571,1014,622,COLOR_SEC
19:05:22.568,1484,litter_colour,834,411,808,385,860,437,COLOR_SEC
19:05:22.695,1485,litter_colour,1387,632,1349,601,1426,664,COLOR_SEC
19:05:22.695,1485,litter_colour,997,598,973,572,1021,624,COLOR_SEC
19:05:22.695,1485,litter_colour,834,407,808,385,861,429,COLOR_SEC
19:05:22.820,1486,litter_colour,1389,633,1351,602,1428,664,COLOR_SEC
19:05:22.820,1486,litter_colour,997,598,973,572,1022,625,COLOR_SEC
19:05:22.820,1486,litter_colour,834,407,808,385,861,429,COLOR_SEC
19:05:22.947,1487,litter_colour,1391,633,1353,602,1429,665,COLOR_SEC
19:05:22.947,1487,litter_colour,997,598,974,572,1021,624,COLOR_SEC
19:05:22.947,1487,litter_colour,834,407,808,385,861,429,COLOR_SEC
19:05:22.987,1488,litter_yolo,404,666,2,331,807,1002,YOLO
19:05:23.073,1488,litter_colour,1393,634,1354,603,1432,666,COLOR_SEC
19:05:23.073,1488,litter_colour,1104,616,1074,578,1135,655,COLOR_SEC
19:05:23.073,1488,litter_colour,998,599,974,572,1023,626,COLOR_SEC
19:05:23.073,1488,litter_colour,834,406,808,385,861,427,COLOR_SEC
19:05:23.114,1489,litter_yolo,407,665,3,330,811,1000,YOLO
19:05:23.202,1489,litter_colour,1396,633,1356,605,1436,661,COLOR_SEC
19:05:23.202,1489,litter_colour,1104,616,1075,578,1134,655,COLOR_SEC
19:05:23.202,1489,litter_colour,998,599,974,573,1022,625,COLOR_SEC
19:05:23.202,1489,litter_colour,835,406,809,385,861,427,COLOR_SEC
19:05:23.244,1490,litter_yolo,407,662,3,331,811,993,YOLO
19:05:23.330,1490,litter_colour,1398,637,1357,605,1439,669,COLOR_SEC
19:05:23.330,1490,litter_colour,1106,617,1075,578,1137,656,COLOR_SEC
19:05:23.330,1490,litter_colour,835,406,809,385,861,428,COLOR_SEC
19:05:23.371,1491,litter_yolo,406,658,3,333,810,983,YOLO
19:05:23.457,1491,litter_colour,1106,618,1076,579,1137,657,COLOR_SEC
19:05:23.457,1491,litter_colour,835,406,809,385,861,428,COLOR_SEC
19:05:23.499,1492,litter_yolo,410,660,3,330,817,990,YOLO
19:05:23.587,1492,litter_motion,1237,927,1176,820,1298,1035,COLOR_SEC
19:05:23.587,1492,litter_colour,1218,954,1133,867,1303,1041,COLOR_SEC
19:05:23.587,1492,litter_colour,1306,617,1274,581,1339,654,COLOR_SEC
19:05:23.587,1492,litter_colour,1106,618,1076,579,1136,658,COLOR_SEC
19:05:23.587,1492,litter_colour,835,406,809,385,861,428,COLOR_SEC
19:05:23.630,1493,litter_yolo,410,665,2,330,818,1000,YOLO
19:05:23.715,1493,litter_colour,1221,957,1136,869,1306,1045,COLOR_SEC
19:05:23.715,1493,litter_colour,1028,692,987,638,1070,746,COLOR_SEC
19:05:23.715,1493,litter_colour,1307,618,1276,583,1338,653,COLOR_SEC
19:05:23.715,1493,litter_colour,1107,619,1077,580,1137,658,COLOR_SEC
19:05:23.715,1493,litter_colour,834,405,809,385,860,426,COLOR_SEC
19:05:23.758,1494,litter_yolo,410,674,3,329,817,1020,YOLO
19:05:23.843,1494,litter_colour,1031,693,990,638,1073,748,COLOR_SEC
19:05:23.843,1494,litter_colour,1310,618,1278,582,1342,654,COLOR_SEC
19:05:23.843,1494,litter_colour,1107,619,1077,580,1138,659,COLOR_SEC
19:05:23.843,1494,litter_colour,834,405,809,385,860,426,COLOR_SEC
19:05:23.884,1495,litter_yolo,406,676,2,332,811,1021,YOLO
19:05:23.972,1495,litter_colour,1031,696,988,639,1074,753,COLOR_SEC
19:05:23.972,1495,litter_colour,1468,672,1432,633,1505,711,COLOR_SEC
19:05:23.972,1495,litter_colour,1311,619,1279,583,1343,655,COLOR_SEC
19:05:23.972,1495,litter_colour,1108,620,1078,580,1139,660,COLOR_SEC
19:05:23.972,1495,litter_colour,834,405,809,385,860,426,COLOR_SEC
19:05:24.014,1496,litter_yolo,403,676,2,334,804,1018,YOLO
19:05:24.099,1496,litter_colour,1031,697,988,640,1075,755,COLOR_SEC
19:05:24.099,1496,litter_colour,1471,673,1437,634,1506,712,COLOR_SEC
19:05:24.099,1496,litter_colour,1310,621,1278,584,1343,658,COLOR_SEC
19:05:24.099,1496,litter_colour,1108,620,1078,580,1139,660,COLOR_SEC
19:05:24.099,1496,litter_colour,834,405,809,385,860,426,COLOR_SEC
19:05:24.140,1497,litter_yolo,399,671,3,337,795,1006,YOLO
19:05:24.227,1497,litter_colour,1031,698,989,640,1074,756,COLOR_SEC
19:05:24.227,1497,litter_colour,1313,620,1282,585,1344,656,COLOR_SEC
19:05:24.227,1497,litter_colour,1110,621,1079,581,1141,661,COLOR_SEC
19:05:24.227,1497,litter_colour,834,405,809,385,860,426,COLOR_SEC
19:05:24.269,1498,litter_yolo,400,675,2,335,798,1016,YOLO
19:05:24.354,1498,litter_colour,1032,699,989,641,1075,758,COLOR_SEC
19:05:24.354,1498,litter_colour,1315,620,1283,584,1347,657,COLOR_SEC
19:05:24.354,1498,litter_colour,1110,621,1079,581,1142,661,COLOR_SEC
19:05:24.354,1498,litter_colour,834,405,809,385,860,426,COLOR_SEC
19:05:24.397,1499,litter_yolo,399,684,2,336,797,1032,YOLO
19:05:24.483,1499,litter_colour,1033,698,989,642,1077,754,COLOR_SEC
19:05:24.483,1499,litter_colour,1315,623,1281,585,1349,661,COLOR_SEC
19:05:24.483,1499,litter_colour,1111,621,1080,581,1143,662,COLOR_SEC
19:05:24.483,1499,litter_colour,834,407,809,385,860,429,COLOR_SEC
19:05:24.523,1500,litter_yolo,384,685,0,338,769,1032,YOLO
19:05:24.609,1500,litter_colour,1034,698,990,642,1078,755,COLOR_SEC
19:05:24.609,1500,litter_colour,1317,621,1285,585,1350,658,COLOR_SEC
19:05:24.609,1500,litter_colour,1112,626,1080,582,1145,671,COLOR_SEC
19:05:24.609,1500,litter_colour,834,407,809,385,860,429,COLOR_SEC
19:05:24.651,1501,litter_yolo,383,675,0,340,767,1010,YOLO
19:05:24.739,1501,litter_colour,1035,700,991,644,1079,757,COLOR_SEC
19:05:24.739,1501,litter_colour,1319,622,1287,585,1352,659,COLOR_SEC
19:05:24.739,1501,litter_colour,1112,602,1081,583,1143,622,COLOR_SEC
19:05:24.781,1502,litter_yolo,383,679,0,341,767,1018,YOLO
19:05:24.867,1502,litter_colour,1035,701,992,644,1078,759,COLOR_SEC
19:05:24.867,1502,litter_colour,1113,616,1082,582,1145,651,COLOR_SEC
19:05:24.908,1503,litter_yolo,383,676,0,341,766,1012,YOLO
19:05:24.994,1503,litter_colour,1037,702,995,644,1080,761,COLOR_SEC
19:05:24.994,1503,litter_colour,1115,618,1082,584,1149,652,COLOR_SEC
19:05:25.036,1504,litter_yolo,383,676,0,340,767,1012,YOLO
19:05:25.121,1504,litter_colour,1037,705,993,645,1081,766,COLOR_SEC
19:05:25.121,1504,litter_colour,1115,617,1083,583,1147,652,COLOR_SEC
19:05:25.249,1505,litter_colour,1037,704,993,646,1082,762,COLOR_SEC
19:05:25.249,1505,litter_colour,1114,607,1083,585,1146,630,COLOR_SEC
19:05:25.290,1506,litter_yolo,383,672,0,337,766,1008,YOLO
19:05:25.378,1506,litter_colour,1274,700,1157,640,1391,761,COLOR_SEC
19:05:25.379,1506,litter_colour,1037,702,993,636,1082,769,COLOR_SEC
19:05:25.379,1506,litter_colour,1116,619,1084,585,1149,653,COLOR_SEC
19:05:25.420,1507,litter_yolo,383,678,0,334,767,1022,YOLO
19:05:25.507,1507,litter_colour,1038,708,994,646,1083,770,COLOR_SEC
19:05:25.507,1507,litter_colour,1274,701,1156,640,1393,763,COLOR_SEC
19:05:25.507,1507,litter_colour,1118,619,1084,585,1153,654,COLOR_SEC
19:05:25.632,1508,litter_colour,1039,709,994,647,1084,771,COLOR_SEC
19:05:25.632,1508,litter_colour,1436,651,1390,616,1482,687,COLOR_SEC
19:05:25.632,1508,litter_colour,821,410,800,393,842,428,COLOR_SEC
19:05:25.761,1509,litter_colour,1266,703,1151,641,1381,765,COLOR_SEC
19:05:25.762,1509,litter_colour,1435,649,1391,618,1480,680,COLOR_SEC
19:05:25.762,1509,litter_colour,1118,619,1085,585,1151,654,COLOR_SEC
19:05:25.927,1511,litter_yolo,405,673,2,326,809,1020,YOLO
19:05:26.014,1511,litter_colour,1439,653,1395,619,1484,688,COLOR_SEC
19:05:26.014,1511,litter_colour,1118,608,1086,585,1151,631,COLOR_SEC
19:05:26.140,1512,litter_colour,1119,608,1087,585,1151,631,COLOR_SEC
19:05:26.306,1514,litter_yolo,413,659,2,315,825,1004,YOLO
19:05:26.433,1515,litter_yolo,407,664,2,317,812,1012,YOLO
19:05:26.519,1515,litter_colour,1118,626,1088,585,1149,668,COLOR_SEC
19:05:26.646,1516,litter_colour,1114,608,1089,585,1140,632,COLOR_SEC
19:05:26.646,1516,litter_colour,1359,625,1308,581,1410,669,COLOR_SEC
19:05:26.646,1516,litter_colour,826,408,807,390,845,427,COLOR_SEC
19:05:26.687,1517,litter_yolo,395,675,2,334,788,1016,YOLO
19:05:26.775,1517,litter_colour,1114,608,1089,586,1140,631,COLOR_SEC
19:05:26.776,1517,litter_colour,825,408,807,390,844,426,COLOR_SEC
19:05:26.818,1518,litter_yolo,393,676,3,339,784,1013,YOLO
19:05:26.905,1518,litter_colour,1011,610,985,580,1037,641,COLOR_SEC
19:05:26.905,1518,litter_colour,825,408,806,390,844,426,COLOR_SEC
19:05:26.945,1519,litter_yolo,393,681,2,336,785,1026,YOLO
19:05:27.032,1519,litter_colour,825,407,806,389,844,426,COLOR_SEC
19:05:27.072,1520,litter_yolo,396,668,3,330,789,1006,YOLO
19:05:27.158,1520,litter_colour,825,407,808,389,842,425,COLOR_SEC
19:05:27.201,1521,litter_yolo,402,661,2,319,802,1003,YOLO
19:05:27.329,1522,litter_yolo,412,658,2,314,823,1003,YOLO
19:05:27.416,1522,litter_motion,1274,1023,1200,966,1348,1080,COLOR_SEC
19:05:27.416,1522,litter_colour,1262,1007,1177,935,1348,1080,COLOR_SEC
19:05:27.416,1522,litter_colour,825,406,808,388,842,425,COLOR_SEC
19:05:27.459,1523,litter_yolo,418,658,2,311,835,1006,YOLO
19:05:27.546,1523,litter_colour,1264,1009,1179,938,1350,1080,COLOR_SEC
19:05:27.589,1524,litter_yolo,411,653,2,312,821,994,YOLO
19:05:27.676,1524,litter_colour,1265,1010,1179,940,1351,1080,COLOR_SEC
19:05:27.676,1524,litter_colour,1016,615,986,581,1047,649,COLOR_SEC
19:05:27.676,1524,litter_colour,824,406,807,388,842,425,COLOR_SEC
19:05:27.805,1525,litter_colour,1266,1011,1181,943,1352,1080,COLOR_SEC
19:05:27.805,1525,litter_colour,1118,610,1092,587,1145,633,COLOR_SEC
19:05:27.805,1525,litter_colour,1012,612,986,581,1038,643,COLOR_SEC
19:05:27.805,1525,litter_colour,824,406,807,388,842,424,COLOR_SEC
19:05:27.846,1526,litter_yolo,405,657,3,324,808,990,YOLO
19:05:27.933,1526,litter_colour,1267,1013,1182,946,1353,1080,COLOR_SEC
19:05:27.933,1526,litter_colour,1012,612,986,581,1039,643,COLOR_SEC
19:05:27.933,1526,litter_colour,824,405,806,386,842,424,COLOR_SEC
19:05:27.973,1527,litter_yolo,401,671,2,328,801,1015,YOLO
19:05:28.061,1527,litter_colour,1268,1014,1183,948,1353,1080,COLOR_SEC
19:05:28.061,1527,litter_colour,1398,874,1350,854,1446,895,COLOR_SEC
19:05:28.061,1527,litter_colour,1367,858,1315,837,1420,879,COLOR_SEC
19:05:28.061,1527,litter_colour,1017,616,986,581,1048,651,COLOR_SEC
19:05:28.061,1527,litter_colour,824,405,806,386,843,424,COLOR_SEC
19:05:28.103,1528,litter_yolo,401,669,3,330,800,1009,YOLO
19:05:28.190,1528,litter_colour,1269,1015,1184,951,1354,1080,COLOR_SEC
19:05:28.190,1528,litter_colour,1369,860,1317,839,1422,881,COLOR_SEC
19:05:28.190,1528,litter_colour,1017,616,986,581,1049,651,COLOR_SEC
19:05:28.190,1528,litter_colour,823,405,805,386,842,424,COLOR_SEC
19:05:28.233,1529,litter_yolo,395,672,3,332,788,1012,YOLO
19:05:28.321,1529,litter_colour,1269,1017,1186,954,1353,1080,COLOR_SEC
19:05:28.321,1529,litter_colour,930,751,880,731,980,771,COLOR_SEC
19:05:28.321,1529,litter_colour,1012,613,986,582,1039,645,COLOR_SEC
19:05:28.321,1529,litter_colour,823,405,805,386,842,424,COLOR_SEC
19:05:28.362,1530,litter_yolo,394,671,2,331,787,1012,YOLO
19:05:28.448,1530,litter_colour,1269,1018,1187,957,1352,1080,COLOR_SEC
19:05:28.448,1530,litter_colour,1374,864,1320,843,1429,885,COLOR_SEC
19:05:28.448,1530,litter_colour,930,752,880,732,980,772,COLOR_SEC
19:05:28.448,1530,litter_colour,1010,614,979,583,1041,646,COLOR_SEC
19:05:28.448,1530,litter_colour,824,405,807,386,842,424,COLOR_SEC
19:05:28.491,1531,litter_yolo,400,672,3,327,798,1018,YOLO
19:05:28.578,1531,litter_colour,1260,1020,1168,960,1352,1080,COLOR_SEC
19:05:28.578,1531,litter_colour,1367,867,1321,846,1413,888,COLOR_SEC
19:05:28.578,1531,litter_colour,930,753,880,733,980,774,COLOR_SEC
19:05:28.578,1531,litter_colour,1381,634,1325,591,1438,678,COLOR_SEC
19:05:28.578,1531,litter_colour,824,404,806,386,842,423,COLOR_SEC
19:05:28.707,1532,litter_motion,1268,1034,1194,989,1342,1080,COLOR_SEC
19:05:28.707,1532,litter_colour,1270,1022,1190,964,1351,1080,COLOR_SEC
19:05:28.707,1532,litter_colour,930,755,880,734,980,776,COLOR_SEC
19:05:28.707,1532,litter_colour,1382,634,1325,587,1440,682,COLOR_SEC
19:05:28.707,1532,litter_colour,1014,614,987,583,1041,646,COLOR_SEC
19:05:28.707,1532,litter_colour,824,404,806,386,842,423,COLOR_SEC
19:05:28.836,1533,litter_motion,1272,1036,1197,993,1348,1080,COLOR_SEC
19:05:28.837,1533,litter_colour,1270,1023,1191,967,1350,1080,COLOR_SEC
19:05:28.837,1533,litter_colour,1379,871,1324,850,1435,893,COLOR_SEC
19:05:28.837,1533,litter_colour,942,756,903,736,981,777,COLOR_SEC
19:05:28.837,1533,litter_colour,1380,635,1319,587,1442,683,COLOR_SEC
19:05:28.837,1533,litter_colour,1014,615,987,583,1041,647,COLOR_SEC
19:05:28.837,1533,litter_colour,824,404,806,386,842,423,COLOR_SEC
19:05:28.967,1534,litter_motion,1275,1038,1200,996,1350,1080,COLOR_SEC
19:05:28.967,1534,litter_colour,1260,1025,1171,971,1350,1080,COLOR_SEC
19:05:28.967,1534,litter_colour,1381,874,1326,853,1436,895,COLOR_SEC
19:05:28.967,1534,litter_colour,930,758,879,737,981,779,COLOR_SEC
19:05:28.967,1534,litter_colour,1387,634,1327,588,1447,681,COLOR_SEC
19:05:28.967,1534,litter_colour,1014,616,987,584,1041,649,COLOR_SEC
19:05:28.967,1534,litter_colour,824,405,805,386,843,424,COLOR_SEC
19:05:29.095,1535,litter_colour,1265,1027,1193,974,1338,1080,COLOR_SEC
19:05:29.095,1535,litter_colour,1384,876,1328,855,1440,898,COLOR_SEC
19:05:29.095,1535,litter_colour,929,759,878,738,981,780,COLOR_SEC
19:05:29.095,1535,litter_colour,1388,635,1328,589,1448,682,COLOR_SEC
19:05:29.095,1535,litter_colour,1013,617,987,585,1039,649,COLOR_SEC
19:05:29.095,1535,litter_colour,823,404,805,386,842,423,COLOR_SEC
19:05:29.095,1535,litter_colour,1874,344,1828,333,1920,355,COLOR_SEC
19:05:29.223,1536,litter_colour,1254,1029,1174,978,1335,1080,COLOR_SEC
19:05:29.223,1536,litter_colour,1386,871,1329,841,1443,901,COLOR_SEC
19:05:29.223,1536,litter_colour,1391,636,1333,589,1450,683,COLOR_SEC
19:05:29.223,1536,litter_colour,1014,617,987,585,1041,650,COLOR_SEC
19:05:29.223,1536,litter_colour,1395,490,1326,441,1464,540,COLOR_SEC
19:05:29.223,1536,litter_colour,824,404,806,386,842,423,COLOR_SEC
19:05:29.223,1536,litter_colour,1874,345,1829,332,1920,358,COLOR_SEC
19:05:29.352,1537,litter_colour,1256,1030,1175,981,1337,1080,COLOR_SEC
19:05:29.352,1537,litter_colour,1387,873,1331,843,1444,904,COLOR_SEC
19:05:29.352,1537,litter_colour,1390,637,1331,590,1449,684,COLOR_SEC
19:05:29.352,1537,litter_colour,1015,618,988,585,1042,651,COLOR_SEC
19:05:29.352,1537,litter_colour,1394,490,1323,440,1466,540,COLOR_SEC
19:05:29.352,1537,litter_colour,824,404,805,386,843,423,COLOR_SEC
19:05:29.352,1537,litter_colour,1876,344,1832,331,1920,358,COLOR_SEC
19:05:29.480,1538,litter_colour,1257,1032,1177,985,1337,1080,COLOR_SEC
19:05:29.480,1538,litter_colour,1393,639,1332,591,1455,688,COLOR_SEC
19:05:29.480,1538,litter_colour,1132,615,1097,590,1167,640,COLOR_SEC
19:05:29.480,1538,litter_colour,1020,622,988,585,1052,659,COLOR_SEC
19:05:29.480,1538,litter_colour,822,404,803,385,842,423,COLOR_SEC
19:05:29.480,1538,litter_colour,1876,345,1832,333,1920,357,COLOR_SEC
19:05:29.606,1539,litter_colour,1258,1034,1178,988,1338,1080,COLOR_SEC
19:05:29.606,1539,litter_colour,1393,639,1334,592,1453,686,COLOR_SEC
19:05:29.606,1539,litter_colour,1133,615,1098,591,1168,640,COLOR_SEC
19:05:29.606,1539,litter_colour,1015,619,988,586,1043,652,COLOR_SEC
19:05:29.606,1539,litter_colour,823,404,805,385,842,423,COLOR_SEC
19:05:29.606,1539,litter_colour,1876,344,1832,331,1920,357,COLOR_SEC
19:05:29.648,1540,litter_yolo,397,649,2,292,792,1007,YOLO
19:05:29.734,1540,litter_colour,1261,1036,1183,992,1339,1080,COLOR_SEC
19:05:29.734,1540,litter_colour,1133,635,1098,591,1169,680,COLOR_SEC
19:05:29.734,1540,litter_colour,1021,623,988,586,1054,660,COLOR_SEC
19:05:29.734,1540,litter_colour,823,403,805,384,842,422,COLOR_SEC
19:05:29.734,1540,litter_colour,1877,343,1834,329,1920,358,COLOR_SEC
19:05:29.777,1541,litter_yolo,395,654,2,307,788,1002,YOLO
19:05:29.865,1541,litter_colour,1262,1038,1185,996,1339,1080,COLOR_SEC
19:05:29.865,1541,litter_colour,1134,616,1099,591,1170,641,COLOR_SEC
19:05:29.865,1541,litter_colour,1016,620,988,587,1044,654,COLOR_SEC
19:05:29.865,1541,litter_colour,823,403,805,385,842,422,COLOR_SEC
19:05:29.865,1541,litter_colour,1878,343,1836,329,1920,358,COLOR_SEC
19:05:29.906,1542,litter_yolo,396,658,2,306,791,1010,YOLO
19:05:29.992,1542,litter_colour,1055,744,1003,665,1108,823,COLOR_SEC
19:05:29.992,1542,litter_colour,1134,636,1099,592,1170,681,COLOR_SEC
19:05:29.992,1542,litter_colour,1021,624,989,587,1054,662,COLOR_SEC
19:05:29.992,1542,litter_colour,824,403,806,385,842,422,COLOR_SEC
19:05:30.120,1543,litter_colour,1435,917,1382,893,1488,941,COLOR_SEC
19:05:30.120,1543,litter_colour,1401,896,1342,875,1460,918,COLOR_SEC
19:05:30.120,1543,litter_colour,1056,746,1004,667,1109,825,COLOR_SEC
19:05:30.120,1543,litter_colour,1136,637,1100,592,1172,682,COLOR_SEC
19:05:30.120,1543,litter_colour,1022,624,990,587,1055,662,COLOR_SEC
19:05:30.120,1543,litter_colour,824,404,806,386,842,422,COLOR_SEC
19:05:30.160,1544,litter_yolo,381,669,0,321,763,1017,YOLO
19:05:30.246,1544,litter_colour,1403,899,1344,877,1463,921,COLOR_SEC
19:05:30.246,1544,litter_colour,1059,747,1003,667,1116,827,COLOR_SEC
19:05:30.246,1544,litter_colour,1023,625,990,588,1056,663,COLOR_SEC
19:05:30.246,1544,litter_colour,824,403,806,385,842,422,COLOR_SEC
19:05:30.287,1545,litter_yolo,392,661,2,318,782,1004,YOLO
19:05:30.375,1545,litter_colour,1405,902,1346,880,1465,924,COLOR_SEC
19:05:30.375,1545,litter_colour,1386,846,1351,825,1421,868,COLOR_SEC
19:05:30.375,1545,litter_colour,1057,749,1003,669,1111,830,COLOR_SEC
19:05:30.375,1545,litter_colour,1137,638,1101,593,1173,684,COLOR_SEC
19:05:30.375,1545,litter_colour,1023,626,990,588,1056,664,COLOR_SEC
19:05:30.375,1545,litter_colour,824,403,806,385,842,422,COLOR_SEC
19:05:30.417,1546,litter_yolo,381,663,0,317,763,1009,YOLO
19:05:30.505,1546,litter_colour,1408,904,1347,882,1469,927,COLOR_SEC
19:05:30.505,1546,litter_colour,1397,847,1353,825,1441,870,COLOR_SEC
19:05:30.505,1546,litter_colour,1058,750,1004,669,1112,832,COLOR_SEC
19:05:30.505,1546,litter_colour,1137,639,1101,594,1174,685,COLOR_SEC
19:05:30.505,1546,litter_colour,1023,627,990,589,1056,665,COLOR_SEC
19:05:30.505,1546,litter_colour,824,403,806,385,842,422,COLOR_SEC
19:05:30.546,1547,litter_yolo,381,664,0,319,762,1009,YOLO
19:05:30.634,1547,litter_motion,1247,1063,1222,1047,1272,1080,COLOR_SEC
19:05:30.634,1547,litter_colour,1276,1049,1213,1019,1339,1080,COLOR_SEC
19:05:30.634,1547,litter_colour,1410,907,1349,885,1471,930,COLOR_SEC
19:05:30.634,1547,litter_colour,1399,846,1355,827,1444,866,COLOR_SEC
19:05:30.634,1547,litter_colour,1059,752,1005,671,1113,834,COLOR_SEC
19:05:30.634,1547,litter_colour,1017,627,979,589,1056,666,COLOR_SEC
19:05:30.634,1547,litter_colour,823,403,804,385,842,422,COLOR_SEC
19:05:30.675,1548,litter_yolo,381,664,0,320,763,1009,YOLO
19:05:30.762,1548,litter_motion,1246,1066,1221,1052,1272,1080,COLOR_SEC
19:05:30.762,1548,litter_colour,1279,1051,1217,1023,1342,1080,COLOR_SEC
19:05:30.762,1548,litter_colour,1412,910,1351,888,1474,933,COLOR_SEC
19:05:30.762,1548,litter_colour,1392,852,1357,829,1428,875,COLOR_SEC
19:05:30.762,1548,litter_colour,1059,753,1004,671,1114,836,COLOR_SEC
19:05:30.762,1548,litter_colour,1019,628,982,589,1056,667,COLOR_SEC
19:05:30.762,1548,litter_colour,823,403,804,385,842,422,COLOR_SEC
19:05:30.804,1549,litter_yolo,383,665,0,320,766,1011,YOLO
19:05:30.893,1549,litter_colour,1414,913,1353,890,1476,936,COLOR_SEC
19:05:30.893,1549,litter_colour,1392,852,1359,835,1425,870,COLOR_SEC
19:05:30.893,1549,litter_colour,1060,755,1006,672,1115,838,COLOR_SEC
19:05:30.893,1549,litter_colour,1025,628,991,589,1060,667,COLOR_SEC
19:05:30.893,1549,litter_colour,823,403,804,384,842,422,COLOR_SEC
19:05:30.934,1550,litter_yolo,400,658,2,315,798,1002,YOLO
19:05:31.020,1550,litter_colour,1419,916,1359,893,1480,939,COLOR_SEC
19:05:31.020,1550,litter_colour,933,790,879,755,988,826,COLOR_SEC
19:05:31.020,1550,litter_colour,1060,756,1006,673,1115,840,COLOR_SEC
19:05:31.020,1550,litter_colour,1017,629,977,590,1058,668,COLOR_SEC
19:05:31.020,1550,litter_colour,823,403,804,385,842,422,COLOR_SEC
19:05:31.060,1551,litter_yolo,406,657,2,312,810,1003,YOLO
19:05:31.146,1551,litter_colour,1422,918,1361,895,1483,942,COLOR_SEC
19:05:31.146,1551,litter_colour,1396,856,1363,839,1430,874,COLOR_SEC
19:05:31.146,1551,litter_colour,933,794,879,760,988,828,COLOR_SEC
19:05:31.146,1551,litter_colour,1062,758,1007,674,1117,842,COLOR_SEC
19:05:31.146,1551,litter_colour,1025,629,992,590,1058,669,COLOR_SEC
19:05:31.146,1551,litter_colour,1875,494,1830,451,1920,538,COLOR_SEC
19:05:31.146,1551,litter_colour,823,403,805,385,842,422,COLOR_SEC
19:05:31.188,1552,litter_yolo,412,658,2,309,823,1007,YOLO
19:05:31.274,1552,litter_colour,934,786,879,760,990,812,COLOR_SEC
19:05:31.274,1552,litter_colour,927,714,895,699,959,729,COLOR_SEC
19:05:31.274,1552,litter_colour,1063,759,1007,675,1120,844,COLOR_SEC
19:05:31.274,1552,litter_colour,1025,630,992,591,1059,670,COLOR_SEC
19:05:31.274,1552,litter_colour,1877,500,1834,451,1920,550,COLOR_SEC
19:05:31.274,1552,litter_colour,823,404,805,385,842,423,COLOR_SEC
19:05:31.314,1553,litter_yolo,414,653,2,310,827,996,YOLO
19:05:31.402,1553,litter_colour,934,788,879,764,990,813,COLOR_SEC
19:05:31.402,1553,litter_colour,923,715,888,700,959,730,COLOR_SEC
19:05:31.402,1553,litter_colour,1026,631,992,592,1060,671,COLOR_SEC
19:05:31.402,1553,litter_colour,1879,490,1838,453,1920,527,COLOR_SEC
19:05:31.445,1554,litter_yolo,416,653,2,311,831,996,YOLO
19:05:31.531,1554,litter_colour,934,790,879,766,990,815,COLOR_SEC
19:05:31.531,1554,litter_colour,924,716,888,701,960,732,COLOR_SEC
19:05:31.531,1554,litter_colour,1026,632,993,592,1060,672,COLOR_SEC
19:05:31.573,1555,litter_yolo,417,650,2,312,833,989,YOLO
19:05:31.659,1555,litter_colour,935,793,879,768,992,818,COLOR_SEC
19:05:31.659,1555,litter_colour,924,717,888,701,960,733,COLOR_SEC
19:05:31.659,1555,litter_colour,1027,633,993,593,1061,673,COLOR_SEC
19:05:31.698,1556,litter_yolo,418,657,2,314,835,1001,YOLO
19:05:31.788,1556,litter_colour,935,793,879,769,991,818,COLOR_SEC
19:05:31.788,1556,litter_colour,924,718,888,702,961,734,COLOR_SEC
19:05:31.788,1556,litter_colour,1028,633,994,593,1062,674,COLOR_SEC
19:05:31.788,1556,litter_colour,1887,342,1855,327,1920,358,COLOR_SEC
19:05:31.831,1557,litter_yolo,416,652,2,318,831,987,YOLO
19:05:31.920,1557,litter_colour,936,795,880,770,992,820,COLOR_SEC
19:05:31.920,1557,litter_colour,924,719,888,703,961,735,COLOR_SEC
19:05:31.920,1557,litter_colour,1029,632,994,589,1065,675,COLOR_SEC
19:05:31.920,1557,litter_colour,1888,342,1856,327,1920,358,COLOR_SEC
19:05:31.960,1558,litter_yolo,417,659,2,317,832,1001,YOLO
19:05:32.047,1558,litter_colour,936,796,880,770,992,822,COLOR_SEC
19:05:32.047,1558,litter_colour,1021,634,980,594,1063,675,COLOR_SEC
19:05:32.047,1558,litter_colour,1888,341,1856,325,1920,357,COLOR_SEC
19:05:32.089,1559,litter_yolo,417,655,2,317,832,993,YOLO
19:05:32.176,1559,litter_colour,936,796,880,770,993,823,COLOR_SEC
19:05:32.176,1559,litter_colour,1029,635,995,594,1063,676,COLOR_SEC
19:05:32.176,1559,litter_colour,1889,341,1858,325,1920,357,COLOR_SEC
19:05:32.217,1560,litter_yolo,418,655,2,315,834,995,YOLO
19:05:32.304,1560,litter_colour,1029,634,995,593,1064,676,COLOR_SEC
19:05:32.304,1560,litter_colour,1889,339,1859,324,1920,355,COLOR_SEC
19:05:32.344,1561,litter_yolo,423,647,2,304,845,990,YOLO
19:05:32.432,1561,litter_colour,1030,636,996,596,1064,677,COLOR_SEC
19:05:32.432,1561,litter_colour,1890,338,1861,324,1920,352,COLOR_SEC
19:05:32.472,1562,litter_yolo,431,634,2,281,861,987,YOLO
19:05:32.560,1562,litter_colour,1454,947,1389,923,1519,971,COLOR_SEC
19:05:32.560,1562,litter_colour,1023,635,981,593,1065,677,COLOR_SEC
19:05:32.560,1562,litter_colour,1890,340,1861,324,1920,357,COLOR_SEC
19:05:32.600,1563,litter_yolo,428,638,2,279,855,998,YOLO
19:05:32.687,1563,litter_colour,1457,949,1392,925,1522,973,COLOR_SEC
19:05:32.687,1563,litter_colour,1552,701,1489,662,1616,741,COLOR_SEC
19:05:32.687,1563,litter_colour,1031,636,996,594,1066,678,COLOR_SEC
19:05:32.687,1563,litter_colour,1891,338,1863,324,1920,353,COLOR_SEC
19:05:32.729,1564,litter_yolo,428,640,1,280,855,1001,YOLO
19:05:32.816,1564,litter_colour,1460,951,1394,927,1526,976,COLOR_SEC
19:05:32.816,1564,litter_colour,1558,702,1491,662,1626,742,COLOR_SEC
19:05:32.816,1564,litter_colour,1031,636,996,594,1067,678,COLOR_SEC
19:05:32.816,1564,litter_colour,1891,340,1863,324,1920,357,COLOR_SEC
19:05:32.857,1565,litter_yolo,421,645,2,293,841,998,YOLO
19:05:32.945,1565,litter_colour,1463,953,1397,929,1530,978,COLOR_SEC
19:05:32.945,1565,litter_colour,1559,708,1494,663,1625,753,COLOR_SEC
19:05:32.945,1565,litter_colour,1414,667,1370,619,1458,716,COLOR_SEC
19:05:32.945,1565,litter_colour,1032,636,997,594,1067,679,COLOR_SEC
19:05:32.945,1565,litter_colour,1892,342,1865,324,1920,360,COLOR_SEC
19:05:32.986,1566,litter_yolo,421,641,2,295,841,988,YOLO
19:05:33.073,1566,litter_colour,1411,667,1367,619,1455,716,COLOR_SEC
19:05:33.073,1566,litter_colour,1033,636,998,594,1068,679,COLOR_SEC
19:05:33.073,1566,litter_colour,1892,338,1865,324,1920,353,COLOR_SEC
19:05:33.113,1567,litter_yolo,420,642,2,295,838,990,YOLO
19:05:33.202,1567,litter_colour,1470,958,1403,933,1537,983,COLOR_SEC
19:05:33.202,1567,litter_colour,1075,778,1014,685,1137,872,COLOR_SEC
19:05:33.202,1567,litter_colour,1427,650,1398,620,1457,680,COLOR_SEC
19:05:33.202,1567,litter_colour,1033,637,998,594,1069,680,COLOR_SEC
19:05:33.202,1567,litter_colour,1891,336,1863,324,1920,349,COLOR_SEC
19:05:33.242,1568,litter_yolo,411,646,2,303,821,990,YOLO
19:05:33.330,1568,litter_colour,1076,780,1014,686,1138,874,COLOR_SEC
19:05:33.330,1568,litter_colour,1429,651,1399,620,1459,682,COLOR_SEC
19:05:33.330,1568,litter_colour,1022,633,985,595,1059,672,COLOR_SEC
19:05:33.330,1568,litter_colour,821,400,801,379,842,422,COLOR_SEC
19:05:33.372,1569,litter_yolo,380,663,0,316,761,1011,YOLO
19:05:33.461,1569,litter_colour,1077,781,1015,686,1139,876,COLOR_SEC
19:05:33.461,1569,litter_colour,1431,652,1401,624,1461,680,COLOR_SEC
19:05:33.461,1569,litter_colour,1029,634,998,595,1060,673,COLOR_SEC
19:05:33.461,1569,litter_colour,821,401,801,380,842,423,COLOR_SEC
19:05:33.503,1570,litter_yolo,381,665,0,317,762,1013,YOLO
19:05:33.590,1570,litter_colour,1078,783,1016,687,1141,879,COLOR_SEC
19:05:33.590,1570,litter_colour,1423,671,1384,624,1462,718,COLOR_SEC
19:05:33.590,1570,litter_colour,1035,639,1000,596,1071,682,COLOR_SEC
19:05:33.590,1570,litter_colour,821,405,800,380,842,431,COLOR_SEC
19:05:33.630,1571,litter_yolo,381,664,0,320,762,1009,YOLO
19:05:33.717,1571,litter_colour,1079,784,1016,688,1142,881,COLOR_SEC
19:05:33.717,1571,litter_colour,1425,671,1385,624,1465,719,COLOR_SEC
19:05:33.717,1571,litter_colour,1154,650,1114,601,1195,699,COLOR_SEC
19:05:33.717,1571,litter_colour,1028,636,999,596,1058,677,COLOR_SEC
19:05:33.717,1571,litter_colour,821,401,800,380,842,423,COLOR_SEC
19:05:33.756,1572,litter_yolo,382,669,0,320,765,1019,YOLO
19:05:33.844,1572,litter_colour,928,732,890,714,967,750,COLOR_SEC
19:05:33.844,1572,litter_colour,1079,786,1016,689,1143,883,COLOR_SEC
19:05:33.844,1572,litter_colour,1419,674,1373,623,1466,726,COLOR_SEC
19:05:33.844,1572,litter_colour,1155,650,1115,602,1196,699,COLOR_SEC
19:05:33.844,1572,litter_colour,821,405,800,380,842,431,COLOR_SEC
19:05:33.888,1573,litter_yolo,405,656,2,315,808,997,YOLO
19:05:33.976,1573,litter_colour,1489,979,1420,949,1559,1009,COLOR_SEC
19:05:33.976,1573,litter_colour,928,733,889,715,967,751,COLOR_SEC
19:05:33.976,1573,litter_colour,1437,659,1407,626,1468,692,COLOR_SEC
19:05:33.976,1573,litter_colour,1156,651,1116,602,1196,700,COLOR_SEC
19:05:33.976,1573,litter_colour,1029,638,1000,597,1058,679,COLOR_SEC
19:05:33.976,1573,litter_colour,820,400,799,380,842,420,COLOR_SEC
19:05:34.017,1574,litter_yolo,413,654,3,311,824,998,YOLO
19:05:34.104,1574,litter_colour,1493,982,1423,952,1563,1012,COLOR_SEC
19:05:34.104,1574,litter_colour,928,734,890,717,967,752,COLOR_SEC
19:05:34.104,1574,litter_colour,1430,673,1390,624,1470,722,COLOR_SEC
19:05:34.104,1574,litter_colour,1156,652,1116,603,1197,701,COLOR_SEC
19:05:34.104,1574,litter_colour,1024,638,986,597,1062,680,COLOR_SEC
19:05:34.145,1575,litter_yolo,420,650,2,299,838,1001,YOLO
19:05:34.232,1575,litter_colour,1496,985,1425,955,1567,1015,COLOR_SEC
19:05:34.232,1575,litter_colour,928,736,890,718,967,754,COLOR_SEC
19:05:34.232,1575,litter_colour,1432,674,1392,625,1472,723,COLOR_SEC
19:05:34.232,1575,litter_colour,1157,652,1117,602,1198,702,COLOR_SEC
19:05:34.232,1575,litter_colour,1022,637,983,597,1062,678,COLOR_SEC
19:05:34.364,1576,litter_colour,1499,988,1428,959,1571,1018,COLOR_SEC
19:05:34.364,1576,litter_colour,929,737,890,719,968,755,COLOR_SEC
19:05:34.364,1576,litter_colour,1434,675,1394,626,1474,725,COLOR_SEC
19:05:34.364,1576,litter_colour,1158,653,1118,604,1198,703,COLOR_SEC
19:05:34.364,1576,litter_colour,822,400,802,380,842,421,COLOR_SEC
19:05:34.406,1577,litter_yolo,415,639,2,292,828,987,YOLO
19:05:34.494,1577,litter_colour,1503,988,1432,962,1574,1015,COLOR_SEC
19:05:34.494,1577,litter_colour,944,826,881,797,1008,856,COLOR_SEC
19:05:34.494,1577,litter_colour,929,738,890,720,968,756,COLOR_SEC
19:05:34.494,1577,litter_colour,1158,654,1117,605,1199,704,COLOR_SEC
19:05:34.535,1578,litter_yolo,422,629,2,285,843,973,YOLO
19:05:34.621,1578,litter_colour,1507,991,1435,965,1579,1018,COLOR_SEC
19:05:34.621,1578,litter_colour,929,739,890,721,968,758,COLOR_SEC
19:05:34.621,1578,litter_colour,1158,654,1117,603,1200,705,COLOR_SEC
19:05:34.661,1579,litter_yolo,426,635,2,277,850,993,YOLO
19:05:34.749,1579,litter_colour,1510,995,1438,968,1583,1022,COLOR_SEC
19:05:34.749,1579,litter_colour,929,741,890,722,969,760,COLOR_SEC
19:05:34.790,1580,litter_yolo,421,634,2,280,840,989,YOLO
19:05:34.877,1580,litter_colour,945,831,881,802,1010,861,COLOR_SEC
19:05:34.877,1580,litter_colour,929,742,890,723,969,761,COLOR_SEC
19:05:35.009,1581,litter_colour,959,836,909,803,1010,870,COLOR_SEC
19:05:35.009,1581,litter_colour,930,743,890,724,970,762,COLOR_SEC
19:05:35.137,1582,litter_colour,946,835,881,805,1012,866,COLOR_SEC
19:05:35.138,1582,litter_colour,930,744,890,725,971,763,COLOR_SEC
19:05:35.265,1583,litter_colour,947,837,882,806,1013,868,COLOR_SEC
19:05:35.265,1583,litter_colour,931,746,891,727,971,765,COLOR_SEC
19:05:35.391,1584,litter_colour,948,839,882,808,1014,870,COLOR_SEC
19:05:35.391,1584,litter_colour,932,746,892,727,972,766,COLOR_SEC
19:05:35.522,1585,litter_colour,932,748,892,729,973,768,COLOR_SEC
19:05:35.673,1586,litter_colour,932,750,892,731,973,769,COLOR_SEC
19:05:35.807,1587,litter_colour,933,750,893,731,974,770,COLOR_SEC
19:05:35.935,1588,litter_colour,934,752,893,732,975,772,COLOR_SEC
19:05:36.065,1589,litter_colour,1551,1032,1474,1001,1628,1063,COLOR_SEC
19:05:36.065,1589,litter_colour,934,753,894,734,975,773,COLOR_SEC
19:05:36.065,1589,litter_colour,974,714,946,700,1003,728,COLOR_SEC
19:05:36.065,1589,litter_colour,820,400,800,380,840,420,COLOR_SEC
19:05:36.104,1590,litter_yolo,391,643,0,275,783,1012,YOLO
19:05:36.191,1590,litter_colour,1555,1035,1477,1004,1633,1066,COLOR_SEC
19:05:36.191,1590,litter_colour,935,754,894,734,976,774,COLOR_SEC
19:05:36.191,1590,litter_colour,976,715,946,701,1006,730,COLOR_SEC
19:05:36.191,1590,litter_colour,1037,647,1004,603,1070,691,COLOR_SEC
19:05:36.232,1591,litter_yolo,420,635,2,253,838,1017,YOLO
19:05:36.319,1591,litter_colour,1558,1038,1480,1008,1637,1069,COLOR_SEC
19:05:36.319,1591,litter_colour,935,755,894,735,976,775,COLOR_SEC
19:05:36.319,1591,litter_colour,975,716,946,701,1004,731,COLOR_SEC
19:05:36.319,1591,litter_colour,1031,647,992,604,1070,691,COLOR_SEC
19:05:36.359,1592,litter_yolo,411,638,2,254,820,1022,YOLO
19:05:36.447,1592,litter_colour,935,756,894,736,977,776,COLOR_SEC
19:05:36.447,1592,litter_colour,975,716,946,701,1005,732,COLOR_SEC
19:05:36.447,1592,litter_colour,1038,647,1006,604,1071,691,COLOR_SEC
19:05:36.487,1593,litter_yolo,379,647,0,282,759,1013,YOLO
19:05:36.575,1593,litter_colour,935,756,894,736,977,777,COLOR_SEC
19:05:36.575,1593,litter_colour,976,716,947,701,1006,731,COLOR_SEC
19:05:36.614,1594,litter_yolo,380,643,0,284,761,1003,YOLO
19:05:36.702,1594,litter_colour,935,757,894,737,977,778,COLOR_SEC
19:05:36.702,1594,litter_colour,976,718,947,702,1006,734,COLOR_SEC
19:05:36.702,1594,litter_colour,1032,647,993,602,1072,692,COLOR_SEC
19:05:36.743,1595,litter_yolo,372,648,0,290,745,1006,YOLO
19:05:36.832,1595,litter_colour,1598,1064,1543,1048,1654,1080,COLOR_SEC
19:05:36.832,1595,litter_colour,1574,1048,1493,1017,1655,1080,COLOR_SEC
19:05:36.832,1595,litter_colour,936,758,894,738,978,779,COLOR_SEC
19:05:36.832,1595,litter_colour,1105,824,1030,710,1180,939,COLOR_SEC
19:05:36.832,1595,litter_colour,976,717,947,702,1006,732,COLOR_SEC
19:05:36.832,1595,litter_colour,1031,647,991,603,1072,692,COLOR_SEC
19:05:36.872,1596,litter_yolo,387,640,0,267,774,1014,YOLO
19:05:36.959,1596,litter_colour,1578,1050,1496,1020,1660,1080,COLOR_SEC
19:05:36.959,1596,litter_colour,937,759,895,738,979,781,COLOR_SEC
19:05:36.959,1596,litter_colour,1107,824,1032,707,1182,941,COLOR_SEC
19:05:36.959,1596,litter_colour,978,717,948,702,1009,733,COLOR_SEC
19:05:36.959,1596,litter_colour,1174,661,1129,607,1219,716,COLOR_SEC
19:05:37.002,1597,litter_yolo,393,638,0,261,786,1016,YOLO
19:05:37.091,1597,litter_colour,1582,1051,1500,1023,1664,1080,COLOR_SEC
19:05:37.091,1597,litter_colour,937,759,896,738,979,780,COLOR_SEC
19:05:37.091,1597,litter_colour,1108,826,1032,710,1184,943,COLOR_SEC
19:05:37.091,1597,litter_colour,979,717,949,702,1009,733,COLOR_SEC
19:05:37.091,1597,litter_colour,1174,662,1129,607,1220,717,COLOR_SEC
19:05:37.091,1597,litter_colour,1032,647,992,602,1073,692,COLOR_SEC
19:05:37.131,1598,litter_yolo,387,641,0,268,774,1014,YOLO
19:05:37.220,1598,litter_colour,1586,1052,1504,1025,1669,1080,COLOR_SEC
19:05:37.220,1598,litter_colour,938,759,896,738,980,781,COLOR_SEC
19:05:37.220,1598,litter_colour,1109,828,1033,711,1185,946,COLOR_SEC
19:05:37.220,1598,litter_colour,978,718,949,703,1008,733,COLOR_SEC
19:05:37.220,1598,litter_colour,1175,662,1130,608,1221,717,COLOR_SEC
19:05:37.259,1599,litter_yolo,386,638,0,267,772,1010,YOLO
19:05:37.346,1599,litter_colour,1593,1054,1513,1029,1674,1080,COLOR_SEC
19:05:37.346,1599,litter_colour,957,866,886,828,1028,905,COLOR_SEC
19:05:37.346,1599,litter_colour,1110,830,1033,712,1187,948,COLOR_SEC
19:05:37.346,1599,litter_colour,979,719,949,704,1009,735,COLOR_SEC
19:05:37.346,1599,litter_colour,1512,695,1419,635,1605,755,COLOR_SEC
19:05:37.346,1599,litter_colour,1183,676,1132,609,1234,744,COLOR_SEC
19:05:37.346,1599,litter_colour,1034,648,993,603,1075,693,COLOR_SEC
19:05:37.387,1600,litter_yolo,385,634,0,265,771,1003,YOLO
19:05:37.475,1600,litter_colour,1598,1056,1517,1033,1679,1080,COLOR_SEC
19:05:37.475,1600,litter_colour,958,868,887,830,1029,907,COLOR_SEC
19:05:37.475,1600,litter_colour,1111,831,1034,712,1189,951,COLOR_SEC
19:05:37.475,1600,litter_colour,1518,693,1427,635,1609,752,COLOR_SEC
19:05:37.475,1600,litter_colour,1177,662,1131,608,1223,717,COLOR_SEC
19:05:37.517,1601,litter_yolo,382,639,0,268,764,1010,YOLO
19:05:37.605,1601,litter_colour,951,871,887,832,1015,911,COLOR_SEC
19:05:37.605,1601,litter_colour,1112,832,1034,713,1190,951,COLOR_SEC
19:05:37.605,1601,litter_colour,1512,697,1422,637,1603,758,COLOR_SEC
19:05:37.605,1601,litter_colour,1178,664,1132,610,1224,718,COLOR_SEC
19:05:37.646,1602,litter_yolo,380,637,0,262,761,1013,YOLO
19:05:37.732,1602,litter_colour,959,873,887,834,1031,913,COLOR_SEC
19:05:37.732,1602,litter_colour,1114,834,1036,712,1192,956,COLOR_SEC
19:05:37.732,1602,litter_colour,1035,650,994,604,1077,696,COLOR_SEC
19:05:37.774,1603,litter_yolo,379,639,0,268,758,1010,YOLO
19:05:37.861,1603,litter_colour,830,783,803,758,858,809,COLOR_SEC
19:05:37.861,1603,litter_colour,1115,836,1036,713,1194,960,COLOR_SEC
19:05:37.900,1604,litter_yolo,376,639,0,273,752,1006,YOLO
19:05:37.987,1604,litter_colour,823,785,787,760,859,811,COLOR_SEC
19:05:37.987,1604,litter_colour,1116,838,1037,714,1196,963,COLOR_SEC
19:05:37.987,1604,litter_colour,1180,667,1133,612,1228,722,COLOR_SEC
19:05:38.029,1605,litter_yolo,375,642,0,275,750,1010,YOLO
19:05:38.117,1605,litter_colour,953,876,888,840,1019,912,COLOR_SEC
19:05:38.117,1605,litter_colour,830,787,802,761,858,813,COLOR_SEC
19:05:38.117,1605,litter_colour,1117,839,1038,716,1197,963,COLOR_SEC
19:05:38.117,1605,litter_colour,1181,667,1134,613,1229,722,COLOR_SEC
19:05:38.159,1606,litter_yolo,378,640,0,263,756,1018,YOLO
19:05:38.247,1606,litter_colour,823,789,787,763,859,815,COLOR_SEC
19:05:38.287,1607,litter_yolo,382,641,0,256,764,1026,YOLO
19:05:38.375,1607,litter_colour,941,956,913,919,969,993,COLOR_SEC
19:05:38.375,1607,litter_colour,822,790,786,764,859,817,COLOR_SEC
19:05:38.375,1607,litter_colour,818,392,797,373,840,412,COLOR_SEC
19:05:38.416,1608,litter_yolo,387,635,0,251,775,1020,YOLO
19:05:38.503,1608,litter_colour,822,792,786,765,859,819,COLOR_SEC
19:05:38.503,1608,litter_colour,818,392,797,373,840,412,COLOR_SEC
19:05:38.545,1609,litter_yolo,393,634,0,244,786,1024,YOLO
19:05:38.632,1609,litter_colour,827,794,802,767,853,821,COLOR_SEC
19:05:38.632,1609,litter_colour,1470,475,1411,427,1530,524,COLOR_SEC
19:05:38.632,1609,litter_colour,818,391,797,373,840,410,COLOR_SEC
19:05:38.672,1610,litter_yolo,395,631,0,248,790,1015,YOLO
19:05:38.759,1610,litter_colour,822,795,786,767,859,823,COLOR_SEC
19:05:38.759,1610,litter_colour,1472,475,1412,427,1532,524,COLOR_SEC
19:05:38.759,1610,litter_colour,818,392,797,373,840,412,COLOR_SEC
19:05:38.800,1611,litter_yolo,386,641,0,252,773,1030,YOLO
19:05:38.888,1611,litter_colour,822,797,786,769,859,825,COLOR_SEC
19:05:38.888,1611,litter_colour,1473,475,1413,427,1534,523,COLOR_SEC
19:05:38.888,1611,litter_colour,818,392,797,373,840,412,COLOR_SEC
19:05:38.929,1612,litter_yolo,382,639,0,255,765,1023,YOLO
19:05:39.017,1612,litter_colour,1475,475,1415,427,1536,524,COLOR_SEC
19:05:39.017,1612,litter_colour,818,391,797,373,840,410,COLOR_SEC
19:05:39.058,1613,litter_yolo,376,645,0,272,752,1019,YOLO
19:05:39.058,1613,litter_yolo,1431,649,943,275,1920,1023,YOLO
19:05:39.150,1613,litter_colour,818,392,797,373,840,411,COLOR_SEC
19:05:39.190,1614,litter_yolo,375,648,0,272,750,1024,YOLO
19:05:39.278,1614,litter_colour,818,392,797,373,840,411,COLOR_SEC
19:05:39.318,1615,litter_yolo,374,653,0,288,749,1018,YOLO
19:05:39.406,1615,litter_colour,818,394,797,373,840,415,COLOR_SEC
19:05:39.446,1616,litter_yolo,377,651,0,282,754,1021,YOLO
19:05:39.534,1616,litter_colour,945,787,900,762,990,812,COLOR_SEC
19:05:39.534,1616,litter_colour,818,391,797,373,840,410,COLOR_SEC
19:05:39.574,1617,litter_yolo,378,644,0,270,757,1018,YOLO
19:05:39.661,1617,litter_colour,945,789,900,764,991,814,COLOR_SEC
19:05:39.661,1617,litter_colour,988,742,956,725,1020,759,COLOR_SEC
19:05:39.661,1617,litter_colour,818,391,797,373,840,410,COLOR_SEC
19:05:39.702,1618,litter_yolo,383,639,0,260,767,1018,YOLO
19:05:39.790,1618,litter_colour,945,791,900,766,991,816,COLOR_SEC
19:05:39.790,1618,litter_colour,984,743,956,727,1013,760,COLOR_SEC
19:05:39.790,1618,litter_colour,818,395,797,373,840,417,COLOR_SEC
19:05:39.832,1619,litter_yolo,375,641,0,269,751,1014,YOLO
19:05:39.919,1619,litter_colour,946,793,900,768,992,819,COLOR_SEC
19:05:39.919,1619,litter_colour,985,746,957,729,1014,764,COLOR_SEC
19:05:39.919,1619,litter_colour,818,392,797,374,840,411,COLOR_SEC
19:05:39.960,1620,litter_yolo,372,649,0,285,745,1013,YOLO
19:05:40.049,1620,litter_colour,946,796,900,771,993,821,COLOR_SEC
19:05:40.049,1620,litter_colour,987,748,957,731,1017,765,COLOR_SEC
19:05:40.049,1620,litter_colour,818,393,796,374,841,412,COLOR_SEC
19:05:40.092,1621,litter_yolo,372,653,0,293,745,1013,YOLO
19:05:40.180,1621,litter_colour,947,799,900,773,994,825,COLOR_SEC
19:05:40.180,1621,litter_colour,987,750,958,733,1016,768,COLOR_SEC
19:05:40.180,1621,litter_colour,818,394,796,375,840,413,COLOR_SEC
19:05:40.223,1622,litter_yolo,374,663,0,301,749,1026,YOLO
19:05:40.312,1622,litter_colour,991,752,958,735,1024,770,COLOR_SEC
19:05:40.312,1622,litter_colour,817,394,795,375,840,413,COLOR_SEC
19:05:40.354,1623,litter_yolo,376,671,0,293,752,1050,YOLO
19:05:40.441,1623,litter_colour,991,755,958,737,1024,773,COLOR_SEC
19:05:40.441,1623,litter_colour,818,395,797,376,840,414,COLOR_SEC
19:05:40.482,1624,litter_yolo,381,656,0,283,762,1029,YOLO
19:05:40.569,1624,litter_colour,992,756,958,739,1026,774,COLOR_SEC
19:05:40.569,1624,litter_colour,818,398,797,375,840,421,COLOR_SEC
19:05:40.609,1625,litter_yolo,378,661,0,281,757,1041,YOLO
19:05:40.696,1625,litter_colour,988,758,959,741,1017,776,COLOR_SEC
19:05:40.696,1625,litter_colour,1057,675,1021,623,1094,727,COLOR_SEC
19:05:40.696,1625,litter_colour,818,396,797,377,840,415,COLOR_SEC
19:05:40.737,1626,litter_yolo,378,649,0,277,757,1022,YOLO
19:05:40.824,1626,litter_colour,816,835,777,802,855,869,COLOR_SEC
19:05:40.824,1626,litter_colour,1058,677,1020,626,1096,729,COLOR_SEC
19:05:40.824,1626,litter_colour,817,395,794,376,840,414,COLOR_SEC
19:05:40.866,1627,litter_yolo,378,650,0,273,757,1028,YOLO
19:05:40.957,1627,litter_colour,817,837,776,804,858,871,COLOR_SEC
19:05:40.957,1627,litter_colour,1063,678,1022,627,1104,730,COLOR_SEC
19:05:40.957,1627,litter_colour,817,395,795,376,840,414,COLOR_SEC
19:05:40.997,1628,litter_yolo,378,649,0,273,756,1025,YOLO
19:05:41.085,1628,litter_colour,1056,678,1008,625,1105,731,COLOR_SEC
19:05:41.085,1628,litter_colour,817,395,794,376,840,414,COLOR_SEC
19:05:41.215,1629,litter_colour,818,394,797,376,840,412,COLOR_SEC
19:05:41.255,1630,litter_yolo,376,660,0,294,752,1026,YOLO
19:05:41.343,1630,litter_colour,1209,694,1156,634,1262,754,COLOR_SEC
19:05:41.343,1630,litter_colour,817,395,794,376,840,414,COLOR_SEC
19:05:41.382,1631,litter_yolo,380,651,0,281,761,1022,YOLO
19:05:41.471,1631,litter_colour,1210,694,1157,634,1263,755,COLOR_SEC
19:05:41.471,1631,litter_colour,817,398,793,376,842,420,COLOR_SEC
19:05:41.511,1632,litter_yolo,402,638,2,276,802,1001,YOLO
19:05:41.599,1632,litter_colour,1219,719,1157,635,1282,803,COLOR_SEC
19:05:41.599,1632,litter_colour,816,394,793,375,840,414,COLOR_SEC
19:05:41.641,1633,litter_yolo,399,631,2,271,797,991,YOLO
19:05:41.728,1633,litter_colour,1211,696,1158,636,1265,757,COLOR_SEC
19:05:41.728,1633,litter_colour,816,395,793,377,840,414,COLOR_SEC
19:05:41.770,1634,litter_yolo,379,638,0,269,759,1008,YOLO
19:05:41.857,1634,litter_colour,1212,698,1159,637,1265,759,COLOR_SEC
19:05:41.857,1634,litter_colour,816,395,793,376,840,414,COLOR_SEC
19:05:41.896,1635,litter_yolo,372,644,0,294,744,995,YOLO
19:05:41.984,1635,litter_colour,816,395,793,376,840,415,COLOR_SEC
19:05:42.024,1636,litter_yolo,369,657,0,307,739,1007,YOLO
19:05:42.111,1636,litter_colour,949,836,899,806,999,866,COLOR_SEC
19:05:42.111,1636,litter_colour,1213,701,1159,640,1267,763,COLOR_SEC
19:05:42.111,1636,litter_colour,956,619,925,599,987,639,COLOR_SEC
19:05:42.111,1636,litter_colour,1045,492,1019,470,1072,515,COLOR_SEC
19:05:42.111,1636,litter_colour,815,396,791,377,840,415,COLOR_SEC
19:05:42.153,1637,litter_yolo,370,657,0,306,741,1009,YOLO
19:05:42.242,1637,litter_colour,948,839,898,809,999,869,COLOR_SEC
19:05:42.242,1637,litter_colour,1213,700,1160,635,1267,765,COLOR_SEC
19:05:42.242,1637,litter_colour,955,620,925,601,986,640,COLOR_SEC
19:05:42.242,1637,litter_colour,1045,494,1018,472,1072,516,COLOR_SEC
19:05:42.242,1637,litter_colour,816,397,794,378,838,416,COLOR_SEC
19:05:42.283,1638,litter_yolo,373,651,0,304,747,998,YOLO
19:05:42.372,1638,litter_colour,1213,705,1159,643,1268,767,COLOR_SEC
19:05:42.372,1638,litter_colour,955,622,924,602,987,642,COLOR_SEC
19:05:42.372,1638,litter_colour,1044,494,1017,471,1072,517,COLOR_SEC
19:05:42.414,1639,litter_yolo,371,649,0,293,742,1005,YOLO
19:05:42.503,1639,litter_colour,1214,706,1160,643,1268,769,COLOR_SEC
19:05:42.503,1639,litter_colour,955,623,924,603,987,643,COLOR_SEC
19:05:42.503,1639,litter_colour,1045,494,1018,472,1072,517,COLOR_SEC
19:05:42.503,1639,litter_colour,814,398,790,378,838,418,COLOR_SEC
19:05:42.549,1640,litter_yolo,370,661,0,301,741,1021,YOLO
19:05:42.637,1640,litter_colour,989,790,958,771,1021,810,COLOR_SEC
19:05:42.637,1640,litter_colour,1214,708,1160,646,1269,771,COLOR_SEC
19:05:42.637,1640,litter_colour,955,624,923,604,987,645,COLOR_SEC
19:05:42.637,1640,litter_colour,1044,495,1017,473,1072,518,COLOR_SEC
19:05:42.637,1640,litter_colour,815,398,792,379,838,418,COLOR_SEC
19:05:42.679,1641,litter_yolo,382,640,0,277,765,1004,YOLO
19:05:42.768,1641,litter_colour,989,793,958,774,1021,813,COLOR_SEC
19:05:42.768,1641,litter_colour,1215,710,1161,648,1270,773,COLOR_SEC
19:05:42.768,1641,litter_colour,954,625,923,605,986,646,COLOR_SEC
19:05:42.768,1641,litter_colour,1044,497,1017,475,1071,519,COLOR_SEC
19:05:42.768,1641,litter_colour,812,399,788,380,836,419,COLOR_SEC
19:05:42.809,1642,litter_yolo,370,661,0,302,741,1020,YOLO
19:05:42.896,1642,litter_colour,989,796,958,776,1021,816,COLOR_SEC
19:05:42.896,1642,litter_colour,1216,712,1161,649,1271,776,COLOR_SEC
19:05:42.896,1642,litter_colour,954,626,923,606,986,647,COLOR_SEC
19:05:42.896,1642,litter_colour,1044,497,1017,474,1071,520,COLOR_SEC
19:05:42.896,1642,litter_colour,811,399,787,380,836,419,COLOR_SEC
19:05:42.939,1643,litter_yolo,370,664,0,310,741,1018,YOLO
19:05:43.027,1643,litter_colour,989,798,958,778,1021,819,COLOR_SEC
19:05:43.027,1643,litter_colour,1216,713,1161,650,1272,777,COLOR_SEC
19:05:43.027,1643,litter_colour,1060,697,1009,635,1111,759,COLOR_SEC
19:05:43.027,1643,litter_colour,954,628,923,607,986,649,COLOR_SEC
19:05:43.027,1643,litter_colour,1044,497,1017,474,1071,521,COLOR_SEC
19:05:43.069,1644,litter_yolo,371,663,0,316,742,1010,YOLO
19:05:43.156,1644,litter_colour,1217,715,1161,652,1273,779,COLOR_SEC
19:05:43.156,1644,litter_colour,1058,698,1005,636,1111,761,COLOR_SEC
19:05:43.156,1644,litter_colour,954,629,922,608,986,650,COLOR_SEC
19:05:43.156,1644,litter_colour,1044,497,1016,474,1072,521,COLOR_SEC
19:05:43.200,1645,litter_yolo,372,652,0,303,744,1002,YOLO
19:05:43.288,1645,litter_colour,1217,714,1161,647,1274,781,COLOR_SEC
19:05:43.288,1645,litter_colour,1060,703,1009,643,1112,763,COLOR_SEC
19:05:43.288,1645,litter_colour,954,630,922,609,986,652,COLOR_SEC
19:05:43.288,1645,litter_colour,1044,499,1017,477,1071,522,COLOR_SEC
19:05:43.330,1646,litter_yolo,376,656,0,297,752,1015,YOLO
19:05:43.418,1646,litter_colour,1218,716,1162,649,1275,783,COLOR_SEC
19:05:43.418,1646,litter_colour,1059,704,1005,644,1113,765,COLOR_SEC
19:05:43.418,1646,litter_colour,954,632,922,611,986,653,COLOR_SEC
19:05:43.418,1646,litter_colour,1043,498,1015,475,1071,522,COLOR_SEC
19:05:43.460,1647,litter_yolo,377,655,0,299,755,1011,YOLO
19:05:43.547,1647,litter_colour,1218,717,1162,649,1275,785,COLOR_SEC
19:05:43.547,1647,litter_colour,1067,715,1005,646,1130,784,COLOR_SEC
19:05:43.547,1647,litter_colour,954,633,922,612,986,654,COLOR_SEC
19:05:43.547,1647,litter_colour,1044,499,1016,476,1072,523,COLOR_SEC
19:05:43.586,1648,litter_yolo,409,635,2,280,816,990,YOLO
19:05:43.673,1648,litter_colour,1070,717,1009,647,1131,787,COLOR_SEC
19:05:43.673,1648,litter_colour,958,634,922,613,995,655,COLOR_SEC
19:05:43.674,1648,litter_colour,1043,500,1015,476,1071,524,COLOR_SEC
19:05:43.715,1649,litter_yolo,405,638,2,292,808,985,YOLO
19:05:43.804,1649,litter_colour,1070,715,1009,642,1132,789,COLOR_SEC
19:05:43.804,1649,litter_colour,954,635,922,614,987,657,COLOR_SEC
19:05:43.804,1649,litter_colour,1044,501,1017,477,1072,525,COLOR_SEC
19:05:43.845,1650,litter_yolo,399,644,2,290,796,998,YOLO
19:05:43.933,1650,litter_colour,1276,798,1252,754,1300,842,COLOR_SEC
19:05:43.933,1650,litter_colour,1062,711,1009,649,1116,774,COLOR_SEC
19:05:43.933,1650,litter_colour,955,636,922,615,988,658,COLOR_SEC
19:05:43.933,1650,litter_colour,1044,501,1016,477,1072,525,COLOR_SEC
19:05:43.973,1651,litter_yolo,367,656,0,307,734,1006,YOLO
19:05:44.061,1651,litter_colour,1054,710,1005,645,1103,775,COLOR_SEC
19:05:44.061,1651,litter_colour,954,638,921,616,987,660,COLOR_SEC
19:05:44.061,1651,litter_colour,1043,502,1015,479,1072,526,COLOR_SEC
19:05:44.102,1652,litter_yolo,366,661,0,308,733,1014,YOLO
19:05:44.190,1652,litter_colour,1056,711,1009,646,1104,777,COLOR_SEC
19:05:44.190,1652,litter_colour,954,639,921,618,987,661,COLOR_SEC
19:05:44.190,1652,litter_colour,1043,502,1015,479,1072,526,COLOR_SEC
19:05:44.234,1653,litter_yolo,369,662,0,308,738,1016,YOLO
19:05:44.322,1653,litter_colour,1056,713,1009,648,1104,779,COLOR_SEC
19:05:44.322,1653,litter_colour,1043,503,1015,480,1072,527,COLOR_SEC
19:05:44.362,1654,litter_yolo,367,657,0,312,734,1002,YOLO
19:05:44.450,1654,litter_colour,1057,715,1010,649,1105,781,COLOR_SEC
19:05:44.450,1654,litter_colour,1044,503,1016,480,1072,527,COLOR_SEC
19:05:44.491,1655,litter_yolo,365,663,0,315,730,1011,YOLO
19:05:44.580,1655,litter_colour,1058,716,1010,650,1106,783,COLOR_SEC
19:05:44.580,1655,litter_colour,1044,504,1016,480,1072,528,COLOR_SEC
19:05:44.620,1656,litter_yolo,371,660,0,311,742,1010,YOLO
19:05:44.707,1656,litter_colour,1058,718,1010,651,1107,785,COLOR_SEC
19:05:44.707,1656,litter_colour,1044,505,1015,481,1073,529,COLOR_SEC
19:05:44.749,1657,litter_yolo,376,652,0,301,752,1004,YOLO
19:05:44.838,1657,litter_colour,1058,719,1010,651,1107,787,COLOR_SEC
19:05:44.838,1657,litter_colour,1044,505,1016,481,1072,529,COLOR_SEC
19:05:44.881,1658,litter_yolo,384,649,0,289,768,1009,YOLO
19:05:44.969,1658,litter_colour,997,833,959,811,1036,856,COLOR_SEC
19:05:44.969,1658,litter_colour,1044,505,1015,481,1074,529,COLOR_SEC
19:05:45.009,1659,litter_yolo,380,646,0,295,760,998,YOLO
19:05:45.098,1659,litter_colour,997,834,959,812,1036,857,COLOR_SEC
19:05:45.098,1659,litter_colour,1045,505,1016,481,1074,529,COLOR_SEC
19:05:45.139,1660,litter_yolo,371,654,0,309,742,1000,YOLO
19:05:45.228,1660,litter_colour,998,836,960,813,1037,859,COLOR_SEC
19:05:45.228,1660,litter_colour,1045,505,1016,481,1074,529,COLOR_SEC
19:05:45.228,1660,litter_colour,806,409,780,387,832,431,COLOR_SEC
19:05:45.270,1661,litter_yolo,366,657,0,313,732,1002,YOLO
19:05:45.358,1661,litter_colour,994,838,960,815,1028,861,COLOR_SEC
19:05:45.358,1661,litter_colour,1045,505,1017,481,1074,529,COLOR_SEC
19:05:45.358,1661,litter_colour,808,409,785,387,832,431,COLOR_SEC
19:05:45.399,1662,litter_yolo,395,651,2,307,788,996,YOLO
19:05:45.488,1662,litter_colour,999,839,961,815,1038,863,COLOR_SEC
19:05:45.488,1662,litter_colour,1231,735,1170,665,1292,806,COLOR_SEC
19:05:45.488,1662,litter_colour,1045,505,1017,480,1074,530,COLOR_SEC
19:05:45.488,1662,litter_colour,808,407,784,385,832,429,COLOR_SEC
19:05:45.529,1663,litter_yolo,375,652,0,310,750,994,YOLO
19:05:45.616,1663,litter_colour,1232,736,1170,665,1294,807,COLOR_SEC
19:05:45.616,1663,litter_colour,1045,505,1017,480,1074,530,COLOR_SEC
19:05:45.616,1663,litter_colour,807,408,783,386,831,431,COLOR_SEC
19:05:45.655,1664,litter_yolo,365,659,0,317,731,1001,YOLO
19:05:45.743,1664,litter_colour,1233,737,1171,666,1296,808,COLOR_SEC
19:05:45.743,1664,litter_colour,1045,505,1017,480,1074,530,COLOR_SEC
19:05:45.743,1664,litter_colour,805,408,779,386,831,431,COLOR_SEC
19:05:45.785,1665,litter_yolo,365,663,0,318,730,1008,YOLO
19:05:45.873,1665,litter_colour,1234,741,1172,673,1297,810,COLOR_SEC
19:05:45.873,1665,litter_colour,1045,505,1017,480,1074,530,COLOR_SEC
19:05:45.873,1665,litter_colour,806,407,782,386,830,429,COLOR_SEC
19:05:45.913,1666,litter_yolo,368,665,0,315,737,1015,YOLO
19:05:46.000,1666,litter_colour,1235,739,1172,667,1299,811,COLOR_SEC
19:05:46.000,1666,litter_colour,1045,505,1017,480,1074,530,COLOR_SEC
19:05:46.000,1666,litter_colour,805,407,780,385,830,429,COLOR_SEC
19:05:46.041,1667,litter_yolo,373,648,0,313,747,984,YOLO
19:05:46.129,1667,litter_colour,1236,740,1173,668,1300,813,COLOR_SEC
19:05:46.129,1667,litter_colour,956,650,922,627,991,673,COLOR_SEC
19:05:46.129,1667,litter_colour,1045,505,1016,481,1074,530,COLOR_SEC
19:05:46.129,1667,litter_colour,804,408,779,385,829,432,COLOR_SEC
19:05:46.170,1668,litter_yolo,376,644,0,307,753,981,YOLO
19:05:46.258,1668,litter_colour,1237,741,1174,668,1301,814,COLOR_SEC
19:05:46.258,1668,litter_colour,956,650,922,627,991,674,COLOR_SEC
19:05:46.258,1668,litter_colour,1045,505,1016,481,1075,530,COLOR_SEC
19:05:46.258,1668,litter_colour,1544,509,1492,454,1596,565,COLOR_SEC
19:05:46.258,1668,litter_colour,804,408,781,385,828,432,COLOR_SEC
19:05:46.301,1669,litter_yolo,395,640,2,304,789,976,YOLO
19:05:46.391,1669,litter_colour,1239,742,1175,669,1303,815,COLOR_SEC
19:05:46.391,1669,litter_colour,956,651,921,628,991,675,COLOR_SEC
19:05:46.391,1669,litter_colour,1045,506,1016,481,1075,531,COLOR_SEC
19:05:46.391,1669,litter_colour,1545,509,1494,454,1597,564,COLOR_SEC
19:05:46.391,1669,litter_colour,804,409,781,386,828,432,COLOR_SEC
19:05:46.432,1670,litter_yolo,376,656,0,308,753,1005,YOLO
19:05:46.520,1670,litter_colour,1239,743,1175,670,1304,817,COLOR_SEC
19:05:46.520,1670,litter_colour,956,651,921,628,991,675,COLOR_SEC
19:05:46.520,1670,litter_colour,1044,506,1015,481,1074,532,COLOR_SEC
19:05:46.520,1670,litter_colour,1546,510,1492,454,1600,567,COLOR_SEC
19:05:46.520,1670,litter_colour,804,408,779,385,829,431,COLOR_SEC
19:05:46.561,1671,litter_yolo,397,636,2,299,793,973,YOLO
19:05:46.650,1671,litter_colour,1303,836,1276,784,1331,888,COLOR_SEC
19:05:46.650,1671,litter_colour,956,652,921,628,991,676,COLOR_SEC
19:05:46.650,1671,litter_colour,1043,506,1015,481,1072,532,COLOR_SEC
19:05:46.650,1671,litter_colour,1549,509,1496,454,1602,565,COLOR_SEC
19:05:46.650,1671,litter_colour,802,408,777,385,828,431,COLOR_SEC
19:05:46.692,1672,litter_yolo,378,646,0,299,756,993,YOLO
19:05:46.780,1672,litter_colour,1305,818,1280,785,1331,851,COLOR_SEC
19:05:46.780,1672,litter_colour,1073,734,1015,660,1131,808,COLOR_SEC
19:05:46.780,1672,litter_colour,956,653,920,629,992,677,COLOR_SEC
19:05:46.780,1672,litter_colour,1043,506,1014,481,1072,532,COLOR_SEC
19:05:46.780,1672,litter_colour,1549,511,1494,454,1604,568,COLOR_SEC
19:05:46.780,1672,litter_colour,803,405,779,385,827,426,COLOR_SEC
19:05:46.821,1673,litter_yolo,370,653,0,300,741,1007,YOLO
19:05:46.910,1673,litter_colour,1308,820,1281,787,1335,853,COLOR_SEC
19:05:46.910,1673,litter_colour,1069,735,1016,661,1122,809,COLOR_SEC
19:05:46.910,1673,litter_colour,955,654,919,630,991,678,COLOR_SEC
19:05:46.910,1673,litter_colour,1043,506,1014,481,1073,532,COLOR_SEC
19:05:46.910,1673,litter_colour,1551,488,1498,454,1605,523,COLOR_SEC
19:05:46.910,1673,litter_colour,801,409,777,386,826,432,COLOR_SEC
19:05:46.951,1674,litter_yolo,364,662,0,303,729,1022,YOLO
19:05:47.039,1674,litter_colour,1307,821,1279,789,1335,854,COLOR_SEC
19:05:47.039,1674,litter_colour,1069,736,1016,662,1123,811,COLOR_SEC
19:05:47.039,1674,litter_colour,955,654,919,630,991,679,COLOR_SEC
19:05:47.039,1674,litter_colour,1043,506,1013,481,1073,532,COLOR_SEC
19:05:47.039,1674,litter_colour,1552,511,1498,454,1607,569,COLOR_SEC
19:05:47.039,1674,litter_colour,801,407,775,385,827,429,COLOR_SEC
19:05:47.080,1675,litter_yolo,367,655,0,300,735,1010,YOLO
19:05:47.170,1675,litter_colour,1310,839,1284,791,1337,888,COLOR_SEC
19:05:47.170,1675,litter_colour,948,745,920,721,976,769,COLOR_SEC
19:05:47.170,1675,litter_colour,1069,738,1016,663,1123,813,COLOR_SEC
19:05:47.170,1675,litter_colour,955,655,919,631,992,680,COLOR_SEC
19:05:47.170,1675,litter_colour,1043,506,1014,481,1073,532,COLOR_SEC
19:05:47.170,1675,litter_colour,801,408,777,385,826,432,COLOR_SEC
19:05:47.211,1676,litter_yolo,374,649,0,287,749,1011,YOLO
19:05:47.299,1676,litter_colour,949,746,922,722,976,771,COLOR_SEC
19:05:47.299,1676,litter_colour,1073,739,1016,664,1131,815,COLOR_SEC
19:05:47.299,1676,litter_colour,955,656,919,631,992,681,COLOR_SEC
19:05:47.299,1676,litter_colour,1043,507,1014,481,1073,533,COLOR_SEC
19:05:47.341,1677,litter_yolo,363,664,0,303,726,1025,YOLO
19:05:47.431,1677,litter_colour,1312,826,1286,794,1339,859,COLOR_SEC
19:05:47.431,1677,litter_colour,949,747,923,724,976,770,COLOR_SEC
19:05:47.431,1677,litter_colour,1074,741,1016,665,1132,818,COLOR_SEC
19:05:47.431,1677,litter_colour,955,657,918,632,992,682,COLOR_SEC
19:05:47.431,1677,litter_colour,1042,507,1012,481,1073,533,COLOR_SEC
19:05:47.473,1678,litter_yolo,375,656,0,288,751,1025,YOLO
19:05:47.562,1678,litter_colour,1313,829,1284,796,1343,862,COLOR_SEC
19:05:47.562,1678,litter_colour,947,749,919,724,976,774,COLOR_SEC
19:05:47.562,1678,litter_colour,1073,743,1016,666,1130,820,COLOR_SEC
19:05:47.562,1678,litter_colour,955,658,918,633,992,683,COLOR_SEC
19:05:47.562,1678,litter_colour,1043,507,1013,482,1073,533,COLOR_SEC
19:05:47.562,1678,litter_colour,1559,514,1503,456,1616,573,COLOR_SEC
19:05:47.603,1679,litter_yolo,376,660,0,283,753,1037,YOLO
19:05:47.691,1679,litter_colour,1315,830,1286,798,1344,863,COLOR_SEC
19:05:47.691,1679,litter_colour,947,751,919,727,976,776,COLOR_SEC
19:05:47.691,1679,litter_colour,1072,744,1017,667,1127,822,COLOR_SEC
19:05:47.691,1679,litter_colour,955,659,918,634,992,684,COLOR_SEC
19:05:47.691,1679,litter_colour,1042,507,1012,482,1073,533,COLOR_SEC
19:05:47.731,1680,litter_yolo,379,656,0,287,758,1026,YOLO
19:05:47.820,1680,litter_colour,1317,832,1288,800,1346,864,COLOR_SEC
19:05:47.820,1680,litter_colour,949,751,923,728,976,775,COLOR_SEC
19:05:47.820,1680,litter_colour,1074,746,1016,668,1133,824,COLOR_SEC
19:05:47.820,1680,litter_colour,955,660,918,635,992,685,COLOR_SEC
19:05:47.820,1680,litter_colour,1042,507,1012,482,1073,533,COLOR_SEC
19:05:47.861,1681,litter_yolo,382,653,0,293,764,1013,YOLO
19:05:47.950,1681,litter_colour,957,752,938,731,976,774,COLOR_SEC
19:05:47.950,1681,litter_colour,955,661,918,636,992,687,COLOR_SEC
19:05:47.950,1681,litter_colour,1044,507,1014,482,1074,533,COLOR_SEC
19:05:47.991,1682,litter_yolo,372,650,0,310,744,991,YOLO
19:05:48.080,1682,litter_colour,957,754,938,732,976,776,COLOR_SEC
19:05:48.080,1682,litter_colour,1075,749,1017,670,1134,829,COLOR_SEC
19:05:48.080,1682,litter_colour,955,662,918,637,993,688,COLOR_SEC
19:05:48.080,1682,litter_colour,1043,507,1012,482,1074,533,COLOR_SEC
19:05:48.122,1683,litter_yolo,375,649,0,305,750,993,YOLO
19:05:48.211,1683,litter_colour,1198,978,1090,876,1307,1080,COLOR_SEC
19:05:48.211,1683,litter_colour,957,755,938,733,977,778,COLOR_SEC
19:05:48.211,1683,litter_colour,1076,751,1017,672,1135,831,COLOR_SEC
19:05:48.211,1683,litter_colour,956,663,918,638,994,689,COLOR_SEC
19:05:48.211,1683,litter_colour,1043,508,1012,482,1074,534,COLOR_SEC
19:05:48.253,1684,litter_yolo,361,658,0,309,723,1007,YOLO
19:05:48.342,1684,litter_colour,1185,979,1091,878,1280,1080,COLOR_SEC
19:05:48.342,1684,litter_colour,950,759,923,735,977,783,COLOR_SEC
19:05:48.342,1684,litter_colour,1077,752,1018,672,1136,833,COLOR_SEC
19:05:48.342,1684,litter_colour,955,664,916,639,994,690,COLOR_SEC
19:05:48.342,1684,litter_colour,1042,508,1011,482,1074,534,COLOR_SEC
19:05:48.383,1685,litter_yolo,389,624,3,299,776,949,YOLO
19:05:48.474,1685,litter_colour,1186,980,1093,881,1280,1080,COLOR_SEC
19:05:48.474,1685,litter_colour,958,758,938,736,978,781,COLOR_SEC
19:05:48.474,1685,litter_colour,1077,758,1018,681,1137,835,COLOR_SEC
19:05:48.474,1685,litter_colour,956,665,918,639,995,691,COLOR_SEC
19:05:48.474,1685,litter_colour,1042,508,1011,482,1074,534,COLOR_SEC
19:05:48.515,1686,litter_yolo,404,614,2,258,806,970,YOLO
19:05:48.603,1686,litter_colour,1189,981,1094,883,1284,1080,COLOR_SEC
19:05:48.603,1686,litter_colour,955,666,916,640,994,692,COLOR_SEC
19:05:48.603,1686,litter_colour,1042,508,1011,482,1074,534,COLOR_SEC
19:05:48.644,1687,litter_yolo,405,611,2,261,809,961,YOLO
19:05:48.735,1687,litter_colour,1190,983,1096,886,1284,1080,COLOR_SEC
19:05:48.735,1687,litter_colour,956,667,916,641,996,693,COLOR_SEC
19:05:48.735,1687,litter_colour,1042,509,1011,483,1074,535,COLOR_SEC
19:05:48.775,1688,litter_yolo,402,614,2,265,803,964,YOLO
19:05:48.865,1688,litter_colour,1192,984,1097,889,1287,1080,COLOR_SEC
19:05:48.865,1688,litter_colour,959,668,916,642,1002,695,COLOR_SEC
19:05:48.865,1688,litter_colour,1042,509,1010,483,1074,535,COLOR_SEC
19:05:48.906,1689,litter_yolo,397,620,2,284,792,956,YOLO
19:05:48.995,1689,litter_colour,779,1026,722,972,836,1080,COLOR_SEC
19:05:48.995,1689,litter_colour,1194,986,1099,892,1290,1080,COLOR_SEC
19:05:48.995,1689,litter_colour,958,669,919,643,997,696,COLOR_SEC
19:05:48.995,1689,litter_colour,1042,509,1010,483,1074,535,COLOR_SEC
19:05:49.037,1690,litter_yolo,395,619,2,290,789,949,YOLO
19:05:49.125,1690,litter_colour,778,1028,721,976,835,1080,COLOR_SEC
19:05:49.125,1690,litter_colour,1196,987,1100,895,1292,1080,COLOR_SEC
19:05:49.125,1690,litter_colour,959,670,916,644,1003,697,COLOR_SEC
19:05:49.125,1690,litter_colour,1042,509,1011,483,1074,536,COLOR_SEC
19:05:49.167,1691,litter_yolo,395,624,2,287,788,961,YOLO
19:05:49.255,1691,litter_colour,1193,989,1101,898,1285,1080,COLOR_SEC
19:05:49.256,1691,litter_colour,957,672,916,645,998,699,COLOR_SEC
19:05:49.256,1691,litter_colour,1042,510,1011,484,1074,537,COLOR_SEC
19:05:49.298,1692,litter_yolo,394,623,2,285,787,962,YOLO
19:05:49.383,1692,litter_colour,771,1030,720,981,822,1080,COLOR_SEC
19:05:49.383,1692,litter_colour,1193,989,1101,898,1285,1080,COLOR_SEC
19:05:49.383,1692,litter_colour,959,672,914,645,1004,699,COLOR_SEC
19:05:49.383,1692,litter_colour,1042,509,1011,483,1074,536,COLOR_SEC
19:05:49.423,1693,litter_yolo,388,621,2,283,774,960,YOLO
19:05:49.512,1693,litter_colour,776,1033,729,987,823,1080,COLOR_SEC
19:05:49.512,1693,litter_colour,1195,990,1103,901,1288,1080,COLOR_SEC
19:05:49.512,1693,litter_colour,959,673,914,646,1004,701,COLOR_SEC
19:05:49.512,1693,litter_colour,1042,510,1011,483,1074,537,COLOR_SEC
19:05:49.554,1694,litter_yolo,362,657,0,304,724,1010,YOLO
19:05:49.642,1694,litter_colour,775,1038,728,997,822,1080,COLOR_SEC
19:05:49.642,1694,litter_colour,1194,992,1105,904,1284,1080,COLOR_SEC
19:05:49.642,1694,litter_colour,959,674,914,647,1004,702,COLOR_SEC
19:05:49.642,1694,litter_colour,1042,511,1011,485,1074,537,COLOR_SEC
19:05:49.685,1695,litter_yolo,376,560,0,149,752,972,YOLO
19:05:49.775,1695,litter_colour,1190,994,1106,909,1274,1080,COLOR_SEC
19:05:49.775,1695,litter_colour,959,676,914,649,1005,704,COLOR_SEC
19:05:49.775,1695,litter_colour,1043,512,1011,486,1075,538,COLOR_SEC
19:05:49.903,1696,litter_colour,1191,996,1108,913,1274,1080,COLOR_SEC
19:05:49.904,1696,litter_colour,1042,514,1010,487,1075,541,COLOR_SEC
19:05:49.943,1697,litter_yolo,370,646,0,290,740,1003,YOLO
19:05:50.032,1697,litter_colour,1193,998,1109,916,1277,1080,COLOR_SEC
19:05:50.032,1697,litter_colour,1041,515,1009,487,1074,543,COLOR_SEC
19:05:50.073,1698,litter_yolo,371,651,0,290,743,1012,YOLO
19:05:50.162,1698,litter_colour,1041,516,1009,489,1074,544,COLOR_SEC
19:05:50.291,1699,litter_colour,1042,517,1009,489,1076,546,COLOR_SEC
19:05:50.291,1699,litter_colour,795,413,758,386,833,441,COLOR_SEC
19:05:50.422,1700,litter_colour,1042,518,1009,490,1076,546,COLOR_SEC
19:05:50.422,1700,litter_colour,790,415,758,387,822,443,COLOR_SEC
19:05:50.551,1701,litter_colour,1042,518,1009,490,1075,547,COLOR_SEC
19:05:50.551,1701,litter_colour,790,414,758,387,822,442,COLOR_SEC
19:05:50.679,1702,litter_colour,1042,518,1009,490,1076,546,COLOR_SEC
19:05:50.679,1702,litter_colour,790,414,758,387,822,441,COLOR_SEC
19:05:50.808,1703,litter_colour,1043,518,1009,490,1077,546,COLOR_SEC
19:05:50.808,1703,litter_colour,793,413,756,386,831,440,COLOR_SEC
19:05:50.937,1704,litter_colour,1043,518,1009,490,1077,546,COLOR_SEC
19:05:50.937,1704,litter_colour,788,414,756,386,821,442,COLOR_SEC
19:05:51.069,1705,litter_colour,1043,518,1010,490,1076,547,COLOR_SEC
19:05:51.069,1705,litter_colour,788,414,756,385,821,443,COLOR_SEC
19:05:51.112,1706,litter_yolo,368,506,0,3,736,1009,YOLO
19:05:51.201,1706,litter_colour,1043,517,1010,489,1076,546,COLOR_SEC
19:05:51.201,1706,litter_colour,788,413,756,385,821,441,COLOR_SEC
19:05:51.245,1707,litter_yolo,372,512,0,23,744,1002,YOLO
19:05:51.335,1707,litter_colour,1043,517,1009,488,1077,546,COLOR_SEC
19:05:51.335,1707,litter_colour,788,413,755,385,821,441,COLOR_SEC
19:05:51.377,1708,litter_yolo,376,648,0,280,752,1017,YOLO
19:05:51.467,1708,litter_colour,1044,517,1010,489,1078,546,COLOR_SEC
19:05:51.467,1708,litter_colour,793,412,755,385,831,440,COLOR_SEC
19:05:51.509,1709,litter_yolo,383,646,0,273,767,1019,YOLO
19:05:51.597,1709,litter_colour,1044,518,1010,489,1078,547,COLOR_SEC
19:05:51.597,1709,litter_colour,792,412,754,384,831,440,COLOR_SEC
19:05:51.641,1710,litter_yolo,385,646,0,275,770,1018,YOLO
19:05:51.730,1710,litter_colour,1044,518,1010,489,1078,547,COLOR_SEC
19:05:51.730,1710,litter_colour,787,413,754,385,821,441,COLOR_SEC
19:05:51.771,1711,litter_yolo,394,642,2,279,787,1005,YOLO
19:05:51.858,1711,litter_colour,1044,518,1010,489,1079,547,COLOR_SEC
19:05:51.898,1712,litter_yolo,394,640,2,280,786,1000,YOLO
19:05:51.986,1712,litter_colour,1223,620,1200,603,1247,637,COLOR_SEC
19:05:51.986,1712,litter_colour,1044,518,1010,489,1078,547,COLOR_SEC
19:05:52.028,1713,litter_yolo,379,642,0,271,758,1013,YOLO
19:05:52.116,1713,litter_colour,1224,621,1201,604,1248,638,COLOR_SEC
19:05:52.116,1713,litter_colour,1044,518,1010,489,1078,547,COLOR_SEC
19:05:52.116,1713,litter_colour,791,413,748,384,834,443,COLOR_SEC
19:05:52.156,1714,litter_yolo,372,591,0,196,745,987,YOLO
19:05:52.246,1714,litter_colour,1225,620,1201,603,1249,637,COLOR_SEC
19:05:52.246,1714,litter_colour,1044,518,1010,489,1079,547,COLOR_SEC
19:05:52.246,1714,litter_colour,787,413,754,384,820,442,COLOR_SEC
19:05:52.285,1715,litter_yolo,370,640,0,260,741,1020,YOLO
19:05:52.375,1715,litter_colour,964,697,915,667,1013,727,COLOR_SEC
19:05:52.375,1715,litter_colour,1226,620,1202,604,1250,637,COLOR_SEC
19:05:52.375,1715,litter_colour,1044,517,1010,489,1079,546,COLOR_SEC
19:05:52.375,1715,litter_colour,784,413,748,384,820,442,COLOR_SEC
19:05:52.416,1716,litter_yolo,371,639,0,261,742,1017,YOLO
19:05:52.505,1716,litter_colour,961,697,915,667,1008,728,COLOR_SEC
19:05:52.505,1716,litter_colour,1227,621,1203,604,1251,639,COLOR_SEC
19:05:52.505,1716,litter_colour,1044,517,1010,489,1079,546,COLOR_SEC
19:05:52.505,1716,litter_colour,786,413,752,383,820,443,COLOR_SEC
19:05:52.547,1717,litter_yolo,377,644,0,265,754,1024,YOLO
19:05:52.635,1717,litter_colour,1389,914,1352,876,1427,953,COLOR_SEC
19:05:52.635,1717,litter_colour,1107,826,1036,746,1178,907,COLOR_SEC
19:05:52.635,1717,litter_colour,964,698,915,668,1013,729,COLOR_SEC
19:05:52.635,1717,litter_colour,1227,621,1203,605,1252,638,COLOR_SEC
19:05:52.635,1717,litter_colour,1044,517,1010,488,1079,546,COLOR_SEC
19:05:52.635,1717,litter_colour,789,412,750,383,829,442,COLOR_SEC
19:05:52.676,1718,litter_yolo,351,659,0,299,703,1019,YOLO
19:05:52.766,1718,litter_colour,1391,916,1354,878,1429,955,COLOR_SEC
19:05:52.766,1718,litter_colour,1107,828,1036,747,1179,910,COLOR_SEC
19:05:52.766,1718,litter_colour,964,698,915,668,1014,729,COLOR_SEC
19:05:52.766,1718,litter_colour,1228,622,1204,605,1253,640,COLOR_SEC
19:05:52.766,1718,litter_colour,1045,517,1010,488,1080,546,COLOR_SEC
19:05:52.766,1718,litter_colour,784,410,750,383,819,437,COLOR_SEC
19:05:52.894,1719,litter_colour,1392,919,1353,880,1431,958,COLOR_SEC
19:05:52.894,1719,litter_colour,1109,829,1039,748,1180,911,COLOR_SEC
19:05:52.894,1719,litter_colour,965,699,915,669,1015,730,COLOR_SEC
19:05:52.894,1719,litter_colour,1229,622,1205,605,1253,639,COLOR_SEC
19:05:52.894,1719,litter_colour,1875,627,1831,587,1920,667,COLOR_SEC
19:05:52.894,1719,litter_colour,1045,517,1010,488,1081,546,COLOR_SEC
19:05:52.894,1719,litter_colour,784,413,750,383,819,443,COLOR_SEC
19:05:52.934,1720,litter_yolo,345,660,0,301,691,1020,YOLO
19:05:53.025,1720,litter_colour,1111,831,1037,749,1185,913,COLOR_SEC
19:05:53.025,1720,litter_colour,964,700,915,669,1014,731,COLOR_SEC
19:05:53.025,1720,litter_colour,1229,622,1205,606,1254,639,COLOR_SEC
19:05:53.025,1720,litter_colour,1045,517,1010,488,1080,546,COLOR_SEC
19:05:53.025,1720,litter_colour,791,413,750,383,833,443,COLOR_SEC
19:05:53.066,1721,litter_yolo,357,649,0,289,714,1010,YOLO
19:05:53.154,1721,litter_colour,1111,832,1036,747,1186,918,COLOR_SEC
19:05:53.154,1721,litter_colour,1306,815,1219,719,1393,912,COLOR_SEC
19:05:53.154,1721,litter_colour,965,700,915,669,1015,732,COLOR_SEC
19:05:53.154,1721,litter_colour,1231,623,1207,606,1256,641,COLOR_SEC
19:05:53.154,1721,litter_colour,1045,517,1010,488,1080,546,COLOR_SEC
19:05:53.154,1721,litter_colour,783,414,749,384,818,444,COLOR_SEC
19:05:53.195,1722,litter_yolo,366,650,0,287,733,1013,YOLO
19:05:53.285,1722,litter_colour,970,820,948,791,992,849,COLOR_SEC
19:05:53.285,1722,litter_colour,1112,835,1041,750,1184,920,COLOR_SEC
19:05:53.285,1722,litter_colour,1308,819,1221,725,1395,914,COLOR_SEC
19:05:53.285,1722,litter_colour,965,701,915,670,1015,733,COLOR_SEC
19:05:53.285,1722,litter_colour,1231,623,1207,606,1256,641,COLOR_SEC
19:05:53.285,1722,litter_colour,1045,517,1010,488,1081,546,COLOR_SEC
19:05:53.285,1722,litter_colour,789,414,747,384,832,445,COLOR_SEC
19:05:53.326,1723,litter_yolo,345,655,0,308,691,1003,YOLO
19:05:53.415,1723,litter_colour,970,822,948,793,992,851,COLOR_SEC
19:05:53.415,1723,litter_colour,1112,836,1038,751,1187,921,COLOR_SEC
19:05:53.415,1723,litter_colour,1309,818,1221,721,1397,915,COLOR_SEC
19:05:53.415,1723,litter_colour,965,702,915,670,1016,734,COLOR_SEC
19:05:53.415,1723,litter_colour,1232,623,1208,606,1257,640,COLOR_SEC
19:05:53.415,1723,litter_colour,1045,517,1010,488,1080,546,COLOR_SEC
19:05:53.415,1723,litter_colour,789,413,747,383,832,444,COLOR_SEC
19:05:53.457,1724,litter_yolo,346,664,0,311,692,1018,YOLO
19:05:53.546,1724,litter_colour,970,823,948,794,993,853,COLOR_SEC
19:05:53.546,1724,litter_colour,1115,838,1040,752,1190,924,COLOR_SEC
19:05:53.546,1724,litter_colour,1310,819,1222,721,1398,918,COLOR_SEC
19:05:53.546,1724,litter_colour,965,702,915,670,1016,735,COLOR_SEC
19:05:53.546,1724,litter_colour,1233,624,1209,606,1258,642,COLOR_SEC
19:05:53.546,1724,litter_colour,1045,516,1010,487,1081,546,COLOR_SEC
19:05:53.546,1724,litter_colour,782,413,746,383,818,444,COLOR_SEC
19:05:53.587,1725,litter_yolo,351,661,0,303,702,1020,YOLO
19:05:53.679,1725,litter_colour,1222,1035,1150,990,1294,1080,COLOR_SEC
19:05:53.679,1725,litter_colour,962,827,931,796,993,858,COLOR_SEC
19:05:53.679,1725,litter_colour,1115,839,1040,753,1191,926,COLOR_SEC
19:05:53.679,1725,litter_colour,1311,820,1223,722,1400,919,COLOR_SEC
19:05:53.679,1725,litter_colour,1594,702,1553,675,1635,729,COLOR_SEC
19:05:53.679,1725,litter_colour,961,703,914,671,1008,736,COLOR_SEC
19:05:53.679,1725,litter_colour,1234,624,1209,607,1259,642,COLOR_SEC
19:05:53.679,1725,litter_colour,1045,516,1010,487,1081,546,COLOR_SEC
19:05:53.679,1725,litter_colour,782,412,746,381,818,444,COLOR_SEC
19:05:53.721,1726,litter_yolo,359,659,0,296,719,1022,YOLO
19:05:53.812,1726,litter_colour,1228,1036,1172,993,1285,1080,COLOR_SEC
19:05:53.812,1726,litter_colour,970,826,948,797,993,856,COLOR_SEC
19:05:53.812,1726,litter_colour,1313,822,1224,723,1402,921,COLOR_SEC
19:05:53.812,1726,litter_colour,1597,702,1556,675,1638,730,COLOR_SEC
19:05:53.812,1726,litter_colour,961,704,914,671,1008,737,COLOR_SEC
19:05:53.812,1726,litter_colour,1234,624,1210,607,1259,641,COLOR_SEC
19:05:53.812,1726,litter_colour,1046,516,1010,487,1082,546,COLOR_SEC
19:05:53.812,1726,litter_colour,786,413,746,382,826,444,COLOR_SEC
19:05:53.854,1727,litter_yolo,366,662,0,300,732,1025,YOLO
19:05:53.943,1727,litter_colour,1226,1038,1168,996,1285,1080,COLOR_SEC
19:05:53.943,1727,litter_colour,971,828,948,799,994,858,COLOR_SEC
19:05:53.943,1727,litter_colour,1314,824,1224,724,1404,924,COLOR_SEC
19:05:53.943,1727,litter_colour,1599,703,1558,677,1640,729,COLOR_SEC
19:05:53.943,1727,litter_colour,965,705,914,672,1016,738,COLOR_SEC
19:05:53.943,1727,litter_colour,1235,625,1210,608,1260,643,COLOR_SEC
19:05:53.943,1727,litter_colour,1046,516,1010,487,1083,546,COLOR_SEC
19:05:53.943,1727,litter_colour,780,412,744,382,816,443,COLOR_SEC
19:05:53.985,1728,litter_yolo,369,654,0,287,739,1021,YOLO
19:05:54.073,1728,litter_colour,971,830,948,800,994,860,COLOR_SEC
19:05:54.073,1728,litter_colour,1315,825,1224,725,1406,925,COLOR_SEC
19:05:54.073,1728,litter_colour,961,706,914,673,1009,739,COLOR_SEC
19:05:54.073,1728,litter_colour,1237,626,1213,608,1261,644,COLOR_SEC
19:05:54.073,1728,litter_colour,1046,516,1010,487,1082,546,COLOR_SEC
19:05:54.073,1728,litter_colour,784,412,744,381,825,444,COLOR_SEC
19:05:54.115,1729,litter_yolo,369,657,0,289,739,1025,YOLO
19:05:54.204,1729,litter_colour,970,828,948,794,993,862,COLOR_SEC
19:05:54.204,1729,litter_colour,1318,827,1226,726,1411,928,COLOR_SEC
19:05:54.204,1729,litter_colour,965,707,914,674,1017,740,COLOR_SEC
19:05:54.204,1729,litter_colour,1238,626,1215,608,1261,645,COLOR_SEC
19:05:54.204,1729,litter_colour,1047,517,1010,487,1084,547,COLOR_SEC
19:05:54.204,1729,litter_colour,779,412,744,381,815,444,COLOR_SEC
19:05:54.246,1730,litter_yolo,343,667,0,312,686,1022,YOLO
19:05:54.335,1730,litter_colour,971,834,948,804,994,865,COLOR_SEC
19:05:54.335,1730,litter_colour,1318,831,1226,733,1410,930,COLOR_SEC
19:05:54.335,1730,litter_colour,965,708,914,675,1017,742,COLOR_SEC
19:05:54.335,1730,litter_colour,1239,626,1215,609,1263,644,COLOR_SEC
19:05:54.335,1730,litter_colour,1047,517,1010,487,1084,547,COLOR_SEC
19:05:54.335,1730,litter_colour,779,412,744,381,814,444,COLOR_SEC
19:05:54.379,1731,litter_yolo,341,667,0,314,683,1021,YOLO
19:05:54.469,1731,litter_colour,971,836,948,806,994,867,COLOR_SEC
19:05:54.469,1731,litter_colour,961,709,913,676,1010,743,COLOR_SEC
19:05:54.469,1731,litter_colour,1238,628,1214,610,1263,646,COLOR_SEC
19:05:54.469,1731,litter_colour,1047,517,1010,487,1084,548,COLOR_SEC
19:05:54.469,1731,litter_colour,777,412,742,380,813,444,COLOR_SEC
19:05:54.511,1732,litter_yolo,391,653,2,298,780,1008,YOLO
19:05:54.600,1732,litter_colour,970,839,947,808,994,870,COLOR_SEC
19:05:54.600,1732,litter_colour,965,710,913,676,1018,744,COLOR_SEC
19:05:54.600,1732,litter_colour,1238,628,1214,610,1263,647,COLOR_SEC
19:05:54.600,1732,litter_colour,1047,518,1010,488,1084,549,COLOR_SEC
19:05:54.640,1733,litter_yolo,392,637,2,296,782,978,YOLO
19:05:54.728,1733,litter_colour,965,712,913,678,1018,746,COLOR_SEC
19:05:54.728,1733,litter_colour,1047,518,1010,488,1084,548,COLOR_SEC
19:05:54.769,1734,litter_yolo,389,633,2,295,776,972,YOLO
19:05:54.859,1734,litter_colour,965,713,913,679,1018,747,COLOR_SEC
19:05:54.859,1734,litter_colour,1047,518,1010,488,1084,549,COLOR_SEC
19:05:54.859,1734,litter_colour,776,413,741,381,811,445,COLOR_SEC
19:05:54.898,1735,litter_yolo,387,634,2,292,772,977,YOLO
19:05:54.988,1735,litter_colour,966,714,913,680,1019,749,COLOR_SEC
19:05:54.988,1735,litter_colour,1047,519,1010,488,1084,550,COLOR_SEC
19:05:54.988,1735,litter_colour,775,410,740,381,811,439,COLOR_SEC
19:05:55.121,1736,litter_colour,966,716,913,681,1019,751,COLOR_SEC
19:05:55.121,1736,litter_colour,1047,518,1010,487,1084,550,COLOR_SEC
19:05:55.121,1736,litter_colour,774,413,740,381,809,446,COLOR_SEC
19:05:55.254,1737,litter_colour,965,716,912,681,1019,752,COLOR_SEC
19:05:55.254,1737,litter_colour,1047,518,1010,487,1084,550,COLOR_SEC
19:05:55.254,1737,litter_colour,775,410,739,381,812,440,COLOR_SEC
19:05:55.254,1737,litter_colour,1156,383,965,324,1347,442,COLOR_SEC
19:05:55.385,1738,litter_colour,965,718,912,683,1019,754,COLOR_SEC
19:05:55.385,1738,litter_colour,1047,518,1010,487,1085,550,COLOR_SEC
19:05:55.385,1738,litter_colour,773,412,738,381,808,444,COLOR_SEC
19:05:55.516,1739,litter_colour,962,719,912,684,1012,755,COLOR_SEC
19:05:55.516,1739,litter_colour,1047,518,1010,487,1085,550,COLOR_SEC
19:05:55.516,1739,litter_colour,774,412,738,381,810,444,COLOR_SEC
19:05:55.562,1740,litter_yolo,354,649,0,302,709,996,YOLO
19:05:55.651,1740,litter_colour,1047,519,1009,488,1085,551,COLOR_SEC
19:05:55.651,1740,litter_colour,773,413,737,382,809,444,COLOR_SEC
19:05:55.651,1740,litter_colour,1157,360,965,324,1349,397,COLOR_SEC
19:05:55.694,1741,litter_yolo,357,648,0,307,715,990,YOLO
19:05:55.694,1741,litter_yolo,1421,656,925,265,1918,1048,YOLO
19:05:55.783,1741,litter_colour,772,415,736,382,809,449,COLOR_SEC
19:05:55.825,1742,litter_yolo,1421,641,925,266,1918,1016,YOLO
19:05:55.825,1742,litter_yolo,359,648,0,309,718,988,YOLO
19:05:55.916,1742,litter_colour,1070,1058,1025,1045,1116,1072,COLOR_SEC
19:05:55.916,1742,litter_colour,764,414,736,382,793,446,COLOR_SEC
19:05:55.957,1743,litter_yolo,376,638,2,299,750,977,YOLO
19:05:56.046,1743,litter_colour,1071,1065,1026,1050,1117,1080,COLOR_SEC
19:05:56.046,1743,litter_colour,771,415,735,382,807,449,COLOR_SEC
19:05:56.088,1744,litter_yolo,364,650,0,300,729,1000,YOLO
19:05:56.178,1744,litter_colour,1061,1067,1026,1055,1096,1080,COLOR_SEC
19:05:56.178,1744,litter_colour,767,413,734,382,800,445,COLOR_SEC
19:05:56.218,1745,litter_yolo,348,655,0,311,697,999,YOLO
19:05:56.307,1745,litter_colour,767,414,734,382,801,446,COLOR_SEC
19:05:56.348,1746,litter_yolo,346,655,0,311,692,1000,YOLO
19:05:56.438,1746,litter_colour,776,414,734,382,818,447,COLOR_SEC
19:05:56.479,1747,litter_yolo,339,658,0,309,679,1007,YOLO
19:05:56.570,1747,litter_colour,770,414,733,382,807,447,COLOR_SEC
19:05:56.610,1748,litter_yolo,384,624,2,263,766,986,YOLO
19:05:56.699,1748,litter_colour,766,414,732,382,800,447,COLOR_SEC
19:05:56.741,1749,litter_yolo,373,639,0,270,746,1008,YOLO
19:05:56.831,1749,litter_colour,769,414,732,381,806,447,COLOR_SEC
19:05:56.872,1750,litter_yolo,386,628,2,264,771,993,YOLO
19:05:56.963,1750,litter_colour,1037,703,1002,689,1072,717,COLOR_SEC
19:05:57.004,1751,litter_yolo,389,624,2,259,777,989,YOLO
19:05:57.095,1751,litter_colour,1038,704,1004,691,1073,718,COLOR_SEC
19:05:57.135,1752,litter_yolo,390,628,2,258,779,998,YOLO
19:05:57.224,1752,litter_colour,1039,705,1004,692,1074,719,COLOR_SEC
19:05:57.266,1753,litter_yolo,386,615,2,251,771,980,YOLO
19:05:57.355,1753,litter_colour,1039,707,1004,693,1074,721,COLOR_SEC
19:05:57.618,1755,litter_colour,1227,700,1179,636,1276,765,COLOR_SEC
19:05:57.745,1756,litter_colour,1227,701,1179,637,1276,765,COLOR_SEC
19:05:57.875,1757,litter_colour,971,747,914,707,1028,787,COLOR_SEC
19:05:57.875,1757,litter_colour,1052,522,1013,489,1092,556,COLOR_SEC
19:05:58.002,1758,litter_colour,971,748,913,708,1029,789,COLOR_SEC
19:05:58.002,1758,litter_colour,1053,523,1014,490,1092,557,COLOR_SEC
19:05:58.002,1758,litter_colour,1311,410,1269,369,1353,451,COLOR_SEC
19:05:58.134,1759,litter_motion,1073,689,1039,644,1108,734,COLOR_SEC
19:05:58.135,1759,litter_colour,971,750,913,709,1030,791,COLOR_SEC
19:05:58.135,1759,litter_colour,1044,714,1008,700,1080,729,COLOR_SEC
19:05:58.135,1759,litter_colour,1053,524,1014,491,1092,558,COLOR_SEC
19:05:58.135,1759,litter_colour,1312,410,1272,369,1353,451,COLOR_SEC
19:05:58.176,1760,litter_yolo,363,618,0,286,727,951,YOLO
19:05:58.265,1760,litter_motion,1073,690,1039,644,1108,736,COLOR_SEC
19:05:58.265,1760,litter_colour,972,751,913,710,1031,793,COLOR_SEC
19:05:58.265,1760,litter_colour,1044,717,1008,704,1081,730,COLOR_SEC
19:05:58.265,1760,litter_colour,1269,652,1243,632,1295,673,COLOR_SEC
19:05:58.265,1760,litter_colour,1053,524,1014,491,1092,558,COLOR_SEC
19:05:58.306,1761,litter_yolo,373,617,0,284,746,950,YOLO
19:05:58.395,1761,litter_motion,1073,690,1038,644,1109,737,COLOR_SEC
19:05:58.395,1761,litter_colour,967,752,914,711,1021,794,COLOR_SEC
19:05:58.395,1761,litter_colour,1044,718,1008,705,1081,732,COLOR_SEC
19:05:58.395,1761,litter_colour,1270,653,1244,633,1296,674,COLOR_SEC
19:05:58.395,1761,litter_colour,1053,524,1014,491,1093,558,COLOR_SEC
19:05:58.395,1761,litter_colour,1315,413,1274,376,1356,451,COLOR_SEC
19:05:58.436,1762,litter_yolo,374,622,0,275,748,969,YOLO
19:05:58.527,1762,litter_motion,1074,692,1039,645,1110,739,COLOR_SEC
19:05:58.527,1762,litter_colour,973,754,914,712,1032,796,COLOR_SEC
19:05:58.527,1762,litter_colour,1046,719,1008,706,1084,733,COLOR_SEC
19:05:58.527,1762,litter_colour,1271,654,1246,634,1297,675,COLOR_SEC
19:05:58.527,1762,litter_colour,1054,524,1014,491,1094,558,COLOR_SEC
19:05:58.527,1762,litter_colour,1315,414,1274,376,1356,452,COLOR_SEC
19:05:58.658,1763,litter_motion,1076,693,1041,646,1111,740,COLOR_SEC
19:05:58.658,1763,litter_colour,973,755,914,713,1033,798,COLOR_SEC
19:05:58.658,1763,litter_colour,1272,655,1247,635,1298,676,COLOR_SEC
19:05:58.658,1763,litter_colour,1054,525,1014,491,1094,559,COLOR_SEC
19:05:58.658,1763,litter_colour,1319,414,1282,376,1357,452,COLOR_SEC
19:05:58.788,1764,litter_motion,1076,693,1041,646,1111,741,COLOR_SEC
19:05:58.788,1764,litter_colour,973,757,914,714,1033,800,COLOR_SEC
19:05:58.788,1764,litter_colour,1273,656,1248,636,1299,677,COLOR_SEC
19:05:58.788,1764,litter_colour,1054,525,1014,491,1094,559,COLOR_SEC
19:05:58.916,1765,litter_motion,1077,695,1042,647,1112,743,COLOR_SEC
19:05:58.916,1765,litter_motion,940,364,908,341,973,387,COLOR_SEC
19:05:58.916,1765,litter_colour,974,758,914,715,1034,801,COLOR_SEC
19:05:58.916,1765,litter_colour,1275,657,1249,636,1301,678,COLOR_SEC
19:05:58.916,1765,litter_colour,1054,525,1015,491,1094,559,COLOR_SEC
19:05:58.916,1765,litter_colour,1312,339,1283,324,1341,354,COLOR_SEC
19:05:59.046,1766,litter_motion,1078,694,1043,645,1113,744,COLOR_SEC
19:05:59.046,1766,litter_motion,941,364,910,341,973,387,COLOR_SEC
19:05:59.046,1766,litter_colour,1276,657,1250,637,1302,678,COLOR_SEC
19:05:59.046,1766,litter_colour,1055,525,1015,491,1095,559,COLOR_SEC
19:05:59.046,1766,litter_colour,1312,338,1284,324,1341,353,COLOR_SEC
19:05:59.177,1767,litter_motion,1078,694,1043,644,1114,745,COLOR_SEC
19:05:59.177,1767,litter_motion,935,364,897,341,973,387,COLOR_SEC
19:05:59.177,1767,litter_colour,1277,658,1251,638,1304,679,COLOR_SEC
19:05:59.177,1767,litter_colour,1055,525,1014,491,1096,559,COLOR_SEC
19:05:59.177,1767,litter_colour,1795,370,1766,348,1825,392,COLOR_SEC
19:05:59.177,1767,litter_colour,1313,338,1285,324,1341,353,COLOR_SEC
19:05:59.310,1768,litter_motion,1079,697,1044,648,1114,746,COLOR_SEC
19:05:59.310,1768,litter_motion,935,363,897,340,973,387,COLOR_SEC
19:05:59.310,1768,litter_colour,1278,658,1252,638,1305,679,COLOR_SEC
19:05:59.310,1768,litter_colour,1055,526,1014,491,1096,561,COLOR_SEC
19:05:59.310,1768,litter_colour,765,427,727,388,804,467,COLOR_SEC
19:05:59.310,1768,litter_colour,1315,338,1286,324,1344,352,COLOR_SEC
19:05:59.353,1769,litter_yolo,363,639,0,307,726,971,YOLO
19:05:59.443,1769,litter_motion,1079,696,1044,645,1115,747,COLOR_SEC
19:05:59.443,1769,litter_motion,935,363,897,340,973,387,COLOR_SEC
19:05:59.443,1769,litter_colour,1279,659,1253,638,1306,680,COLOR_SEC
19:05:59.443,1769,litter_colour,1131,610,1107,579,1155,641,COLOR_SEC
19:05:59.443,1769,litter_colour,1055,525,1014,491,1096,560,COLOR_SEC
19:05:59.443,1769,litter_colour,1316,338,1288,324,1344,352,COLOR_SEC
19:05:59.486,1770,litter_yolo,365,636,0,305,730,968,YOLO
19:05:59.574,1770,litter_motion,936,363,897,340,976,386,COLOR_SEC
19:05:59.574,1770,litter_colour,1132,611,1108,580,1156,642,COLOR_SEC
19:05:59.574,1770,litter_colour,1055,525,1014,491,1097,560,COLOR_SEC
19:05:59.574,1770,litter_colour,1316,338,1288,324,1345,352,COLOR_SEC
19:05:59.615,1771,litter_yolo,366,637,0,305,732,969,YOLO
19:05:59.706,1771,litter_motion,935,362,897,340,973,385,COLOR_SEC
19:05:59.706,1771,litter_colour,1135,611,1108,580,1162,642,COLOR_SEC
19:05:59.706,1771,litter_colour,1055,525,1014,491,1097,560,COLOR_SEC
19:05:59.706,1771,litter_colour,748,429,727,389,769,469,COLOR_SEC
19:05:59.706,1771,litter_colour,1317,337,1289,324,1345,351,COLOR_SEC
19:05:59.747,1772,litter_yolo,368,634,0,299,736,969,YOLO
19:05:59.837,1772,litter_motion,935,362,897,339,973,385,COLOR_SEC
19:05:59.837,1772,litter_colour,1132,611,1108,580,1157,643,COLOR_SEC
19:05:59.837,1772,litter_colour,1056,525,1015,491,1098,560,COLOR_SEC
19:05:59.837,1772,litter_colour,1318,337,1290,324,1347,351,COLOR_SEC
19:05:59.879,1773,litter_yolo,588,780,434,645,742,915,YOLO
19:05:59.970,1773,litter_motion,935,362,897,339,973,385,COLOR_SEC
19:05:59.970,1773,litter_colour,1132,612,1106,581,1158,643,COLOR_SEC
19:05:59.970,1773,litter_colour,1057,526,1016,491,1098,561,COLOR_SEC
19:05:59.970,1773,litter_colour,1318,337,1290,324,1347,350,COLOR_SEC
19:06:00.011,1774,litter_yolo,584,782,431,646,738,919,YOLO
19:06:00.104,1774,litter_motion,935,361,897,339,973,384,COLOR_SEC
19:06:00.104,1774,litter_colour,1138,612,1111,580,1165,644,COLOR_SEC
19:06:00.104,1774,litter_colour,1057,526,1015,491,1099,561,COLOR_SEC
19:06:00.145,1775,litter_yolo,583,783,428,646,739,921,YOLO
19:06:00.235,1775,litter_motion,935,361,897,339,974,384,COLOR_SEC
19:06:00.235,1775,litter_colour,1139,613,1112,581,1166,645,COLOR_SEC
19:06:00.235,1775,litter_colour,1057,526,1015,491,1100,561,COLOR_SEC
19:06:00.275,1776,litter_yolo,582,786,424,647,740,925,YOLO
19:06:00.364,1776,litter_motion,935,361,897,338,974,384,COLOR_SEC
19:06:00.364,1776,litter_colour,1139,613,1111,581,1167,645,COLOR_SEC
19:06:00.364,1776,litter_colour,1058,526,1016,491,1100,562,COLOR_SEC
19:06:00.404,1777,litter_yolo,580,788,421,649,740,928,YOLO
19:06:00.495,1777,litter_motion,935,361,897,338,974,384,COLOR_SEC
19:06:00.495,1777,litter_colour,986,958,952,907,1021,1009,COLOR_SEC
19:06:00.495,1777,litter_colour,1056,735,1017,720,1095,751,COLOR_SEC
19:06:00.495,1777,litter_colour,1138,613,1113,581,1163,646,COLOR_SEC
19:06:00.495,1777,litter_colour,1058,526,1016,491,1100,562,COLOR_SEC
19:06:00.538,1778,litter_yolo,579,791,421,649,738,933,YOLO
19:06:00.628,1778,litter_motion,935,362,897,338,974,386,COLOR_SEC
19:06:00.628,1778,litter_colour,1057,736,1018,721,1096,752,COLOR_SEC
19:06:00.628,1778,litter_colour,1139,614,1114,582,1164,647,COLOR_SEC
19:06:00.628,1778,litter_colour,1059,526,1017,491,1101,562,COLOR_SEC
19:06:00.670,1779,litter_yolo,578,790,419,650,738,931,YOLO
19:06:00.760,1779,litter_motion,936,361,899,338,974,384,COLOR_SEC
19:06:00.760,1779,litter_colour,1058,737,1018,722,1098,753,COLOR_SEC
19:06:00.760,1779,litter_colour,1139,614,1115,582,1164,647,COLOR_SEC
19:06:00.760,1779,litter_colour,1060,526,1018,491,1102,562,COLOR_SEC
19:06:00.800,1780,litter_yolo,577,794,416,651,739,938,YOLO
19:06:00.890,1780,litter_motion,935,360,897,338,974,383,COLOR_SEC
19:06:00.890,1780,litter_colour,977,780,918,732,1037,828,COLOR_SEC
19:06:00.890,1780,litter_colour,1059,740,1020,726,1099,755,COLOR_SEC
19:06:00.890,1780,litter_colour,1142,615,1114,583,1171,648,COLOR_SEC
19:06:00.890,1780,litter_colour,1060,527,1018,491,1102,563,COLOR_SEC
19:06:00.890,1780,litter_colour,743,430,720,389,767,471,COLOR_SEC
19:06:00.930,1781,litter_yolo,579,800,414,656,744,944,YOLO
19:06:01.021,1781,litter_colour,978,781,919,733,1038,830,COLOR_SEC
19:06:01.021,1781,litter_colour,1060,740,1020,725,1100,756,COLOR_SEC
19:06:01.021,1781,litter_colour,1143,616,1115,584,1172,649,COLOR_SEC
19:06:01.021,1781,litter_colour,1060,527,1018,492,1103,563,COLOR_SEC
19:06:01.022,1781,litter_colour,747,429,719,389,775,470,COLOR_SEC
19:06:01.064,1782,litter_yolo,578,802,411,657,746,947,YOLO
19:06:01.155,1782,litter_colour,979,783,920,734,1039,832,COLOR_SEC
19:06:01.155,1782,litter_colour,1061,743,1021,728,1101,758,COLOR_SEC
19:06:01.155,1782,litter_colour,1144,617,1115,585,1173,650,COLOR_SEC
19:06:01.155,1782,litter_colour,1058,523,1013,483,1103,564,COLOR_SEC
19:06:01.155,1782,litter_colour,743,430,719,389,767,471,COLOR_SEC
19:06:01.197,1783,litter_yolo,574,807,408,659,741,956,YOLO
19:06:01.286,1783,litter_colour,980,785,920,736,1040,835,COLOR_SEC
19:06:01.286,1783,litter_colour,1062,743,1022,728,1102,759,COLOR_SEC
19:06:01.286,1783,litter_colour,1143,617,1116,585,1170,649,COLOR_SEC
19:06:01.286,1783,litter_colour,1059,523,1014,483,1104,563,COLOR_SEC
19:06:01.286,1783,litter_colour,744,430,722,389,766,472,COLOR_SEC
19:06:01.329,1784,litter_yolo,573,811,405,665,741,957,YOLO
19:06:01.418,1784,litter_colour,981,787,921,738,1041,837,COLOR_SEC
19:06:01.418,1784,litter_colour,1063,744,1022,728,1104,761,COLOR_SEC
19:06:01.418,1784,litter_colour,1304,672,1276,650,1332,695,COLOR_SEC
19:06:01.419,1784,litter_colour,1144,618,1115,585,1174,652,COLOR_SEC
19:06:01.419,1784,litter_colour,1060,524,1016,484,1105,564,COLOR_SEC
19:06:01.419,1784,litter_colour,748,430,721,389,775,472,COLOR_SEC
19:06:01.460,1785,litter_yolo,571,813,404,666,739,961,YOLO
19:06:01.551,1785,litter_colour,982,789,921,739,1043,839,COLOR_SEC
19:06:01.551,1785,litter_colour,1064,745,1024,728,1105,763,COLOR_SEC
19:06:01.551,1785,litter_colour,1305,673,1278,650,1333,696,COLOR_SEC
19:06:01.551,1785,litter_colour,1144,619,1116,586,1173,652,COLOR_SEC
19:06:01.551,1785,litter_colour,1060,524,1016,484,1105,565,COLOR_SEC
19:06:01.591,1786,litter_yolo,572,816,404,669,740,964,YOLO
19:06:01.681,1786,litter_colour,983,791,922,740,1044,842,COLOR_SEC
19:06:01.681,1786,litter_colour,1065,748,1025,732,1105,765,COLOR_SEC
19:06:01.681,1786,litter_colour,1307,674,1278,652,1336,697,COLOR_SEC
19:06:01.681,1786,litter_colour,1146,620,1116,587,1177,653,COLOR_SEC
19:06:01.681,1786,litter_colour,1063,532,1020,493,1106,571,COLOR_SEC
19:06:01.681,1786,litter_colour,745,430,719,389,771,472,COLOR_SEC
19:06:01.722,1787,litter_yolo,570,820,402,670,738,970,YOLO
19:06:01.811,1787,litter_motion,698,384,635,327,762,441,COLOR_SEC
19:06:01.811,1787,litter_colour,983,794,922,743,1045,845,COLOR_SEC
19:06:01.812,1787,litter_colour,1066,750,1026,733,1106,767,COLOR_SEC
19:06:01.812,1787,litter_colour,1309,675,1280,653,1338,698,COLOR_SEC
19:06:01.812,1787,litter_colour,1146,620,1117,587,1175,654,COLOR_SEC
19:06:01.812,1787,litter_colour,1063,532,1020,493,1107,572,COLOR_SEC
19:06:01.812,1787,litter_colour,745,431,720,389,771,474,COLOR_SEC
19:06:01.812,1787,litter_colour,297,333,251,324,344,342,COLOR_SEC
19:06:01.852,1788,litter_yolo,569,821,401,671,738,972,YOLO
19:06:01.942,1788,litter_motion,705,382,635,324,776,441,COLOR_SEC
19:06:01.942,1788,litter_colour,1173,977,1089,874,1258,1080,COLOR_SEC
19:06:01.942,1788,litter_colour,984,795,923,744,1046,847,COLOR_SEC
19:06:01.942,1788,litter_colour,1068,750,1028,732,1108,768,COLOR_SEC
19:06:01.942,1788,litter_colour,91,791,0,732,182,850,COLOR_SEC
19:06:01.942,1788,litter_colour,1310,676,1282,654,1339,699,COLOR_SEC
19:06:01.942,1788,litter_colour,1149,622,1118,588,1180,656,COLOR_SEC
19:06:01.942,1788,litter_colour,1062,525,1017,484,1108,566,COLOR_SEC
19:06:01.942,1788,litter_colour,758,419,716,389,800,450,COLOR_SEC
19:06:01.942,1788,litter_colour,1330,336,1302,324,1358,348,COLOR_SEC
19:06:01.942,1788,litter_colour,297,333,250,324,344,342,COLOR_SEC
19:06:01.985,1789,litter_yolo,567,824,397,672,738,977,YOLO
19:06:01.985,1789,litter_yolo,377,600,0,246,755,954,YOLO
19:06:02.074,1789,litter_colour,985,798,923,746,1047,850,COLOR_SEC
19:06:02.074,1789,litter_colour,1069,753,1028,735,1110,771,COLOR_SEC
19:06:02.074,1789,litter_colour,1313,678,1285,655,1341,701,COLOR_SEC
19:06:02.074,1789,litter_colour,1150,623,1119,589,1181,658,COLOR_SEC
19:06:02.074,1789,litter_colour,1062,528,1017,484,1108,573,COLOR_SEC
19:06:02.074,1789,litter_colour,758,419,717,389,800,449,COLOR_SEC
19:06:02.074,1789,litter_colour,1331,335,1302,324,1361,347,COLOR_SEC
19:06:02.115,1790,litter_yolo,565,828,393,674,737,983,YOLO
19:06:02.115,1790,litter_yolo,376,606,0,256,752,956,YOLO
19:06:02.205,1790,litter_colour,1069,754,1028,737,1111,772,COLOR_SEC
19:06:02.205,1790,litter_colour,1315,679,1287,657,1344,702,COLOR_SEC
19:06:02.205,1790,litter_colour,1151,623,1120,589,1182,658,COLOR_SEC
19:06:02.205,1790,litter_colour,1063,528,1018,484,1109,573,COLOR_SEC
19:06:02.205,1790,litter_colour,1222,402,1174,377,1270,427,COLOR_SEC
19:06:02.205,1790,litter_colour,1332,335,1303,324,1362,347,COLOR_SEC
19:06:02.244,1791,litter_yolo,563,833,389,678,738,988,YOLO
19:06:02.244,1791,litter_yolo,377,614,0,264,754,965,YOLO
19:06:02.334,1791,litter_colour,1181,981,1093,883,1269,1080,COLOR_SEC
19:06:02.335,1791,litter_colour,1071,755,1030,737,1113,774,COLOR_SEC
19:06:02.335,1791,litter_colour,1150,624,1121,590,1180,659,COLOR_SEC
19:06:02.335,1791,litter_colour,1064,529,1019,485,1110,574,COLOR_SEC
19:06:02.335,1791,litter_colour,759,433,719,390,800,476,COLOR_SEC
19:06:02.335,1791,litter_colour,1222,400,1176,377,1269,424,COLOR_SEC
19:06:02.377,1792,litter_yolo,562,837,387,680,737,994,YOLO
19:06:02.377,1792,litter_yolo,376,618,0,276,752,961,YOLO
19:06:02.467,1792,litter_colour,1183,983,1095,886,1272,1080,COLOR_SEC
19:06:02.467,1792,litter_colour,1072,759,1031,741,1114,777,COLOR_SEC
19:06:02.467,1792,litter_colour,1151,625,1122,591,1181,660,COLOR_SEC
19:06:02.467,1792,litter_colour,1066,535,1023,496,1110,574,COLOR_SEC
19:06:02.467,1792,litter_colour,759,421,719,390,800,452,COLOR_SEC
19:06:02.467,1792,litter_colour,1224,400,1176,377,1272,424,COLOR_SEC
19:06:02.508,1793,litter_yolo,561,842,382,683,740,1001,YOLO
19:06:02.597,1793,litter_colour,1183,985,1097,890,1269,1080,COLOR_SEC
19:06:02.597,1793,litter_colour,1152,627,1122,592,1183,663,COLOR_SEC
19:06:02.597,1793,litter_colour,1065,531,1019,487,1112,575,COLOR_SEC
19:06:02.597,1793,litter_colour,757,421,714,390,800,453,COLOR_SEC
19:06:02.597,1793,litter_colour,1224,401,1177,377,1271,426,COLOR_SEC
19:06:02.637,1794,litter_yolo,559,846,381,686,738,1007,YOLO
19:06:02.727,1794,litter_colour,1160,986,1050,893,1271,1080,COLOR_SEC
19:06:02.727,1794,litter_colour,1146,613,1123,593,1169,634,COLOR_SEC
19:06:02.727,1794,litter_colour,1068,537,1024,497,1112,577,COLOR_SEC
19:06:02.727,1794,litter_colour,757,424,714,391,800,458,COLOR_SEC
19:06:02.727,1794,litter_colour,1225,401,1177,377,1274,425,COLOR_SEC
19:06:02.769,1795,litter_yolo,558,852,379,689,738,1015,YOLO
19:06:02.859,1795,litter_motion,931,353,888,333,974,374,COLOR_SEC
19:06:02.859,1795,litter_colour,1186,988,1097,897,1275,1080,COLOR_SEC
19:06:02.859,1795,litter_colour,1154,629,1124,594,1185,665,COLOR_SEC
19:06:02.859,1795,litter_colour,1066,529,1019,487,1113,571,COLOR_SEC
19:06:02.859,1795,litter_colour,757,434,714,390,800,478,COLOR_SEC
19:06:02.859,1795,litter_colour,1237,401,1178,377,1296,426,COLOR_SEC
19:06:02.901,1796,litter_yolo,556,854,376,691,737,1018,YOLO
19:06:02.991,1796,litter_motion,935,352,897,337,974,368,COLOR_SEC
19:06:02.991,1796,litter_colour,1190,990,1102,900,1279,1080,COLOR_SEC
19:06:02.991,1796,litter_colour,1155,631,1125,595,1186,667,COLOR_SEC
19:06:02.991,1796,litter_colour,1069,534,1025,497,1114,572,COLOR_SEC
19:06:02.991,1796,litter_colour,757,436,714,393,800,480,COLOR_SEC
19:06:02.991,1796,litter_colour,1227,402,1179,378,1276,427,COLOR_SEC
19:06:03.033,1797,litter_yolo,555,855,376,688,734,1023,YOLO
19:06:03.122,1797,litter_motion,932,355,891,334,974,376,COLOR_SEC
19:06:03.123,1797,litter_colour,1193,992,1104,904,1283,1080,COLOR_SEC
19:06:03.123,1797,litter_colour,1156,632,1125,596,1188,668,COLOR_SEC
19:06:03.123,1797,litter_colour,1066,524,1019,474,1114,574,COLOR_SEC
19:06:03.123,1797,litter_colour,756,437,713,392,800,482,COLOR_SEC
19:06:03.123,1797,litter_colour,1227,404,1179,380,1275,428,COLOR_SEC
19:06:03.164,1798,litter_yolo,553,858,372,690,734,1026,YOLO
19:06:03.254,1798,litter_motion,932,355,890,334,974,377,COLOR_SEC
19:06:03.254,1798,litter_colour,1169,993,1056,907,1282,1080,COLOR_SEC
19:06:03.254,1798,litter_colour,1157,633,1126,597,1189,669,COLOR_SEC
19:06:03.254,1798,litter_colour,1069,536,1024,498,1114,574,COLOR_SEC
19:06:03.254,1798,litter_colour,756,428,713,394,799,462,COLOR_SEC
19:06:03.254,1798,litter_colour,1227,405,1179,381,1275,429,COLOR_SEC
19:06:03.295,1799,litter_yolo,551,860,369,691,734,1029,YOLO
19:06:03.384,1799,litter_motion,931,356,889,334,974,378,COLOR_SEC
19:06:03.384,1799,litter_motion,685,397,595,328,776,466,COLOR_SEC
19:06:03.384,1799,litter_colour,1191,995,1106,911,1276,1080,COLOR_SEC
19:06:03.384,1799,litter_colour,1158,634,1127,598,1189,671,COLOR_SEC
19:06:03.384,1799,litter_colour,1069,539,1025,499,1114,580,COLOR_SEC
19:06:03.384,1799,litter_colour,738,428,712,394,765,462,COLOR_SEC
19:06:03.384,1799,litter_colour,1227,404,1180,379,1275,429,COLOR_SEC
19:06:03.384,1799,litter_colour,291,334,243,324,339,345,COLOR_SEC
19:06:03.428,1800,litter_yolo,551,867,365,695,737,1039,YOLO
19:06:03.428,1800,litter_yolo,376,618,0,280,752,957,YOLO
19:06:03.517,1800,litter_motion,933,358,897,338,969,378,COLOR_SEC
19:06:03.517,1800,litter_colour,1167,991,1058,903,1276,1080,COLOR_SEC
19:06:03.517,1800,litter_colour,1158,636,1127,599,1190,673,COLOR_SEC
19:06:03.517,1800,litter_colour,1070,541,1026,500,1114,582,COLOR_SEC
19:06:03.517,1800,litter_colour,1229,406,1180,382,1278,430,COLOR_SEC
19:06:03.559,1801,litter_yolo,551,871,364,698,738,1044,YOLO
19:06:03.648,1801,litter_motion,935,355,897,338,974,373,COLOR_SEC
19:06:03.648,1801,litter_colour,1193,999,1109,918,1278,1080,COLOR_SEC
19:06:03.648,1801,litter_colour,1159,636,1128,599,1191,674,COLOR_SEC
19:06:03.648,1801,litter_colour,1070,538,1025,500,1116,577,COLOR_SEC
19:06:03.648,1801,litter_colour,735,425,710,395,760,456,COLOR_SEC
19:06:03.648,1801,litter_colour,1229,405,1181,380,1278,430,COLOR_SEC
19:06:03.691,1802,litter_yolo,545,874,358,699,732,1049,YOLO
19:06:03.781,1802,litter_motion,935,358,897,338,974,378,COLOR_SEC
19:06:03.781,1802,litter_motion,683,396,592,327,774,466,COLOR_SEC
19:06:03.781,1802,litter_colour,1068,534,1020,492,1116,577,COLOR_SEC
19:06:03.781,1802,litter_colour,738,429,712,395,765,464,COLOR_SEC
19:06:03.781,1802,litter_colour,1229,406,1181,382,1278,430,COLOR_SEC
19:06:03.781,1802,litter_colour,288,334,241,324,336,345,COLOR_SEC
19:06:03.822,1803,litter_yolo,542,876,355,700,730,1052,YOLO
19:06:03.912,1803,litter_motion,930,356,886,335,974,378,COLOR_SEC
19:06:03.912,1803,litter_motion,687,394,600,324,774,465,COLOR_SEC
19:06:03.912,1803,litter_colour,1196,996,1107,912,1285,1080,COLOR_SEC
19:06:03.912,1803,litter_colour,1070,542,1024,500,1117,584,COLOR_SEC
19:06:03.912,1803,litter_colour,1229,406,1181,382,1278,431,COLOR_SEC
19:06:03.912,1803,litter_colour,287,334,240,324,334,345,COLOR_SEC
19:06:03.953,1804,litter_yolo,539,879,349,704,729,1055,YOLO
19:06:04.044,1804,litter_motion,934,358,897,338,972,378,COLOR_SEC
19:06:04.044,1804,litter_motion,693,394,610,324,776,464,COLOR_SEC
19:06:04.044,1804,litter_colour,997,837,930,778,1065,896,COLOR_SEC
19:06:04.044,1804,litter_colour,1159,638,1124,602,1194,675,COLOR_SEC
19:06:04.044,1804,litter_colour,1071,542,1025,500,1118,585,COLOR_SEC
19:06:04.044,1804,litter_colour,736,430,711,396,762,465,COLOR_SEC
19:06:04.044,1804,litter_colour,1230,405,1181,380,1279,431,COLOR_SEC
19:06:04.044,1804,litter_colour,286,334,239,324,334,345,COLOR_SEC
19:06:04.084,1805,litter_yolo,538,885,346,706,730,1065,YOLO
19:06:04.174,1805,litter_motion,935,358,897,338,973,378,COLOR_SEC
19:06:04.174,1805,litter_motion,691,394,610,324,773,464,COLOR_SEC
19:06:04.174,1805,litter_colour,997,839,930,780,1065,899,COLOR_SEC
19:06:04.174,1805,litter_colour,1071,543,1025,501,1118,586,COLOR_SEC
19:06:04.174,1805,litter_colour,753,431,710,397,796,465,COLOR_SEC
19:06:04.174,1805,litter_colour,1231,405,1182,380,1280,431,COLOR_SEC
19:06:04.174,1805,litter_colour,286,334,238,324,334,345,COLOR_SEC
19:06:04.215,1806,litter_yolo,536,888,343,708,730,1068,YOLO
19:06:04.306,1806,litter_motion,939,358,905,338,973,378,COLOR_SEC
19:06:04.306,1806,litter_motion,696,387,620,327,773,447,COLOR_SEC
19:06:04.306,1806,litter_colour,1069,539,1020,493,1118,586,COLOR_SEC
19:06:04.306,1806,litter_colour,734,429,709,397,759,462,COLOR_SEC
19:06:04.306,1806,litter_colour,1231,405,1182,380,1280,430,COLOR_SEC
19:06:04.306,1806,litter_colour,286,334,238,324,334,345,COLOR_SEC
19:06:04.348,1807,litter_yolo,533,891,337,711,730,1071,YOLO
19:06:04.437,1807,litter_motion,939,354,905,338,973,371,COLOR_SEC
19:06:04.437,1807,litter_motion,696,386,620,326,773,447,COLOR_SEC
19:06:04.437,1807,litter_colour,973,805,930,783,1016,828,COLOR_SEC
19:06:04.437,1807,litter_colour,1345,706,1315,682,1375,730,COLOR_SEC
19:06:04.437,1807,litter_colour,1072,544,1026,501,1118,587,COLOR_SEC
19:06:04.437,1807,litter_colour,752,429,708,396,796,463,COLOR_SEC
19:06:04.437,1807,litter_colour,1232,405,1183,380,1281,431,COLOR_SEC
19:06:04.437,1807,litter_colour,286,335,238,324,334,346,COLOR_SEC
19:06:04.566,1808,litter_motion,930,353,888,335,973,371,COLOR_SEC
19:06:04.566,1808,litter_motion,696,385,620,324,773,447,COLOR_SEC
19:06:04.566,1808,litter_colour,973,808,930,785,1017,831,COLOR_SEC
19:06:04.566,1808,litter_colour,1347,707,1317,684,1377,731,COLOR_SEC
19:06:04.566,1808,litter_colour,1073,544,1026,502,1120,587,COLOR_SEC
19:06:04.566,1808,litter_colour,734,430,708,396,760,464,COLOR_SEC
19:06:04.566,1808,litter_colour,285,335,237,324,333,346,COLOR_SEC
19:06:04.697,1809,litter_motion,939,355,905,338,974,373,COLOR_SEC
19:06:04.697,1809,litter_motion,695,384,619,325,772,444,COLOR_SEC
19:06:04.697,1809,litter_colour,974,809,931,787,1018,832,COLOR_SEC
19:06:04.697,1809,litter_colour,1349,709,1319,685,1379,733,COLOR_SEC
19:06:04.697,1809,litter_colour,1069,533,1018,478,1121,588,COLOR_SEC
19:06:04.697,1809,litter_colour,751,426,708,389,795,464,COLOR_SEC
19:06:04.697,1809,litter_colour,1233,406,1184,381,1283,432,COLOR_SEC
19:06:04.697,1809,litter_colour,285,335,237,324,333,346,COLOR_SEC
19:06:04.829,1810,litter_motion,936,356,905,339,967,373,COLOR_SEC
19:06:04.829,1810,litter_motion,695,385,619,325,772,445,COLOR_SEC
19:06:04.829,1810,litter_colour,974,811,931,789,1018,834,COLOR_SEC
19:06:04.829,1810,litter_colour,1341,767,1306,752,1377,783,COLOR_SEC
19:06:04.829,1810,litter_colour,1351,710,1321,686,1382,735,COLOR_SEC
19:06:04.829,1810,litter_colour,1270,716,1232,684,1308,748,COLOR_SEC
19:06:04.829,1810,litter_colour,1074,544,1026,502,1122,587,COLOR_SEC
19:06:04.829,1810,litter_colour,751,431,707,397,795,465,COLOR_SEC
19:06:04.829,1810,litter_colour,1043,353,962,324,1125,383,COLOR_SEC
19:06:04.829,1810,litter_colour,285,335,237,324,333,347,COLOR_SEC
19:06:04.878,1811,litter_yolo,310,627,0,316,621,939,YOLO
19:06:04.975,1811,litter_motion,936,358,899,339,973,378,COLOR_SEC
19:06:04.975,1811,litter_motion,695,385,618,325,772,445,COLOR_SEC
19:06:04.975,1811,litter_colour,975,814,932,791,1019,837,COLOR_SEC
19:06:04.975,1811,litter_colour,1341,789,1282,754,1400,825,COLOR_SEC
19:06:04.975,1811,litter_colour,1353,712,1323,688,1384,736,COLOR_SEC
19:06:04.975,1811,litter_colour,1272,717,1233,686,1311,749,COLOR_SEC
19:06:04.975,1811,litter_colour,1072,542,1022,496,1122,588,COLOR_SEC
19:06:04.975,1811,litter_colour,740,431,707,397,773,466,COLOR_SEC
19:06:04.975,1811,litter_colour,1043,353,962,324,1125,383,COLOR_SEC
19:06:05.124,1812,litter_motion,932,359,900,339,964,379,COLOR_SEC
19:06:05.124,1812,litter_motion,695,385,618,326,772,445,COLOR_SEC
19:06:05.124,1812,litter_colour,976,816,932,793,1020,839,COLOR_SEC
19:06:05.124,1812,litter_colour,1333,768,1284,748,1382,788,COLOR_SEC
19:06:05.124,1812,litter_colour,1355,713,1325,689,1386,738,COLOR_SEC
19:06:05.124,1812,litter_colour,1273,719,1236,687,1311,751,COLOR_SEC
19:06:05.124,1812,litter_colour,1075,546,1027,503,1124,590,COLOR_SEC
19:06:05.124,1812,litter_colour,733,434,706,398,760,470,COLOR_SEC
19:06:05.124,1812,litter_colour,1347,338,1317,324,1377,352,COLOR_SEC
19:06:05.124,1812,litter_colour,1044,353,962,324,1126,383,COLOR_SEC
19:06:05.124,1812,litter_colour,285,336,237,324,333,348,COLOR_SEC
19:06:05.254,1813,litter_motion,932,358,900,339,964,378,COLOR_SEC
19:06:05.254,1813,litter_motion,694,386,617,328,772,445,COLOR_SEC
19:06:05.254,1813,litter_colour,977,819,933,796,1021,842,COLOR_SEC
19:06:05.254,1813,litter_colour,1357,715,1327,691,1388,740,COLOR_SEC
19:06:05.254,1813,litter_colour,1076,546,1028,503,1124,590,COLOR_SEC
19:06:05.254,1813,litter_colour,731,432,705,398,758,466,COLOR_SEC
19:06:05.254,1813,litter_colour,1348,338,1318,324,1379,352,COLOR_SEC
19:06:05.254,1813,litter_colour,1044,353,963,324,1126,383,COLOR_SEC
19:06:05.254,1813,litter_colour,285,336,237,324,333,348,COLOR_SEC
19:06:05.382,1814,litter_motion,934,359,900,340,969,379,COLOR_SEC
19:06:05.382,1814,litter_motion,694,386,617,328,772,445,COLOR_SEC
19:06:05.382,1814,litter_colour,977,821,933,798,1022,844,COLOR_SEC
19:06:05.382,1814,litter_colour,1074,544,1024,497,1124,592,COLOR_SEC
19:06:05.382,1814,litter_colour,748,432,700,398,796,467,COLOR_SEC
19:06:05.382,1814,litter_colour,1349,337,1319,324,1380,351,COLOR_SEC
19:06:05.382,1814,litter_colour,1046,354,964,324,1128,384,COLOR_SEC
19:06:05.382,1814,litter_colour,286,336,238,324,334,349,COLOR_SEC
19:06:05.422,1815,litter_yolo,315,632,0,329,630,935,YOLO
19:06:05.511,1815,litter_motion,928,359,888,336,969,383,COLOR_SEC
19:06:05.511,1815,litter_motion,694,386,617,328,772,445,COLOR_SEC
19:06:05.511,1815,litter_colour,978,824,934,801,1023,847,COLOR_SEC
19:06:05.511,1815,litter_colour,1077,548,1029,504,1126,592,COLOR_SEC
19:06:05.511,1815,litter_colour,735,436,698,400,773,472,COLOR_SEC
19:06:05.511,1815,litter_colour,1351,338,1320,324,1382,352,COLOR_SEC
19:06:05.511,1815,litter_colour,1046,354,964,324,1128,384,COLOR_SEC
19:06:05.640,1816,litter_motion,929,358,889,336,970,381,COLOR_SEC
19:06:05.640,1816,litter_motion,708,378,645,325,772,432,COLOR_SEC
19:06:05.640,1816,litter_colour,979,826,934,804,1024,849,COLOR_SEC
19:06:05.640,1816,litter_colour,1359,775,1328,755,1390,796,COLOR_SEC
19:06:05.640,1816,litter_colour,1077,546,1029,505,1126,587,COLOR_SEC
19:06:05.640,1816,litter_colour,746,433,697,399,795,468,COLOR_SEC
19:06:05.640,1816,litter_colour,1351,338,1320,324,1383,352,COLOR_SEC
19:06:05.640,1816,litter_colour,1046,353,964,324,1129,383,COLOR_SEC
19:06:05.640,1816,litter_colour,286,337,238,324,334,350,COLOR_SEC
19:06:05.770,1817,litter_motion,932,352,899,336,966,369,COLOR_SEC
19:06:05.770,1817,litter_motion,706,378,641,325,772,432,COLOR_SEC
19:06:05.770,1817,litter_colour,980,828,935,805,1025,852,COLOR_SEC
19:06:05.770,1817,litter_colour,1079,549,1030,505,1128,594,COLOR_SEC
19:06:05.770,1817,litter_colour,728,434,698,400,759,469,COLOR_SEC
19:06:05.770,1817,litter_colour,1353,337,1322,324,1384,351,COLOR_SEC
19:06:05.771,1817,litter_colour,1046,354,964,324,1128,384,COLOR_SEC
19:06:05.771,1817,litter_colour,285,337,238,324,333,350,COLOR_SEC
19:06:05.903,1818,litter_motion,932,352,898,336,966,369,COLOR_SEC
19:06:05.903,1818,litter_motion,706,378,641,325,772,432,COLOR_SEC
19:06:05.903,1818,litter_colour,980,831,935,808,1026,855,COLOR_SEC
19:06:05.903,1818,litter_colour,1079,550,1031,506,1128,595,COLOR_SEC
19:06:05.903,1818,litter_colour,727,434,696,400,758,468,COLOR_SEC
19:06:05.903,1818,litter_colour,1354,338,1323,324,1386,352,COLOR_SEC
19:06:05.903,1818,litter_colour,1047,354,964,324,1130,384,COLOR_SEC
19:06:05.903,1818,litter_colour,285,337,238,324,333,350,COLOR_SEC
19:06:06.032,1819,litter_motion,716,374,660,326,772,422,COLOR_SEC
19:06:06.032,1819,litter_colour,981,833,936,810,1027,857,COLOR_SEC
19:06:06.032,1819,litter_colour,736,438,714,407,758,469,COLOR_SEC
19:06:06.032,1819,litter_colour,1355,337,1324,324,1386,351,COLOR_SEC
19:06:06.032,1819,litter_colour,1047,354,964,324,1130,385,COLOR_SEC
19:06:06.032,1819,litter_colour,286,337,238,324,334,351,COLOR_SEC
19:06:06.162,1820,litter_motion,1126,770,1088,715,1164,826,COLOR_SEC
19:06:06.162,1820,litter_motion,715,370,658,326,772,414,COLOR_SEC
19:06:06.162,1820,litter_colour,983,836,938,812,1028,860,COLOR_SEC
19:06:06.162,1820,litter_colour,1178,655,1145,615,1212,695,COLOR_SEC
19:06:06.162,1820,litter_colour,726,435,696,401,757,470,COLOR_SEC
19:06:06.162,1820,litter_colour,1356,338,1325,324,1388,352,COLOR_SEC
19:06:06.162,1820,litter_colour,1046,353,964,324,1129,382,COLOR_SEC
19:06:06.162,1820,litter_colour,285,337,238,324,333,351,COLOR_SEC
19:06:06.290,1821,litter_motion,1126,771,1087,715,1165,827,COLOR_SEC
19:06:06.290,1821,litter_motion,703,380,636,324,771,436,COLOR_SEC
19:06:06.290,1821,litter_colour,982,838,936,814,1029,862,COLOR_SEC
19:06:06.290,1821,litter_colour,1181,656,1146,615,1217,698,COLOR_SEC
19:06:06.290,1821,litter_colour,726,435,696,401,757,470,COLOR_SEC
19:06:06.290,1821,litter_colour,1876,380,1832,345,1920,416,COLOR_SEC
19:06:06.290,1821,litter_colour,1357,337,1325,324,1389,351,COLOR_SEC
19:06:06.290,1821,litter_colour,1047,353,964,324,1130,383,COLOR_SEC
19:06:06.290,1821,litter_colour,285,337,237,324,333,351,COLOR_SEC
19:06:06.290,1821,litter_colour,29,346,6,324,52,369,COLOR_SEC
19:06:06.421,1822,litter_motion,1127,775,1089,722,1166,829,COLOR_SEC
19:06:06.421,1822,litter_motion,714,370,658,327,770,414,COLOR_SEC
19:06:06.421,1822,litter_colour,1182,656,1147,616,1217,697,COLOR_SEC
19:06:06.421,1822,litter_colour,725,436,694,401,756,471,COLOR_SEC
19:06:06.421,1822,litter_colour,1876,381,1833,347,1920,416,COLOR_SEC
19:06:06.421,1822,litter_colour,1358,338,1326,324,1390,352,COLOR_SEC
19:06:06.421,1822,litter_colour,1046,354,964,324,1128,384,COLOR_SEC
19:06:06.421,1822,litter_colour,285,338,238,324,333,352,COLOR_SEC
19:06:06.421,1822,litter_colour,28,346,5,324,51,368,COLOR_SEC
19:06:06.552,1823,litter_motion,67,892,0,822,135,962,COLOR_SEC
19:06:06.552,1823,litter_motion,699,382,630,326,768,438,COLOR_SEC
19:06:06.552,1823,litter_colour,1182,658,1147,617,1218,699,COLOR_SEC
19:06:06.552,1823,litter_colour,725,434,694,401,756,468,COLOR_SEC
19:06:06.552,1823,litter_colour,1878,381,1837,347,1920,416,COLOR_SEC
19:06:06.552,1823,litter_colour,1431,396,1333,331,1530,462,COLOR_SEC
19:06:06.552,1823,litter_colour,1358,337,1327,324,1390,351,COLOR_SEC
19:06:06.552,1823,litter_colour,1046,353,965,324,1128,382,COLOR_SEC
19:06:06.552,1823,litter_colour,284,338,237,324,332,352,COLOR_SEC
19:06:06.552,1823,litter_colour,28,347,5,324,51,371,COLOR_SEC
19:06:06.682,1824,litter_motion,65,891,0,825,131,958,COLOR_SEC
19:06:06.682,1824,litter_motion,714,370,660,324,768,417,COLOR_SEC
19:06:06.682,1824,litter_colour,1195,1032,1140,984,1251,1080,COLOR_SEC
19:06:06.682,1824,litter_colour,1183,658,1148,617,1219,699,COLOR_SEC
19:06:06.682,1824,litter_colour,725,435,694,403,756,468,COLOR_SEC
19:06:06.682,1824,litter_colour,1247,411,1195,386,1299,436,COLOR_SEC
19:06:06.682,1824,litter_colour,1433,396,1337,331,1529,462,COLOR_SEC
19:06:06.682,1824,litter_colour,1359,337,1327,324,1392,351,COLOR_SEC
19:06:06.682,1824,litter_colour,1047,353,964,324,1131,382,COLOR_SEC
19:06:06.682,1824,litter_colour,284,338,236,324,332,352,COLOR_SEC
19:06:06.682,1824,litter_colour,27,348,4,324,51,372,COLOR_SEC
19:06:06.810,1825,litter_motion,63,894,0,827,127,961,COLOR_SEC
19:06:06.810,1825,litter_motion,714,374,660,324,768,424,COLOR_SEC
19:06:06.810,1825,litter_colour,1184,660,1147,618,1222,702,COLOR_SEC
19:06:06.810,1825,litter_colour,1078,549,1023,500,1133,598,COLOR_SEC
19:06:06.810,1825,litter_colour,723,435,692,402,755,468,COLOR_SEC
19:06:06.810,1825,litter_colour,1262,410,1195,386,1329,435,COLOR_SEC
19:06:06.810,1825,litter_colour,1433,396,1337,331,1530,461,COLOR_SEC
19:06:06.810,1825,litter_colour,1047,353,965,324,1129,382,COLOR_SEC
19:06:06.810,1825,litter_colour,284,338,237,324,332,353,COLOR_SEC
19:06:06.810,1825,litter_colour,26,347,3,324,50,371,COLOR_SEC
19:06:06.853,1826,litter_yolo,482,918,253,759,711,1078,YOLO
19:06:06.941,1826,litter_motion,62,894,0,831,125,957,COLOR_SEC
19:06:06.941,1826,litter_motion,713,373,659,324,768,422,COLOR_SEC
19:06:06.941,1826,litter_colour,1182,660,1144,619,1221,702,COLOR_SEC
19:06:06.941,1826,litter_colour,723,437,692,402,754,472,COLOR_SEC
19:06:06.941,1826,litter_colour,1248,411,1196,386,1301,436,COLOR_SEC
19:06:06.941,1826,litter_colour,1230,361,1136,324,1324,399,COLOR_SEC
19:06:06.941,1826,litter_colour,1047,353,965,324,1129,382,COLOR_SEC
19:06:06.941,1826,litter_colour,284,338,236,324,332,353,COLOR_SEC
19:06:06.941,1826,litter_colour,24,347,0,324,49,370,COLOR_SEC
19:06:06.982,1827,litter_yolo,477,919,246,760,709,1079,YOLO
19:06:07.071,1827,litter_motion,712,374,658,324,766,424,COLOR_SEC
19:06:07.071,1827,litter_colour,1108,831,1059,810,1158,853,COLOR_SEC
19:06:07.071,1827,litter_colour,1186,662,1151,619,1222,706,COLOR_SEC
19:06:07.071,1827,litter_colour,1079,550,1024,500,1134,600,COLOR_SEC
19:06:07.071,1827,litter_colour,723,437,692,402,754,473,COLOR_SEC
19:06:07.071,1827,litter_colour,1264,411,1197,386,1331,437,COLOR_SEC
19:06:07.071,1827,litter_colour,1431,396,1353,331,1510,462,COLOR_SEC
19:06:07.071,1827,litter_colour,1048,353,965,324,1132,382,COLOR_SEC
19:06:07.071,1827,litter_colour,284,338,236,324,332,353,COLOR_SEC
19:06:07.071,1827,litter_colour,25,348,0,324,50,373,COLOR_SEC
19:06:07.201,1828,litter_motion,712,369,658,326,766,413,COLOR_SEC
19:06:07.201,1828,litter_colour,1109,834,1060,813,1159,855,COLOR_SEC
19:06:07.201,1828,litter_colour,1185,662,1146,620,1224,705,COLOR_SEC
19:06:07.201,1828,litter_colour,1079,551,1024,502,1135,600,COLOR_SEC
19:06:07.201,1828,litter_colour,722,432,692,402,753,463,COLOR_SEC
19:06:07.201,1828,litter_colour,1252,411,1197,386,1308,437,COLOR_SEC
19:06:07.201,1828,litter_colour,1048,353,965,324,1132,383,COLOR_SEC
19:06:07.201,1828,litter_colour,284,339,236,324,332,354,COLOR_SEC
19:06:07.201,1828,litter_colour,24,348,0,324,49,372,COLOR_SEC
19:06:07.328,1829,litter_motion,77,881,42,839,113,924,COLOR_SEC
19:06:07.328,1829,litter_motion,712,374,658,324,766,424,COLOR_SEC
19:06:07.328,1829,litter_colour,1111,835,1061,814,1161,857,COLOR_SEC
19:06:07.328,1829,litter_colour,1188,663,1150,621,1227,706,COLOR_SEC
19:06:07.328,1829,litter_colour,722,438,690,402,754,474,COLOR_SEC
19:06:07.328,1829,litter_colour,1427,397,1342,331,1513,464,COLOR_SEC
19:06:07.328,1829,litter_colour,1047,353,965,324,1130,383,COLOR_SEC
19:06:07.328,1829,litter_colour,283,339,236,324,331,354,COLOR_SEC
19:06:07.328,1829,litter_colour,24,348,0,324,49,373,COLOR_SEC
19:06:07.458,1830,litter_motion,53,880,0,842,106,919,COLOR_SEC
19:06:07.459,1830,litter_motion,711,374,656,324,766,424,COLOR_SEC
19:06:07.459,1830,litter_colour,1112,839,1061,818,1163,861,COLOR_SEC
19:06:07.459,1830,litter_colour,1396,742,1362,715,1431,769,COLOR_SEC
19:06:07.459,1830,litter_colour,1189,665,1149,622,1229,708,COLOR_SEC
19:06:07.459,1830,litter_colour,721,437,690,403,753,471,COLOR_SEC
19:06:07.459,1830,litter_colour,1431,396,1344,331,1518,461,COLOR_SEC
19:06:07.459,1830,litter_colour,1049,353,966,324,1133,383,COLOR_SEC
19:06:07.459,1830,litter_colour,283,339,236,324,331,355,COLOR_SEC
19:06:07.459,1830,litter_colour,24,349,0,324,49,374,COLOR_SEC
19:06:07.588,1831,litter_motion,51,883,0,845,102,922,COLOR_SEC
19:06:07.588,1831,litter_motion,711,374,656,324,766,424,COLOR_SEC
19:06:07.588,1831,litter_colour,1399,744,1364,717,1434,772,COLOR_SEC
19:06:07.588,1831,litter_colour,1192,667,1155,624,1230,711,COLOR_SEC
19:06:07.588,1831,litter_colour,721,435,690,405,752,465,COLOR_SEC
19:06:07.588,1831,litter_colour,1051,353,966,324,1136,383,COLOR_SEC
19:06:07.588,1831,litter_colour,283,340,235,324,331,356,COLOR_SEC
19:06:07.588,1831,litter_colour,24,349,0,324,49,374,COLOR_SEC
19:06:07.716,1832,litter_motion,710,374,655,325,766,424,COLOR_SEC
19:06:07.716,1832,litter_colour,1192,668,1156,625,1229,712,COLOR_SEC
19:06:07.716,1832,litter_colour,726,434,690,404,762,465,COLOR_SEC
19:06:07.716,1832,litter_colour,1048,354,966,324,1131,384,COLOR_SEC
19:06:07.716,1832,litter_colour,283,340,235,324,332,356,COLOR_SEC
19:06:07.716,1832,litter_colour,24,350,0,324,49,376,COLOR_SEC
19:06:07.849,1833,litter_motion,60,885,0,836,121,934,COLOR_SEC
19:06:07.849,1833,litter_motion,709,374,654,325,764,424,COLOR_SEC
19:06:07.849,1833,litter_colour,1193,671,1157,627,1230,716,COLOR_SEC
19:06:07.849,1833,litter_colour,1258,412,1201,385,1315,440,COLOR_SEC
19:06:07.849,1833,litter_colour,1049,354,966,324,1132,385,COLOR_SEC
19:06:07.849,1833,litter_colour,283,340,235,324,332,357,COLOR_SEC
19:06:07.849,1833,litter_colour,24,350,0,324,49,377,COLOR_SEC
19:06:07.979,1834,litter_motion,55,896,22,857,89,936,COLOR_SEC
19:06:07.979,1834,litter_motion,709,374,654,325,764,423,COLOR_SEC
19:06:07.979,1834,litter_colour,1194,673,1158,628,1231,718,COLOR_SEC
19:06:07.979,1834,litter_colour,1256,415,1203,389,1309,441,COLOR_SEC
19:06:07.979,1834,litter_colour,1049,355,966,324,1132,386,COLOR_SEC
19:06:07.979,1834,litter_colour,283,341,235,324,331,358,COLOR_SEC
19:06:07.979,1834,litter_colour,24,350,0,324,48,377,COLOR_SEC
19:06:08.111,1835,litter_motion,41,894,0,848,83,940,COLOR_SEC
19:06:08.111,1835,litter_motion,709,373,654,324,764,423,COLOR_SEC
19:06:08.111,1835,litter_colour,1197,674,1159,629,1235,720,COLOR_SEC
19:06:08.111,1835,litter_colour,1061,526,983,443,1140,609,COLOR_SEC
19:06:08.111,1835,litter_colour,1260,416,1203,390,1317,442,COLOR_SEC
19:06:08.111,1835,litter_colour,1235,360,1140,324,1330,397,COLOR_SEC
19:06:08.111,1835,litter_colour,1050,355,966,324,1135,387,COLOR_SEC
19:06:08.111,1835,litter_colour,282,341,234,324,331,359,COLOR_SEC
19:06:08.111,1835,litter_colour,24,351,0,324,48,379,COLOR_SEC
19:06:08.242,1836,litter_motion,40,897,3,847,77,948,COLOR_SEC
19:06:08.242,1836,litter_motion,708,374,653,326,763,423,COLOR_SEC
19:06:08.242,1836,litter_colour,1198,676,1160,630,1236,722,COLOR_SEC
19:06:08.242,1836,litter_colour,1260,413,1203,386,1318,441,COLOR_SEC
19:06:08.242,1836,litter_colour,1230,361,1126,324,1335,398,COLOR_SEC
19:06:08.242,1836,litter_colour,1049,355,966,324,1133,386,COLOR_SEC
19:06:08.242,1836,litter_colour,282,341,234,324,331,359,COLOR_SEC
19:06:08.242,1836,litter_colour,23,350,0,324,47,377,COLOR_SEC
19:06:08.371,1837,litter_motion,704,373,646,324,762,423,COLOR_SEC
19:06:08.371,1837,litter_colour,1195,677,1156,631,1235,723,COLOR_SEC
19:06:08.371,1837,litter_colour,1272,414,1205,386,1340,442,COLOR_SEC
19:06:08.371,1837,litter_colour,1238,360,1141,324,1335,397,COLOR_SEC
19:06:08.371,1837,litter_colour,1050,355,967,324,1134,387,COLOR_SEC
19:06:08.371,1837,litter_colour,23,351,0,324,46,378,COLOR_SEC
19:06:08.502,1838,litter_motion,707,373,652,324,762,423,COLOR_SEC
19:06:08.502,1838,litter_colour,1196,678,1155,632,1237,725,COLOR_SEC
19:06:08.502,1838,litter_colour,1263,415,1206,390,1321,441,COLOR_SEC
19:06:08.502,1838,litter_colour,1239,360,1142,324,1337,397,COLOR_SEC
19:06:08.502,1838,litter_colour,1050,356,967,324,1134,388,COLOR_SEC
19:06:08.502,1838,litter_colour,282,341,234,324,331,359,COLOR_SEC
19:06:08.502,1838,litter_colour,23,351,0,324,46,378,COLOR_SEC
19:06:08.632,1839,litter_motion,704,374,646,326,762,423,COLOR_SEC
19:06:08.632,1839,litter_colour,1198,679,1156,633,1241,726,COLOR_SEC
19:06:08.632,1839,litter_colour,1232,360,1127,324,1338,397,COLOR_SEC
19:06:08.632,1839,litter_colour,1051,355,967,324,1135,387,COLOR_SEC
19:06:08.632,1839,litter_colour,282,341,234,324,331,359,COLOR_SEC
19:06:08.632,1839,litter_colour,23,351,0,324,46,378,COLOR_SEC
19:06:08.762,1840,litter_motion,694,373,627,324,761,423,COLOR_SEC
19:06:08.762,1840,litter_colour,1239,363,1142,324,1337,402,COLOR_SEC
19:06:08.762,1840,litter_colour,1051,355,968,324,1134,387,COLOR_SEC
19:06:08.762,1840,litter_colour,281,341,233,324,330,359,COLOR_SEC
19:06:08.762,1840,litter_colour,22,351,0,324,45,378,COLOR_SEC
19:06:08.891,1841,litter_motion,693,377,626,324,761,431,COLOR_SEC
19:06:08.891,1841,litter_colour,1065,525,984,438,1146,613,COLOR_SEC
19:06:08.891,1841,litter_colour,1233,362,1128,324,1339,401,COLOR_SEC
19:06:08.891,1841,litter_colour,1054,355,968,324,1140,386,COLOR_SEC
19:06:08.891,1841,litter_colour,281,341,233,324,330,359,COLOR_SEC
19:06:08.891,1841,litter_colour,22,351,0,324,45,379,COLOR_SEC
19:06:09.022,1842,litter_motion,704,373,647,324,761,423,COLOR_SEC
19:06:09.022,1842,litter_colour,1234,362,1129,324,1339,401,COLOR_SEC
19:06:09.022,1842,litter_colour,1054,355,968,324,1141,386,COLOR_SEC
19:06:09.022,1842,litter_colour,281,341,232,324,330,359,COLOR_SEC
19:06:09.022,1842,litter_colour,22,351,0,324,44,378,COLOR_SEC
19:06:09.154,1843,litter_motion,703,373,647,324,760,423,COLOR_SEC
19:06:09.154,1843,litter_colour,1065,529,983,444,1148,615,COLOR_SEC
19:06:09.154,1843,litter_colour,281,341,233,324,330,358,COLOR_SEC
19:06:09.154,1843,litter_colour,22,351,0,324,45,379,COLOR_SEC
19:06:09.284,1844,litter_motion,703,373,647,324,760,423,COLOR_SEC
19:06:09.284,1844,litter_colour,1066,527,983,439,1149,616,COLOR_SEC
19:06:09.284,1844,litter_colour,281,341,233,324,330,359,COLOR_SEC
19:06:09.284,1844,litter_colour,22,352,0,324,45,380,COLOR_SEC
19:06:09.414,1845,litter_motion,703,373,647,324,760,423,COLOR_SEC
19:06:09.414,1845,litter_colour,1066,528,982,439,1150,617,COLOR_SEC
19:06:09.414,1845,litter_colour,1078,355,969,324,1188,386,COLOR_SEC
19:06:09.414,1845,litter_colour,281,341,233,324,330,359,COLOR_SEC
19:06:09.414,1845,litter_colour,22,352,0,324,44,380,COLOR_SEC
19:06:09.543,1846,litter_motion,709,373,658,324,760,423,COLOR_SEC
19:06:09.543,1846,litter_colour,1477,624,1448,594,1507,655,COLOR_SEC
19:06:09.543,1846,litter_colour,1067,530,984,442,1151,618,COLOR_SEC
19:06:09.543,1846,litter_colour,281,342,233,324,330,360,COLOR_SEC
19:06:09.543,1846,litter_colour,22,352,0,324,44,381,COLOR_SEC
19:06:09.672,1847,litter_motion,702,373,644,324,760,423,COLOR_SEC
19:06:09.672,1847,litter_colour,203,716,142,678,264,754,COLOR_SEC
19:06:09.672,1847,litter_colour,1067,531,983,442,1152,621,COLOR_SEC
19:06:09.672,1847,litter_colour,1057,355,970,324,1144,387,COLOR_SEC
19:06:09.672,1847,litter_colour,281,342,233,324,330,361,COLOR_SEC
19:06:09.672,1847,litter_colour,22,353,0,324,44,382,COLOR_SEC
19:06:09.801,1848,litter_motion,708,373,657,324,760,423,COLOR_SEC
19:06:09.801,1848,litter_colour,201,718,139,680,263,757,COLOR_SEC
19:06:09.801,1848,litter_colour,1069,535,986,447,1153,623,COLOR_SEC
19:06:09.801,1848,litter_colour,281,343,233,324,330,362,COLOR_SEC
19:06:09.801,1848,litter_colour,22,353,0,324,44,383,COLOR_SEC
19:06:09.933,1849,litter_motion,708,373,656,324,760,423,COLOR_SEC
19:06:09.933,1849,litter_colour,1069,535,984,446,1154,625,COLOR_SEC
19:06:09.933,1849,litter_colour,281,344,233,325,330,363,COLOR_SEC
19:06:09.933,1849,litter_colour,22,354,0,324,44,384,COLOR_SEC
19:06:09.974,1850,litter_yolo,355,488,1,0,710,977,YOLO
19:06:10.063,1850,litter_colour,1058,357,970,324,1146,390,COLOR_SEC
19:06:10.191,1851,litter_motion,707,373,656,324,759,423,COLOR_SEC
19:06:10.191,1851,litter_colour,1070,537,985,446,1156,629,COLOR_SEC
19:06:10.191,1851,litter_colour,281,346,232,327,330,365,COLOR_SEC
19:06:10.191,1851,litter_colour,1058,357,970,324,1146,391,COLOR_SEC
19:06:10.191,1851,litter_colour,22,355,0,324,44,387,COLOR_SEC
19:06:10.231,1852,litter_yolo,356,474,2,0,710,948,YOLO
19:06:10.321,1852,litter_colour,1071,541,986,451,1157,631,COLOR_SEC
19:06:10.321,1852,litter_colour,1058,357,970,324,1146,391,COLOR_SEC
19:06:10.453,1853,litter_motion,706,373,654,324,758,423,COLOR_SEC
19:06:10.453,1853,litter_colour,1072,542,986,452,1158,633,COLOR_SEC
19:06:10.453,1853,litter_colour,280,347,231,328,330,366,COLOR_SEC
19:06:10.453,1853,litter_colour,1058,358,970,324,1146,392,COLOR_SEC
19:06:10.453,1853,litter_colour,20,356,0,324,41,388,COLOR_SEC
19:06:10.580,1854,litter_motion,706,373,655,324,758,423,COLOR_SEC
19:06:10.581,1854,litter_colour,20,356,0,324,41,389,COLOR_SEC
19:06:10.707,1855,litter_motion,708,366,658,324,758,408,COLOR_SEC
19:06:10.707,1855,litter_colour,1221,709,1174,660,1268,759,COLOR_SEC
19:06:10.707,1855,litter_colour,1072,542,986,449,1159,636,COLOR_SEC
19:06:10.707,1855,litter_colour,20,357,0,324,40,390,COLOR_SEC
19:06:10.838,1856,litter_motion,707,373,657,324,757,423,COLOR_SEC
19:06:10.838,1856,litter_colour,1221,711,1175,662,1268,761,COLOR_SEC
19:06:10.838,1856,litter_colour,1316,412,1218,372,1414,453,COLOR_SEC
19:06:10.838,1856,litter_colour,1059,359,969,324,1149,394,COLOR_SEC
19:06:10.838,1856,litter_colour,19,357,0,324,39,391,COLOR_SEC
19:06:10.967,1857,litter_motion,706,368,657,324,756,413,COLOR_SEC
19:06:10.967,1857,litter_colour,1223,714,1176,664,1270,764,COLOR_SEC
19:06:10.967,1857,litter_colour,1316,413,1219,372,1413,454,COLOR_SEC
19:06:10.967,1857,litter_colour,1059,359,969,324,1149,395,COLOR_SEC
19:06:10.967,1857,litter_colour,19,358,0,324,38,392,COLOR_SEC
19:06:11.097,1858,litter_motion,706,373,657,324,756,423,COLOR_SEC
19:06:11.097,1858,litter_colour,1224,716,1176,665,1273,768,COLOR_SEC
19:06:11.097,1858,litter_colour,1317,413,1220,373,1415,454,COLOR_SEC
19:06:11.097,1858,litter_colour,1387,343,1350,324,1425,362,COLOR_SEC
19:06:11.097,1858,litter_colour,18,357,0,324,36,391,COLOR_SEC
19:06:11.225,1859,litter_motion,298,387,236,377,361,397,COLOR_SEC
19:06:11.225,1859,litter_motion,706,373,656,324,756,423,COLOR_SEC
19:06:11.225,1859,litter_colour,1225,719,1177,668,1273,771,COLOR_SEC
19:06:11.225,1859,litter_colour,1074,549,984,456,1165,643,COLOR_SEC
19:06:11.225,1859,litter_colour,1318,414,1220,373,1417,456,COLOR_SEC
19:06:11.225,1859,litter_colour,1385,343,1335,324,1435,363,COLOR_SEC
19:06:11.225,1859,litter_colour,17,358,0,324,35,393,COLOR_SEC
19:06:11.352,1860,litter_motion,298,387,236,377,361,398,COLOR_SEC
19:06:11.352,1860,litter_motion,705,367,656,324,754,410,COLOR_SEC
19:06:11.352,1860,litter_colour,1318,416,1220,375,1416,457,COLOR_SEC
19:06:11.352,1860,litter_colour,17,358,0,324,34,393,COLOR_SEC
19:06:11.481,1861,litter_motion,298,388,236,378,361,399,COLOR_SEC
19:06:11.482,1861,litter_motion,704,367,655,324,754,410,COLOR_SEC
19:06:11.482,1861,litter_colour,1319,416,1221,375,1417,458,COLOR_SEC
19:06:11.482,1861,litter_colour,16,359,0,324,33,395,COLOR_SEC
19:06:11.609,1862,litter_motion,297,389,234,380,361,399,COLOR_SEC
19:06:11.609,1862,litter_motion,704,373,654,324,754,422,COLOR_SEC
19:06:11.609,1862,litter_colour,1319,417,1221,376,1418,458,COLOR_SEC
19:06:11.609,1862,litter_colour,16,359,0,324,32,395,COLOR_SEC
19:06:11.740,1863,litter_motion,318,390,233,381,403,400,COLOR_SEC
19:06:11.740,1863,litter_motion,703,371,653,324,753,418,COLOR_SEC
19:06:11.871,1864,litter_motion,704,369,656,324,752,415,COLOR_SEC
19:06:12.002,1865,litter_motion,315,391,233,382,398,401,COLOR_SEC
19:06:12.002,1865,litter_motion,701,373,650,324,752,423,COLOR_SEC
19:06:12.002,1865,litter_colour,1076,556,983,460,1169,652,COLOR_SEC
19:06:12.131,1866,litter_motion,310,392,228,382,392,402,COLOR_SEC
19:06:12.131,1866,litter_motion,704,373,659,324,750,423,COLOR_SEC
19:06:12.261,1867,litter_motion,309,392,226,382,392,402,COLOR_SEC
19:06:12.261,1867,litter_motion,704,373,659,324,750,423,COLOR_SEC
19:06:12.394,1868,litter_motion,305,393,224,383,387,403,COLOR_SEC
19:06:12.394,1868,litter_motion,704,369,659,324,749,414,COLOR_SEC
19:06:12.394,1868,litter_colour,1298,433,1221,404,1376,463,COLOR_SEC
19:06:12.394,1868,litter_colour,266,357,216,338,317,376,COLOR_SEC
19:06:12.522,1869,litter_motion,305,393,224,383,387,403,COLOR_SEC
19:06:12.522,1869,litter_motion,697,369,646,325,748,413,COLOR_SEC
19:06:12.522,1869,litter_colour,1314,422,1222,381,1406,463,COLOR_SEC
19:06:12.522,1869,litter_colour,265,358,215,339,315,377,COLOR_SEC
19:06:12.657,1870,litter_motion,305,393,223,384,387,403,COLOR_SEC
19:06:12.657,1870,litter_motion,697,368,646,324,748,412,COLOR_SEC
19:06:12.657,1870,litter_colour,1076,558,981,458,1171,658,COLOR_SEC
19:06:12.657,1870,litter_colour,1299,427,1222,391,1377,464,COLOR_SEC
19:06:12.657,1870,litter_colour,263,358,213,339,314,377,COLOR_SEC
19:06:12.785,1871,litter_motion,307,394,222,384,392,404,COLOR_SEC
19:06:12.786,1871,litter_motion,700,368,653,324,747,412,COLOR_SEC
19:06:12.786,1871,litter_colour,1314,422,1222,380,1407,465,COLOR_SEC
19:06:12.786,1871,litter_colour,262,358,212,339,313,378,COLOR_SEC
19:06:12.915,1872,litter_motion,307,394,222,385,392,404,COLOR_SEC
19:06:12.915,1872,litter_motion,699,373,652,325,746,422,COLOR_SEC
19:06:12.915,1872,litter_colour,1300,434,1222,402,1378,466,COLOR_SEC
19:06:12.915,1872,litter_colour,260,359,210,340,311,378,COLOR_SEC
19:06:12.959,1873,litter_yolo,578,869,453,766,704,972,YOLO
19:06:13.048,1873,litter_motion,303,395,217,386,389,405,COLOR_SEC
19:06:13.048,1873,litter_motion,699,374,653,326,745,422,COLOR_SEC
19:06:13.048,1873,litter_colour,1301,433,1223,402,1380,465,COLOR_SEC
19:06:13.090,1874,litter_yolo,574,872,448,771,701,974,YOLO
19:06:13.186,1874,litter_motion,699,373,653,324,746,422,COLOR_SEC
19:06:13.186,1874,litter_colour,1301,434,1223,403,1380,466,COLOR_SEC
19:06:13.225,1875,litter_yolo,575,876,443,775,707,977,YOLO
19:06:13.314,1875,litter_motion,699,367,652,324,746,411,COLOR_SEC
19:06:13.314,1875,litter_colour,1301,436,1223,406,1380,467,COLOR_SEC
19:06:13.314,1875,litter_colour,275,331,223,324,328,339,COLOR_SEC
19:06:13.442,1876,litter_motion,696,367,650,324,742,411,COLOR_SEC
19:06:13.443,1876,litter_colour,1301,437,1222,407,1380,468,COLOR_SEC
19:06:13.443,1876,litter_colour,274,332,221,324,327,340,COLOR_SEC
19:06:13.572,1877,litter_motion,307,398,227,390,387,407,COLOR_SEC
19:06:13.572,1877,litter_motion,697,367,648,324,746,411,COLOR_SEC
19:06:13.572,1877,litter_colour,1301,436,1222,406,1380,466,COLOR_SEC
19:06:13.572,1877,litter_colour,272,333,219,324,326,342,COLOR_SEC
19:06:13.614,1878,litter_yolo,564,893,430,781,698,1005,YOLO
19:06:13.703,1878,litter_motion,307,397,226,386,389,408,COLOR_SEC
19:06:13.703,1878,litter_motion,693,368,647,324,740,412,COLOR_SEC
19:06:13.703,1878,litter_colour,1300,438,1220,408,1380,468,COLOR_SEC
19:06:13.703,1878,litter_colour,270,333,217,324,324,343,COLOR_SEC
19:06:13.743,1879,litter_yolo,560,898,424,785,697,1012,YOLO
19:06:13.830,1879,litter_motion,308,399,227,390,389,409,COLOR_SEC
19:06:13.830,1879,litter_motion,692,367,644,324,740,411,COLOR_SEC
19:06:13.830,1879,litter_colour,1313,426,1220,382,1407,470,COLOR_SEC
19:06:13.830,1879,litter_colour,269,334,216,324,323,344,COLOR_SEC
19:06:13.870,1880,litter_yolo,394,590,2,208,787,973,YOLO
19:06:14.083,1881,litter_motion,689,367,641,324,737,411,COLOR_SEC
19:06:14.083,1881,litter_colour,1317,429,1218,385,1416,473,COLOR_SEC
19:06:14.083,1881,litter_colour,265,335,211,324,319,347,COLOR_SEC
19:06:14.214,1882,litter_motion,684,367,638,324,730,411,COLOR_SEC
19:06:14.214,1882,litter_colour,262,336,208,324,316,349,COLOR_SEC
19:06:14.256,1883,litter_yolo,390,592,0,204,781,981,YOLO
19:06:14.344,1883,litter_colour,1312,438,1218,398,1406,479,COLOR_SEC
19:06:14.471,1884,litter_motion,688,368,651,326,726,410,COLOR_SEC
19:06:14.471,1884,litter_colour,1310,439,1218,399,1402,479,COLOR_SEC
19:06:14.471,1884,litter_colour,257,338,203,324,312,352,COLOR_SEC
19:06:14.513,1885,litter_yolo,549,936,401,813,698,1059,YOLO
19:06:14.600,1885,litter_motion,687,368,648,327,726,410,COLOR_SEC
19:06:14.600,1885,litter_colour,256,338,202,324,311,353,COLOR_SEC
19:06:14.642,1886,litter_yolo,546,940,399,818,693,1063,YOLO
19:06:14.731,1886,litter_motion,683,369,662,330,704,409,COLOR_SEC
19:06:14.731,1886,litter_colour,255,339,201,324,310,354,COLOR_SEC
19:06:14.861,1887,litter_colour,254,339,199,324,309,355,COLOR_SEC
19:06:14.990,1888,litter_colour,1312,438,1218,394,1407,482,COLOR_SEC
19:06:14.990,1888,litter_colour,253,340,198,324,309,356,COLOR_SEC
19:06:15.119,1889,litter_colour,252,340,197,324,308,357,COLOR_SEC
19:06:15.248,1890,litter_colour,252,340,198,324,307,357,COLOR_SEC
19:06:15.291,1891,litter_yolo,525,958,371,846,680,1070,YOLO
19:06:15.291,1891,litter_yolo,376,596,0,226,753,966,YOLO
19:06:15.418,1892,litter_yolo,391,622,0,263,782,981,YOLO
19:06:15.418,1892,litter_yolo,524,959,368,850,681,1068,YOLO
19:06:15.547,1893,litter_yolo,393,608,0,222,786,995,YOLO
19:06:15.676,1894,litter_yolo,525,966,366,857,684,1075,YOLO
19:06:15.676,1894,litter_yolo,392,609,0,212,784,1007,YOLO
19:06:15.804,1895,litter_yolo,524,967,366,860,682,1074,YOLO
19:06:15.804,1895,litter_yolo,395,605,0,214,790,997,YOLO
19:06:15.932,1896,litter_yolo,521,968,363,863,680,1074,YOLO
19:06:15.932,1896,litter_yolo,395,602,0,217,791,987,YOLO
19:06:16.060,1897,litter_yolo,525,969,363,866,687,1073,YOLO
19:06:16.190,1898,litter_yolo,524,972,364,872,685,1073,YOLO
19:06:16.279,1898,litter_motion,696,361,672,324,720,399,COLOR_SEC
19:06:16.279,1898,litter_colour,254,352,206,341,302,363,COLOR_SEC
19:06:16.320,1899,litter_yolo,525,975,364,877,686,1073,YOLO
19:06:16.409,1899,litter_motion,694,361,670,324,718,399,COLOR_SEC
19:06:16.409,1899,litter_colour,245,353,189,342,301,364,COLOR_SEC
19:06:16.451,1900,litter_yolo,527,977,366,883,689,1072,YOLO
19:06:16.539,1900,litter_motion,1223,996,1158,912,1288,1080,COLOR_SEC
19:06:16.539,1900,litter_motion,694,361,670,324,718,398,COLOR_SEC
19:06:16.539,1900,litter_colour,243,353,188,342,299,365,COLOR_SEC
19:06:16.579,1901,litter_yolo,526,979,366,887,687,1072,YOLO
19:06:16.667,1901,litter_motion,1222,997,1158,914,1287,1080,COLOR_SEC
19:06:16.667,1901,litter_colour,243,354,189,343,298,365,COLOR_SEC
19:06:16.706,1902,litter_yolo,526,982,363,890,689,1074,YOLO
19:06:16.795,1902,litter_motion,1223,998,1159,916,1287,1080,COLOR_SEC
19:06:16.795,1902,litter_colour,243,355,187,344,299,366,COLOR_SEC
19:06:16.795,1902,litter_colour,1266,389,1143,324,1389,454,COLOR_SEC
19:06:16.851,1903,litter_yolo,528,984,363,892,693,1076,YOLO
19:06:17.036,1903,litter_motion,1223,999,1160,919,1287,1080,COLOR_SEC
19:06:17.037,1903,litter_motion,692,364,670,324,714,405,COLOR_SEC
19:06:17.037,1903,litter_colour,241,356,186,345,296,367,COLOR_SEC
19:06:17.037,1903,litter_colour,1255,389,1120,324,1390,454,COLOR_SEC
19:06:17.079,1904,litter_yolo,527,987,360,897,695,1078,YOLO
19:06:17.168,1904,litter_motion,695,363,670,324,720,403,COLOR_SEC
19:06:17.168,1904,litter_colour,241,356,187,345,296,367,COLOR_SEC
19:06:17.168,1904,litter_colour,1255,389,1121,324,1389,455,COLOR_SEC
19:06:17.208,1905,litter_yolo,527,988,361,898,694,1079,YOLO
19:06:17.297,1905,litter_colour,240,357,185,346,295,368,COLOR_SEC
19:06:17.340,1906,litter_yolo,515,987,353,900,678,1075,YOLO
19:06:17.429,1906,litter_colour,1607,1068,1577,1056,1638,1080,COLOR_SEC
19:06:17.429,1906,litter_colour,1581,424,1554,405,1608,444,COLOR_SEC
19:06:17.470,1907,litter_yolo,517,989,350,904,684,1075,YOLO
19:06:17.558,1907,litter_colour,1582,409,1555,373,1609,445,COLOR_SEC
19:06:17.725,1909,litter_yolo,527,998,356,916,698,1080,YOLO
19:06:17.813,1909,litter_colour,1582,410,1555,373,1610,447,COLOR_SEC
19:06:17.856,1910,litter_yolo,526,1002,355,924,697,1080,YOLO
19:06:17.944,1910,litter_motion,692,364,669,324,715,404,COLOR_SEC
19:06:17.944,1910,litter_colour,1581,426,1554,406,1608,446,COLOR_SEC
19:06:17.944,1910,litter_colour,212,393,159,374,266,413,COLOR_SEC
19:06:17.944,1910,litter_colour,236,360,182,349,291,372,COLOR_SEC
19:06:17.987,1911,litter_yolo,527,1000,354,921,700,1079,YOLO
19:06:18.075,1911,litter_motion,692,363,669,324,715,403,COLOR_SEC
19:06:18.075,1911,litter_colour,50,867,0,831,100,903,COLOR_SEC
19:06:18.075,1911,litter_colour,1582,411,1557,376,1608,447,COLOR_SEC
19:06:18.075,1911,litter_colour,212,394,158,375,266,414,COLOR_SEC
19:06:18.075,1911,litter_colour,235,361,180,350,291,372,COLOR_SEC
19:06:18.115,1912,litter_yolo,528,1003,352,927,704,1080,YOLO
19:06:18.203,1912,litter_colour,876,917,852,889,900,945,COLOR_SEC
19:06:18.203,1912,litter_colour,50,866,0,832,101,901,COLOR_SEC
19:06:18.203,1912,litter_colour,1567,412,1524,376,1610,448,COLOR_SEC
19:06:18.203,1912,litter_colour,211,395,157,375,265,415,COLOR_SEC
19:06:18.203,1912,litter_colour,235,361,181,350,290,373,COLOR_SEC
19:06:18.244,1913,litter_yolo,527,1002,353,926,702,1079,YOLO
19:06:18.333,1913,litter_colour,875,919,851,891,900,947,COLOR_SEC
19:06:18.333,1913,litter_colour,1118,666,1045,593,1192,739,COLOR_SEC
19:06:18.333,1913,litter_colour,1581,412,1552,376,1611,448,COLOR_SEC
19:06:18.333,1913,litter_colour,210,395,157,376,264,415,COLOR_SEC
19:06:18.333,1913,litter_colour,237,362,185,351,290,373,COLOR_SEC
19:06:18.461,1914,litter_colour,871,910,851,882,892,939,COLOR_SEC
19:06:18.461,1914,litter_colour,1118,662,1045,586,1192,739,COLOR_SEC
19:06:18.461,1914,litter_colour,1003,533,967,505,1039,561,COLOR_SEC
19:06:18.461,1914,litter_colour,1314,475,1224,444,1404,507,COLOR_SEC
19:06:18.461,1914,litter_colour,1582,428,1553,408,1611,448,COLOR_SEC
19:06:18.461,1914,litter_colour,209,396,155,377,263,416,COLOR_SEC
19:06:18.461,1914,litter_colour,234,362,180,351,289,374,COLOR_SEC
19:06:18.590,1915,litter_colour,872,912,852,883,893,941,COLOR_SEC
19:06:18.590,1915,litter_colour,1119,668,1045,594,1193,742,COLOR_SEC
19:06:18.590,1915,litter_colour,1003,531,967,500,1040,562,COLOR_SEC
19:06:18.590,1915,litter_colour,1313,469,1224,430,1403,508,COLOR_SEC
19:06:18.590,1915,litter_colour,1837,446,1792,426,1882,467,COLOR_SEC
19:06:18.590,1915,litter_colour,1566,412,1516,377,1617,448,COLOR_SEC
19:06:18.590,1915,litter_colour,208,396,155,377,262,416,COLOR_SEC
19:06:18.590,1915,litter_colour,233,363,177,352,289,374,COLOR_SEC
19:06:18.718,1916,litter_colour,872,913,852,885,893,942,COLOR_SEC
19:06:18.718,1916,litter_colour,1119,668,1045,595,1193,741,COLOR_SEC
19:06:18.718,1916,litter_colour,1005,531,967,500,1044,562,COLOR_SEC
19:06:18.718,1916,litter_colour,1313,469,1224,430,1403,509,COLOR_SEC
19:06:18.718,1916,litter_colour,1834,446,1792,426,1877,467,COLOR_SEC
19:06:18.718,1916,litter_colour,1563,413,1517,377,1610,449,COLOR_SEC
19:06:18.718,1916,litter_colour,208,397,154,377,262,417,COLOR_SEC
19:06:18.718,1916,litter_colour,232,363,178,352,287,375,COLOR_SEC
19:06:18.847,1917,litter_colour,1507,992,1415,905,1600,1080,COLOR_SEC
19:06:18.847,1917,litter_colour,872,915,852,887,893,944,COLOR_SEC
19:06:18.847,1917,litter_colour,1119,668,1045,595,1193,741,COLOR_SEC
19:06:18.847,1917,litter_colour,1005,531,967,501,1044,562,COLOR_SEC
19:06:18.847,1917,litter_colour,1314,469,1224,430,1404,508,COLOR_SEC
19:06:18.847,1917,litter_colour,1828,446,1793,426,1864,467,COLOR_SEC
19:06:18.847,1917,litter_colour,207,397,153,378,261,417,COLOR_SEC
19:06:18.847,1917,litter_colour,1564,413,1517,377,1612,450,COLOR_SEC
19:06:18.847,1917,litter_colour,231,367,175,353,287,382,COLOR_SEC
19:06:18.976,1918,litter_motion,1228,1015,1176,951,1280,1080,COLOR_SEC
19:06:18.976,1918,litter_motion,203,391,162,379,245,403,COLOR_SEC
19:06:18.976,1918,litter_colour,1509,997,1416,914,1602,1080,COLOR_SEC
19:06:18.976,1918,litter_colour,872,917,852,889,893,945,COLOR_SEC
19:06:18.976,1918,litter_colour,1468,791,1441,756,1495,827,COLOR_SEC
19:06:18.976,1918,litter_colour,1119,669,1045,596,1193,742,COLOR_SEC
19:06:18.976,1918,litter_colour,1002,534,965,505,1039,563,COLOR_SEC
19:06:18.976,1918,litter_colour,1313,477,1223,446,1404,509,COLOR_SEC
19:06:18.976,1918,litter_colour,1517,493,1454,434,1581,552,COLOR_SEC
19:06:18.976,1918,litter_colour,1839,447,1794,427,1884,468,COLOR_SEC
19:06:18.976,1918,litter_colour,1587,429,1556,409,1618,449,COLOR_SEC
19:06:18.976,1918,litter_colour,206,398,152,378,261,418,COLOR_SEC
19:06:18.976,1918,litter_colour,231,364,176,353,286,375,COLOR_SEC
19:06:19.107,1919,litter_motion,1229,1016,1177,953,1281,1080,COLOR_SEC
19:06:19.107,1919,litter_motion,203,391,162,380,244,403,COLOR_SEC
19:06:19.107,1919,litter_colour,1510,991,1417,903,1603,1080,COLOR_SEC
19:06:19.107,1919,litter_colour,1468,793,1441,757,1495,829,COLOR_SEC
19:06:19.107,1919,litter_colour,1119,667,1045,591,1193,744,COLOR_SEC
19:06:19.107,1919,litter_colour,1017,546,965,502,1070,590,COLOR_SEC
19:06:19.107,1919,litter_colour,1313,470,1223,431,1404,510,COLOR_SEC
19:06:19.107,1919,litter_colour,1510,491,1440,430,1581,553,COLOR_SEC
19:06:19.107,1919,litter_colour,1839,448,1794,427,1885,469,COLOR_SEC
19:06:19.107,1919,litter_colour,1570,414,1525,379,1615,450,COLOR_SEC
19:06:19.107,1919,litter_colour,206,398,152,379,260,418,COLOR_SEC
19:06:19.107,1919,litter_colour,230,368,174,354,286,383,COLOR_SEC
19:06:19.236,1920,litter_motion,1228,1017,1177,954,1279,1080,COLOR_SEC
19:06:19.236,1920,litter_colour,1510,997,1417,915,1604,1080,COLOR_SEC
19:06:19.236,1920,litter_colour,1468,794,1442,758,1495,830,COLOR_SEC
19:06:19.236,1920,litter_colour,1119,668,1045,591,1193,745,COLOR_SEC
19:06:19.236,1920,litter_colour,1004,533,965,502,1043,564,COLOR_SEC
19:06:19.236,1920,litter_colour,1313,478,1223,446,1404,510,COLOR_SEC
19:06:19.236,1920,litter_colour,1518,492,1454,432,1582,553,COLOR_SEC
19:06:19.236,1920,litter_colour,1836,448,1793,427,1880,469,COLOR_SEC
19:06:19.236,1920,litter_colour,1566,414,1518,379,1615,450,COLOR_SEC
19:06:19.236,1920,litter_colour,204,399,150,379,259,419,COLOR_SEC
19:06:19.236,1920,litter_colour,229,365,174,354,284,376,COLOR_SEC
19:06:19.367,1921,litter_motion,1229,1017,1177,955,1282,1080,COLOR_SEC
19:06:19.367,1921,litter_colour,1512,999,1418,918,1606,1080,COLOR_SEC
19:06:19.367,1921,litter_colour,1468,795,1442,759,1495,831,COLOR_SEC
19:06:19.367,1921,litter_colour,1900,667,1880,643,1920,692,COLOR_SEC
19:06:19.367,1921,litter_colour,1119,671,1045,597,1194,745,COLOR_SEC
19:06:19.367,1921,litter_colour,1004,536,965,508,1044,565,COLOR_SEC
19:06:19.367,1921,litter_colour,1313,478,1223,446,1404,511,COLOR_SEC
19:06:19.367,1921,litter_colour,1499,493,1440,432,1559,554,COLOR_SEC
19:06:19.367,1921,litter_colour,204,399,150,380,259,419,COLOR_SEC
19:06:19.367,1921,litter_colour,1566,415,1517,379,1615,451,COLOR_SEC
19:06:19.367,1921,litter_colour,228,369,172,354,284,384,COLOR_SEC
19:06:19.498,1922,litter_motion,1228,1018,1177,956,1280,1080,COLOR_SEC
19:06:19.498,1922,litter_motion,200,393,159,381,241,405,COLOR_SEC
19:06:19.498,1922,litter_colour,1513,999,1419,918,1607,1080,COLOR_SEC
19:06:19.498,1922,litter_colour,1469,795,1443,759,1495,832,COLOR_SEC
19:06:19.498,1922,litter_colour,1900,668,1881,643,1920,693,COLOR_SEC
19:06:19.498,1922,litter_colour,1119,668,1044,592,1194,745,COLOR_SEC
19:06:19.498,1922,litter_colour,1003,535,964,506,1043,565,COLOR_SEC
19:06:19.498,1922,litter_colour,659,531,635,494,683,569,COLOR_SEC
19:06:19.498,1922,litter_colour,1500,500,1457,446,1543,554,COLOR_SEC
19:06:19.498,1922,litter_colour,1582,415,1551,379,1613,451,COLOR_SEC
19:06:19.498,1922,litter_colour,229,366,173,355,285,377,COLOR_SEC
