timestamp,frame,label,cx,cy,x1,y1,x2,y2,source
20:39:02.426,65,litter_motion,129,441,75,404,184,478,COLOR_SEC
20:39:02.506,66,litter_motion,128,441,72,405,184,478,COLOR_SEC
20:39:02.585,67,litter_motion,127,442,70,406,184,478,COLOR_SEC
20:39:02.661,68,litter_motion,125,442,67,406,184,478,COLOR_SEC
20:39:02.738,69,litter_motion,124,442,64,406,184,478,COLOR_SEC
20:39:02.817,70,litter_motion,122,441,61,406,184,477,COLOR_SEC
20:39:02.893,71,litter_motion,121,441,58,406,184,477,COLOR_SEC
20:39:03.129,74,litter_motion,110,514,56,460,164,568,COLOR_SEC
20:39:03.206,75,litter_motion,109,515,54,463,164,568,COLOR_SEC
20:39:03.282,76,litter_motion,107,516,51,463,164,569,COLOR_SEC
20:39:03.359,77,litter_motion,104,514,48,460,161,568,COLOR_SEC
20:39:03.441,78,litter_motion,107,515,54,459,160,571,COLOR_SEC
20:39:03.545,79,litter_motion,100,514,41,459,160,569,COLOR_SEC
20:39:03.626,80,litter_motion,100,515,40,459,160,571,COLOR_SEC
20:39:03.626,80,litter_motion,1448,348,1412,324,1484,372,COLOR_SEC
20:39:03.703,81,litter_motion,96,514,33,458,160,571,COLOR_SEC
20:39:03.703,81,litter_motion,1447,348,1411,324,1483,373,COLOR_SEC
20:39:03.782,82,litter_motion,94,514,29,458,160,571,COLOR_SEC
20:39:03.782,82,litter_motion,1446,348,1410,324,1482,372,COLOR_SEC
20:39:03.860,83,litter_motion,83,514,13,458,154,571,COLOR_SEC
20:39:03.860,83,litter_motion,1445,348,1408,324,1482,372,COLOR_SEC
20:39:03.937,84,litter_motion,88,515,22,458,154,572,COLOR_SEC
20:39:03.938,84,litter_motion,1444,348,1406,324,1482,372,COLOR_SEC
20:39:04.018,85,litter_motion,85,515,17,458,154,572,COLOR_SEC
20:39:04.018,85,litter_motion,1443,348,1404,324,1482,372,COLOR_SEC
20:39:04.099,86,litter_motion,84,514,14,457,154,572,COLOR_SEC
20:39:04.099,86,litter_motion,247,433,230,404,264,462,COLOR_SEC
20:39:04.099,86,litter_motion,1442,348,1403,324,1482,372,COLOR_SEC
20:39:04.180,87,litter_motion,83,514,13,457,153,572,COLOR_SEC
20:39:04.420,90,litter_motion,1646,365,1604,324,1689,406,COLOR_SEC
20:39:04.497,91,litter_motion,1645,363,1602,324,1688,402,COLOR_SEC
20:39:04.576,92,litter_motion,1647,363,1599,324,1696,402,COLOR_SEC
20:39:04.658,93,litter_motion,1645,362,1597,324,1694,401,COLOR_SEC
20:39:04.817,95,litter_motion,1642,365,1593,324,1692,407,COLOR_SEC
20:39:04.976,97,litter_motion,493,446,422,418,564,474,COLOR_SEC
20:39:05.055,98,litter_motion,492,445,421,418,564,473,COLOR_SEC
20:39:05.135,99,litter_motion,491,457,419,418,564,496,COLOR_SEC
20:39:05.215,100,litter_motion,490,444,417,417,564,472,COLOR_SEC
20:39:05.296,101,litter_motion,330,499,308,456,352,542,COLOR_SEC
20:39:05.297,101,litter_motion,1420,347,1375,324,1465,370,COLOR_SEC
20:39:05.297,101,litter_motion,1256,392,1220,324,1292,461,COLOR_SEC
20:39:05.376,102,litter_motion,324,499,298,456,350,542,COLOR_SEC
20:39:05.376,102,litter_motion,52,511,0,452,104,571,COLOR_SEC
20:39:05.376,102,litter_motion,1419,347,1374,324,1465,370,COLOR_SEC
20:39:05.376,102,litter_motion,1253,388,1216,324,1290,452,COLOR_SEC
20:39:05.457,103,litter_motion,320,498,295,455,346,541,COLOR_SEC
20:39:05.457,103,litter_motion,484,444,405,416,564,473,COLOR_SEC
20:39:05.457,103,litter_motion,1418,347,1372,324,1465,371,COLOR_SEC
20:39:05.457,103,litter_motion,1252,388,1215,324,1290,452,COLOR_SEC
20:39:05.457,103,litter_motion,984,388,938,324,1030,452,COLOR_SEC
20:39:05.536,104,litter_motion,320,497,297,454,343,541,COLOR_SEC
20:39:05.536,104,litter_motion,480,443,402,415,558,472,COLOR_SEC
20:39:05.536,104,litter_motion,1417,347,1370,324,1465,370,COLOR_SEC
20:39:05.536,104,litter_motion,1251,388,1214,324,1288,452,COLOR_SEC
20:39:05.536,104,litter_motion,982,387,936,324,1028,451,COLOR_SEC
20:39:05.617,105,litter_motion,1416,347,1368,324,1465,370,COLOR_SEC
20:39:05.617,105,litter_motion,1248,388,1210,324,1286,452,COLOR_SEC
20:39:05.617,105,litter_motion,981,387,934,324,1028,451,COLOR_SEC
20:39:05.698,106,litter_motion,1414,355,1363,324,1465,387,COLOR_SEC
20:39:05.698,106,litter_motion,1246,388,1209,324,1284,452,COLOR_SEC
20:39:05.698,106,litter_motion,981,388,932,324,1031,452,COLOR_SEC
20:39:05.780,107,litter_motion,1413,352,1363,324,1463,381,COLOR_SEC
20:39:05.780,107,litter_motion,1244,388,1207,324,1282,452,COLOR_SEC
20:39:05.780,107,litter_motion,979,387,930,324,1028,450,COLOR_SEC
20:39:05.858,108,litter_motion,1412,353,1361,324,1463,382,COLOR_SEC
20:39:05.858,108,litter_motion,1242,388,1204,324,1280,452,COLOR_SEC
20:39:05.858,108,litter_motion,978,387,928,324,1028,451,COLOR_SEC
20:39:05.940,109,litter_motion,1410,352,1358,324,1463,380,COLOR_SEC
20:39:05.940,109,litter_motion,1240,387,1202,324,1278,451,COLOR_SEC
20:39:05.940,109,litter_motion,973,386,926,324,1021,449,COLOR_SEC
20:39:06.018,110,litter_motion,1602,370,1556,333,1648,407,COLOR_SEC
20:39:06.019,110,litter_motion,1401,355,1339,324,1463,387,COLOR_SEC
20:39:06.019,110,litter_motion,973,386,924,324,1023,449,COLOR_SEC
20:39:06.101,111,litter_motion,1605,365,1554,324,1657,407,COLOR_SEC
20:39:06.101,111,litter_motion,972,386,922,324,1023,449,COLOR_SEC
20:39:06.182,112,litter_motion,1607,365,1553,324,1662,406,COLOR_SEC
20:39:06.182,112,litter_motion,971,386,920,324,1022,449,COLOR_SEC
20:39:06.264,113,litter_motion,1604,364,1548,324,1660,404,COLOR_SEC
20:39:06.264,113,litter_motion,969,386,918,324,1020,448,COLOR_SEC
20:39:06.345,114,litter_motion,1602,364,1545,324,1659,405,COLOR_SEC
20:39:06.345,114,litter_motion,967,385,916,324,1019,447,COLOR_SEC
20:39:06.426,115,litter_motion,1604,366,1544,326,1665,406,COLOR_SEC
20:39:06.426,115,litter_motion,964,385,914,324,1015,446,COLOR_SEC
20:39:06.507,116,litter_motion,963,386,912,324,1015,449,COLOR_SEC
20:39:06.590,117,litter_motion,960,384,910,324,1011,445,COLOR_SEC
20:39:06.754,119,litter_motion,930,481,889,466,972,496,COLOR_SEC
20:39:06.754,119,litter_motion,464,446,393,407,535,485,COLOR_SEC
20:39:06.754,119,litter_motion,960,385,906,324,1014,447,COLOR_SEC
20:39:06.836,120,litter_motion,928,481,886,466,971,496,COLOR_SEC
20:39:06.836,120,litter_motion,465,443,396,407,535,479,COLOR_SEC
20:39:06.917,121,litter_motion,924,481,879,467,969,496,COLOR_SEC
20:39:06.917,121,litter_motion,461,446,391,407,531,485,COLOR_SEC
20:39:06.997,122,litter_motion,923,481,879,467,967,496,COLOR_SEC
20:39:06.997,122,litter_motion,460,447,390,406,531,489,COLOR_SEC
20:39:06.997,122,litter_motion,962,382,898,324,1027,440,COLOR_SEC
20:39:07.077,123,litter_motion,921,480,879,464,963,496,COLOR_SEC
20:39:07.077,123,litter_motion,456,456,385,406,527,507,COLOR_SEC
20:39:07.077,123,litter_motion,960,382,896,324,1025,440,COLOR_SEC
20:39:07.159,124,litter_motion,920,480,879,464,961,496,COLOR_SEC
20:39:07.159,124,litter_motion,452,452,381,405,524,499,COLOR_SEC
20:39:07.159,124,litter_motion,566,388,519,368,613,409,COLOR_SEC
20:39:07.239,125,litter_motion,449,454,377,405,521,503,COLOR_SEC
20:39:07.239,125,litter_motion,565,389,519,368,611,410,COLOR_SEC
20:39:07.321,126,litter_motion,563,388,517,367,609,409,COLOR_SEC
20:39:07.402,127,litter_motion,1066,590,978,517,1154,663,COLOR_SEC
20:39:07.402,127,litter_motion,560,388,514,367,607,409,COLOR_SEC
20:39:07.402,127,litter_motion,1418,368,1324,324,1513,412,COLOR_SEC
20:39:07.485,128,litter_motion,1063,590,978,516,1148,665,COLOR_SEC
20:39:07.485,128,litter_motion,1416,369,1324,324,1508,414,COLOR_SEC
20:39:07.566,129,litter_motion,1061,590,976,516,1147,665,COLOR_SEC
20:39:07.566,129,litter_motion,1400,363,1322,324,1479,403,COLOR_SEC
20:39:07.647,130,litter_motion,1059,591,972,515,1147,667,COLOR_SEC
20:39:07.647,130,litter_motion,1570,362,1495,324,1645,401,COLOR_SEC
20:39:07.727,131,litter_motion,1058,590,970,514,1147,666,COLOR_SEC
20:39:07.727,131,litter_motion,1571,362,1494,324,1649,400,COLOR_SEC
20:39:07.808,132,litter_motion,1053,592,968,514,1139,670,COLOR_SEC
20:39:07.808,132,litter_motion,1561,362,1490,324,1632,400,COLOR_SEC
20:39:07.888,133,litter_motion,531,587,454,553,609,621,COLOR_SEC
20:39:07.888,133,litter_motion,1053,592,965,513,1141,671,COLOR_SEC
20:39:07.968,134,litter_motion,1049,590,962,514,1137,666,COLOR_SEC
20:39:07.968,134,litter_motion,1560,362,1485,324,1635,400,COLOR_SEC
20:39:08.048,135,litter_motion,142,689,0,634,284,745,COLOR_SEC
20:39:08.048,135,litter_motion,1048,591,960,510,1136,672,COLOR_SEC
20:39:08.048,135,litter_motion,1560,361,1485,324,1636,399,COLOR_SEC
20:39:08.129,136,litter_motion,142,689,0,633,284,745,COLOR_SEC
20:39:08.129,136,litter_motion,528,586,448,552,609,621,COLOR_SEC
20:39:08.129,136,litter_motion,1045,588,958,510,1133,666,COLOR_SEC
20:39:08.129,136,litter_motion,1562,361,1486,324,1638,399,COLOR_SEC
20:39:08.239,137,litter_motion,142,689,0,633,284,745,COLOR_SEC
20:39:08.239,137,litter_motion,526,595,444,569,609,621,COLOR_SEC
20:39:08.239,137,litter_motion,1043,588,956,510,1130,666,COLOR_SEC
20:39:08.321,138,litter_motion,142,689,0,633,284,745,COLOR_SEC
20:39:08.321,138,litter_motion,525,593,441,569,609,618,COLOR_SEC
20:39:08.321,138,litter_motion,928,384,856,324,1001,445,COLOR_SEC
20:39:08.401,139,litter_motion,139,689,0,633,278,745,COLOR_SEC
20:39:08.401,139,litter_motion,927,382,854,324,1000,441,COLOR_SEC
20:39:08.484,140,litter_motion,137,688,0,632,274,745,COLOR_SEC
20:39:08.484,140,litter_motion,1129,433,1054,354,1205,512,COLOR_SEC
20:39:08.484,140,litter_motion,925,384,850,324,1000,444,COLOR_SEC
20:39:08.567,141,litter_motion,136,688,0,632,272,745,COLOR_SEC
20:39:08.567,141,litter_motion,1125,433,1048,354,1203,513,COLOR_SEC
20:39:08.567,141,litter_motion,925,383,848,324,1002,443,COLOR_SEC
20:39:08.649,142,litter_motion,133,683,0,632,267,735,COLOR_SEC
20:39:08.649,142,litter_motion,1123,427,1047,342,1200,513,COLOR_SEC
20:39:08.649,142,litter_motion,922,382,844,324,1000,441,COLOR_SEC
20:39:08.731,143,litter_motion,133,683,0,632,267,735,COLOR_SEC
20:39:08.731,143,litter_motion,1122,426,1046,341,1198,512,COLOR_SEC
20:39:08.811,144,litter_motion,132,683,0,632,265,735,COLOR_SEC
20:39:08.811,144,litter_motion,1121,426,1048,341,1195,512,COLOR_SEC
20:39:08.893,145,litter_motion,128,683,0,632,256,735,COLOR_SEC
20:39:08.893,145,litter_motion,1120,426,1046,342,1194,510,COLOR_SEC
20:39:08.975,146,litter_motion,120,682,0,633,240,731,COLOR_SEC
20:39:09.058,147,litter_motion,1120,437,1046,354,1194,521,COLOR_SEC
20:39:09.464,152,litter_motion,1012,590,914,508,1110,673,COLOR_SEC
20:39:09.464,152,litter_motion,829,487,776,465,883,510,COLOR_SEC
20:39:09.544,153,litter_motion,1009,592,912,511,1107,673,COLOR_SEC
20:39:09.544,153,litter_motion,828,485,776,460,880,510,COLOR_SEC
20:39:09.627,154,litter_motion,1011,592,912,511,1111,673,COLOR_SEC
20:39:09.627,154,litter_motion,826,487,776,465,876,509,COLOR_SEC
20:39:09.710,155,litter_motion,824,487,776,465,873,509,COLOR_SEC
20:39:09.794,156,litter_motion,1001,589,904,510,1099,669,COLOR_SEC
20:39:09.795,156,litter_motion,826,482,776,455,876,509,COLOR_SEC
20:39:09.795,156,litter_motion,1522,346,1494,324,1551,368,COLOR_SEC
20:39:09.879,157,litter_motion,821,487,776,465,866,509,COLOR_SEC
20:39:09.879,157,litter_motion,1520,346,1494,324,1546,368,COLOR_SEC
20:39:09.879,157,litter_motion,889,382,795,324,984,441,COLOR_SEC
20:39:09.961,158,litter_motion,819,481,776,454,862,508,COLOR_SEC
20:39:09.961,158,litter_motion,893,382,792,324,994,441,COLOR_SEC
20:39:10.041,159,litter_motion,816,480,776,453,857,507,COLOR_SEC
20:39:10.041,159,litter_motion,890,382,788,324,992,441,COLOR_SEC
20:39:10.123,160,litter_motion,812,480,771,453,854,507,COLOR_SEC
20:39:10.123,160,litter_motion,340,430,239,405,442,455,COLOR_SEC
20:39:10.123,160,litter_motion,891,382,784,324,999,441,COLOR_SEC
20:39:10.207,161,litter_motion,344,435,238,404,451,467,COLOR_SEC
20:39:10.207,161,litter_motion,888,382,780,324,997,441,COLOR_SEC
20:39:10.289,162,litter_motion,341,427,235,403,448,452,COLOR_SEC
20:39:10.372,163,litter_motion,881,382,773,324,989,440,COLOR_SEC
20:39:10.537,165,litter_motion,1547,346,1513,324,1582,368,COLOR_SEC
20:39:10.620,166,litter_motion,1547,346,1508,324,1586,368,COLOR_SEC
20:39:10.703,167,litter_motion,1541,345,1503,324,1580,367,COLOR_SEC
20:39:10.787,168,litter_motion,1534,345,1499,324,1570,367,COLOR_SEC
20:39:10.871,169,litter_motion,1531,345,1494,324,1568,367,COLOR_SEC
20:39:10.953,170,litter_motion,1528,345,1489,324,1568,367,COLOR_SEC
20:39:11.037,171,litter_motion,1522,345,1487,324,1557,367,COLOR_SEC
20:39:11.119,172,litter_motion,1526,345,1483,324,1569,366,COLOR_SEC
20:39:11.203,173,litter_motion,1533,345,1483,324,1584,366,COLOR_SEC
20:39:12.050,183,litter_motion,49,673,0,647,98,700,COLOR_SEC
20:39:12.134,184,litter_motion,43,673,0,645,87,701,COLOR_SEC
20:39:12.218,185,litter_motion,41,674,0,647,82,701,COLOR_SEC
20:39:14.567,209,litter_motion,1425,394,1332,373,1519,415,COLOR_SEC
20:39:14.657,210,litter_motion,1219,611,1146,578,1292,645,COLOR_SEC
20:39:14.657,210,litter_motion,1439,393,1332,372,1547,414,COLOR_SEC
20:39:14.744,211,litter_motion,1233,611,1133,578,1333,644,COLOR_SEC
20:39:14.744,211,litter_motion,1412,378,1314,345,1510,412,COLOR_SEC
20:39:14.833,212,litter_motion,1225,611,1136,578,1314,644,COLOR_SEC
20:39:14.833,212,litter_motion,1437,393,1331,375,1543,411,COLOR_SEC
20:39:14.922,213,litter_motion,1222,612,1132,578,1312,646,COLOR_SEC
20:39:14.922,213,litter_motion,1401,370,1299,330,1504,410,COLOR_SEC
20:39:15.009,214,litter_motion,1221,611,1128,577,1315,646,COLOR_SEC
20:39:15.009,214,litter_motion,1416,370,1328,330,1504,410,COLOR_SEC
20:39:15.095,215,litter_motion,1206,610,1124,577,1289,644,COLOR_SEC
20:39:15.095,215,litter_motion,1414,369,1324,330,1504,409,COLOR_SEC
20:39:15.182,216,litter_motion,1214,610,1124,575,1305,646,COLOR_SEC
20:39:15.182,216,litter_motion,1417,392,1331,375,1504,409,COLOR_SEC
20:39:15.270,217,litter_motion,1210,610,1122,578,1298,643,COLOR_SEC
20:39:15.356,218,litter_motion,1215,610,1150,577,1280,643,COLOR_SEC
20:39:15.356,218,litter_motion,1435,390,1404,373,1467,407,COLOR_SEC
20:39:15.441,219,litter_motion,1439,390,1402,373,1477,407,COLOR_SEC
20:39:15.527,220,litter_motion,1210,609,1140,574,1280,644,COLOR_SEC
20:39:15.614,221,litter_motion,44,665,0,644,89,687,COLOR_SEC
20:39:15.614,221,litter_motion,1223,610,1167,576,1279,644,COLOR_SEC
20:39:15.614,221,litter_motion,1405,390,1331,372,1479,408,COLOR_SEC
20:39:15.697,222,litter_motion,1228,609,1163,575,1294,644,COLOR_SEC
20:39:15.697,222,litter_motion,1402,390,1332,372,1472,408,COLOR_SEC
20:39:15.783,223,litter_motion,1222,611,1160,575,1285,647,COLOR_SEC
20:39:15.783,223,litter_motion,1429,388,1382,372,1476,404,COLOR_SEC
20:39:15.870,224,litter_motion,1212,615,1162,587,1263,644,COLOR_SEC
20:39:15.870,224,litter_motion,1423,388,1376,372,1471,405,COLOR_SEC
20:39:15.956,225,litter_motion,1226,617,1167,590,1286,645,COLOR_SEC
20:39:16.043,226,litter_motion,1226,618,1174,592,1279,645,COLOR_SEC
20:39:16.043,226,litter_motion,1401,388,1333,370,1469,407,COLOR_SEC
20:39:16.130,227,litter_motion,1233,623,1182,601,1284,645,COLOR_SEC
20:39:16.130,227,litter_motion,1400,388,1332,370,1469,407,COLOR_SEC
20:39:16.215,228,litter_motion,1230,624,1182,603,1279,645,COLOR_SEC
20:39:16.215,228,litter_motion,1400,388,1333,369,1467,407,COLOR_SEC
20:39:16.301,229,litter_motion,1224,623,1184,603,1264,644,COLOR_SEC
20:39:16.301,229,litter_motion,1400,388,1333,369,1467,408,COLOR_SEC
20:39:16.391,230,litter_motion,1221,623,1183,603,1259,643,COLOR_SEC
20:39:16.478,231,litter_motion,1219,628,1180,612,1259,644,COLOR_SEC
20:39:16.478,231,litter_motion,1400,386,1333,366,1467,407,COLOR_SEC
20:39:16.565,232,litter_motion,1217,626,1177,608,1258,644,COLOR_SEC
20:39:16.741,234,litter_motion,1236,630,1167,613,1305,648,COLOR_SEC
20:39:16.829,235,litter_motion,1227,631,1164,616,1290,647,COLOR_SEC
20:39:16.915,236,litter_motion,1227,628,1161,609,1294,648,COLOR_SEC
20:39:17.037,237,litter_motion,1232,629,1176,611,1288,647,COLOR_SEC
20:39:17.123,238,litter_motion,1238,630,1189,614,1288,647,COLOR_SEC
20:39:17.210,239,litter_motion,1232,629,1178,612,1287,647,COLOR_SEC
20:39:17.300,240,litter_motion,1236,632,1190,616,1283,648,COLOR_SEC
20:39:17.562,243,litter_motion,1229,632,1200,616,1258,648,COLOR_SEC
20:39:17.648,244,litter_motion,1225,631,1192,615,1258,648,COLOR_SEC
20:39:17.734,245,litter_motion,1220,631,1189,615,1252,648,COLOR_SEC
20:39:17.821,246,litter_motion,1394,380,1327,356,1462,405,COLOR_SEC
20:39:17.910,247,litter_motion,1222,632,1188,617,1257,648,COLOR_SEC
20:39:17.910,247,litter_motion,1393,364,1324,324,1463,405,COLOR_SEC
20:39:17.998,248,litter_motion,1389,377,1320,350,1459,405,COLOR_SEC
20:39:18.085,249,litter_motion,1392,364,1326,324,1459,405,COLOR_SEC
20:39:18.171,250,litter_motion,1395,374,1326,344,1465,405,COLOR_SEC
20:39:19.480,265,litter_motion,1407,371,1324,340,1491,403,COLOR_SEC
20:39:20.883,281,litter_motion,1409,817,1367,796,1451,838,COLOR_SEC
20:39:20.973,282,litter_motion,1404,816,1364,796,1444,837,COLOR_SEC
20:39:21.061,283,litter_motion,1406,818,1370,803,1442,833,COLOR_SEC
20:39:21.150,284,litter_motion,1402,817,1366,800,1438,834,COLOR_SEC
20:39:21.150,284,litter_motion,1176,367,1036,324,1317,411,COLOR_SEC
20:39:21.240,285,litter_motion,1170,366,1025,324,1315,409,COLOR_SEC
20:39:21.330,286,litter_motion,1173,366,1034,324,1313,409,COLOR_SEC
20:39:21.416,287,litter_motion,1500,859,1442,812,1559,906,COLOR_SEC
20:39:21.416,287,litter_motion,1172,366,1029,324,1315,408,COLOR_SEC
20:39:21.505,288,litter_motion,1497,859,1439,813,1555,906,COLOR_SEC
20:39:21.505,288,litter_motion,1171,366,1027,324,1315,408,COLOR_SEC
20:39:21.594,289,litter_motion,1494,859,1435,812,1554,906,COLOR_SEC
20:39:21.594,289,litter_motion,1170,366,1026,324,1314,408,COLOR_SEC
20:39:21.683,290,litter_motion,1517,879,1467,812,1567,946,COLOR_SEC
20:39:21.683,290,litter_motion,60,455,0,409,120,501,COLOR_SEC
20:39:21.683,290,litter_motion,1171,366,1026,324,1316,408,COLOR_SEC
20:39:21.772,291,litter_motion,1488,860,1430,813,1546,907,COLOR_SEC
20:39:21.772,291,litter_motion,66,470,0,439,132,501,COLOR_SEC
20:39:21.862,292,litter_motion,61,470,0,439,122,501,COLOR_SEC
20:39:21.862,292,litter_motion,1171,366,1027,324,1315,408,COLOR_SEC
20:39:22.038,294,litter_motion,1170,364,1027,324,1314,405,COLOR_SEC
20:39:22.126,295,litter_motion,1172,364,1027,324,1317,405,COLOR_SEC
20:39:22.214,296,litter_motion,1174,364,1034,324,1314,405,COLOR_SEC
20:39:22.304,297,litter_motion,1170,364,1027,324,1314,404,COLOR_SEC
20:39:22.390,298,litter_motion,1173,364,1033,324,1314,405,COLOR_SEC
20:39:22.487,299,litter_motion,1174,364,1034,324,1314,405,COLOR_SEC
20:39:22.578,300,litter_motion,1174,363,1034,324,1315,403,COLOR_SEC
20:39:22.671,301,litter_motion,1170,364,1026,324,1314,405,COLOR_SEC
20:39:22.765,302,litter_motion,1174,364,1034,326,1314,403,COLOR_SEC
20:39:22.864,303,litter_motion,1170,365,1027,326,1314,405,COLOR_SEC
20:39:22.958,304,litter_motion,1170,368,1029,331,1312,406,COLOR_SEC
20:39:23.052,305,litter_motion,1169,366,1027,326,1312,406,COLOR_SEC
20:39:23.144,306,litter_motion,1173,365,1035,324,1312,406,COLOR_SEC
20:39:23.420,309,litter_motion,1174,365,1035,324,1314,406,COLOR_SEC
20:39:23.512,310,litter_motion,1174,365,1035,324,1314,406,COLOR_SEC
20:39:23.601,311,litter_motion,1173,365,1034,324,1313,406,COLOR_SEC
20:39:24.060,316,litter_motion,1175,364,1036,324,1314,404,COLOR_SEC
20:39:24.151,317,litter_motion,1176,363,1035,324,1317,403,COLOR_SEC
20:39:24.244,318,litter_motion,1175,363,1036,324,1315,403,COLOR_SEC
20:39:24.244,318,litter_motion,227,358,119,324,336,392,COLOR_SEC
20:39:24.338,319,litter_motion,1175,363,1036,324,1315,403,COLOR_SEC
20:39:24.339,319,litter_motion,226,358,116,324,336,392,COLOR_SEC
20:39:24.430,320,litter_motion,1173,363,1034,324,1313,403,COLOR_SEC
20:39:24.431,320,litter_motion,224,357,113,324,336,391,COLOR_SEC
20:39:24.521,321,litter_motion,1174,363,1034,324,1315,403,COLOR_SEC
20:39:24.521,321,litter_motion,223,357,110,324,336,391,COLOR_SEC
20:39:24.615,322,litter_motion,134,423,90,408,179,438,COLOR_SEC
20:39:24.615,322,litter_motion,1175,362,1035,324,1315,400,COLOR_SEC
20:39:24.615,322,litter_motion,220,357,107,324,334,390,COLOR_SEC
20:39:24.615,322,litter_motion,41,336,5,324,77,349,COLOR_SEC
20:39:24.707,323,litter_motion,126,426,76,408,176,444,COLOR_SEC
20:39:24.707,323,litter_motion,1413,348,1322,324,1505,373,COLOR_SEC
20:39:24.707,323,litter_motion,1173,362,1034,324,1313,401,COLOR_SEC
20:39:24.707,323,litter_motion,215,357,105,324,326,390,COLOR_SEC
20:39:24.797,324,litter_motion,130,426,87,408,174,445,COLOR_SEC
20:39:24.797,324,litter_motion,1417,348,1322,324,1513,373,COLOR_SEC
20:39:24.797,324,litter_motion,1174,363,1035,324,1314,402,COLOR_SEC
20:39:24.797,324,litter_motion,213,356,102,324,325,389,COLOR_SEC
20:39:24.889,325,litter_motion,126,427,88,410,164,445,COLOR_SEC
20:39:24.889,325,litter_motion,1415,345,1322,324,1509,367,COLOR_SEC
20:39:24.889,325,litter_motion,1173,363,1034,324,1313,402,COLOR_SEC
20:39:24.889,325,litter_motion,213,356,100,324,326,389,COLOR_SEC
20:39:24.981,326,litter_motion,124,427,85,410,163,444,COLOR_SEC
20:39:24.981,326,litter_motion,1420,347,1322,324,1518,371,COLOR_SEC
20:39:24.981,326,litter_motion,1173,363,1034,324,1313,402,COLOR_SEC
20:39:24.981,326,litter_motion,209,356,98,324,321,389,COLOR_SEC
20:39:25.071,327,litter_motion,1410,345,1322,324,1499,367,COLOR_SEC
20:39:25.071,327,litter_motion,1174,363,1035,324,1313,402,COLOR_SEC
20:39:25.071,327,litter_motion,221,358,121,324,322,392,COLOR_SEC
20:39:25.162,328,litter_motion,1417,347,1322,324,1513,371,COLOR_SEC
20:39:25.162,328,litter_motion,1174,363,1035,324,1313,402,COLOR_SEC
20:39:25.162,328,litter_motion,222,357,121,324,323,391,COLOR_SEC
20:39:25.254,329,litter_motion,1415,346,1322,324,1509,368,COLOR_SEC
20:39:25.254,329,litter_motion,1174,363,1035,324,1313,402,COLOR_SEC
20:39:25.254,329,litter_motion,221,357,120,324,323,390,COLOR_SEC
20:39:25.346,330,litter_motion,1410,343,1322,324,1499,363,COLOR_SEC
20:39:25.346,330,litter_motion,1173,363,1034,324,1313,402,COLOR_SEC
20:39:25.346,330,litter_motion,220,355,119,324,321,386,COLOR_SEC
20:39:25.440,331,litter_motion,1415,343,1322,324,1509,363,COLOR_SEC
20:39:25.440,331,litter_motion,1173,361,1034,324,1313,399,COLOR_SEC
20:39:25.440,331,litter_motion,220,355,118,324,322,386,COLOR_SEC
20:39:25.531,332,litter_motion,1416,343,1323,324,1509,363,COLOR_SEC
20:39:25.531,332,litter_motion,1172,363,1034,324,1311,402,COLOR_SEC
20:39:25.531,332,litter_motion,219,354,118,324,321,385,COLOR_SEC
20:39:25.623,333,litter_motion,1416,343,1323,324,1509,363,COLOR_SEC
20:39:25.623,333,litter_motion,218,354,117,324,320,384,COLOR_SEC
20:39:25.717,334,litter_motion,1416,343,1323,324,1509,363,COLOR_SEC
20:39:25.717,334,litter_motion,220,354,116,324,324,384,COLOR_SEC
20:39:25.807,335,litter_motion,1417,343,1323,324,1512,363,COLOR_SEC
20:39:25.807,335,litter_motion,218,354,115,324,322,384,COLOR_SEC
20:39:25.898,336,litter_motion,1417,340,1323,324,1512,357,COLOR_SEC
20:39:25.898,336,litter_motion,218,353,114,324,322,383,COLOR_SEC
20:39:25.988,337,litter_motion,1417,340,1323,324,1512,357,COLOR_SEC
20:39:25.988,337,litter_motion,218,353,114,324,322,383,COLOR_SEC
20:39:26.077,338,litter_motion,1417,340,1323,324,1511,357,COLOR_SEC
20:39:26.077,338,litter_motion,217,346,113,324,322,369,COLOR_SEC
20:39:26.169,339,litter_motion,1417,341,1323,324,1511,358,COLOR_SEC
20:39:26.169,339,litter_motion,216,353,112,324,320,382,COLOR_SEC
20:39:26.258,340,litter_motion,1417,341,1323,324,1511,358,COLOR_SEC
20:39:26.259,340,litter_motion,413,343,382,324,445,362,COLOR_SEC
20:39:26.259,340,litter_motion,218,353,117,324,320,382,COLOR_SEC
20:39:26.350,341,litter_motion,1417,340,1323,324,1511,357,COLOR_SEC
20:39:26.350,341,litter_motion,409,340,381,324,438,356,COLOR_SEC
20:39:26.350,341,litter_motion,217,345,116,324,318,367,COLOR_SEC
20:39:26.441,342,litter_motion,1410,337,1323,324,1497,351,COLOR_SEC
20:39:26.441,342,litter_motion,412,339,381,324,443,354,COLOR_SEC
20:39:26.441,342,litter_motion,214,348,116,324,312,373,COLOR_SEC
20:39:26.533,343,litter_motion,1417,335,1323,324,1511,347,COLOR_SEC
20:39:26.533,343,litter_motion,405,339,379,324,432,354,COLOR_SEC
20:39:26.533,343,litter_motion,214,344,116,324,312,365,COLOR_SEC
20:39:26.622,344,litter_motion,1420,335,1323,324,1517,347,COLOR_SEC
20:39:26.622,344,litter_motion,406,340,381,324,432,356,COLOR_SEC
20:39:26.622,344,litter_motion,212,344,115,324,309,365,COLOR_SEC
20:39:26.711,345,litter_motion,1420,335,1323,324,1517,347,COLOR_SEC
20:39:26.711,345,litter_motion,406,339,382,324,431,355,COLOR_SEC
20:39:26.711,345,litter_motion,213,344,119,324,308,365,COLOR_SEC
20:39:26.801,346,litter_motion,122,758,0,709,245,807,COLOR_SEC
20:39:26.801,346,litter_motion,1420,335,1323,324,1517,347,COLOR_SEC
20:39:26.801,346,litter_motion,212,344,117,324,308,364,COLOR_SEC
20:39:26.893,347,litter_motion,121,757,0,707,243,807,COLOR_SEC
20:39:26.894,347,litter_motion,1420,335,1323,324,1517,347,COLOR_SEC
20:39:26.894,347,litter_motion,214,346,118,324,310,368,COLOR_SEC
20:39:26.985,348,litter_motion,123,757,0,707,246,808,COLOR_SEC
20:39:26.985,348,litter_motion,1417,335,1323,324,1512,347,COLOR_SEC
20:39:26.985,348,litter_motion,214,346,119,324,310,369,COLOR_SEC
20:39:27.077,349,litter_motion,123,757,0,706,246,809,COLOR_SEC
20:39:27.077,349,litter_motion,1415,335,1323,324,1508,347,COLOR_SEC
20:39:27.077,349,litter_motion,215,343,120,324,311,362,COLOR_SEC
20:39:27.169,350,litter_motion,123,757,0,706,246,809,COLOR_SEC
20:39:27.169,350,litter_motion,1415,335,1323,324,1508,347,COLOR_SEC
20:39:27.169,350,litter_motion,221,346,120,324,322,368,COLOR_SEC
20:39:27.260,351,litter_motion,464,422,376,408,553,437,COLOR_SEC
20:39:27.260,351,litter_motion,1419,335,1323,324,1516,347,COLOR_SEC
20:39:27.260,351,litter_motion,220,346,121,324,320,368,COLOR_SEC
20:39:27.352,352,litter_motion,464,423,376,409,553,437,COLOR_SEC
20:39:27.352,352,litter_motion,1416,335,1323,324,1509,347,COLOR_SEC
20:39:27.352,352,litter_motion,217,346,122,324,312,368,COLOR_SEC
20:39:27.443,353,litter_motion,464,422,376,408,553,437,COLOR_SEC
20:39:27.443,353,litter_motion,1416,335,1323,324,1510,347,COLOR_SEC
20:39:27.443,353,litter_motion,217,341,122,324,312,358,COLOR_SEC
20:39:27.533,354,litter_motion,343,508,313,490,373,526,COLOR_SEC
20:39:27.533,354,litter_motion,1416,335,1323,324,1510,347,COLOR_SEC
20:39:27.533,354,litter_motion,224,349,123,324,325,374,COLOR_SEC
20:39:27.625,355,litter_motion,342,508,312,490,373,526,COLOR_SEC
20:39:27.625,355,litter_motion,1420,335,1324,324,1517,347,COLOR_SEC
20:39:27.625,355,litter_motion,224,345,122,324,326,366,COLOR_SEC
20:39:27.715,356,litter_motion,342,509,312,491,373,527,COLOR_SEC
20:39:27.715,356,litter_motion,1420,335,1323,324,1517,347,COLOR_SEC
20:39:27.715,356,litter_motion,224,340,122,324,327,357,COLOR_SEC
20:39:27.806,357,litter_motion,340,509,312,491,369,527,COLOR_SEC
20:39:27.806,357,litter_motion,1420,335,1323,324,1517,347,COLOR_SEC
20:39:27.806,357,litter_motion,224,340,121,324,328,357,COLOR_SEC
20:39:27.897,358,litter_motion,340,509,312,491,368,527,COLOR_SEC
20:39:27.897,358,litter_motion,1419,335,1323,324,1516,347,COLOR_SEC
20:39:27.987,359,litter_motion,328,508,288,489,368,527,COLOR_SEC
20:39:27.987,359,litter_motion,1417,335,1323,324,1512,346,COLOR_SEC
20:39:28.076,360,litter_motion,1523,1024,1480,987,1567,1061,COLOR_SEC
20:39:28.076,360,litter_motion,340,509,312,492,368,527,COLOR_SEC
20:39:28.076,360,litter_motion,1417,335,1323,324,1512,346,COLOR_SEC
20:39:28.167,361,litter_motion,1524,1030,1480,983,1569,1077,COLOR_SEC
20:39:28.167,361,litter_motion,1420,335,1323,324,1518,346,COLOR_SEC
20:39:28.256,362,litter_motion,1525,1032,1481,984,1570,1080,COLOR_SEC
20:39:28.256,362,litter_motion,1416,335,1321,324,1512,346,COLOR_SEC
20:39:28.345,363,litter_motion,1527,1026,1482,986,1572,1067,COLOR_SEC
20:39:28.345,363,litter_motion,1415,335,1321,324,1510,346,COLOR_SEC
20:39:28.436,364,litter_motion,1527,1029,1483,989,1572,1069,COLOR_SEC
20:39:28.436,364,litter_motion,1415,335,1321,324,1510,346,COLOR_SEC
20:39:28.526,365,litter_motion,1533,1035,1493,992,1573,1078,COLOR_SEC
20:39:28.526,365,litter_motion,1416,335,1321,324,1512,346,COLOR_SEC
20:39:28.526,365,litter_motion,792,338,748,324,836,352,COLOR_SEC
20:39:28.617,366,litter_motion,1534,1037,1495,994,1574,1080,COLOR_SEC
20:39:28.617,366,litter_motion,1419,335,1321,324,1518,346,COLOR_SEC
20:39:28.709,367,litter_motion,1525,1038,1478,996,1572,1080,COLOR_SEC
20:39:28.709,367,litter_motion,1416,335,1321,324,1512,346,COLOR_SEC
20:39:28.709,367,litter_motion,217,339,125,324,310,355,COLOR_SEC
20:39:28.799,368,litter_motion,1532,1039,1489,999,1575,1080,COLOR_SEC
20:39:28.799,368,litter_motion,226,349,159,327,293,372,COLOR_SEC
20:39:28.799,368,litter_motion,1415,335,1321,324,1510,346,COLOR_SEC
20:39:28.799,368,litter_motion,1183,345,1055,324,1311,367,COLOR_SEC
20:39:28.888,369,litter_motion,83,764,0,724,166,805,COLOR_SEC
20:39:28.888,369,litter_motion,204,342,157,326,252,358,COLOR_SEC
20:39:28.888,369,litter_motion,1417,335,1321,324,1513,346,COLOR_SEC
20:39:28.888,369,litter_motion,1185,345,1059,324,1311,367,COLOR_SEC
20:39:28.978,370,litter_motion,88,764,0,724,176,805,COLOR_SEC
20:39:28.978,370,litter_motion,1417,335,1321,324,1514,346,COLOR_SEC
20:39:28.978,370,litter_motion,1183,344,1055,324,1311,365,COLOR_SEC
20:39:28.978,370,litter_motion,233,340,125,324,341,357,COLOR_SEC
20:39:29.068,371,litter_motion,88,763,0,723,177,804,COLOR_SEC
20:39:29.068,371,litter_motion,1420,335,1322,324,1518,346,COLOR_SEC
20:39:29.068,371,litter_motion,1183,345,1055,324,1311,366,COLOR_SEC
20:39:29.068,371,litter_motion,218,341,125,324,312,359,COLOR_SEC
20:39:29.158,372,litter_motion,88,763,0,723,177,804,COLOR_SEC
20:39:29.158,372,litter_motion,1420,335,1322,324,1518,346,COLOR_SEC
20:39:29.158,372,litter_motion,1183,345,1055,324,1311,366,COLOR_SEC
20:39:29.249,373,litter_motion,88,762,0,722,177,803,COLOR_SEC
20:39:29.249,373,litter_motion,1184,344,1057,324,1311,364,COLOR_SEC
20:39:29.341,374,litter_motion,90,762,0,721,180,803,COLOR_SEC
20:39:29.341,374,litter_motion,1183,345,1056,324,1311,366,COLOR_SEC
20:39:29.429,375,litter_motion,90,761,0,721,181,802,COLOR_SEC
20:39:29.429,375,litter_motion,213,343,149,332,277,355,COLOR_SEC
20:39:29.429,375,litter_motion,1183,345,1057,324,1309,366,COLOR_SEC
20:39:29.519,376,litter_motion,91,760,0,720,183,800,COLOR_SEC
20:39:29.519,376,litter_motion,1183,345,1057,324,1309,366,COLOR_SEC
20:39:29.607,377,litter_motion,1185,345,1063,324,1307,366,COLOR_SEC
20:39:29.697,378,litter_motion,87,761,0,724,174,799,COLOR_SEC
20:39:29.697,378,litter_motion,339,652,286,604,393,701,COLOR_SEC
20:39:29.697,378,litter_motion,212,343,159,333,265,354,COLOR_SEC
20:39:29.697,378,litter_motion,1181,345,1061,324,1302,366,COLOR_SEC
20:39:29.786,379,litter_motion,336,650,288,603,384,698,COLOR_SEC
20:39:29.786,379,litter_motion,1180,345,1062,324,1298,366,COLOR_SEC
20:39:29.877,380,litter_motion,343,651,288,604,398,698,COLOR_SEC
20:39:29.877,380,litter_motion,1178,345,1061,324,1296,366,COLOR_SEC
20:39:29.966,381,litter_motion,338,651,285,603,392,700,COLOR_SEC
20:39:29.966,381,litter_motion,874,475,786,456,962,495,COLOR_SEC
20:39:29.966,381,litter_motion,1191,345,1088,324,1295,366,COLOR_SEC
20:39:30.059,382,litter_motion,344,651,314,603,375,699,COLOR_SEC
20:39:30.059,382,litter_motion,867,475,789,456,945,495,COLOR_SEC
20:39:30.059,382,litter_motion,1178,345,1062,324,1295,366,COLOR_SEC
20:39:30.149,383,litter_motion,330,651,286,603,375,699,COLOR_SEC
20:39:30.149,383,litter_motion,877,477,790,459,964,495,COLOR_SEC
20:39:30.149,383,litter_motion,1184,345,1062,324,1306,366,COLOR_SEC
20:39:30.240,384,litter_motion,336,647,286,600,387,694,COLOR_SEC
20:39:30.240,384,litter_motion,1183,345,1061,324,1306,366,COLOR_SEC
20:39:30.331,385,litter_motion,350,648,315,604,385,692,COLOR_SEC
20:39:30.331,385,litter_motion,1183,345,1061,324,1306,366,COLOR_SEC
20:39:30.421,386,litter_motion,1183,343,1061,324,1306,362,COLOR_SEC
20:39:30.421,386,litter_motion,852,351,665,324,1039,379,COLOR_SEC
20:39:30.512,387,litter_motion,338,647,286,598,390,696,COLOR_SEC
20:39:30.512,387,litter_motion,1183,343,1061,324,1306,362,COLOR_SEC
20:39:30.603,388,litter_motion,351,654,314,618,389,691,COLOR_SEC
20:39:30.603,388,litter_motion,1167,343,1057,324,1278,362,COLOR_SEC
20:39:30.691,389,litter_motion,347,644,304,612,390,676,COLOR_SEC
20:39:30.691,389,litter_motion,1169,341,1061,324,1278,359,COLOR_SEC
20:39:30.781,390,litter_motion,355,651,314,614,396,688,COLOR_SEC
20:39:30.781,390,litter_motion,1183,341,1061,324,1306,359,COLOR_SEC
20:39:30.869,391,litter_motion,1182,341,1057,324,1308,359,COLOR_SEC
20:39:30.960,392,litter_motion,356,650,302,613,411,688,COLOR_SEC
20:39:31.050,393,litter_motion,1199,341,1092,324,1306,359,COLOR_SEC
20:39:31.140,394,litter_motion,1181,343,1055,324,1308,362,COLOR_SEC
20:39:31.231,395,litter_motion,1183,340,1060,324,1306,357,COLOR_SEC
20:39:31.321,396,litter_motion,353,647,311,613,395,682,COLOR_SEC
20:39:31.321,396,litter_motion,1184,340,1061,324,1307,357,COLOR_SEC
20:39:31.413,397,litter_motion,1182,343,1057,324,1307,362,COLOR_SEC
20:39:31.501,398,litter_motion,910,472,849,450,972,495,COLOR_SEC
20:39:31.501,398,litter_motion,1182,343,1057,324,1307,362,COLOR_SEC
20:39:31.591,399,litter_motion,911,473,856,451,966,495,COLOR_SEC
20:39:31.591,399,litter_motion,1186,340,1066,324,1307,357,COLOR_SEC
20:39:31.680,400,litter_motion,910,473,857,451,964,495,COLOR_SEC
20:39:31.680,400,litter_motion,1187,340,1067,324,1307,357,COLOR_SEC
20:39:31.770,401,litter_motion,911,476,853,458,969,495,COLOR_SEC
20:39:31.770,401,litter_motion,1187,340,1067,324,1307,357,COLOR_SEC
20:39:31.860,402,litter_motion,1188,340,1069,324,1307,357,COLOR_SEC
20:39:31.950,403,litter_motion,1187,340,1069,324,1306,357,COLOR_SEC
20:39:32.037,404,litter_motion,1186,340,1067,324,1306,356,COLOR_SEC
20:39:32.127,405,litter_motion,1175,340,1067,324,1283,356,COLOR_SEC
20:39:32.215,406,litter_motion,1176,341,1069,326,1283,356,COLOR_SEC
20:39:32.302,407,litter_motion,1187,340,1068,324,1306,356,COLOR_SEC
20:39:33.706,423,litter_motion,86,478,0,452,172,505,COLOR_SEC
20:39:33.790,424,litter_motion,86,465,0,425,172,505,COLOR_SEC
20:39:33.877,425,litter_motion,86,464,0,424,172,505,COLOR_SEC
20:39:33.964,426,litter_motion,86,464,0,424,172,505,COLOR_SEC
20:39:34.051,427,litter_motion,86,468,0,431,172,505,COLOR_SEC
20:39:34.139,428,litter_motion,117,521,68,505,166,537,COLOR_SEC
20:39:34.139,428,litter_motion,91,468,10,432,172,505,COLOR_SEC
20:39:34.224,429,litter_motion,112,521,68,505,157,537,COLOR_SEC
20:39:34.224,429,litter_motion,97,469,22,434,172,505,COLOR_SEC
20:39:34.311,430,litter_motion,1514,809,1460,779,1568,839,COLOR_SEC
20:39:34.311,430,litter_motion,119,520,81,505,157,535,COLOR_SEC
20:39:34.398,431,litter_motion,1516,814,1462,788,1571,840,COLOR_SEC
20:39:34.484,432,litter_motion,1510,816,1460,790,1561,842,COLOR_SEC
20:39:34.484,432,litter_motion,106,479,45,457,167,501,COLOR_SEC
20:39:34.570,433,litter_motion,1496,809,1460,793,1533,825,COLOR_SEC
20:39:34.570,433,litter_motion,108,479,50,458,167,501,COLOR_SEC
20:39:34.652,434,litter_motion,1513,816,1467,792,1560,840,COLOR_SEC
20:39:34.652,434,litter_motion,454,629,415,609,494,650,COLOR_SEC
20:39:34.652,434,litter_motion,112,475,57,458,167,492,COLOR_SEC
20:39:34.738,435,litter_motion,116,475,65,458,167,492,COLOR_SEC
20:39:34.823,436,litter_motion,1497,811,1445,790,1549,833,COLOR_SEC
20:39:34.823,436,litter_motion,117,471,67,458,167,484,COLOR_SEC
20:39:34.907,437,litter_motion,459,631,411,611,508,652,COLOR_SEC
20:39:34.907,437,litter_motion,117,471,67,458,167,484,COLOR_SEC
20:39:34.993,438,litter_motion,1506,816,1451,798,1562,835,COLOR_SEC
20:39:34.993,438,litter_motion,453,629,413,608,493,650,COLOR_SEC
20:39:34.993,438,litter_motion,117,471,67,458,167,484,COLOR_SEC
20:39:35.080,439,litter_motion,465,630,416,609,514,651,COLOR_SEC
20:39:35.164,440,litter_motion,1489,815,1460,798,1519,832,COLOR_SEC
20:39:35.164,440,litter_motion,463,630,413,608,514,652,COLOR_SEC
20:39:35.249,441,litter_motion,1495,815,1465,793,1526,837,COLOR_SEC
20:39:35.249,441,litter_motion,469,628,416,609,522,647,COLOR_SEC
20:39:35.333,442,litter_motion,1498,819,1472,797,1525,842,COLOR_SEC
20:39:35.333,442,litter_motion,464,627,416,609,513,645,COLOR_SEC
20:39:35.415,443,litter_motion,1498,819,1466,790,1531,848,COLOR_SEC
20:39:35.415,443,litter_motion,464,624,406,598,522,650,COLOR_SEC
20:39:35.500,444,litter_motion,1519,825,1494,803,1544,848,COLOR_SEC
20:39:35.501,444,litter_motion,454,629,416,607,493,651,COLOR_SEC
20:39:35.582,445,litter_motion,456,631,418,611,494,652,COLOR_SEC
20:39:35.665,446,litter_motion,455,629,415,609,495,650,COLOR_SEC
20:39:35.751,447,litter_motion,1488,806,1410,787,1567,825,COLOR_SEC
20:39:35.751,447,litter_motion,466,631,424,611,509,652,COLOR_SEC
20:39:35.835,448,litter_motion,1493,808,1412,785,1575,832,COLOR_SEC
20:39:35.835,448,litter_motion,463,625,420,609,506,641,COLOR_SEC
20:39:35.999,450,litter_motion,1486,810,1429,783,1544,838,COLOR_SEC
20:39:36.083,451,litter_motion,1487,812,1435,784,1539,841,COLOR_SEC
20:39:36.166,452,litter_motion,1494,817,1441,788,1547,847,COLOR_SEC
20:39:36.250,453,litter_motion,1503,821,1451,791,1555,851,COLOR_SEC
20:39:36.336,454,litter_motion,1508,822,1457,788,1560,856,COLOR_SEC
20:39:36.419,455,litter_motion,1509,828,1462,792,1557,865,COLOR_SEC
20:39:36.502,456,litter_motion,1511,828,1464,791,1559,866,COLOR_SEC
20:39:36.586,457,litter_motion,1512,832,1461,791,1564,874,COLOR_SEC
20:39:38.427,479,litter_motion,63,458,0,440,127,477,COLOR_SEC
20:39:38.511,480,litter_motion,63,458,0,440,127,477,COLOR_SEC
20:39:38.594,481,litter_motion,60,458,0,439,120,477,COLOR_SEC
20:39:38.678,482,litter_motion,70,458,0,440,140,477,COLOR_SEC
20:39:38.846,484,litter_motion,525,500,494,485,556,516,COLOR_SEC
20:39:38.846,484,litter_motion,40,459,0,442,80,477,COLOR_SEC
20:39:38.931,485,litter_motion,525,500,494,485,556,516,COLOR_SEC
20:39:38.931,485,litter_motion,72,458,0,440,145,477,COLOR_SEC
20:39:39.016,486,litter_motion,525,500,494,485,556,516,COLOR_SEC
20:39:39.016,486,litter_motion,72,458,0,440,145,477,COLOR_SEC
20:39:39.099,487,litter_motion,525,501,495,487,556,516,COLOR_SEC
20:39:39.184,488,litter_motion,525,501,494,487,556,516,COLOR_SEC
20:39:39.601,493,litter_motion,677,590,636,572,719,608,COLOR_SEC
20:39:40.021,498,litter_motion,669,471,588,445,750,497,COLOR_SEC
20:39:40.857,508,litter_motion,876,643,839,620,914,667,COLOR_SEC
20:39:40.940,509,litter_motion,879,644,841,621,917,668,COLOR_SEC
20:39:41.025,510,litter_motion,879,648,842,622,917,675,COLOR_SEC
20:39:41.109,511,litter_motion,877,651,833,626,921,677,COLOR_SEC
20:39:41.442,515,litter_motion,315,422,288,405,343,439,COLOR_SEC
20:39:41.524,516,litter_motion,943,463,891,439,996,487,COLOR_SEC
20:39:41.524,516,litter_motion,319,422,291,405,347,439,COLOR_SEC
20:39:41.608,517,litter_motion,943,464,886,439,1000,490,COLOR_SEC
20:39:41.691,518,litter_motion,946,462,893,439,999,486,COLOR_SEC
20:39:41.773,519,litter_motion,938,462,893,439,984,486,COLOR_SEC
20:39:41.856,520,litter_motion,942,466,894,445,991,487,COLOR_SEC
20:39:41.939,521,litter_motion,941,469,894,447,988,492,COLOR_SEC
20:39:42.022,522,litter_motion,939,469,893,447,986,492,COLOR_SEC
20:39:42.105,523,litter_motion,942,470,893,448,992,492,COLOR_SEC
20:39:42.187,524,litter_motion,942,470,895,448,989,492,COLOR_SEC
20:39:42.269,525,litter_motion,942,467,894,449,990,486,COLOR_SEC
20:39:42.351,526,litter_motion,913,663,872,632,955,694,COLOR_SEC
20:39:42.351,526,litter_motion,947,470,899,455,995,486,COLOR_SEC
20:39:42.431,527,litter_motion,915,665,874,635,957,696,COLOR_SEC
20:39:42.431,527,litter_motion,942,468,898,449,987,487,COLOR_SEC
20:39:42.516,528,litter_motion,918,666,877,636,960,696,COLOR_SEC
20:39:42.516,528,litter_motion,943,468,898,449,989,487,COLOR_SEC
20:39:42.599,529,litter_motion,943,468,898,449,989,487,COLOR_SEC
20:39:42.682,530,litter_motion,950,468,909,449,991,487,COLOR_SEC
20:39:42.771,531,litter_motion,942,471,908,451,977,492,COLOR_SEC
20:39:42.771,531,litter_motion,349,423,328,408,371,439,COLOR_SEC
20:39:42.854,532,litter_motion,941,469,904,451,978,488,COLOR_SEC
20:39:42.938,533,litter_motion,758,460,708,424,809,496,COLOR_SEC
20:39:43.683,542,litter_motion,1384,337,1344,324,1425,351,COLOR_SEC
20:39:44.177,548,litter_motion,397,426,372,411,422,442,COLOR_SEC
20:39:44.264,549,litter_motion,398,426,374,411,423,441,COLOR_SEC
20:39:44.350,550,litter_motion,793,461,757,432,829,491,COLOR_SEC
20:39:44.436,551,litter_motion,794,461,757,432,831,490,COLOR_SEC
20:39:44.436,551,litter_motion,554,340,501,324,608,356,COLOR_SEC
20:39:44.519,552,litter_motion,794,462,757,432,831,492,COLOR_SEC
20:39:44.519,552,litter_motion,550,341,489,324,611,358,COLOR_SEC
20:39:44.603,553,litter_motion,531,339,453,324,610,355,COLOR_SEC
20:39:44.688,554,litter_motion,750,675,708,646,793,705,COLOR_SEC
20:39:44.770,555,litter_motion,751,675,708,646,795,705,COLOR_SEC
20:39:44.770,555,litter_motion,559,341,505,324,614,359,COLOR_SEC
20:39:44.854,556,litter_motion,753,675,708,644,798,707,COLOR_SEC
20:39:44.936,557,litter_motion,753,677,708,646,799,708,COLOR_SEC
20:39:44.936,557,litter_motion,1104,484,1051,464,1158,505,COLOR_SEC
20:39:44.936,557,litter_motion,706,389,658,378,754,401,COLOR_SEC
20:39:44.936,557,litter_motion,537,340,458,324,617,356,COLOR_SEC
20:39:45.020,558,litter_motion,759,677,716,646,802,708,COLOR_SEC
20:39:45.020,558,litter_motion,1105,484,1035,464,1176,504,COLOR_SEC
20:39:45.020,558,litter_motion,705,389,658,378,752,401,COLOR_SEC
20:39:45.110,559,litter_motion,1098,485,1036,464,1161,506,COLOR_SEC
20:39:45.196,560,litter_motion,759,678,714,647,804,710,COLOR_SEC
20:39:45.197,560,litter_motion,1097,481,1032,457,1163,505,COLOR_SEC
20:39:45.280,561,litter_motion,1086,483,1046,465,1127,502,COLOR_SEC
20:39:45.362,562,litter_motion,759,679,714,647,804,712,COLOR_SEC
20:39:45.362,562,litter_motion,1105,483,1046,462,1164,504,COLOR_SEC
20:39:45.443,563,litter_motion,1083,481,1036,458,1131,505,COLOR_SEC
20:39:45.526,564,litter_motion,1106,485,1046,465,1167,505,COLOR_SEC
20:39:45.613,565,litter_motion,1101,484,1069,463,1133,505,COLOR_SEC
20:39:45.694,566,litter_motion,1083,484,1033,465,1134,503,COLOR_SEC
20:39:45.775,567,litter_motion,1083,481,1032,458,1135,505,COLOR_SEC
20:39:45.775,567,litter_motion,816,469,793,449,840,490,COLOR_SEC
20:39:45.860,568,litter_motion,1103,483,1071,462,1136,505,COLOR_SEC
20:39:45.860,568,litter_motion,817,469,795,449,840,490,COLOR_SEC
20:39:45.946,569,litter_motion,962,712,922,686,1002,739,COLOR_SEC
20:39:45.946,569,litter_motion,1084,482,1033,460,1136,505,COLOR_SEC
20:39:45.946,569,litter_motion,821,469,802,449,840,490,COLOR_SEC
20:39:46.033,570,litter_motion,1104,484,1073,463,1136,506,COLOR_SEC
20:39:46.033,570,litter_motion,823,469,805,449,842,490,COLOR_SEC
20:39:46.116,571,litter_motion,1105,486,1074,466,1136,506,COLOR_SEC
20:39:46.116,571,litter_motion,823,471,805,449,842,493,COLOR_SEC
20:39:46.198,572,litter_motion,1087,483,1036,460,1139,506,COLOR_SEC
20:39:46.198,572,litter_motion,824,471,806,450,843,493,COLOR_SEC
20:39:46.198,572,litter_motion,1795,364,1761,343,1829,386,COLOR_SEC
20:39:46.198,572,litter_motion,575,340,521,324,629,356,COLOR_SEC
20:39:46.284,573,litter_motion,1101,485,1063,465,1140,505,COLOR_SEC
20:39:46.284,573,litter_motion,824,472,806,451,843,493,COLOR_SEC
20:39:46.284,573,litter_motion,1796,364,1762,343,1830,386,COLOR_SEC
20:39:46.284,573,litter_motion,573,340,521,324,626,356,COLOR_SEC
20:39:46.367,574,litter_motion,1094,484,1048,462,1140,506,COLOR_SEC
20:39:46.367,574,litter_motion,825,472,808,451,843,493,COLOR_SEC
20:39:46.367,574,litter_motion,1796,365,1763,344,1829,387,COLOR_SEC
20:39:46.367,574,litter_motion,574,340,521,324,627,356,COLOR_SEC
20:39:46.450,575,litter_motion,1093,484,1048,462,1139,506,COLOR_SEC
20:39:46.450,575,litter_motion,1797,365,1763,344,1831,387,COLOR_SEC
20:39:46.450,575,litter_motion,574,340,521,324,628,357,COLOR_SEC
20:39:46.531,576,litter_motion,1094,484,1048,462,1140,506,COLOR_SEC
20:39:46.531,576,litter_motion,1797,369,1764,350,1830,388,COLOR_SEC
20:39:46.531,576,litter_motion,574,340,521,324,627,356,COLOR_SEC
20:39:46.615,577,litter_motion,1089,484,1037,462,1141,507,COLOR_SEC
20:39:46.615,577,litter_motion,1797,369,1764,350,1830,388,COLOR_SEC
20:39:46.615,577,litter_motion,574,340,521,324,627,357,COLOR_SEC
20:39:46.698,578,litter_motion,1094,484,1048,462,1141,507,COLOR_SEC
20:39:46.698,578,litter_motion,1797,369,1765,350,1829,388,COLOR_SEC
20:39:46.698,578,litter_motion,573,340,521,324,626,357,COLOR_SEC
20:39:46.786,579,litter_motion,1103,485,1065,464,1141,507,COLOR_SEC
20:39:46.786,579,litter_motion,1798,370,1765,351,1831,389,COLOR_SEC
20:39:46.786,579,litter_motion,574,340,522,324,626,357,COLOR_SEC
20:39:46.870,580,litter_motion,1103,487,1065,466,1142,508,COLOR_SEC
20:39:46.870,580,litter_motion,1797,370,1766,351,1829,389,COLOR_SEC
20:39:46.870,580,litter_motion,574,340,522,324,626,357,COLOR_SEC
20:39:46.953,581,litter_motion,1104,487,1067,466,1142,508,COLOR_SEC
20:39:46.953,581,litter_motion,1798,370,1766,352,1830,389,COLOR_SEC
20:39:46.953,581,litter_motion,574,340,522,324,626,356,COLOR_SEC
20:39:47.034,582,litter_motion,1104,487,1067,466,1141,508,COLOR_SEC
20:39:47.034,582,litter_motion,1799,368,1767,347,1831,390,COLOR_SEC
20:39:47.034,582,litter_motion,574,340,522,324,626,356,COLOR_SEC
20:39:47.119,583,litter_motion,1105,487,1069,467,1141,508,COLOR_SEC
20:39:47.119,583,litter_motion,1799,368,1767,347,1832,390,COLOR_SEC
20:39:47.119,583,litter_motion,574,340,522,324,626,356,COLOR_SEC
20:39:47.204,584,litter_motion,1105,487,1069,467,1141,508,COLOR_SEC
20:39:47.204,584,litter_motion,574,340,522,324,626,356,COLOR_SEC
20:39:47.288,585,litter_motion,1105,487,1069,467,1141,508,COLOR_SEC
20:39:47.372,586,litter_motion,967,748,923,720,1011,776,COLOR_SEC
20:39:47.372,586,litter_motion,1105,490,1067,472,1143,508,COLOR_SEC
20:39:47.454,587,litter_motion,965,734,922,692,1009,777,COLOR_SEC
20:39:47.454,587,litter_motion,1113,490,1083,472,1143,508,COLOR_SEC
20:39:47.538,588,litter_motion,965,751,922,723,1009,779,COLOR_SEC
20:39:47.538,588,litter_motion,1113,490,1084,472,1143,508,COLOR_SEC
20:39:47.619,589,litter_motion,965,751,921,723,1009,780,COLOR_SEC
20:39:47.702,590,litter_motion,963,758,922,736,1004,781,COLOR_SEC
20:39:47.785,591,litter_motion,963,754,922,726,1005,782,COLOR_SEC
20:39:47.866,592,litter_motion,969,755,932,726,1006,784,COLOR_SEC
20:39:47.949,593,litter_motion,965,744,924,703,1006,785,COLOR_SEC
20:39:48.031,594,litter_motion,967,756,924,726,1010,786,COLOR_SEC
20:39:48.115,595,litter_motion,1514,805,1481,784,1547,826,COLOR_SEC
20:39:48.362,598,litter_motion,1517,804,1481,783,1553,826,COLOR_SEC
20:39:48.444,599,litter_motion,1517,810,1481,784,1553,836,COLOR_SEC
20:39:48.527,600,litter_motion,1514,810,1481,785,1548,836,COLOR_SEC
20:39:48.611,601,litter_motion,1034,908,1008,888,1060,929,COLOR_SEC
20:39:48.701,602,litter_motion,1034,910,1009,890,1060,931,COLOR_SEC
20:39:48.701,602,litter_motion,1796,372,1765,353,1828,391,COLOR_SEC
20:39:48.782,603,litter_motion,1034,913,1009,893,1060,934,COLOR_SEC
20:39:48.782,603,litter_motion,1795,371,1764,352,1827,391,COLOR_SEC
20:39:48.864,604,litter_motion,1035,915,1010,895,1061,936,COLOR_SEC
20:39:48.864,604,litter_motion,1795,372,1763,353,1827,391,COLOR_SEC
20:39:48.948,605,litter_motion,1036,918,1010,897,1062,939,COLOR_SEC
20:39:48.948,605,litter_motion,1794,372,1763,353,1826,391,COLOR_SEC
20:39:49.030,606,litter_motion,1793,372,1762,353,1825,391,COLOR_SEC
20:39:49.111,607,litter_motion,1791,371,1761,352,1821,391,COLOR_SEC
20:39:49.191,608,litter_motion,1790,371,1759,352,1822,391,COLOR_SEC
20:39:49.273,609,litter_motion,963,770,920,752,1006,789,COLOR_SEC
20:39:49.273,609,litter_motion,1790,371,1759,352,1822,390,COLOR_SEC
20:39:49.355,610,litter_motion,963,765,918,726,1008,805,COLOR_SEC
20:39:49.355,610,litter_motion,1789,370,1757,351,1821,390,COLOR_SEC
20:39:49.438,611,litter_motion,965,776,921,753,1009,799,COLOR_SEC
20:39:49.438,611,litter_motion,1788,370,1757,351,1820,389,COLOR_SEC
20:39:49.521,612,litter_motion,965,778,931,754,1000,803,COLOR_SEC
20:39:49.521,612,litter_motion,1787,370,1756,351,1818,389,COLOR_SEC
20:39:49.605,613,litter_motion,966,766,933,744,1000,788,COLOR_SEC
20:39:49.605,613,litter_motion,1787,369,1756,350,1818,389,COLOR_SEC
20:39:49.687,614,litter_motion,966,773,933,756,1000,790,COLOR_SEC
20:39:49.687,614,litter_motion,1786,367,1755,345,1818,389,COLOR_SEC
20:39:49.768,615,litter_motion,1534,817,1499,793,1570,841,COLOR_SEC
20:39:49.768,615,litter_motion,972,766,936,725,1009,807,COLOR_SEC
20:39:49.768,615,litter_motion,1787,366,1755,344,1819,389,COLOR_SEC
20:39:49.850,616,litter_motion,1536,823,1501,803,1572,843,COLOR_SEC
20:39:49.850,616,litter_motion,1787,366,1755,344,1819,389,COLOR_SEC
20:39:49.933,617,litter_motion,1536,823,1499,802,1574,845,COLOR_SEC
20:39:49.933,617,litter_motion,968,774,935,750,1001,798,COLOR_SEC
20:39:49.933,617,litter_motion,1786,366,1754,344,1819,389,COLOR_SEC
20:39:50.014,618,litter_motion,971,785,930,762,1013,809,COLOR_SEC
20:39:50.014,618,litter_motion,1786,367,1754,345,1818,389,COLOR_SEC
20:39:50.097,619,litter_motion,965,783,929,764,1002,802,COLOR_SEC
20:39:50.097,619,litter_motion,1784,370,1753,351,1815,390,COLOR_SEC
20:39:50.180,620,litter_motion,963,787,928,769,999,805,COLOR_SEC
20:39:50.180,620,litter_motion,1783,371,1752,352,1815,390,COLOR_SEC
20:39:50.264,621,litter_motion,966,787,931,768,1002,806,COLOR_SEC
20:39:50.264,621,litter_motion,1782,371,1752,352,1812,390,COLOR_SEC
20:39:50.345,622,litter_motion,965,788,930,769,1001,808,COLOR_SEC
20:39:50.345,622,litter_motion,1781,372,1751,353,1812,391,COLOR_SEC
20:39:50.428,623,litter_motion,970,772,932,723,1009,822,COLOR_SEC
20:39:50.428,623,litter_motion,1780,372,1751,353,1810,391,COLOR_SEC
20:39:50.509,624,litter_motion,1780,372,1751,353,1810,391,COLOR_SEC
20:39:50.591,625,litter_motion,1780,372,1751,353,1810,391,COLOR_SEC
20:39:50.672,626,litter_motion,1780,372,1751,353,1810,391,COLOR_SEC
20:39:50.762,627,litter_motion,1780,371,1750,352,1811,391,COLOR_SEC
20:39:50.854,628,litter_motion,1781,371,1750,352,1812,390,COLOR_SEC
20:39:50.937,629,litter_motion,1780,370,1750,352,1811,389,COLOR_SEC
20:39:51.021,630,litter_motion,1782,366,1750,345,1814,388,COLOR_SEC
20:39:51.104,631,litter_motion,1780,369,1749,350,1811,388,COLOR_SEC
20:39:51.186,632,litter_motion,1780,369,1749,350,1811,388,COLOR_SEC
20:39:51.270,633,litter_motion,1780,368,1749,350,1811,387,COLOR_SEC
20:39:51.354,634,litter_motion,1780,368,1750,349,1810,387,COLOR_SEC
20:39:51.438,635,litter_motion,1780,367,1750,349,1811,386,COLOR_SEC
20:39:51.518,636,litter_motion,1046,987,1017,961,1075,1013,COLOR_SEC
20:39:51.519,636,litter_motion,1780,367,1750,348,1810,386,COLOR_SEC
20:39:51.600,637,litter_motion,1047,989,1017,963,1077,1015,COLOR_SEC
20:39:51.600,637,litter_motion,1779,367,1750,348,1809,386,COLOR_SEC
20:39:51.684,638,litter_motion,1046,991,1017,965,1075,1017,COLOR_SEC
20:39:51.684,638,litter_motion,1780,367,1750,348,1810,386,COLOR_SEC
20:39:51.766,639,litter_motion,1046,992,1017,966,1076,1019,COLOR_SEC
20:39:51.766,639,litter_motion,1780,366,1750,348,1811,385,COLOR_SEC
20:39:51.848,640,litter_motion,1046,994,1016,968,1076,1021,COLOR_SEC
20:39:51.848,640,litter_motion,1780,366,1750,348,1811,385,COLOR_SEC
20:39:51.931,641,litter_motion,1046,996,1017,970,1076,1023,COLOR_SEC
20:39:51.931,641,litter_motion,1780,366,1750,348,1811,385,COLOR_SEC
20:39:52.012,642,litter_motion,1047,998,1016,972,1078,1025,COLOR_SEC
20:39:52.012,642,litter_motion,1780,366,1750,348,1811,385,COLOR_SEC
20:39:52.094,643,litter_motion,1781,366,1751,348,1812,384,COLOR_SEC
20:39:52.343,646,litter_motion,1782,365,1752,346,1812,384,COLOR_SEC
20:39:52.507,648,litter_motion,1781,364,1752,346,1811,383,COLOR_SEC
20:39:52.588,649,litter_motion,1781,364,1752,346,1810,383,COLOR_SEC
20:39:52.755,651,litter_motion,1783,363,1753,345,1813,382,COLOR_SEC
20:39:52.836,652,litter_motion,1783,363,1753,344,1813,382,COLOR_SEC
20:39:56.162,692,litter_motion,1645,941,1607,906,1683,977,COLOR_SEC
20:39:56.162,692,litter_motion,1536,864,1504,835,1568,894,COLOR_SEC
20:39:56.246,693,litter_motion,1650,943,1618,909,1683,978,COLOR_SEC
20:39:56.246,693,litter_motion,1535,854,1501,821,1569,887,COLOR_SEC
20:39:56.327,694,litter_motion,1646,938,1609,905,1684,972,COLOR_SEC
20:39:56.328,694,litter_motion,1520,844,1471,802,1570,887,COLOR_SEC
20:39:56.411,695,litter_motion,1652,947,1620,919,1684,975,COLOR_SEC
20:39:56.411,695,litter_motion,1524,849,1478,805,1570,894,COLOR_SEC
20:39:56.493,696,litter_motion,1653,949,1619,922,1687,976,COLOR_SEC
20:39:56.493,696,litter_motion,1538,856,1506,819,1571,894,COLOR_SEC
20:39:56.574,697,litter_motion,1535,858,1498,821,1572,895,COLOR_SEC
20:39:56.657,698,litter_motion,1651,946,1615,914,1687,978,COLOR_SEC
20:39:56.657,698,litter_motion,1536,856,1499,821,1574,892,COLOR_SEC
20:39:56.740,699,litter_motion,1534,857,1493,821,1575,894,COLOR_SEC
20:39:56.826,700,litter_motion,1644,944,1617,917,1671,971,COLOR_SEC
20:39:56.826,700,litter_motion,1534,857,1498,821,1570,894,COLOR_SEC
20:39:56.908,701,litter_motion,1524,856,1477,816,1571,896,COLOR_SEC
20:39:56.989,702,litter_motion,1537,858,1504,821,1571,896,COLOR_SEC
20:39:57.071,703,litter_motion,1534,859,1499,821,1569,897,COLOR_SEC
20:39:57.152,704,litter_motion,1535,859,1500,821,1570,898,COLOR_SEC
20:39:57.236,705,litter_motion,1524,860,1477,819,1571,902,COLOR_SEC
20:39:57.318,706,litter_motion,1525,860,1477,819,1573,902,COLOR_SEC
20:39:57.400,707,litter_motion,1540,860,1505,821,1575,899,COLOR_SEC
20:39:57.483,708,litter_motion,1527,859,1480,821,1575,898,COLOR_SEC
20:39:57.564,709,litter_motion,1529,863,1484,825,1574,901,COLOR_SEC
20:39:57.645,710,litter_motion,1527,860,1477,819,1577,902,COLOR_SEC
20:39:57.729,711,litter_motion,1528,852,1477,815,1580,889,COLOR_SEC
20:39:57.812,712,litter_motion,1529,861,1477,819,1582,904,COLOR_SEC
20:39:57.893,713,litter_motion,1532,862,1477,819,1587,905,COLOR_SEC
20:39:57.976,714,litter_motion,1531,862,1477,818,1585,907,COLOR_SEC
20:39:58.060,715,litter_motion,1537,865,1488,824,1586,906,COLOR_SEC
20:39:58.142,716,litter_motion,1532,865,1490,827,1575,903,COLOR_SEC
20:39:58.226,717,litter_motion,1532,864,1492,828,1573,900,COLOR_SEC
20:39:58.309,718,litter_motion,1533,862,1492,829,1575,895,COLOR_SEC
20:39:58.390,719,litter_motion,1534,861,1494,829,1575,893,COLOR_SEC
20:39:58.470,720,litter_motion,1538,863,1499,832,1577,894,COLOR_SEC
20:39:58.552,721,litter_motion,1546,865,1515,835,1578,896,COLOR_SEC
20:39:58.633,722,litter_motion,1537,865,1492,833,1582,897,COLOR_SEC
20:39:58.715,723,litter_motion,1541,867,1499,836,1583,899,COLOR_SEC
20:39:58.798,724,litter_motion,1535,867,1492,833,1578,901,COLOR_SEC
20:39:58.879,725,litter_motion,1536,868,1492,834,1580,902,COLOR_SEC
20:39:58.961,726,litter_motion,1543,873,1505,841,1581,905,COLOR_SEC
20:39:59.044,727,litter_motion,1542,874,1503,840,1582,908,COLOR_SEC
20:39:59.128,728,litter_motion,1537,875,1493,841,1582,910,COLOR_SEC
20:39:59.707,735,litter_motion,1531,873,1503,856,1560,890,COLOR_SEC
20:39:59.789,736,litter_motion,1549,978,1532,949,1567,1008,COLOR_SEC
20:39:59.872,737,litter_motion,1549,979,1532,949,1567,1010,COLOR_SEC
20:39:59.872,737,litter_motion,1538,878,1509,858,1568,899,COLOR_SEC
20:39:59.954,738,litter_motion,1551,979,1534,939,1568,1019,COLOR_SEC
20:39:59.954,738,litter_motion,1623,944,1581,896,1665,992,COLOR_SEC
20:39:59.954,738,litter_motion,1541,878,1509,858,1573,899,COLOR_SEC
20:40:00.036,739,litter_motion,1552,988,1537,955,1568,1021,COLOR_SEC
20:40:00.036,739,litter_motion,1623,945,1583,897,1664,993,COLOR_SEC
20:40:00.117,740,litter_motion,1554,986,1540,949,1568,1024,COLOR_SEC
20:40:00.117,740,litter_motion,1625,939,1584,884,1667,994,COLOR_SEC
20:40:00.200,741,litter_motion,1624,943,1585,891,1664,995,COLOR_SEC
20:40:00.280,742,litter_motion,1625,950,1586,903,1665,997,COLOR_SEC
20:40:00.364,743,litter_motion,1621,956,1577,916,1665,997,COLOR_SEC
20:40:00.445,744,litter_motion,1623,946,1579,894,1667,999,COLOR_SEC
20:40:00.526,745,litter_motion,1626,946,1584,894,1669,999,COLOR_SEC
20:40:00.607,746,litter_motion,1622,946,1579,893,1665,999,COLOR_SEC
20:40:00.690,747,litter_motion,1624,956,1581,912,1667,1001,COLOR_SEC
20:40:00.772,748,litter_motion,1626,956,1583,912,1669,1001,COLOR_SEC
20:40:00.936,750,litter_motion,1629,952,1587,906,1672,999,COLOR_SEC
20:40:01.020,751,litter_motion,1629,953,1589,905,1669,1002,COLOR_SEC
20:40:01.102,752,litter_motion,1632,955,1591,907,1674,1003,COLOR_SEC
20:40:01.184,753,litter_motion,1632,955,1592,907,1673,1004,COLOR_SEC
20:40:01.268,754,litter_motion,1635,956,1595,908,1675,1005,COLOR_SEC
20:40:01.349,755,litter_motion,1635,955,1597,906,1674,1005,COLOR_SEC
20:40:01.349,755,litter_motion,1072,876,1043,852,1102,900,COLOR_SEC
20:40:01.432,756,litter_motion,1637,956,1599,908,1676,1004,COLOR_SEC
20:40:01.432,756,litter_motion,1072,878,1043,854,1101,902,COLOR_SEC
20:40:01.515,757,litter_motion,1636,955,1601,910,1671,1001,COLOR_SEC
20:40:01.515,757,litter_motion,1072,879,1043,855,1101,904,COLOR_SEC
20:40:01.758,760,litter_motion,1538,978,1508,943,1568,1014,COLOR_SEC
20:40:01.840,761,litter_motion,1537,988,1507,946,1568,1030,COLOR_SEC
20:40:01.926,762,litter_motion,1524,962,1479,913,1570,1012,COLOR_SEC
20:40:01.926,762,litter_motion,1609,943,1547,896,1672,990,COLOR_SEC
20:40:02.010,763,litter_motion,1537,978,1504,944,1570,1013,COLOR_SEC
20:40:02.093,764,litter_motion,1524,969,1480,921,1568,1017,COLOR_SEC
20:40:02.093,764,litter_motion,1620,956,1566,918,1674,994,COLOR_SEC
20:40:02.175,765,litter_motion,1537,981,1505,946,1570,1017,COLOR_SEC
20:40:02.175,765,litter_motion,1623,958,1569,918,1677,998,COLOR_SEC
20:40:02.257,766,litter_motion,1526,974,1482,925,1571,1023,COLOR_SEC
20:40:02.342,767,litter_motion,1535,987,1499,950,1572,1025,COLOR_SEC
20:40:02.423,768,litter_motion,1537,981,1508,949,1566,1014,COLOR_SEC
20:40:02.505,769,litter_motion,1541,989,1507,951,1575,1028,COLOR_SEC
20:40:02.587,770,litter_motion,1540,992,1503,953,1578,1032,COLOR_SEC
20:40:02.670,771,litter_motion,1554,995,1529,954,1580,1036,COLOR_SEC
20:40:02.753,772,litter_motion,1552,996,1532,959,1572,1033,COLOR_SEC
20:40:02.753,772,litter_motion,1066,914,1035,887,1097,942,COLOR_SEC
20:40:02.837,773,litter_motion,1539,999,1506,958,1573,1040,COLOR_SEC
20:40:02.837,773,litter_motion,1066,917,1035,890,1098,945,COLOR_SEC
20:40:03.166,777,litter_motion,1549,989,1529,951,1569,1027,COLOR_SEC
20:40:04.068,788,litter_motion,1059,954,1025,924,1094,985,COLOR_SEC
20:40:04.149,789,litter_motion,1059,957,1025,926,1094,988,COLOR_SEC
20:40:04.231,790,litter_motion,1058,958,1024,928,1093,989,COLOR_SEC
20:40:05.464,805,litter_motion,1059,984,1023,951,1096,1018,COLOR_SEC
20:40:05.546,806,litter_motion,1061,986,1024,952,1098,1020,COLOR_SEC
20:40:05.629,807,litter_motion,1061,987,1024,953,1098,1022,COLOR_SEC
20:40:05.708,808,litter_motion,1061,989,1024,954,1098,1024,COLOR_SEC
20:40:05.790,809,litter_motion,1062,990,1024,955,1100,1026,COLOR_SEC
20:40:05.873,810,litter_motion,1062,992,1024,956,1100,1028,COLOR_SEC
20:40:05.955,811,litter_motion,1062,994,1025,959,1100,1030,COLOR_SEC
20:40:06.036,812,litter_motion,1063,996,1025,961,1101,1032,COLOR_SEC
20:40:06.117,813,litter_motion,1064,998,1026,963,1102,1034,COLOR_SEC
20:40:07.342,828,litter_motion,484,868,451,828,517,909,COLOR_SEC
20:40:07.425,829,litter_motion,491,873,450,836,533,910,COLOR_SEC
20:40:07.506,830,litter_motion,489,870,448,829,531,912,COLOR_SEC
20:40:07.586,831,litter_motion,489,871,446,829,533,913,COLOR_SEC
20:40:07.753,833,litter_motion,483,877,441,839,526,915,COLOR_SEC
20:40:07.837,834,litter_motion,482,878,440,840,524,917,COLOR_SEC
20:40:08.496,842,litter_motion,487,827,457,798,518,856,COLOR_SEC
20:40:08.581,843,litter_motion,486,828,455,798,517,858,COLOR_SEC
20:40:08.662,844,litter_motion,482,829,450,800,514,859,COLOR_SEC
20:40:08.744,845,litter_motion,1086,1055,1041,1030,1132,1080,COLOR_SEC
20:40:08.744,845,litter_motion,481,830,451,800,512,860,COLOR_SEC
20:40:08.825,846,litter_motion,1087,1056,1041,1032,1133,1080,COLOR_SEC
20:40:08.825,846,litter_motion,480,831,449,801,511,861,COLOR_SEC
20:40:08.906,847,litter_motion,1082,1057,1041,1034,1124,1080,COLOR_SEC
20:40:08.906,847,litter_motion,488,828,447,802,530,855,COLOR_SEC
20:40:08.988,848,litter_motion,1082,1058,1041,1037,1124,1080,COLOR_SEC
20:40:09.070,849,litter_motion,1083,1059,1042,1039,1125,1080,COLOR_SEC
20:40:09.070,849,litter_motion,483,833,440,803,526,864,COLOR_SEC
20:40:09.153,850,litter_motion,1083,1060,1042,1040,1125,1080,COLOR_SEC
20:40:09.238,851,litter_motion,1084,1061,1042,1043,1126,1080,COLOR_SEC
20:40:09.321,852,litter_motion,1084,1062,1041,1045,1127,1080,COLOR_SEC
20:40:09.403,853,litter_motion,1084,1064,1042,1048,1127,1080,COLOR_SEC
20:40:09.486,854,litter_motion,1084,1065,1043,1051,1126,1080,COLOR_SEC
20:40:09.568,855,litter_motion,1083,1067,1042,1054,1125,1080,COLOR_SEC
20:40:14.640,916,litter_motion,1384,670,1361,642,1407,698,COLOR_SEC
20:40:14.724,917,litter_motion,1385,671,1362,643,1408,699,COLOR_SEC
20:40:14.807,918,litter_motion,1386,672,1362,644,1410,701,COLOR_SEC
20:40:14.889,919,litter_motion,1387,675,1363,645,1411,706,COLOR_SEC
20:40:14.973,920,litter_motion,1388,676,1363,646,1413,706,COLOR_SEC
20:40:15.056,921,litter_motion,1390,676,1365,646,1415,706,COLOR_SEC
20:40:15.140,922,litter_motion,1392,676,1367,647,1417,706,COLOR_SEC
20:40:15.225,923,litter_motion,1394,677,1370,648,1418,707,COLOR_SEC
20:40:15.308,924,litter_motion,1393,679,1369,650,1418,709,COLOR_SEC
20:40:16.473,938,litter_motion,396,503,314,472,479,534,COLOR_SEC
20:40:16.558,939,litter_motion,398,503,314,472,482,534,COLOR_SEC
20:40:16.725,941,litter_motion,1421,697,1397,668,1446,726,COLOR_SEC
20:40:16.809,942,litter_motion,1421,698,1396,669,1447,728,COLOR_SEC
20:40:16.893,943,litter_motion,1424,699,1399,669,1449,729,COLOR_SEC
20:40:16.975,944,litter_motion,1425,700,1400,670,1451,730,COLOR_SEC
20:40:17.057,945,litter_motion,1426,701,1400,671,1452,732,COLOR_SEC
20:40:17.139,946,litter_motion,1427,702,1400,672,1455,732,COLOR_SEC
20:40:17.222,947,litter_motion,1429,702,1402,673,1456,732,COLOR_SEC
20:40:17.305,948,litter_motion,1429,702,1402,672,1457,732,COLOR_SEC
20:40:17.388,949,litter_motion,1431,704,1404,678,1458,730,COLOR_SEC
20:40:17.472,950,litter_motion,1432,704,1404,679,1460,730,COLOR_SEC
20:40:17.555,951,litter_motion,1433,708,1406,679,1461,737,COLOR_SEC
20:40:17.637,952,litter_motion,1435,708,1408,679,1463,738,COLOR_SEC
20:40:17.719,953,litter_motion,1436,708,1408,680,1464,737,COLOR_SEC
20:40:17.802,954,litter_motion,1437,708,1410,680,1465,737,COLOR_SEC
20:40:17.884,955,litter_motion,1439,708,1413,680,1466,737,COLOR_SEC
20:40:19.195,971,litter_motion,389,491,345,468,433,514,COLOR_SEC
20:40:19.278,972,litter_motion,390,492,345,472,435,512,COLOR_SEC
20:40:20.176,983,litter_motion,1479,742,1454,705,1504,779,COLOR_SEC
20:40:21.663,1001,litter_motion,1503,756,1468,714,1538,799,COLOR_SEC
20:40:21.743,1002,litter_motion,1505,756,1469,714,1541,799,COLOR_SEC
20:40:21.827,1003,litter_motion,1506,757,1469,715,1543,799,COLOR_SEC
20:40:21.910,1004,litter_motion,1507,756,1469,715,1545,798,COLOR_SEC
20:40:21.993,1005,litter_motion,1509,757,1473,715,1546,800,COLOR_SEC
20:40:22.077,1006,litter_motion,1509,759,1472,715,1547,803,COLOR_SEC
20:40:22.161,1007,litter_motion,1512,758,1474,715,1551,802,COLOR_SEC
20:40:22.244,1008,litter_motion,1514,759,1475,716,1553,803,COLOR_SEC
20:40:23.545,1023,litter_motion,854,456,827,435,881,477,COLOR_SEC
20:40:23.631,1024,litter_motion,854,455,827,434,881,477,COLOR_SEC
20:40:23.717,1025,litter_motion,852,455,825,434,880,476,COLOR_SEC
20:40:23.800,1026,litter_motion,1540,775,1494,730,1587,820,COLOR_SEC
20:40:23.800,1026,litter_motion,853,454,827,433,879,476,COLOR_SEC
20:40:23.883,1027,litter_motion,1547,774,1506,730,1589,818,COLOR_SEC
20:40:23.883,1027,litter_motion,853,454,827,433,879,476,COLOR_SEC
20:40:23.968,1028,litter_motion,1548,778,1506,730,1590,827,COLOR_SEC
20:40:23.968,1028,litter_motion,853,453,827,432,879,475,COLOR_SEC
20:40:24.056,1029,litter_motion,1549,778,1506,730,1592,827,COLOR_SEC
20:40:24.056,1029,litter_motion,852,453,827,432,878,475,COLOR_SEC
20:40:24.140,1030,litter_motion,1550,777,1506,731,1594,824,COLOR_SEC
20:40:24.140,1030,litter_motion,852,453,827,431,878,475,COLOR_SEC
20:40:24.224,1031,litter_motion,1553,780,1511,731,1595,829,COLOR_SEC
20:40:24.224,1031,litter_motion,852,451,827,431,877,472,COLOR_SEC
20:40:24.308,1032,litter_motion,1548,781,1499,732,1597,830,COLOR_SEC
20:40:24.308,1032,litter_motion,746,485,718,457,775,513,COLOR_SEC
20:40:24.308,1032,litter_motion,852,451,827,430,877,472,COLOR_SEC
20:40:24.392,1033,litter_motion,1555,781,1512,732,1599,830,COLOR_SEC
20:40:24.392,1033,litter_motion,745,485,715,457,776,513,COLOR_SEC
20:40:24.392,1033,litter_motion,851,451,827,432,876,471,COLOR_SEC
20:40:24.478,1034,litter_motion,1557,782,1513,733,1601,831,COLOR_SEC
20:40:24.478,1034,litter_motion,745,485,714,457,776,513,COLOR_SEC
20:40:26.079,1053,litter_motion,747,474,721,454,774,494,COLOR_SEC
20:40:26.162,1054,litter_motion,747,474,721,454,773,494,COLOR_SEC
20:40:26.247,1055,litter_motion,747,473,721,454,774,493,COLOR_SEC
20:40:26.332,1056,litter_motion,744,474,717,454,772,494,COLOR_SEC
20:40:26.418,1057,litter_motion,746,474,720,454,772,494,COLOR_SEC
20:40:26.500,1058,litter_motion,746,472,720,454,772,490,COLOR_SEC
20:40:26.500,1058,litter_motion,469,428,408,403,531,453,COLOR_SEC
20:40:26.586,1059,litter_motion,747,472,720,454,774,490,COLOR_SEC
20:40:26.586,1059,litter_motion,471,428,410,403,533,453,COLOR_SEC
20:40:26.671,1060,litter_motion,747,474,720,454,774,494,COLOR_SEC
20:40:26.671,1060,litter_motion,471,426,410,400,533,453,COLOR_SEC
20:40:26.757,1061,litter_motion,745,474,717,454,774,494,COLOR_SEC
20:40:26.757,1061,litter_motion,476,425,420,397,533,453,COLOR_SEC
20:40:26.925,1063,litter_motion,534,656,500,634,569,679,COLOR_SEC
20:40:27.011,1064,litter_motion,532,656,498,634,567,679,COLOR_SEC
20:40:27.011,1064,litter_motion,738,474,702,455,774,494,COLOR_SEC
20:40:27.097,1065,litter_motion,441,772,365,712,518,832,COLOR_SEC
20:40:27.097,1065,litter_motion,541,657,508,634,574,681,COLOR_SEC
20:40:27.097,1065,litter_motion,737,475,700,457,774,494,COLOR_SEC
20:40:27.184,1066,litter_motion,553,658,508,635,599,681,COLOR_SEC
20:40:27.184,1066,litter_motion,737,475,700,458,774,493,COLOR_SEC
20:40:27.269,1067,litter_motion,1627,839,1574,783,1680,896,COLOR_SEC
20:40:27.269,1067,litter_motion,748,678,721,663,775,694,COLOR_SEC
20:40:27.269,1067,litter_motion,533,658,494,636,572,681,COLOR_SEC
20:40:27.269,1067,litter_motion,737,475,700,458,774,493,COLOR_SEC
20:40:27.355,1068,litter_motion,545,658,496,634,594,682,COLOR_SEC
20:40:27.355,1068,litter_motion,736,476,697,458,775,495,COLOR_SEC
20:40:27.439,1069,litter_motion,550,659,504,634,596,684,COLOR_SEC
20:40:27.524,1070,litter_motion,548,658,503,634,594,683,COLOR_SEC
20:40:27.609,1071,litter_motion,543,659,492,634,595,684,COLOR_SEC
20:40:27.693,1072,litter_motion,547,662,500,635,594,689,COLOR_SEC
20:40:27.779,1073,litter_motion,546,658,499,632,593,685,COLOR_SEC
20:40:27.779,1073,litter_motion,733,476,692,458,775,495,COLOR_SEC
20:40:27.865,1074,litter_motion,545,659,498,632,592,686,COLOR_SEC
20:40:27.951,1075,litter_motion,543,662,496,633,591,691,COLOR_SEC
20:40:28.036,1076,litter_motion,539,660,486,633,592,687,COLOR_SEC
20:40:28.036,1076,litter_motion,495,420,435,398,556,442,COLOR_SEC
20:40:28.121,1077,litter_motion,542,661,495,633,589,689,COLOR_SEC
20:40:28.121,1077,litter_motion,729,477,686,458,773,497,COLOR_SEC
20:40:28.121,1077,litter_motion,497,419,438,398,556,441,COLOR_SEC
20:40:28.204,1078,litter_motion,539,662,488,633,590,692,COLOR_SEC
20:40:28.204,1078,litter_motion,731,476,690,458,773,494,COLOR_SEC
20:40:28.204,1078,litter_motion,494,418,433,397,556,439,COLOR_SEC
20:40:28.291,1079,litter_motion,537,660,486,633,588,688,COLOR_SEC
20:40:28.291,1079,litter_motion,729,476,686,459,772,494,COLOR_SEC
20:40:28.291,1079,litter_motion,495,418,434,397,556,439,COLOR_SEC
20:40:28.378,1080,litter_motion,539,660,490,633,588,688,COLOR_SEC
20:40:28.378,1080,litter_motion,501,423,446,408,556,439,COLOR_SEC
20:40:28.465,1081,litter_motion,538,663,490,634,586,693,COLOR_SEC
20:40:28.465,1081,litter_motion,502,423,449,408,556,439,COLOR_SEC
20:40:28.551,1082,litter_motion,535,664,484,634,586,694,COLOR_SEC
20:40:28.551,1082,litter_motion,504,423,453,408,556,439,COLOR_SEC
20:40:28.636,1083,litter_motion,536,664,487,634,585,694,COLOR_SEC
20:40:28.636,1083,litter_motion,724,477,683,459,765,495,COLOR_SEC
20:40:28.636,1083,litter_motion,504,423,453,408,556,439,COLOR_SEC
20:40:28.722,1084,litter_motion,534,664,484,634,584,695,COLOR_SEC
20:40:28.722,1084,litter_motion,723,477,683,459,764,495,COLOR_SEC
20:40:28.722,1084,litter_motion,510,421,464,408,556,434,COLOR_SEC
20:40:28.807,1085,litter_motion,1672,872,1612,808,1733,937,COLOR_SEC
20:40:28.807,1085,litter_motion,535,665,485,634,585,696,COLOR_SEC
20:40:28.891,1086,litter_motion,1674,873,1610,810,1738,937,COLOR_SEC
20:40:28.891,1086,litter_motion,534,664,484,635,584,694,COLOR_SEC
20:40:28.891,1086,litter_motion,725,473,687,460,764,487,COLOR_SEC
20:40:28.975,1087,litter_motion,1677,875,1615,812,1740,939,COLOR_SEC
20:40:28.975,1087,litter_motion,533,664,483,634,583,695,COLOR_SEC
20:40:28.975,1087,litter_motion,723,477,682,460,764,494,COLOR_SEC
20:40:29.061,1088,litter_motion,531,665,481,634,582,696,COLOR_SEC
20:40:29.061,1088,litter_motion,725,472,687,457,764,487,COLOR_SEC
20:40:29.147,1089,litter_motion,530,667,480,634,580,700,COLOR_SEC
20:40:29.147,1089,litter_motion,724,472,686,457,763,488,COLOR_SEC
20:40:29.233,1090,litter_motion,530,667,480,634,580,701,COLOR_SEC
20:40:29.233,1090,litter_motion,723,476,684,457,763,496,COLOR_SEC
20:40:29.318,1091,litter_motion,530,668,482,634,578,702,COLOR_SEC
20:40:29.318,1091,litter_motion,725,476,682,457,768,496,COLOR_SEC
20:40:29.402,1092,litter_motion,531,668,484,634,579,703,COLOR_SEC
20:40:29.402,1092,litter_motion,643,564,583,517,704,611,COLOR_SEC
20:40:29.402,1092,litter_motion,722,476,682,456,763,496,COLOR_SEC
20:40:29.490,1093,litter_motion,531,667,483,634,579,700,COLOR_SEC
20:40:29.490,1093,litter_motion,643,565,582,517,704,613,COLOR_SEC
20:40:29.576,1094,litter_motion,528,669,480,634,576,705,COLOR_SEC
20:40:29.576,1094,litter_motion,642,563,582,515,702,611,COLOR_SEC
20:40:29.576,1094,litter_motion,722,475,682,456,763,495,COLOR_SEC
20:40:29.663,1095,litter_motion,528,668,481,634,576,703,COLOR_SEC
20:40:29.663,1095,litter_motion,642,560,583,512,702,609,COLOR_SEC
20:40:29.663,1095,litter_motion,720,475,682,456,758,495,COLOR_SEC
20:40:29.748,1096,litter_motion,523,671,472,641,575,702,COLOR_SEC
20:40:29.748,1096,litter_motion,641,569,582,529,700,609,COLOR_SEC
20:40:29.834,1097,litter_motion,642,560,584,511,700,610,COLOR_SEC
20:40:29.918,1098,litter_motion,522,674,470,644,574,705,COLOR_SEC
20:40:29.918,1098,litter_motion,651,560,603,512,700,608,COLOR_SEC
20:40:30.002,1099,litter_motion,523,673,475,641,571,706,COLOR_SEC
20:40:30.086,1100,litter_motion,853,357,825,340,881,374,COLOR_SEC
20:40:30.171,1101,litter_motion,520,677,467,641,573,713,COLOR_SEC
20:40:30.256,1102,litter_motion,520,678,467,642,573,714,COLOR_SEC
20:40:30.256,1102,litter_motion,650,562,602,515,698,609,COLOR_SEC
20:40:30.341,1103,litter_motion,656,562,614,515,698,610,COLOR_SEC
20:40:30.425,1104,litter_motion,521,670,472,649,571,692,COLOR_SEC
20:40:30.425,1104,litter_motion,645,570,588,532,702,609,COLOR_SEC
20:40:30.510,1105,litter_motion,521,670,472,647,571,693,COLOR_SEC
20:40:30.594,1106,litter_motion,644,561,592,514,696,609,COLOR_SEC
20:40:30.934,1110,litter_motion,734,717,700,700,768,734,COLOR_SEC
20:40:30.934,1110,litter_motion,644,564,593,518,696,610,COLOR_SEC
20:40:31.020,1111,litter_motion,733,718,699,701,767,735,COLOR_SEC
20:40:31.020,1111,litter_motion,642,564,590,519,694,610,COLOR_SEC
20:40:31.106,1112,litter_motion,733,718,699,701,768,736,COLOR_SEC
20:40:31.106,1112,litter_motion,642,565,590,521,695,610,COLOR_SEC
20:40:31.192,1113,litter_motion,732,719,698,701,767,737,COLOR_SEC
20:40:31.443,1116,litter_motion,363,849,261,758,466,941,COLOR_SEC
20:40:31.528,1117,litter_motion,362,843,259,742,465,944,COLOR_SEC
20:40:31.528,1117,litter_motion,528,667,477,647,579,687,COLOR_SEC
20:40:31.612,1118,litter_motion,360,851,256,759,464,944,COLOR_SEC
20:40:31.612,1118,litter_motion,526,668,477,647,575,689,COLOR_SEC
20:40:31.782,1120,litter_motion,510,691,449,650,572,732,COLOR_SEC
20:40:31.867,1121,litter_motion,507,693,458,654,557,733,COLOR_SEC
20:40:31.951,1122,litter_motion,185,1033,141,1002,230,1064,COLOR_SEC
20:40:31.951,1122,litter_motion,514,691,457,648,571,734,COLOR_SEC
20:40:32.037,1123,litter_motion,169,1034,110,988,228,1080,COLOR_SEC
20:40:32.037,1123,litter_motion,512,692,454,649,570,735,COLOR_SEC
20:40:32.122,1124,litter_motion,166,1035,107,991,225,1080,COLOR_SEC
20:40:32.122,1124,litter_motion,1092,829,1066,809,1118,850,COLOR_SEC
20:40:32.122,1124,litter_motion,512,692,455,648,569,736,COLOR_SEC
20:40:32.208,1125,litter_motion,173,1035,127,991,220,1080,COLOR_SEC
20:40:32.208,1125,litter_motion,1091,831,1065,811,1118,851,COLOR_SEC
20:40:32.208,1125,litter_motion,505,693,454,656,556,730,COLOR_SEC
20:40:32.294,1126,litter_motion,1093,831,1066,811,1120,852,COLOR_SEC
20:40:32.294,1126,litter_motion,498,692,442,648,555,737,COLOR_SEC
20:40:32.378,1127,litter_motion,1091,833,1063,814,1120,853,COLOR_SEC
20:40:32.378,1127,litter_motion,499,689,445,648,554,731,COLOR_SEC
20:40:32.464,1128,litter_motion,1092,834,1064,815,1121,854,COLOR_SEC
20:40:32.464,1128,litter_motion,728,731,692,712,765,750,COLOR_SEC
20:40:32.464,1128,litter_motion,497,694,441,649,554,739,COLOR_SEC
20:40:32.549,1129,litter_motion,1094,835,1066,815,1122,855,COLOR_SEC
20:40:32.549,1129,litter_motion,727,733,692,715,763,751,COLOR_SEC
20:40:32.549,1129,litter_motion,501,692,449,648,553,736,COLOR_SEC
20:40:32.634,1130,litter_motion,1095,837,1067,816,1123,858,COLOR_SEC
20:40:32.634,1130,litter_motion,727,733,691,715,763,751,COLOR_SEC
20:40:32.634,1130,litter_motion,512,690,439,647,585,733,COLOR_SEC
20:40:32.720,1131,litter_motion,1097,838,1068,816,1127,860,COLOR_SEC
20:40:32.720,1131,litter_motion,726,733,691,715,762,752,COLOR_SEC
20:40:32.720,1131,litter_motion,510,698,447,655,573,741,COLOR_SEC
20:40:32.805,1132,litter_motion,726,734,690,716,762,753,COLOR_SEC
20:40:32.805,1132,litter_motion,494,686,461,665,528,708,COLOR_SEC
20:40:32.894,1133,litter_motion,725,735,689,716,762,754,COLOR_SEC
20:40:32.894,1133,litter_motion,515,692,444,649,586,735,COLOR_SEC
20:40:32.978,1134,litter_motion,725,735,689,716,761,754,COLOR_SEC
20:40:32.978,1134,litter_motion,507,696,443,656,571,736,COLOR_SEC
20:40:33.061,1135,litter_motion,241,951,210,923,273,980,COLOR_SEC
20:40:33.061,1135,litter_motion,724,735,688,716,761,755,COLOR_SEC
20:40:33.061,1135,litter_motion,502,696,442,649,562,743,COLOR_SEC
20:40:33.148,1136,litter_motion,724,738,687,721,761,756,COLOR_SEC
20:40:33.148,1136,litter_motion,496,694,429,649,564,739,COLOR_SEC
20:40:33.233,1137,litter_motion,724,739,687,721,762,757,COLOR_SEC
20:40:33.233,1137,litter_motion,504,698,439,658,569,739,COLOR_SEC
20:40:33.318,1138,litter_motion,723,740,686,723,761,758,COLOR_SEC
20:40:33.318,1138,litter_motion,498,698,438,658,558,738,COLOR_SEC
20:40:33.403,1139,litter_motion,723,741,685,724,761,759,COLOR_SEC
20:40:33.403,1139,litter_motion,496,701,436,655,557,748,COLOR_SEC
20:40:33.486,1140,litter_motion,722,742,684,724,760,760,COLOR_SEC
20:40:33.569,1141,litter_motion,721,743,683,725,760,762,COLOR_SEC
20:40:33.654,1142,litter_motion,720,745,682,727,759,763,COLOR_SEC
20:40:33.654,1142,litter_motion,495,687,436,658,555,716,COLOR_SEC
20:40:33.992,1146,litter_motion,1110,863,1079,839,1141,888,COLOR_SEC
20:40:34.077,1147,litter_motion,1114,865,1081,841,1147,890,COLOR_SEC
20:40:34.162,1148,litter_motion,1109,867,1076,842,1143,892,COLOR_SEC
20:40:34.247,1149,litter_motion,1109,869,1076,845,1143,894,COLOR_SEC
20:40:34.333,1150,litter_motion,1110,872,1077,847,1144,897,COLOR_SEC
20:40:34.418,1151,litter_motion,1112,874,1080,849,1144,900,COLOR_SEC
20:40:34.501,1152,litter_motion,1114,876,1082,851,1146,902,COLOR_SEC
20:40:34.586,1153,litter_motion,1117,879,1083,853,1151,905,COLOR_SEC
20:40:36.024,1170,litter_motion,702,785,659,759,745,812,COLOR_SEC
20:40:36.108,1171,litter_motion,701,787,658,760,745,814,COLOR_SEC
20:40:36.194,1172,litter_motion,701,788,658,762,744,815,COLOR_SEC
20:40:36.194,1172,litter_motion,1095,772,1068,746,1123,799,COLOR_SEC
20:40:36.280,1173,litter_motion,702,790,657,763,748,818,COLOR_SEC
20:40:36.280,1173,litter_motion,1097,775,1071,748,1124,802,COLOR_SEC
20:40:36.365,1174,litter_motion,699,792,656,765,743,820,COLOR_SEC
20:40:36.366,1174,litter_motion,1098,775,1071,750,1125,801,COLOR_SEC
20:40:36.449,1175,litter_motion,699,794,655,767,743,821,COLOR_SEC
20:40:36.449,1175,litter_motion,1098,776,1071,751,1126,802,COLOR_SEC
20:40:36.533,1176,litter_motion,699,795,655,768,743,823,COLOR_SEC
20:40:36.533,1176,litter_motion,1099,778,1071,752,1127,804,COLOR_SEC
20:40:36.618,1177,litter_motion,701,797,654,770,749,825,COLOR_SEC
20:40:36.618,1177,litter_motion,1099,782,1071,753,1128,811,COLOR_SEC
20:40:36.703,1178,litter_motion,697,798,653,771,742,826,COLOR_SEC
20:40:36.703,1178,litter_motion,1098,782,1068,754,1128,811,COLOR_SEC
20:40:36.788,1179,litter_motion,1099,781,1068,755,1130,808,COLOR_SEC
20:40:36.871,1180,litter_motion,1099,784,1068,757,1131,811,COLOR_SEC
20:40:36.955,1181,litter_motion,1101,784,1071,758,1132,811,COLOR_SEC
20:40:37.039,1182,litter_motion,1153,959,1106,925,1201,993,COLOR_SEC
20:40:37.039,1182,litter_motion,1100,788,1069,760,1132,817,COLOR_SEC
20:40:37.127,1183,litter_motion,1105,788,1075,761,1135,815,COLOR_SEC
20:40:37.213,1184,litter_motion,1109,790,1084,761,1135,819,COLOR_SEC
20:40:37.302,1185,litter_motion,1110,792,1084,763,1137,821,COLOR_SEC
20:40:37.386,1186,litter_motion,1116,791,1095,761,1138,822,COLOR_SEC
20:40:37.471,1187,litter_motion,1118,796,1098,768,1138,824,COLOR_SEC
20:40:37.556,1188,litter_motion,1119,796,1098,768,1140,825,COLOR_SEC
20:40:37.643,1189,litter_motion,1118,798,1096,768,1140,828,COLOR_SEC
20:40:37.984,1193,litter_motion,683,828,637,797,730,859,COLOR_SEC
20:40:38.072,1194,litter_motion,683,830,636,799,731,861,COLOR_SEC
20:40:38.156,1195,litter_motion,682,832,634,800,730,864,COLOR_SEC
20:40:38.241,1196,litter_motion,682,834,634,802,730,866,COLOR_SEC
20:40:38.327,1197,litter_motion,681,836,633,804,729,868,COLOR_SEC
20:40:38.411,1198,litter_motion,680,838,632,806,728,871,COLOR_SEC
20:40:39.753,1214,litter_motion,669,879,617,842,721,916,COLOR_SEC
20:40:40.336,1221,litter_motion,1144,873,1107,831,1181,916,COLOR_SEC
20:40:41.005,1229,litter_motion,659,914,596,872,722,956,COLOR_SEC
20:40:41.089,1230,litter_motion,651,916,595,875,708,958,COLOR_SEC
20:40:41.172,1231,litter_motion,657,918,594,877,720,959,COLOR_SEC
20:40:43.977,1264,litter_motion,1197,999,1149,918,1246,1080,COLOR_SEC
20:40:49.358,1328,litter_motion,40,1031,0,982,81,1080,COLOR_SEC
20:40:49.446,1329,litter_motion,66,1027,0,975,132,1080,COLOR_SEC
20:40:49.614,1331,litter_motion,59,1031,0,991,118,1072,COLOR_SEC
20:40:49.697,1332,litter_motion,55,1024,0,976,110,1073,COLOR_SEC
20:40:49.782,1333,litter_motion,52,1033,0,994,105,1073,COLOR_SEC
20:40:49.864,1334,litter_motion,52,1026,0,984,104,1069,COLOR_SEC
20:40:49.946,1335,litter_motion,59,1034,0,991,118,1078,COLOR_SEC
20:40:50.033,1336,litter_motion,45,1037,0,995,90,1080,COLOR_SEC
20:40:55.441,1401,litter_motion,224,378,197,355,252,402,COLOR_SEC
20:40:55.525,1402,litter_motion,224,378,197,355,251,402,COLOR_SEC
20:40:55.607,1403,litter_motion,232,376,196,355,269,398,COLOR_SEC
20:40:55.689,1404,litter_motion,231,373,196,349,266,398,COLOR_SEC
20:40:55.772,1405,litter_motion,230,373,195,349,265,398,COLOR_SEC
20:40:55.854,1406,litter_motion,229,373,194,348,265,398,COLOR_SEC
20:40:55.936,1407,litter_motion,229,373,193,348,265,398,COLOR_SEC
20:40:56.018,1408,litter_motion,229,372,193,346,265,398,COLOR_SEC
20:40:56.099,1409,litter_motion,232,372,193,346,271,398,COLOR_SEC
20:40:56.184,1410,litter_motion,231,372,191,346,271,398,COLOR_SEC
20:40:56.271,1411,litter_motion,231,372,191,346,271,398,COLOR_SEC
20:40:56.356,1412,litter_motion,230,372,190,346,271,399,COLOR_SEC
20:40:56.439,1413,litter_motion,229,372,189,346,270,399,COLOR_SEC
20:40:56.523,1414,litter_motion,229,372,189,346,269,399,COLOR_SEC
20:40:56.606,1415,litter_motion,229,372,188,346,271,399,COLOR_SEC
20:40:56.690,1416,litter_motion,228,372,187,346,270,399,COLOR_SEC
20:40:56.772,1417,litter_motion,228,372,187,346,270,399,COLOR_SEC
20:40:56.855,1418,litter_motion,228,372,186,346,270,398,COLOR_SEC
20:40:56.941,1419,litter_motion,227,372,185,346,270,398,COLOR_SEC
20:40:57.024,1420,litter_motion,227,372,184,346,270,398,COLOR_SEC
20:40:57.108,1421,litter_motion,226,370,184,346,269,395,COLOR_SEC
20:40:57.190,1422,litter_motion,226,371,183,346,269,397,COLOR_SEC
20:40:57.275,1423,litter_motion,226,371,183,348,269,395,COLOR_SEC
20:40:57.360,1424,litter_motion,223,372,178,348,269,396,COLOR_SEC
20:40:57.443,1425,litter_motion,210,372,178,348,242,396,COLOR_SEC
20:40:57.526,1426,litter_motion,213,372,185,348,242,397,COLOR_SEC
20:40:57.610,1427,litter_motion,227,372,185,348,269,396,COLOR_SEC
20:40:57.693,1428,litter_motion,218,372,184,348,252,396,COLOR_SEC
20:40:57.776,1429,litter_motion,218,372,184,348,252,396,COLOR_SEC
20:40:57.859,1430,litter_motion,215,372,184,348,246,396,COLOR_SEC
20:40:57.941,1431,litter_motion,217,372,183,348,251,396,COLOR_SEC
20:40:58.025,1432,litter_motion,209,372,180,348,239,396,COLOR_SEC
20:40:58.106,1433,litter_motion,207,372,178,349,236,396,COLOR_SEC
20:40:58.272,1435,litter_motion,207,372,178,349,236,396,COLOR_SEC
20:41:00.267,1459,litter_motion,1185,830,1148,777,1223,884,COLOR_SEC
20:41:00.352,1460,litter_motion,1186,832,1148,778,1224,886,COLOR_SEC
20:41:00.436,1461,litter_motion,1193,824,1161,778,1225,871,COLOR_SEC
20:41:00.517,1462,litter_motion,1185,838,1144,779,1226,897,COLOR_SEC
20:41:00.600,1463,litter_motion,1187,838,1146,778,1228,898,COLOR_SEC
20:41:00.684,1464,litter_motion,1197,829,1164,781,1231,877,COLOR_SEC
20:41:00.768,1465,litter_motion,1197,831,1164,784,1230,878,COLOR_SEC
20:41:07.443,1545,litter_motion,141,376,114,353,169,399,COLOR_SEC
20:41:07.528,1546,litter_motion,140,376,114,353,167,399,COLOR_SEC
20:41:07.612,1547,litter_motion,140,377,114,355,167,399,COLOR_SEC
20:41:07.697,1548,litter_motion,140,376,113,355,167,397,COLOR_SEC
20:41:07.784,1549,litter_motion,139,376,112,353,167,399,COLOR_SEC
20:41:07.869,1550,litter_motion,139,377,111,355,167,399,COLOR_SEC
20:41:07.952,1551,litter_motion,139,376,111,354,168,398,COLOR_SEC
20:41:08.036,1552,litter_motion,139,377,110,355,168,399,COLOR_SEC
20:41:08.120,1553,litter_motion,138,377,110,355,167,399,COLOR_SEC
20:41:08.203,1554,litter_motion,137,377,109,355,166,399,COLOR_SEC
20:41:08.285,1555,litter_motion,137,377,109,355,166,399,COLOR_SEC
20:41:08.370,1556,litter_motion,137,377,108,355,166,399,COLOR_SEC
20:41:08.455,1557,litter_motion,136,377,108,355,165,399,COLOR_SEC
20:41:08.540,1558,litter_motion,135,377,107,355,164,399,COLOR_SEC
20:41:08.622,1559,litter_motion,135,374,106,349,164,399,COLOR_SEC
20:41:08.706,1560,litter_motion,134,368,105,343,164,394,COLOR_SEC
20:41:08.792,1561,litter_motion,134,368,104,343,164,394,COLOR_SEC
20:41:08.877,1562,litter_motion,134,372,104,351,165,394,COLOR_SEC
20:41:08.963,1563,litter_motion,132,370,104,343,161,397,COLOR_SEC
20:41:09.046,1564,litter_motion,132,373,102,351,162,396,COLOR_SEC
20:41:09.131,1565,litter_motion,132,373,102,351,162,396,COLOR_SEC
20:41:09.213,1566,litter_motion,130,372,100,351,161,394,COLOR_SEC
20:41:09.296,1567,litter_motion,130,372,100,351,161,394,COLOR_SEC
20:41:09.379,1568,litter_motion,129,372,99,351,160,394,COLOR_SEC
20:41:09.463,1569,litter_motion,129,367,100,341,159,394,COLOR_SEC
20:41:09.631,1571,litter_motion,126,372,95,350,158,394,COLOR_SEC
20:41:09.885,1574,litter_motion,123,370,91,347,155,394,COLOR_SEC
20:41:10.052,1576,litter_motion,122,372,92,350,153,394,COLOR_SEC
20:41:10.220,1578,litter_motion,120,369,88,345,152,394,COLOR_SEC
20:41:11.316,1591,litter_motion,495,595,462,570,528,621,COLOR_SEC
20:41:11.401,1592,litter_motion,491,598,454,575,528,621,COLOR_SEC
20:41:11.486,1593,litter_motion,489,595,453,571,526,620,COLOR_SEC
20:41:11.570,1594,litter_motion,488,597,452,575,525,620,COLOR_SEC
20:41:11.655,1595,litter_motion,488,597,451,575,525,619,COLOR_SEC
20:41:11.741,1596,litter_motion,486,599,449,575,523,624,COLOR_SEC
20:41:11.996,1599,litter_motion,489,597,447,569,532,626,COLOR_SEC
20:41:12.081,1600,litter_motion,490,597,447,569,533,626,COLOR_SEC
20:41:13.944,1622,litter_motion,89,357,56,329,122,386,COLOR_SEC
20:41:14.450,1628,litter_motion,464,618,418,585,511,651,COLOR_SEC
20:41:14.535,1629,litter_motion,473,608,437,586,510,630,COLOR_SEC
20:41:14.621,1630,litter_motion,475,608,436,586,515,630,COLOR_SEC
20:41:14.705,1631,litter_motion,462,618,410,587,515,649,COLOR_SEC
20:41:14.791,1632,litter_motion,463,617,411,585,515,650,COLOR_SEC
20:41:14.877,1633,litter_motion,455,619,411,588,500,651,COLOR_SEC
20:41:14.962,1634,litter_motion,449,622,408,588,490,657,COLOR_SEC
20:41:15.046,1635,litter_motion,457,622,405,585,510,659,COLOR_SEC
20:41:15.129,1636,litter_motion,454,620,401,584,508,656,COLOR_SEC
20:41:15.213,1637,litter_motion,452,621,401,586,504,657,COLOR_SEC
20:41:15.297,1638,litter_motion,450,623,399,586,501,660,COLOR_SEC
20:41:15.380,1639,litter_motion,449,623,399,586,500,660,COLOR_SEC
20:41:15.464,1640,litter_motion,449,624,399,587,500,661,COLOR_SEC
20:41:15.549,1641,litter_motion,445,625,392,586,499,665,COLOR_SEC
20:41:15.633,1642,litter_motion,446,627,391,589,501,666,COLOR_SEC
20:41:15.716,1643,litter_motion,446,626,393,588,500,664,COLOR_SEC
20:41:15.802,1644,litter_motion,444,628,391,591,498,666,COLOR_SEC
20:41:15.888,1645,litter_motion,442,629,389,592,496,667,COLOR_SEC
20:41:15.971,1646,litter_motion,441,629,388,593,494,666,COLOR_SEC
20:41:16.225,1649,litter_motion,446,625,403,597,489,653,COLOR_SEC
20:41:16.225,1649,litter_motion,66,372,25,357,107,388,COLOR_SEC
20:41:16.311,1650,litter_motion,65,372,25,357,105,388,COLOR_SEC
20:41:16.397,1651,litter_motion,64,377,24,357,105,398,COLOR_SEC
20:41:16.482,1652,litter_motion,63,377,23,357,104,398,COLOR_SEC
20:41:16.565,1653,litter_motion,58,377,21,357,96,398,COLOR_SEC
20:41:16.649,1654,litter_motion,57,376,20,356,95,396,COLOR_SEC
20:41:16.733,1655,litter_motion,57,376,19,356,95,396,COLOR_SEC
20:41:16.818,1656,litter_motion,55,377,17,357,94,397,COLOR_SEC
20:41:16.903,1657,litter_motion,54,376,16,356,93,396,COLOR_SEC
20:41:16.986,1658,litter_motion,53,376,15,356,91,396,COLOR_SEC
20:41:17.071,1659,litter_motion,52,375,14,356,90,395,COLOR_SEC
20:41:17.156,1660,litter_motion,50,376,12,356,89,396,COLOR_SEC
20:41:17.242,1661,litter_motion,49,375,10,355,89,396,COLOR_SEC
20:41:17.326,1662,litter_motion,48,376,9,355,87,398,COLOR_SEC
20:41:17.410,1663,litter_motion,47,377,8,356,86,398,COLOR_SEC
20:41:17.494,1664,litter_motion,407,649,365,617,449,682,COLOR_SEC
20:41:17.494,1664,litter_motion,45,373,7,355,84,391,COLOR_SEC
20:41:17.581,1665,litter_motion,405,648,364,618,447,678,COLOR_SEC
20:41:17.581,1665,litter_motion,47,375,5,354,90,397,COLOR_SEC
20:41:17.664,1666,litter_motion,401,652,357,618,446,687,COLOR_SEC
20:41:17.664,1666,litter_motion,43,375,4,354,82,397,COLOR_SEC
20:41:17.749,1667,litter_motion,405,650,360,619,450,682,COLOR_SEC
20:41:17.749,1667,litter_motion,45,375,3,354,87,396,COLOR_SEC
20:41:17.834,1668,litter_motion,400,654,350,619,451,690,COLOR_SEC
20:41:17.834,1668,litter_motion,43,373,0,354,87,392,COLOR_SEC
20:41:17.920,1669,litter_motion,408,652,350,614,467,691,COLOR_SEC
20:41:17.920,1669,litter_motion,43,372,0,354,86,390,COLOR_SEC
20:41:18.004,1670,litter_motion,405,654,345,615,465,693,COLOR_SEC
20:41:18.004,1670,litter_motion,41,369,0,353,83,385,COLOR_SEC
20:41:18.089,1671,litter_motion,41,369,0,353,82,385,COLOR_SEC
20:41:18.175,1672,litter_motion,40,369,0,353,81,385,COLOR_SEC
20:41:19.278,1685,litter_motion,373,671,306,625,440,717,COLOR_SEC
20:41:19.361,1686,litter_motion,368,672,298,625,438,719,COLOR_SEC
20:41:19.448,1687,litter_motion,363,674,291,628,436,720,COLOR_SEC
20:41:19.448,1687,litter_motion,26,368,0,352,53,384,COLOR_SEC
20:41:19.533,1688,litter_motion,361,675,288,629,435,722,COLOR_SEC
20:41:19.533,1688,litter_motion,25,368,0,352,51,384,COLOR_SEC
20:41:19.618,1689,litter_motion,24,368,0,352,49,384,COLOR_SEC
20:41:19.703,1690,litter_motion,23,367,0,351,47,384,COLOR_SEC
20:41:19.789,1691,litter_motion,23,368,0,352,47,384,COLOR_SEC
20:41:19.870,1692,litter_motion,23,368,0,352,47,384,COLOR_SEC
20:41:19.956,1693,litter_motion,22,368,0,352,45,384,COLOR_SEC
20:41:20.040,1694,litter_motion,22,368,0,352,44,385,COLOR_SEC
20:41:20.126,1695,litter_motion,21,368,0,351,42,385,COLOR_SEC
20:41:20.210,1696,litter_motion,20,368,0,351,40,385,COLOR_SEC
20:41:20.296,1697,litter_motion,32,369,0,351,64,387,COLOR_SEC
20:41:20.465,1699,litter_motion,32,369,0,351,64,388,COLOR_SEC
20:41:20.549,1700,litter_motion,30,369,0,351,61,388,COLOR_SEC
20:41:20.635,1701,litter_motion,31,371,0,351,62,391,COLOR_SEC
20:41:20.721,1702,litter_motion,29,374,0,351,58,398,COLOR_SEC
20:41:20.806,1703,litter_motion,30,371,0,351,60,392,COLOR_SEC
20:41:20.891,1704,litter_motion,29,371,0,351,58,392,COLOR_SEC
20:41:21.146,1707,litter_motion,325,699,246,647,404,751,COLOR_SEC
20:41:21.233,1708,litter_motion,325,701,251,648,399,755,COLOR_SEC
20:41:21.317,1709,litter_motion,327,702,252,649,402,756,COLOR_SEC
20:41:21.401,1710,litter_motion,323,703,247,650,400,756,COLOR_SEC
20:41:21.572,1712,litter_motion,624,694,572,648,676,740,COLOR_SEC
20:41:21.656,1713,litter_motion,623,703,571,650,676,756,COLOR_SEC
20:41:21.742,1714,litter_motion,623,703,570,650,676,756,COLOR_SEC
20:41:21.826,1715,litter_motion,623,704,570,650,676,758,COLOR_SEC
20:41:21.913,1716,litter_motion,621,704,566,651,676,758,COLOR_SEC
20:41:21.998,1717,litter_motion,610,705,565,651,655,759,COLOR_SEC
20:41:21.998,1717,litter_motion,752,356,730,336,774,376,COLOR_SEC
20:41:22.086,1718,litter_motion,610,710,566,657,655,764,COLOR_SEC
20:41:22.086,1718,litter_motion,751,358,730,332,773,384,COLOR_SEC
20:41:22.172,1719,litter_motion,620,709,564,657,676,762,COLOR_SEC
20:41:22.172,1719,litter_motion,750,359,728,338,773,381,COLOR_SEC
20:41:22.257,1720,litter_motion,619,710,562,658,677,763,COLOR_SEC
20:41:22.257,1720,litter_motion,750,359,728,338,772,381,COLOR_SEC
20:41:22.343,1721,litter_motion,612,714,559,659,666,769,COLOR_SEC
20:41:22.343,1721,litter_motion,750,354,728,332,772,376,COLOR_SEC
20:41:22.428,1722,litter_motion,607,715,558,660,656,770,COLOR_SEC
20:41:22.429,1722,litter_motion,750,356,728,332,772,381,COLOR_SEC
20:41:22.519,1723,litter_motion,743,353,716,326,771,381,COLOR_SEC
20:41:22.610,1724,litter_motion,605,718,552,660,658,776,COLOR_SEC
20:41:22.610,1724,litter_motion,746,353,715,326,778,381,COLOR_SEC
20:41:22.706,1725,litter_motion,287,719,195,659,379,779,COLOR_SEC
20:41:22.970,1728,litter_motion,745,352,715,325,776,380,COLOR_SEC
20:41:23.058,1729,litter_motion,747,352,716,325,778,379,COLOR_SEC
20:41:23.145,1730,litter_motion,744,355,712,331,776,379,COLOR_SEC
20:41:24.003,1740,litter_motion,568,741,509,677,627,806,COLOR_SEC
20:41:24.089,1741,litter_motion,565,744,506,680,625,809,COLOR_SEC
20:41:24.176,1742,litter_motion,564,746,504,680,625,812,COLOR_SEC
20:41:24.262,1743,litter_motion,563,747,502,680,625,814,COLOR_SEC
20:41:24.347,1744,litter_motion,561,748,500,680,623,816,COLOR_SEC
20:41:24.519,1746,litter_motion,717,378,659,324,775,433,COLOR_SEC
20:41:24.605,1747,litter_motion,710,386,646,324,775,448,COLOR_SEC
20:41:24.692,1748,litter_motion,710,386,646,324,774,448,COLOR_SEC
20:41:24.778,1749,litter_motion,701,391,629,324,773,458,COLOR_SEC
20:41:24.865,1750,litter_motion,709,383,644,325,775,442,COLOR_SEC
20:41:24.951,1751,litter_motion,708,385,644,326,772,444,COLOR_SEC
20:41:25.038,1752,litter_motion,693,394,614,325,772,464,COLOR_SEC
20:41:25.125,1753,litter_motion,707,385,642,324,772,446,COLOR_SEC
20:41:25.212,1754,litter_motion,706,385,642,324,771,446,COLOR_SEC
20:41:25.298,1755,litter_motion,706,385,642,324,771,446,COLOR_SEC
20:41:25.384,1756,litter_motion,706,383,642,324,770,443,COLOR_SEC
20:41:25.469,1757,litter_motion,705,384,641,324,770,444,COLOR_SEC
20:41:25.554,1758,litter_motion,705,384,641,324,770,445,COLOR_SEC
20:41:25.641,1759,litter_motion,705,384,640,324,770,445,COLOR_SEC
20:41:25.728,1760,litter_motion,705,385,640,328,770,443,COLOR_SEC
20:41:25.813,1761,litter_motion,704,386,638,327,770,445,COLOR_SEC
20:41:25.897,1762,litter_motion,703,384,638,324,769,444,COLOR_SEC
20:41:25.982,1763,litter_motion,687,395,606,324,769,466,COLOR_SEC
20:41:26.069,1764,litter_motion,702,386,637,324,768,449,COLOR_SEC
20:41:26.156,1765,litter_motion,1077,695,1042,647,1112,743,COLOR_SEC
20:41:26.156,1765,litter_motion,940,364,908,341,973,387,COLOR_SEC
20:41:26.156,1765,litter_motion,706,386,636,324,776,448,COLOR_SEC
20:41:26.266,1766,litter_motion,1078,694,1043,645,1113,744,COLOR_SEC
20:41:26.266,1766,litter_motion,941,364,910,341,973,387,COLOR_SEC
20:41:26.266,1766,litter_motion,702,386,636,324,768,448,COLOR_SEC
20:41:26.356,1767,litter_motion,523,784,454,723,592,845,COLOR_SEC
20:41:26.356,1767,litter_motion,1078,694,1043,644,1114,745,COLOR_SEC
20:41:26.356,1767,litter_motion,935,364,897,341,973,387,COLOR_SEC
20:41:26.356,1767,litter_motion,685,397,602,324,768,471,COLOR_SEC
20:41:26.444,1768,litter_motion,523,786,454,723,592,849,COLOR_SEC
20:41:26.444,1768,litter_motion,1079,697,1044,648,1114,746,COLOR_SEC
20:41:26.444,1768,litter_motion,935,363,897,340,973,387,COLOR_SEC
20:41:26.444,1768,litter_motion,705,386,635,324,776,448,COLOR_SEC
20:41:26.529,1769,litter_motion,523,786,454,723,592,850,COLOR_SEC
20:41:26.529,1769,litter_motion,1079,696,1044,645,1115,747,COLOR_SEC
20:41:26.529,1769,litter_motion,935,363,897,340,973,387,COLOR_SEC
20:41:26.529,1769,litter_motion,705,386,634,324,776,448,COLOR_SEC
20:41:26.619,1770,litter_motion,521,786,452,723,590,849,COLOR_SEC
20:41:26.619,1770,litter_motion,936,363,897,340,976,386,COLOR_SEC
20:41:26.619,1770,litter_motion,700,386,634,324,766,448,COLOR_SEC
20:41:26.706,1771,litter_motion,691,738,651,702,731,774,COLOR_SEC
20:41:26.706,1771,litter_motion,935,362,897,340,973,385,COLOR_SEC
20:41:26.706,1771,litter_motion,705,387,634,327,776,448,COLOR_SEC
20:41:26.794,1772,litter_motion,691,740,651,700,731,780,COLOR_SEC
20:41:26.794,1772,litter_motion,935,362,897,339,973,385,COLOR_SEC
20:41:26.794,1772,litter_motion,704,387,633,327,776,448,COLOR_SEC
20:41:26.879,1773,litter_motion,689,741,649,700,729,782,COLOR_SEC
20:41:26.879,1773,litter_motion,935,362,897,339,973,385,COLOR_SEC
20:41:26.879,1773,litter_motion,698,387,631,327,765,447,COLOR_SEC
20:41:26.966,1774,litter_motion,689,741,649,700,729,782,COLOR_SEC
20:41:26.966,1774,litter_motion,935,361,897,339,973,384,COLOR_SEC
20:41:26.966,1774,litter_motion,698,386,631,326,765,447,COLOR_SEC
20:41:27.053,1775,litter_motion,689,743,649,704,729,783,COLOR_SEC
20:41:27.053,1775,litter_motion,935,361,897,339,974,384,COLOR_SEC
20:41:27.053,1775,litter_motion,698,387,631,328,765,447,COLOR_SEC
20:41:27.140,1776,litter_motion,689,746,649,704,729,788,COLOR_SEC
20:41:27.140,1776,litter_motion,935,361,897,338,974,384,COLOR_SEC
20:41:27.140,1776,litter_motion,697,387,630,328,765,447,COLOR_SEC
20:41:27.226,1777,litter_motion,688,746,648,704,729,789,COLOR_SEC
20:41:27.226,1777,litter_motion,935,361,897,338,974,384,COLOR_SEC
20:41:27.226,1777,litter_motion,697,386,630,324,765,448,COLOR_SEC
20:41:27.312,1778,litter_motion,935,362,897,338,974,386,COLOR_SEC
20:41:27.312,1778,litter_motion,702,382,640,324,764,440,COLOR_SEC
20:41:27.400,1779,litter_motion,936,361,899,338,974,384,COLOR_SEC
20:41:27.400,1779,litter_motion,696,385,628,324,764,446,COLOR_SEC
20:41:27.487,1780,litter_motion,935,360,897,338,974,383,COLOR_SEC
20:41:27.487,1780,litter_motion,696,385,628,324,764,446,COLOR_SEC
20:41:27.573,1781,litter_motion,683,754,635,709,732,800,COLOR_SEC
20:41:27.573,1781,litter_motion,694,386,626,326,763,447,COLOR_SEC
20:41:27.660,1782,litter_motion,694,387,626,327,763,447,COLOR_SEC
20:41:27.747,1783,litter_motion,695,385,626,324,764,447,COLOR_SEC
20:41:27.832,1784,litter_motion,699,382,637,324,762,441,COLOR_SEC
20:41:27.918,1785,litter_motion,699,382,636,324,762,441,COLOR_SEC
20:41:28.005,1786,litter_motion,693,385,624,326,762,445,COLOR_SEC
20:41:28.091,1787,litter_motion,698,384,635,327,762,441,COLOR_SEC
20:41:28.178,1788,litter_motion,705,382,635,324,776,441,COLOR_SEC
20:41:28.266,1789,litter_motion,704,384,633,327,776,441,COLOR_SEC
20:41:28.354,1790,litter_motion,691,385,622,324,761,446,COLOR_SEC
20:41:28.441,1791,litter_motion,697,384,633,327,761,441,COLOR_SEC
20:41:28.528,1792,litter_motion,696,382,632,324,761,441,COLOR_SEC
20:41:28.613,1793,litter_motion,696,383,632,324,761,442,COLOR_SEC
20:41:28.698,1794,litter_motion,696,382,632,324,760,441,COLOR_SEC
20:41:28.785,1795,litter_motion,931,353,888,333,974,374,COLOR_SEC
20:41:28.785,1795,litter_motion,695,382,631,324,760,441,COLOR_SEC
20:41:28.872,1796,litter_motion,935,352,897,337,974,368,COLOR_SEC
20:41:28.872,1796,litter_motion,695,383,630,328,760,439,COLOR_SEC
20:41:28.959,1797,litter_motion,932,355,891,334,974,376,COLOR_SEC
20:41:28.959,1797,litter_motion,693,387,618,327,768,448,COLOR_SEC
20:41:29.046,1798,litter_motion,932,355,890,334,974,377,COLOR_SEC
20:41:29.046,1798,litter_motion,682,397,596,328,768,466,COLOR_SEC
20:41:29.132,1799,litter_motion,931,356,889,334,974,378,COLOR_SEC
20:41:29.132,1799,litter_motion,685,397,595,328,776,466,COLOR_SEC
20:41:29.219,1800,litter_motion,933,358,897,338,969,378,COLOR_SEC
20:41:29.219,1800,litter_motion,684,396,594,328,775,464,COLOR_SEC
20:41:29.307,1801,litter_motion,935,355,897,338,974,373,COLOR_SEC
20:41:29.307,1801,litter_motion,684,396,593,328,776,464,COLOR_SEC
20:41:29.395,1802,litter_motion,935,358,897,338,974,378,COLOR_SEC
20:41:29.395,1802,litter_motion,683,396,592,327,774,466,COLOR_SEC
20:41:29.481,1803,litter_motion,930,356,886,335,974,378,COLOR_SEC
20:41:29.481,1803,litter_motion,687,394,600,324,774,465,COLOR_SEC
20:41:29.567,1804,litter_motion,934,358,897,338,972,378,COLOR_SEC
20:41:29.567,1804,litter_motion,693,394,610,324,776,464,COLOR_SEC
20:41:29.651,1805,litter_motion,935,358,897,338,973,378,COLOR_SEC
20:41:29.651,1805,litter_motion,691,394,610,324,773,464,COLOR_SEC
20:41:29.739,1806,litter_motion,939,358,905,338,973,378,COLOR_SEC
20:41:29.739,1806,litter_motion,696,387,620,327,773,447,COLOR_SEC
20:41:29.826,1807,litter_motion,657,827,595,771,720,883,COLOR_SEC
20:41:29.826,1807,litter_motion,939,354,905,338,973,371,COLOR_SEC
20:41:29.826,1807,litter_motion,696,386,620,326,773,447,COLOR_SEC
20:41:29.913,1808,litter_motion,659,824,600,772,718,876,COLOR_SEC
20:41:29.913,1808,litter_motion,930,353,888,335,973,371,COLOR_SEC
20:41:29.913,1808,litter_motion,696,385,620,324,773,447,COLOR_SEC
20:41:30.000,1809,litter_motion,659,825,601,775,717,876,COLOR_SEC
20:41:30.000,1809,litter_motion,939,355,905,338,974,373,COLOR_SEC
20:41:30.000,1809,litter_motion,695,384,619,325,772,444,COLOR_SEC
20:41:30.088,1810,litter_motion,659,825,601,775,717,876,COLOR_SEC
20:41:30.088,1810,litter_motion,936,356,905,339,967,373,COLOR_SEC
20:41:30.088,1810,litter_motion,695,385,619,325,772,445,COLOR_SEC
20:41:30.174,1811,litter_motion,658,827,601,779,716,876,COLOR_SEC
20:41:30.174,1811,litter_motion,936,358,899,339,973,378,COLOR_SEC
20:41:30.174,1811,litter_motion,695,385,618,325,772,445,COLOR_SEC
20:41:30.260,1812,litter_motion,658,828,601,780,715,876,COLOR_SEC
20:41:30.260,1812,litter_motion,932,359,900,339,964,379,COLOR_SEC
20:41:30.260,1812,litter_motion,695,385,618,326,772,445,COLOR_SEC
20:41:30.347,1813,litter_motion,657,828,601,780,714,876,COLOR_SEC
20:41:30.347,1813,litter_motion,932,358,900,339,964,378,COLOR_SEC
20:41:30.347,1813,litter_motion,694,386,617,328,772,445,COLOR_SEC
20:41:30.437,1814,litter_motion,665,826,617,783,714,869,COLOR_SEC
20:41:30.437,1814,litter_motion,934,359,900,340,969,379,COLOR_SEC
20:41:30.437,1814,litter_motion,694,386,617,328,772,445,COLOR_SEC
20:41:30.526,1815,litter_motion,665,826,617,784,713,869,COLOR_SEC
20:41:30.526,1815,litter_motion,928,359,888,336,969,383,COLOR_SEC
20:41:30.526,1815,litter_motion,694,386,617,328,772,445,COLOR_SEC
20:41:30.612,1816,litter_motion,664,832,615,793,713,872,COLOR_SEC
20:41:30.612,1816,litter_motion,929,358,889,336,970,381,COLOR_SEC
20:41:30.612,1816,litter_motion,708,378,645,325,772,432,COLOR_SEC
20:41:30.698,1817,litter_motion,48,908,0,854,97,963,COLOR_SEC
20:41:30.698,1817,litter_motion,932,352,899,336,966,369,COLOR_SEC
20:41:30.698,1817,litter_motion,706,378,641,325,772,432,COLOR_SEC
20:41:30.786,1818,litter_motion,48,911,0,856,97,966,COLOR_SEC
20:41:30.786,1818,litter_motion,932,352,898,336,966,369,COLOR_SEC
20:41:30.786,1818,litter_motion,706,378,641,325,772,432,COLOR_SEC
20:41:30.871,1819,litter_motion,45,902,0,843,90,961,COLOR_SEC
20:41:30.871,1819,litter_motion,661,832,617,795,705,870,COLOR_SEC
20:41:30.871,1819,litter_motion,716,374,660,326,772,422,COLOR_SEC
20:41:30.960,1820,litter_motion,72,887,0,815,144,959,COLOR_SEC
20:41:30.960,1820,litter_motion,1126,770,1088,715,1164,826,COLOR_SEC
20:41:30.960,1820,litter_motion,715,370,658,326,772,414,COLOR_SEC
20:41:31.048,1821,litter_motion,47,912,0,848,94,976,COLOR_SEC
20:41:31.048,1821,litter_motion,1126,771,1087,715,1165,827,COLOR_SEC
20:41:31.048,1821,litter_motion,703,380,636,324,771,436,COLOR_SEC
20:41:31.135,1822,litter_motion,69,890,0,820,139,961,COLOR_SEC
20:41:31.135,1822,litter_motion,1127,775,1089,722,1166,829,COLOR_SEC
20:41:31.135,1822,litter_motion,714,370,658,327,770,414,COLOR_SEC
20:41:31.222,1823,litter_motion,67,892,0,822,135,962,COLOR_SEC
20:41:31.222,1823,litter_motion,699,382,630,326,768,438,COLOR_SEC
20:41:31.309,1824,litter_motion,65,891,0,825,131,958,COLOR_SEC
20:41:31.309,1824,litter_motion,714,370,660,324,768,417,COLOR_SEC
20:41:31.395,1825,litter_motion,63,894,0,827,127,961,COLOR_SEC
20:41:31.395,1825,litter_motion,714,374,660,324,768,424,COLOR_SEC
20:41:31.482,1826,litter_motion,62,894,0,831,125,957,COLOR_SEC
20:41:31.482,1826,litter_motion,713,373,659,324,768,422,COLOR_SEC
20:41:31.569,1827,litter_motion,712,374,658,324,766,424,COLOR_SEC
20:41:31.656,1828,litter_motion,712,369,658,326,766,413,COLOR_SEC
20:41:31.741,1829,litter_motion,77,881,42,839,113,924,COLOR_SEC
20:41:31.742,1829,litter_motion,712,374,658,324,766,424,COLOR_SEC
20:41:31.827,1830,litter_motion,53,880,0,842,106,919,COLOR_SEC
20:41:31.827,1830,litter_motion,711,374,656,324,766,424,COLOR_SEC
20:41:31.914,1831,litter_motion,51,883,0,845,102,922,COLOR_SEC
20:41:31.914,1831,litter_motion,711,374,656,324,766,424,COLOR_SEC
20:41:32.000,1832,litter_motion,710,374,655,325,766,424,COLOR_SEC
20:41:32.087,1833,litter_motion,60,885,0,836,121,934,COLOR_SEC
20:41:32.087,1833,litter_motion,709,374,654,325,764,424,COLOR_SEC
20:41:32.173,1834,litter_motion,55,896,22,857,89,936,COLOR_SEC
20:41:32.173,1834,litter_motion,709,374,654,325,764,423,COLOR_SEC
20:41:32.258,1835,litter_motion,41,894,0,848,83,940,COLOR_SEC
20:41:32.258,1835,litter_motion,709,373,654,324,764,423,COLOR_SEC
20:41:32.343,1836,litter_motion,40,897,3,847,77,948,COLOR_SEC
20:41:32.343,1836,litter_motion,708,374,653,326,763,423,COLOR_SEC
20:41:32.429,1837,litter_motion,704,373,646,324,762,423,COLOR_SEC
20:41:32.514,1838,litter_motion,707,373,652,324,762,423,COLOR_SEC
20:41:32.600,1839,litter_motion,704,374,646,326,762,423,COLOR_SEC
20:41:32.688,1840,litter_motion,694,373,627,324,761,423,COLOR_SEC
20:41:32.773,1841,litter_motion,693,377,626,324,761,431,COLOR_SEC
20:41:32.859,1842,litter_motion,704,373,647,324,761,423,COLOR_SEC
20:41:32.944,1843,litter_motion,703,373,647,324,760,423,COLOR_SEC
20:41:33.031,1844,litter_motion,703,373,647,324,760,423,COLOR_SEC
20:41:33.116,1845,litter_motion,703,373,647,324,760,423,COLOR_SEC
20:41:33.200,1846,litter_motion,709,373,658,324,760,423,COLOR_SEC
20:41:33.285,1847,litter_motion,702,373,644,324,760,423,COLOR_SEC
20:41:33.370,1848,litter_motion,708,373,657,324,760,423,COLOR_SEC
20:41:33.455,1849,litter_motion,708,373,656,324,760,423,COLOR_SEC
20:41:33.540,1850,litter_motion,708,373,657,324,760,423,COLOR_SEC
20:41:33.627,1851,litter_motion,707,373,656,324,759,423,COLOR_SEC
20:41:33.712,1852,litter_motion,707,373,656,324,759,423,COLOR_SEC
20:41:33.797,1853,litter_motion,299,382,235,372,363,392,COLOR_SEC
20:41:33.797,1853,litter_motion,706,373,654,324,758,423,COLOR_SEC
20:41:33.882,1854,litter_motion,298,383,236,373,361,393,COLOR_SEC
20:41:33.882,1854,litter_motion,706,373,655,324,758,423,COLOR_SEC
20:41:33.969,1855,litter_motion,298,384,236,374,361,394,COLOR_SEC
20:41:33.969,1855,litter_motion,708,366,658,324,758,408,COLOR_SEC
20:41:34.055,1856,litter_motion,300,385,237,375,364,395,COLOR_SEC
20:41:34.055,1856,litter_motion,707,373,657,324,757,423,COLOR_SEC
20:41:34.142,1857,litter_motion,300,385,237,376,363,395,COLOR_SEC
20:41:34.142,1857,litter_motion,706,368,657,324,756,413,COLOR_SEC
20:41:34.228,1858,litter_motion,300,386,237,376,363,396,COLOR_SEC
20:41:34.229,1858,litter_motion,706,373,657,324,756,423,COLOR_SEC
20:41:34.315,1859,litter_motion,298,387,236,377,361,397,COLOR_SEC
20:41:34.315,1859,litter_motion,706,373,656,324,756,423,COLOR_SEC
20:41:34.400,1860,litter_motion,298,387,236,377,361,398,COLOR_SEC
20:41:34.400,1860,litter_motion,705,367,656,324,754,410,COLOR_SEC
20:41:34.486,1861,litter_motion,298,388,236,378,361,399,COLOR_SEC
20:41:34.486,1861,litter_motion,704,367,655,324,754,410,COLOR_SEC
20:41:34.571,1862,litter_motion,297,389,234,380,361,399,COLOR_SEC
20:41:34.571,1862,litter_motion,704,373,654,324,754,422,COLOR_SEC
20:41:34.656,1863,litter_motion,318,390,233,381,403,400,COLOR_SEC
20:41:34.656,1863,litter_motion,703,371,653,324,753,418,COLOR_SEC
20:41:34.745,1864,litter_motion,704,369,656,324,752,415,COLOR_SEC
20:41:34.832,1865,litter_motion,315,391,233,382,398,401,COLOR_SEC
20:41:34.832,1865,litter_motion,701,373,650,324,752,423,COLOR_SEC
20:41:34.918,1866,litter_motion,310,392,228,382,392,402,COLOR_SEC
20:41:34.918,1866,litter_motion,704,373,659,324,750,423,COLOR_SEC
20:41:35.004,1867,litter_motion,309,392,226,382,392,402,COLOR_SEC
20:41:35.004,1867,litter_motion,704,373,659,324,750,423,COLOR_SEC
20:41:35.092,1868,litter_motion,305,393,224,383,387,403,COLOR_SEC
20:41:35.092,1868,litter_motion,704,369,659,324,749,414,COLOR_SEC
20:41:35.179,1869,litter_motion,305,393,224,383,387,403,COLOR_SEC
20:41:35.179,1869,litter_motion,697,369,646,325,748,413,COLOR_SEC
20:41:35.266,1870,litter_motion,305,393,223,384,387,403,COLOR_SEC
20:41:35.266,1870,litter_motion,697,368,646,324,748,412,COLOR_SEC
20:41:35.352,1871,litter_motion,307,394,222,384,392,404,COLOR_SEC
20:41:35.352,1871,litter_motion,700,368,653,324,747,412,COLOR_SEC
20:41:35.438,1872,litter_motion,307,394,222,385,392,404,COLOR_SEC
20:41:35.438,1872,litter_motion,699,373,652,325,746,422,COLOR_SEC
20:41:35.525,1873,litter_motion,303,395,217,386,389,405,COLOR_SEC
20:41:35.525,1873,litter_motion,699,374,653,326,745,422,COLOR_SEC
20:41:35.611,1874,litter_motion,699,373,653,324,746,422,COLOR_SEC
20:41:35.697,1875,litter_motion,699,367,652,324,746,411,COLOR_SEC
20:41:35.782,1876,litter_motion,696,367,650,324,742,411,COLOR_SEC
20:41:35.866,1877,litter_motion,307,398,227,390,387,407,COLOR_SEC
20:41:35.866,1877,litter_motion,697,367,648,324,746,411,COLOR_SEC
20:41:35.950,1878,litter_motion,307,397,226,386,389,408,COLOR_SEC
20:41:35.950,1878,litter_motion,693,368,647,324,740,412,COLOR_SEC
20:41:36.033,1879,litter_motion,308,399,227,390,389,409,COLOR_SEC
20:41:36.033,1879,litter_motion,692,367,644,324,740,411,COLOR_SEC
20:41:36.117,1880,litter_motion,310,399,232,389,389,410,COLOR_SEC
20:41:36.117,1880,litter_motion,690,367,644,324,736,411,COLOR_SEC
20:41:36.202,1881,litter_motion,689,367,641,324,737,411,COLOR_SEC
20:41:36.287,1882,litter_motion,684,367,638,324,730,411,COLOR_SEC
20:41:36.457,1884,litter_motion,688,368,651,326,726,410,COLOR_SEC
20:41:36.543,1885,litter_motion,687,368,648,327,726,410,COLOR_SEC
20:41:36.628,1886,litter_motion,683,369,662,330,704,409,COLOR_SEC
20:41:37.056,1891,litter_motion,682,366,661,324,703,408,COLOR_SEC
20:41:37.140,1892,litter_motion,683,366,663,324,703,408,COLOR_SEC
20:41:37.224,1893,litter_motion,687,360,672,324,703,397,COLOR_SEC
20:41:37.651,1898,litter_motion,696,361,672,324,720,399,COLOR_SEC
20:41:37.734,1899,litter_motion,694,361,670,324,718,399,COLOR_SEC
20:41:37.819,1900,litter_motion,1223,996,1158,912,1288,1080,COLOR_SEC
20:41:37.819,1900,litter_motion,694,361,670,324,718,398,COLOR_SEC
20:41:37.906,1901,litter_motion,1222,997,1158,914,1287,1080,COLOR_SEC
20:41:37.994,1902,litter_motion,1223,998,1159,916,1287,1080,COLOR_SEC
20:41:38.084,1903,litter_motion,1223,999,1160,919,1287,1080,COLOR_SEC
20:41:38.084,1903,litter_motion,692,364,670,324,714,405,COLOR_SEC
20:41:38.171,1904,litter_motion,355,404,320,384,391,425,COLOR_SEC
20:41:38.171,1904,litter_motion,695,363,670,324,720,403,COLOR_SEC
20:41:38.255,1905,litter_motion,356,405,322,385,390,425,COLOR_SEC
20:41:38.342,1906,litter_motion,356,405,322,385,390,426,COLOR_SEC
20:41:38.427,1907,litter_motion,357,406,325,386,389,426,COLOR_SEC
20:41:38.513,1908,litter_motion,358,406,327,386,389,426,COLOR_SEC
20:41:38.686,1910,litter_motion,692,364,669,324,715,404,COLOR_SEC
20:41:38.774,1911,litter_motion,692,363,669,324,715,403,COLOR_SEC
20:41:39.374,1918,litter_motion,1228,1015,1176,951,1280,1080,COLOR_SEC
20:41:39.460,1919,litter_motion,1229,1016,1177,953,1281,1080,COLOR_SEC
20:41:39.545,1920,litter_motion,1228,1017,1177,954,1279,1080,COLOR_SEC
20:41:39.631,1921,litter_motion,1229,1017,1177,955,1282,1080,COLOR_SEC
20:41:39.717,1922,litter_motion,1228,1018,1177,956,1280,1080,COLOR_SEC
